case_id,knowledge_id,relevance,status,judge_a,judge_a_status,judge_b,judge_b_status,judges_agreed,adjudicator_changed_agreement,label_name,raw_data_evidence,item_condition_evidence,rationale,model,input_sha256,annotation_revision
C001,K001,2,labeled,2,labeled,2,labeled,True,False,PROVISIONAL_LLM_GOLD,Window sleep mean 346 min (~5.8 hours); age band 18-60; CDC recommends 7+ hours.,Requires sleep duration below age-specific recommendation; age band 18-60.,Core directly explains that window sleep duration is substantially below the adult recommendation for this age band.,qwen3.8-max,97f2a0493356fc429c942754f8bce347c92d3271c618a33aade7acf9c01f988f,blinded-annotation-v2-shortrefs
C001,K002,0,labeled,0,labeled,0,labeled,True,False,PROVISIONAL_LLM_GOLD,"Age band is 18-60, not 61-64.",Requires age 61 to 64 established.,Subject age band does not match this item's target population.,qwen3.8-max,97f2a0493356fc429c942754f8bce347c92d3271c618a33aade7acf9c01f988f,blinded-annotation-v2-shortrefs
C001,K003,0,labeled,0,labeled,0,labeled,True,False,PROVISIONAL_LLM_GOLD,"Age band is 18-60, not 65+.",Requires age at least 65 established.,Subject age band does not match this item's target population.,qwen3.8-max,97f2a0493356fc429c942754f8bce347c92d3271c618a33aade7acf9c01f988f,blinded-annotation-v2-shortrefs
C001,K004,0,labeled,0,labeled,0,labeled,True,False,PROVISIONAL_LLM_GOLD,"Age band is 18-60, indicating adult not teenager.",Requires teenage age group 13-17 established.,"Subject is an adult, so teenage sleep recommendations do not apply.",qwen3.8-max,97f2a0493356fc429c942754f8bce347c92d3271c618a33aade7acf9c01f988f,blinded-annotation-v2-shortrefs
C001,K005,1,labeled,1,labeled,1,labeled,True,False,PROVISIONAL_LLM_GOLD,Sleep opportunity reduced from ~465 min to ~346 min consistently in window.,Requires repeatedly shortened sleep opportunity; schedule constraint needed to attribute to busyness.,"Shortened sleep observed making item relevant, but schedule cause unconfirmed so only contextual.",qwen3.8-max,97f2a0493356fc429c942754f8bce347c92d3271c618a33aade7acf9c01f988f,blinded-annotation-v2-shortrefs
C001,K006,2,labeled,2,labeled,2,labeled,True,False,PROVISIONAL_LLM_GOLD,Window sleep consistently ~346 min/night for 14 days without variation suggesting adaptation.,Requires sleep consistently short even without new decline.,Core directly explains that the stable short sleep pattern does not prove adaptation to reduced sleep needs.,qwen3.8-max,97f2a0493356fc429c942754f8bce347c92d3271c618a33aade7acf9c01f988f,blinded-annotation-v2-shortrefs
C001,K007,1,labeled,1,labeled,1,labeled,True,False,PROVISIONAL_LLM_GOLD,Sleep duration dropped ~118 min/night; no awakenings or quality metrics recorded.,Requires sleep duration recorded but quality unknown; non-applicable if claiming duration proves quality.,"Clarifies that recorded duration alone does not establish sleep quality, providing relevant methodological context.",qwen3.8-max,97f2a0493356fc429c942754f8bce347c92d3271c618a33aade7acf9c01f988f,blinded-annotation-v2-shortrefs
C001,K008,0,labeled,0,labeled,0,labeled,True,False,PROVISIONAL_LLM_GOLD,No night awakening data exists in the observations.,Requires repeated awakenings documented.,Awakening history unavailable; condition explicitly listed as non-applicable.,qwen3.8-max,97f2a0493356fc429c942754f8bce347c92d3271c618a33aade7acf9c01f988f,blinded-annotation-v2-shortrefs
C001,K009,0,labeled,0,labeled,0,labeled,True,False,PROVISIONAL_LLM_GOLD,"Window sleep mean 346 min (~5.8 hours), well under 8 hours.",Requires more than eight hours of night-time sleep with reported lack of refreshment.,"Sleep is under 8 hours, not over; feeling rested unknown; conditions not met.",qwen3.8-max,97f2a0493356fc429c942754f8bce347c92d3271c618a33aade7acf9c01f988f,blinded-annotation-v2-shortrefs
C001,K010,1,labeled,1,labeled,1,labeled,True,False,PROVISIONAL_LLM_GOLD,Window sleep mean 346 min vs baseline 465 min over 14 consecutive nights.,Requires repeatedly shortened sleep; symptoms needed to claim cognitive impairment.,"Repeated short sleep directly observed, supporting relevance to learning/attention context, but no cognitive symptoms recorded so not core explanatory.",qwen3.8-max,97f2a0493356fc429c942754f8bce347c92d3271c618a33aade7acf9c01f988f,blinded-annotation-v2-shortrefs
C001,K011,2,labeled,2,labeled,2,labeled,True,False,PROVISIONAL_LLM_GOLD,14 consecutive nights of ~346 min sleep in window period.,Requires several nights of reduced sleep duration.,"Core directly explains that repeated shortened nights can affect daytime performance, matching the persistent short sleep pattern.",qwen3.8-max,97f2a0493356fc429c942754f8bce347c92d3271c618a33aade7acf9c01f988f,blinded-annotation-v2-shortrefs
C001,K012,1,labeled,1,labeled,1,labeled,True,False,PROVISIONAL_LLM_GOLD,14 consecutive nights of insufficient sleep (~5.8 hours vs recommended 7+).,Requires ongoing insufficient sleep; non-applicable for inferring infection.,Ongoing sleep deficiency directly observed; item provides relevant general health context about immune function.,qwen3.8-max,97f2a0493356fc429c942754f8bce347c92d3271c618a33aade7acf9c01f988f,blinded-annotation-v2-shortrefs
C001,K013,1,labeled,1,labeled,1,labeled,True,False,PROVISIONAL_LLM_GOLD,"14 consecutive nights of ~346 min sleep, below 7-hour recommendation.",Requires repeated insufficient sleep; food intake info needed for individual claims.,Repeated insufficient sleep directly observed; item provides relevant physiological context about appetite regulation.,qwen3.8-max,97f2a0493356fc429c942754f8bce347c92d3271c618a33aade7acf9c01f988f,blinded-annotation-v2-shortrefs
C001,K014,0,labeled,0,labeled,0,labeled,True,False,PROVISIONAL_LLM_GOLD,No sleepiness reports or driving context in data.,Requires reported sleepiness and driving plans.,Sleepiness and driving context unknown; item explicitly non-applicable.,qwen3.8-max,97f2a0493356fc429c942754f8bce347c92d3271c618a33aade7acf9c01f988f,blinded-annotation-v2-shortrefs
C001,K015,1,labeled,1,labeled,1,labeled,True,False,PROVISIONAL_LLM_GOLD,Sleep ~5.8 hours in window; individual experience unknown.,Requires adult sleep duration being reviewed; individual experience needed for adequacy assessment.,"Provides context that average recommendations may not match individual needs, though sleep is very short.",qwen3.8-max,97f2a0493356fc429c942754f8bce347c92d3271c618a33aade7acf9c01f988f,blinded-annotation-v2-shortrefs
C001,K016,0,labeled,0,labeled,0,labeled,True,False,PROVISIONAL_LLM_GOLD,Only 14-day window of device estimates; no reported sleeping difficulties.,Requires months-long sleeping difficulties or failed habit changes.,Two-week window cannot establish months-long insomnia; conditions not met.,qwen3.8-max,97f2a0493356fc429c942754f8bce347c92d3271c618a33aade7acf9c01f988f,blinded-annotation-v2-shortrefs
C001,K017,0,labeled,2,labeled,0,labeled,False,False,PROVISIONAL_LLM_GOLD,Sleep start variance low in both periods; wake time identical (07:00) every day. Sleep start shifted ~2 hours later but remained stable within window.,Requires repeated variability in bedtime or wake time; non-applicable if stable schedule.,"Late stable sleep is not irregularity per instructions. Schedule is highly consistent within each period, not variably inconsistent.",qwen3.8-max,97f2a0493356fc429c942754f8bce347c92d3271c618a33aade7acf9c01f988f,blinded-annotation-v2-shortrefs
C001,K018,0,labeled,0,labeled,0,labeled,True,False,PROVISIONAL_LLM_GOLD,Wake time exactly 07:00 every day in both periods (variance 0.0).,Requires inconsistent wake time with reported sleeping difficulties.,Wake time perfectly consistent; no insomnia symptoms reported; conditions not met.,qwen3.8-max,97f2a0493356fc429c942754f8bce347c92d3271c618a33aade7acf9c01f988f,blinded-annotation-v2-shortrefs
C001,K019,0,labeled,0,labeled,0,labeled,True,False,PROVISIONAL_LLM_GOLD,Weekend sleep start mean 769 min vs weekday 775.7 min in window; difference ~7 min.,Requires bedtime or wake time differing substantially between weekdays and weekends.,Sleep times similar across weekdays/weekends; grouped stats show minimal difference.,qwen3.8-max,97f2a0493356fc429c942754f8bce347c92d3271c618a33aade7acf9c01f988f,blinded-annotation-v2-shortrefs
C001,K020,0,labeled,0,labeled,0,labeled,True,False,PROVISIONAL_LLM_GOLD,Only timestamps available; no pre-bedtime activity content recorded.,Requires information about pre-bed activities.,Pre-bed activities unknown; timestamps alone do not reveal routine content.,qwen3.8-max,97f2a0493356fc429c942754f8bce347c92d3271c618a33aade7acf9c01f988f,blinded-annotation-v2-shortrefs
C001,K021,0,labeled,0,labeled,0,labeled,True,False,PROVISIONAL_LLM_GOLD,No screen or light exposure data recorded.,Requires known bright-screen exposure shortly before bed.,Screen exposure unknown; item explicitly non-applicable.,qwen3.8-max,97f2a0493356fc429c942754f8bce347c92d3271c618a33aade7acf9c01f988f,blinded-annotation-v2-shortrefs
C001,K022,0,labeled,0,labeled,0,labeled,True,False,PROVISIONAL_LLM_GOLD,No caffeine timing or intake data recorded.,Requires known afternoon or evening caffeine use with sleeping difficulty.,Caffeine history unknown; item explicitly non-applicable.,qwen3.8-max,97f2a0493356fc429c942754f8bce347c92d3271c618a33aade7acf9c01f988f,blinded-annotation-v2-shortrefs
C001,K023,0,labeled,0,labeled,0,labeled,True,False,PROVISIONAL_LLM_GOLD,No meal timing or size data in wearable observations.,Requires known large meal shortly before bed.,Meal information unknown; item explicitly non-applicable.,qwen3.8-max,97f2a0493356fc429c942754f8bce347c92d3271c618a33aade7acf9c01f988f,blinded-annotation-v2-shortrefs
C001,K024,0,labeled,0,labeled,0,labeled,True,False,PROVISIONAL_LLM_GOLD,No alcohol consumption data recorded.,Requires alcohol intake and timing.,Alcohol exposure unknown; item explicitly non-applicable.,qwen3.8-max,97f2a0493356fc429c942754f8bce347c92d3271c618a33aade7acf9c01f988f,blinded-annotation-v2-shortrefs
C001,K025,0,labeled,0,labeled,0,labeled,True,False,PROVISIONAL_LLM_GOLD,No nicotine use data recorded.,Requires nicotine exposure.,Nicotine use unknown; item explicitly non-applicable.,qwen3.8-max,97f2a0493356fc429c942754f8bce347c92d3271c618a33aade7acf9c01f988f,blinded-annotation-v2-shortrefs
C001,K026,0,labeled,0,labeled,0,labeled,True,False,PROVISIONAL_LLM_GOLD,"No bedroom environment data (light, noise, temperature) recorded.",Requires known disruptive bedroom environment.,Environment unknown; item explicitly non-applicable.,qwen3.8-max,97f2a0493356fc429c942754f8bce347c92d3271c618a33aade7acf9c01f988f,blinded-annotation-v2-shortrefs
C001,K027,0,labeled,0,labeled,0,labeled,True,False,PROVISIONAL_LLM_GOLD,No relaxation or pre-bed routine information available.,Requires reported difficulty relaxing or request for routine options.,Generic relaxation advice; no specific connection to observed patterns.,qwen3.8-max,97f2a0493356fc429c942754f8bce347c92d3271c618a33aade7acf9c01f988f,blinded-annotation-v2-shortrefs
C001,K028,0,labeled,0,labeled,0,labeled,True,False,PROVISIONAL_LLM_GOLD,No nap data recorded in either period.,Requires adult naps recorded or reported.,Nap history unknown; item explicitly non-applicable.,qwen3.8-max,97f2a0493356fc429c942754f8bce347c92d3271c618a33aade7acf9c01f988f,blinded-annotation-v2-shortrefs
C001,K029,0,labeled,0,labeled,0,labeled,True,False,PROVISIONAL_LLM_GOLD,No shift-work schedule information in data.,Requires confirmed shift-work schedule.,Shift work unknown; item explicitly non-applicable.,qwen3.8-max,97f2a0493356fc429c942754f8bce347c92d3271c618a33aade7acf9c01f988f,blinded-annotation-v2-shortrefs
C001,K030,0,labeled,0,labeled,0,labeled,True,False,PROVISIONAL_LLM_GOLD,No shift-work schedule information in data.,Requires shift work established.,Shift work not established; item explicitly non-applicable without confirmed shift work.,qwen3.8-max,97f2a0493356fc429c942754f8bce347c92d3271c618a33aade7acf9c01f988f,blinded-annotation-v2-shortrefs
C001,K031,0,labeled,0,labeled,0,labeled,True,False,PROVISIONAL_LLM_GOLD,No shift-work or caffeine data recorded.,Requires shift schedule and caffeine intake.,Shift work and caffeine unknown; item explicitly non-applicable.,qwen3.8-max,97f2a0493356fc429c942754f8bce347c92d3271c618a33aade7acf9c01f988f,blinded-annotation-v2-shortrefs
C001,K032,0,labeled,0,labeled,0,labeled,True,False,PROVISIONAL_LLM_GOLD,All sleep occurs overnight (ending 07:00); no daytime sleep recorded.,Requires daytime sleep associated with shift work.,Only overnight sleep recorded; shift work not established; conditions not met.,qwen3.8-max,97f2a0493356fc429c942754f8bce347c92d3271c618a33aade7acf9c01f988f,blinded-annotation-v2-shortrefs
C001,K033,0,labeled,1,labeled,0,labeled,False,False,PROVISIONAL_LLM_GOLD,Wearable provides timeline but no separate awakening or nap records.,Requires awakenings and naps needing separate records if absent.,Generic diary advice; no specific connection to observed data patterns beyond what wearable already captures.,qwen3.8-max,97f2a0493356fc429c942754f8bce347c92d3271c618a33aade7acf9c01f988f,blinded-annotation-v2-shortrefs
C001,K034,2,labeled,2,labeled,2,labeled,True,False,PROVISIONAL_LLM_GOLD,14 consecutive nights of ~346 min sleep in window vs ~465 min baseline.,Requires several shortened nights rather than a single isolated reading.,Core directly explains that repeated sleep loss accumulates over the two-week window of persistently short sleep.,qwen3.8-max,97f2a0493356fc429c942754f8bce347c92d3271c618a33aade7acf9c01f988f,blinded-annotation-v2-shortrefs
C001,K035,0,labeled,0,labeled,0,labeled,True,False,PROVISIONAL_LLM_GOLD,Weekend sleep mean 351 min vs weekday 344 min in window; minimal difference.,Requires longer sleep and later timing on days off.,Minimal weekend/weekday difference; no substantial extra sleep on weekends observed.,qwen3.8-max,97f2a0493356fc429c942754f8bce347c92d3271c618a33aade7acf9c01f988f,blinded-annotation-v2-shortrefs
C001,K036,0,labeled,0,labeled,0,labeled,True,False,PROVISIONAL_LLM_GOLD,No nap data recorded in either period.,Requires recorded naps after shortened night-time sleep.,Nap data absent; item explicitly non-applicable without nap information.,qwen3.8-max,97f2a0493356fc429c942754f8bce347c92d3271c618a33aade7acf9c01f988f,blinded-annotation-v2-shortrefs
C001,K037,0,labeled,0,labeled,0,labeled,True,False,PROVISIONAL_LLM_GOLD,Wake time perfectly consistent at 07:00; no insomnia symptoms reported.,Requires recent bad night and reported sleeping difficulties.,No sleeping difficulty reported; wake time already consistent; conditions not met.,qwen3.8-max,97f2a0493356fc429c942754f8bce347c92d3271c618a33aade7acf9c01f988f,blinded-annotation-v2-shortrefs
C001,K038,0,labeled,0,labeled,0,labeled,True,False,PROVISIONAL_LLM_GOLD,Only 14 days of device estimates; no symptom history recorded.,Requires symptom history and onset for insomnia categorization.,Cannot diagnose insomnia from estimated sleep hours alone; conditions not met.,qwen3.8-max,97f2a0493356fc429c942754f8bce347c92d3271c618a33aade7acf9c01f988f,blinded-annotation-v2-shortrefs
C001,K039,0,labeled,0,labeled,0,labeled,True,False,PROVISIONAL_LLM_GOLD,No travel history or flight data recorded.,"Requires confirmed travel, destination time zone, and trip duration.",Timing changed but travel not established; cannot attribute to jet lag.,qwen3.8-max,97f2a0493356fc429c942754f8bce347c92d3271c618a33aade7acf9c01f988f,blinded-annotation-v2-shortrefs
C001,K040,0,labeled,0,labeled,0,labeled,True,False,PROVISIONAL_LLM_GOLD,No travel or trip data recorded.,Requires short trip across time zones planned.,Travel context unknown; item explicitly non-applicable.,qwen3.8-max,97f2a0493356fc429c942754f8bce347c92d3271c618a33aade7acf9c01f988f,blinded-annotation-v2-shortrefs
C001,K041,0,labeled,0,labeled,0,labeled,True,False,PROVISIONAL_LLM_GOLD,Activity duration stable (~55 min/day); steps ~8000/day; no decline observed.,Requires low or declining movement giving opportunity to add activity.,"Movement is stable, not declining; generic advice with no specific observation connection.",qwen3.8-max,97f2a0493356fc429c942754f8bce347c92d3271c618a33aade7acf9c01f988f,blinded-annotation-v2-shortrefs
C001,K042,0,labeled,0,labeled,0,labeled,True,False,PROVISIONAL_LLM_GOLD,Activity duration stable (~55 min/day); steps ~8000/day throughout.,Requires recently low or reduced physical activity.,Activity not reduced; generic advice with no connection to observed patterns.,qwen3.8-max,97f2a0493356fc429c942754f8bce347c92d3271c618a33aade7acf9c01f988f,blinded-annotation-v2-shortrefs
C001,K043,0,labeled,0,labeled,0,labeled,True,False,PROVISIONAL_LLM_GOLD,All activity intensity labeled 'unknown' throughout dataset.,Requires moderate-intensity aerobic minutes documented.,Cannot assess moderate-intensity minutes; intensity unknown throughout dataset.,qwen3.8-max,97f2a0493356fc429c942754f8bce347c92d3271c618a33aade7acf9c01f988f,blinded-annotation-v2-shortrefs
C001,K044,0,labeled,0,labeled,0,labeled,True,False,PROVISIONAL_LLM_GOLD,All activity intensity labeled 'unknown'; no vigorous activity documented.,Requires vigorous aerobic activity documented.,Intensity unknown; cannot assume vigorous activity from movement totals.,qwen3.8-max,97f2a0493356fc429c942754f8bce347c92d3271c618a33aade7acf9c01f988f,blinded-annotation-v2-shortrefs
C001,K045,0,labeled,0,labeled,0,labeled,True,False,PROVISIONAL_LLM_GOLD,Activity stable; no evidence of reduced activity or limited session opportunities.,Requires reduced activity or limited opportunities for long sessions.,Generic activity advice; intensity unknown prevents specific application.,qwen3.8-max,97f2a0493356fc429c942754f8bce347c92d3271c618a33aade7acf9c01f988f,blinded-annotation-v2-shortrefs
C001,K046,0,labeled,0,labeled,0,labeled,True,False,PROVISIONAL_LLM_GOLD,No muscle-strengthening activity data recorded.,Requires strengthening activity records including days and muscle groups.,Strengthening data absent; generic guideline with no specific observation connection.,qwen3.8-max,97f2a0493356fc429c942754f8bce347c92d3271c618a33aade7acf9c01f988f,blinded-annotation-v2-shortrefs
C001,K047,0,labeled,0,labeled,0,labeled,True,False,PROVISIONAL_LLM_GOLD,All activity intensity labeled 'unknown' throughout dataset.,Requires documented aerobic activity reaching adult guideline with known intensity.,Intensity unknown; cannot assess whether additional benefits apply.,qwen3.8-max,97f2a0493356fc429c942754f8bce347c92d3271c618a33aade7acf9c01f988f,blinded-annotation-v2-shortrefs
C001,K048,0,labeled,0,labeled,0,labeled,True,False,PROVISIONAL_LLM_GOLD,All activity intensity labeled 'unknown'; no fitness or effort data.,Requires activity intensity needing interpretation with fitness or perceived effort.,Intensity unknown throughout; generic educational statement with no direct data link.,qwen3.8-max,97f2a0493356fc429c942754f8bce347c92d3271c618a33aade7acf9c01f988f,blinded-annotation-v2-shortrefs
C001,K049,0,labeled,0,labeled,0,labeled,True,False,PROVISIONAL_LLM_GOLD,All activity intensity labeled 'unknown'; no breathing or talk-test observations.,Requires effort during aerobic activity being assessed.,Effort unrecorded; intensity unknown throughout; conditions not met.,qwen3.8-max,97f2a0493356fc429c942754f8bce347c92d3271c618a33aade7acf9c01f988f,blinded-annotation-v2-shortrefs
C001,K050,0,labeled,0,labeled,0,labeled,True,False,PROVISIONAL_LLM_GOLD,Steps stable (mean diff +54); no meaningful change to interpret.,Requires steps changing while other activity may differ.,Steps did not meaningfully change; generic device limitation note.,qwen3.8-max,97f2a0493356fc429c942754f8bce347c92d3271c618a33aade7acf9c01f988f,blinded-annotation-v2-shortrefs
C001,K051,0,labeled,0,labeled,0,labeled,True,False,PROVISIONAL_LLM_GOLD,Steps and activity duration stable between periods.,Requires low or declining routine movement.,Movement not declining; generic walking advice with no specific data connection.,qwen3.8-max,97f2a0493356fc429c942754f8bce347c92d3271c618a33aade7acf9c01f988f,blinded-annotation-v2-shortrefs
C001,K052,0,labeled,0,labeled,0,labeled,True,False,PROVISIONAL_LLM_GOLD,Activity stable; no preferences or availability data recorded.,Requires activity habit low or difficult to maintain.,Activity not low or declining; generic advice with no data connection.,qwen3.8-max,97f2a0493356fc429c942754f8bce347c92d3271c618a33aade7acf9c01f988f,blinded-annotation-v2-shortrefs
C001,K053,0,labeled,0,labeled,0,labeled,True,False,PROVISIONAL_LLM_GOLD,No motivational barrier or social preference data recorded.,Requires person wanting support maintaining activity.,Generic suggestion with no connection to observed wearable patterns.,qwen3.8-max,97f2a0493356fc429c942754f8bce347c92d3271c618a33aade7acf9c01f988f,blinded-annotation-v2-shortrefs
C001,K054,0,labeled,0,labeled,0,labeled,True,False,PROVISIONAL_LLM_GOLD,Activity stable; no time barrier reported.,Requires low activity with reported time barrier.,No time barrier reported; activity not low; conditions not met.,qwen3.8-max,97f2a0493356fc429c942754f8bce347c92d3271c618a33aade7acf9c01f988f,blinded-annotation-v2-shortrefs
C001,K055,0,labeled,0,labeled,0,labeled,True,False,PROVISIONAL_LLM_GOLD,No schedule constraints or competing demands reported.,Requires reported competing demands reducing activity.,Schedule reason unknown; generic planning advice with no data connection.,qwen3.8-max,97f2a0493356fc429c942754f8bce347c92d3271c618a33aade7acf9c01f988f,blinded-annotation-v2-shortrefs
C001,K056,0,labeled,0,labeled,0,labeled,True,False,PROVISIONAL_LLM_GOLD,No chronic condition or disability information in data.,Requires relevant health condition and activity safety history.,Medical context unknown; item conditions not supported by available data.,qwen3.8-max,97f2a0493356fc429c942754f8bce347c92d3271c618a33aade7acf9c01f988f,blinded-annotation-v2-shortrefs
C001,K057,0,labeled,1,labeled,0,labeled,False,False,PROVISIONAL_LLM_GOLD,Low-movement intervals are ~45 min blocks separated by 5-min gaps throughout daytime.,Requires long uninterrupted low-movement intervals; low movement not confirmed sitting.,Intervals already broken into ~45-min blocks; device low movement is not confirmed sitting per instructions.,qwen3.8-max,97f2a0493356fc429c942754f8bce347c92d3271c618a33aade7acf9c01f988f,blinded-annotation-v2-shortrefs
C001,K058,0,labeled,1,labeled,0,labeled,False,False,PROVISIONAL_LLM_GOLD,Activity ~55 min/day alongside ~450 min low movement; posture unknown.,Requires confirmed sitting posture and known activity intensity.,Posture unknown; low movement not confirmed sitting per instructions; conditions not met.,qwen3.8-max,97f2a0493356fc429c942754f8bce347c92d3271c618a33aade7acf9c01f988f,blinded-annotation-v2-shortrefs
C001,K059,0,labeled,0,labeled,0,labeled,True,False,PROVISIONAL_LLM_GOLD,Low movement ~450 min/day stable; device low movement is not confirmed sitting.,Requires substantial or increasing daily low movement with confirmed sitting.,Device low movement is not confirmed sitting per instructions; cannot draw sedentary conclusions.,qwen3.8-max,97f2a0493356fc429c942754f8bce347c92d3271c618a33aade7acf9c01f988f,blinded-annotation-v2-shortrefs
C001,K060,0,labeled,0,labeled,0,labeled,True,False,PROVISIONAL_LLM_GOLD,No commuting or transport data available.,Requires sedentary commuting established.,Commute context unknown; item conditions not met.,qwen3.8-max,97f2a0493356fc429c942754f8bce347c92d3271c618a33aade7acf9c01f988f,blinded-annotation-v2-shortrefs
C001,K061,0,labeled,0,labeled,0,labeled,True,False,PROVISIONAL_LLM_GOLD,No workplace or desk-work context in wearable data.,Requires desk work with prolonged sitting and known workplace layout.,Work context unknown; item explicitly non-applicable.,qwen3.8-max,97f2a0493356fc429c942754f8bce347c92d3271c618a33aade7acf9c01f988f,blinded-annotation-v2-shortrefs
C001,K062,0,labeled,0,labeled,0,labeled,True,False,PROVISIONAL_LLM_GOLD,No workplace or meeting data recorded.,Requires meetings or desk work involving prolonged sitting.,Workplace context unknown; item explicitly non-applicable.,qwen3.8-max,97f2a0493356fc429c942754f8bce347c92d3271c618a33aade7acf9c01f988f,blinded-annotation-v2-shortrefs
C001,K063,0,labeled,0,labeled,0,labeled,True,False,PROVISIONAL_LLM_GOLD,No screen-viewing or television habits recorded.,Requires prolonged sitting while watching television.,Screen habits unknown; item explicitly non-applicable.,qwen3.8-max,97f2a0493356fc429c942754f8bce347c92d3271c618a33aade7acf9c01f988f,blinded-annotation-v2-shortrefs
C001,K064,0,labeled,0,labeled,0,labeled,True,False,PROVISIONAL_LLM_GOLD,No leisure context or seated leisure data recorded.,Requires substantial habitual seated leisure.,Leisure context unknown; item explicitly non-applicable.,qwen3.8-max,97f2a0493356fc429c942754f8bce347c92d3271c618a33aade7acf9c01f988f,blinded-annotation-v2-shortrefs
C001,K065,0,labeled,0,labeled,0,labeled,True,False,PROVISIONAL_LLM_GOLD,Activity duration stable (~55 min/day) across both periods; steps ~8000/day.,Requires low everyday movement despite possible formal exercise.,Movement is not low or declining; generic definition with no specific connection to observed patterns.,qwen3.8-max,97f2a0493356fc429c942754f8bce347c92d3271c618a33aade7acf9c01f988f,blinded-annotation-v2-shortrefs
C001,K066,0,labeled,0,labeled,0,labeled,True,False,PROVISIONAL_LLM_GOLD,Daytime low-movement blocks recorded but workday/lunch-break context absent.,Requires known workday lunch-break context.,Workday and lunch-break context unknown; item conditions not met.,qwen3.8-max,97f2a0493356fc429c942754f8bce347c92d3271c618a33aade7acf9c01f988f,blinded-annotation-v2-shortrefs
C001,K067,0,labeled,0,labeled,0,labeled,True,False,PROVISIONAL_LLM_GOLD,No stair access or mobility context recorded.,Requires low incidental movement with accessible stairs.,Mobility context unknown; generic suggestion with no data connection.,qwen3.8-max,97f2a0493356fc429c942754f8bce347c92d3271c618a33aade7acf9c01f988f,blinded-annotation-v2-shortrefs
C001,K068,1,labeled,1,labeled,1,labeled,True,False,PROVISIONAL_LLM_GOLD,Low-movement minutes ~450/day recorded without posture sensors.,Requires low-movement intervals without posture measurement; non-applicable if treating as confirmed sitting.,"Correctly notes low-movement estimates should not be relabelled as confirmed sitting, providing important methodological context.",qwen3.8-max,97f2a0493356fc429c942754f8bce347c92d3271c618a33aade7acf9c01f988f,blinded-annotation-v2-shortrefs
C001,K069,0,labeled,0,labeled,0,labeled,True,False,PROVISIONAL_LLM_GOLD,Activity stable while sleep decreased dramatically; no causal link supported.,Requires activity and sleep patterns for joint review; non-applicable for declaring causation.,Temporal co-occurrence does not imply causation; activity stable while sleep changed.,qwen3.8-max,97f2a0493356fc429c942754f8bce347c92d3271c618a33aade7acf9c01f988f,blinded-annotation-v2-shortrefs
C001,K070,0,labeled,0,labeled,0,labeled,True,False,PROVISIONAL_LLM_GOLD,Activity duration stable (~55 min/day); outdoor exposure unknown.,Requires low daytime activity accompanying changed sleep routine.,Activity not low; generic sleep hygiene advice with no specific data connection.,qwen3.8-max,97f2a0493356fc429c942754f8bce347c92d3271c618a33aade7acf9c01f988f,blinded-annotation-v2-shortrefs
C001,K071,0,labeled,0,labeled,0,labeled,True,False,PROVISIONAL_LLM_GOLD,"Evening activity intervals present (e.g., 21:00-21:50) but intensity labeled 'unknown'.",Requires known intensity and timing relative to bedtime; non-applicable if assuming every late movement is intense.,Intensity unknown throughout; cannot apply intense-exercise advice to unclassified movement.,qwen3.8-max,97f2a0493356fc429c942754f8bce347c92d3271c618a33aade7acf9c01f988f,blinded-annotation-v2-shortrefs
C001,K072,0,labeled,0,labeled,0,labeled,True,False,PROVISIONAL_LLM_GOLD,No insomnia symptoms reported; only timestamps available.,Requires exercise near bedtime with reported insomnia symptoms.,Insomnia symptoms not reported; temporal adjacency alone does not establish condition.,qwen3.8-max,97f2a0493356fc429c942754f8bce347c92d3271c618a33aade7acf9c01f988f,blinded-annotation-v2-shortrefs
C001,K073,1,labeled,1,labeled,1,labeled,True,False,PROVISIONAL_LLM_GOLD,Evening activity intervals (21:00+) and shifted sleep start times present.,Requires activity intervals needed for timing comparisons.,"Supports correct temporal framing: evening activity on day t relates to sleep waking t+1, relevant given observed late activity and shifted sleep.",qwen3.8-max,97f2a0493356fc429c942754f8bce347c92d3271c618a33aade7acf9c01f988f,blinded-annotation-v2-shortrefs
C001,K074,0,labeled,0,labeled,0,labeled,True,False,PROVISIONAL_LLM_GOLD,No emergency-response deployment context in data.,Requires confirmed emergency-response deployment context.,Deployment context unknown; item explicitly non-applicable.,qwen3.8-max,97f2a0493356fc429c942754f8bce347c92d3271c618a33aade7acf9c01f988f,blinded-annotation-v2-shortrefs
C001,K075,0,labeled,0,labeled,0,labeled,True,False,PROVISIONAL_LLM_GOLD,No tiredness or subjective energy reports; activity stable.,Requires reported tiredness limiting activity.,Tiredness not reported; activity stable; conditions not met.,qwen3.8-max,97f2a0493356fc429c942754f8bce347c92d3271c618a33aade7acf9c01f988f,blinded-annotation-v2-shortrefs
C001,K076,0,labeled,0,labeled,0,labeled,True,False,PROVISIONAL_LLM_GOLD,"No substance, alcohol, caffeine, or medication data recorded.",Requires substance and medication history for causal interpretation.,Exposures unrecorded; generic diary advice with no specific data connection.,qwen3.8-max,97f2a0493356fc429c942754f8bce347c92d3271c618a33aade7acf9c01f988f,blinded-annotation-v2-shortrefs
C001,K077,1,labeled,1,labeled,1,labeled,True,False,PROVISIONAL_LLM_GOLD,"RHR recorded daily (baseline mean 56.1 bpm, window mean 55.4 bpm).",Item requires RHR observations available; non-applicable if substituting exercise HR for RHR.,RHR data present and item correctly defines the resting measurement context. Supported contextual connection but not core to the main sleep change.,qwen3.8-max,97f2a0493356fc429c942754f8bce347c92d3271c618a33aade7acf9c01f988f,blinded-annotation-v2-shortrefs
C001,K078,1,labeled,1,labeled,1,labeled,True,False,PROVISIONAL_LLM_GOLD,Daily RHR recorded; no sleeping HR separately identified in metrics.,Requires daily RHR trend being interpreted with known collection context.,Clarifies distinction between resting and sleeping heart rate for interpreting the RHR data present.,qwen3.8-max,97f2a0493356fc429c942754f8bce347c92d3271c618a33aade7acf9c01f988f,blinded-annotation-v2-shortrefs
C001,K079,1,labeled,1,labeled,1,labeled,True,False,PROVISIONAL_LLM_GOLD,RHR slightly lower in window (55.4 vs 56.1 bpm); no exposure data to attribute cause.,Requires RHR changes relative to previous readings; non-applicable for inferring cause from rise alone.,RHR changed slightly; item correctly notes multiple factors influence RHR without identifiable cause here.,qwen3.8-max,97f2a0493356fc429c942754f8bce347c92d3271c618a33aade7acf9c01f988f,blinded-annotation-v2-shortrefs
C001,K080,1,labeled,1,labeled,1,labeled,True,False,PROVISIONAL_LLM_GOLD,Both HRV RMSSD and RHR recorded daily as distinct metrics.,Requires HRV and heart-rate estimates being interpreted together.,Clarifies that HRV RMSSD and RHR are distinct metrics both present in the data.,qwen3.8-max,97f2a0493356fc429c942754f8bce347c92d3271c618a33aade7acf9c01f988f,blinded-annotation-v2-shortrefs
C001,K081,1,labeled,1,labeled,1,labeled,True,False,PROVISIONAL_LLM_GOLD,HRV RMSSD stable within narrow personal range (43-47 ms) across 42 days.,Requires HRV level or trend being reviewed with personal history.,HRV stable within personal range; item correctly contextualizes individual HRV interpretation.,qwen3.8-max,97f2a0493356fc429c942754f8bce347c92d3271c618a33aade7acf9c01f988f,blinded-annotation-v2-shortrefs
C001,K082,1,labeled,1,labeled,2,labeled,False,False,PROVISIONAL_LLM_GOLD,28-day baseline provides personal range context for 14-day window comparison.,Requires vital changed from recent personal baseline with sufficient history.,Baseline provides adequate personal range context for evaluating window changes; supported contextual connection.,qwen3.8-max,97f2a0493356fc429c942754f8bce347c92d3271c618a33aade7acf9c01f988f,blinded-annotation-v2-shortrefs
C001,K083,1,labeled,1,labeled,1,labeled,True,False,PROVISIONAL_LLM_GOLD,28-day baseline and 14-day window RHR data available for trend review.,Requires repeated RHR readings or recent change.,Multi-week RHR trend available; item supports reviewing repeated readings over time rather than isolated values.,qwen3.8-max,97f2a0493356fc429c942754f8bce347c92d3271c618a33aade7acf9c01f988f,blinded-annotation-v2-shortrefs
C001,K084,1,labeled,1,labeled,1,labeled,True,False,PROVISIONAL_LLM_GOLD,"HRV RMSSD stable (baseline mean 44.75, window mean 44.93 ms).",Requires HRV trend available for wellness monitoring; non-applicable for diagnosing disease.,HRV data present and stable; item correctly frames HRV as wellness metric not diagnosis.,qwen3.8-max,97f2a0493356fc429c942754f8bce347c92d3271c618a33aade7acf9c01f988f,blinded-annotation-v2-shortrefs
C001,K085,1,labeled,1,labeled,1,labeled,True,False,PROVISIONAL_LLM_GOLD,Data explicitly uses hrv_rmssd_ms metric throughout.,Requires HRV records identifying RMSSD as their metric.,Confirms the HRV metric used matches the RMSSD definition described in the item.,qwen3.8-max,97f2a0493356fc429c942754f8bce347c92d3271c618a33aade7acf9c01f988f,blinded-annotation-v2-shortrefs
C001,K086,1,labeled,1,labeled,1,labeled,True,False,PROVISIONAL_LLM_GOLD,All sleep durations exceed 3 hours (window min 335 min); HRV recorded every night.,Requires compatible Fitbit collection definition and sleep coverage >3 hours.,Coverage exceeds 3-hour minimum; explains why HRV was successfully captured each night.,qwen3.8-max,97f2a0493356fc429c942754f8bce347c92d3271c618a33aade7acf9c01f988f,blinded-annotation-v2-shortrefs
C001,K087,0,labeled,0,labeled,0,labeled,True,False,PROVISIONAL_LLM_GOLD,Only sleep duration and timing recorded; no sleep-stage data present.,Requires sleep-stage measurements.,Sleep stages not in dataset; item explicitly non-applicable.,qwen3.8-max,97f2a0493356fc429c942754f8bce347c92d3271c618a33aade7acf9c01f988f,blinded-annotation-v2-shortrefs
C001,K088,0,labeled,0,labeled,0,labeled,True,False,PROVISIONAL_LLM_GOLD,No health concerns or symptoms reported in data.,Requires reported health concerns or symptoms.,Generic advisory; no specific health concern raised by the observations.,qwen3.8-max,97f2a0493356fc429c942754f8bce347c92d3271c618a33aade7acf9c01f988f,blinded-annotation-v2-shortrefs
C001,K089,0,labeled,0,labeled,0,labeled,True,False,PROVISIONAL_LLM_GOLD,RHR readings consistent (variance <1 bpm); no fit problems evidenced.,Requires heart-rate readings unreliable or wear quality changes.,No fit problems evidenced; RHR readings consistent and stable across periods.,qwen3.8-max,97f2a0493356fc429c942754f8bce347c92d3271c618a33aade7acf9c01f988f,blinded-annotation-v2-shortrefs
C001,K090,0,labeled,0,labeled,1,labeled,False,False,PROVISIONAL_LLM_GOLD,Nighttime coverage >=355 min every night; all vitals present.,Requires overnight vitals having missing readings or uncertain coverage.,Overnight coverage is sufficient throughout both periods; no missing vitals to troubleshoot.,qwen3.8-max,97f2a0493356fc429c942754f8bce347c92d3271c618a33aade7acf9c01f988f,blinded-annotation-v2-shortrefs
C001,K091,0,labeled,0,labeled,1,labeled,False,False,PROVISIONAL_LLM_GOLD,All vitals present every day; nighttime coverage >=355 min (above 180 min threshold).,Requires vital missing with limited night-time data.,No vitals are missing and sleep coverage exceeds thresholds throughout both periods.,qwen3.8-max,97f2a0493356fc429c942754f8bce347c92d3271c618a33aade7acf9c01f988f,blinded-annotation-v2-shortrefs
C001,K092,0,labeled,0,labeled,0,labeled,True,False,PROVISIONAL_LLM_GOLD,All vitals recorded every day; no missing or delayed data.,Requires vitals missing or delayed.,No missing vitals observed; item conditions not triggered by current data.,qwen3.8-max,97f2a0493356fc429c942754f8bce347c92d3271c618a33aade7acf9c01f988f,blinded-annotation-v2-shortrefs
C001,K093,0,labeled,0,labeled,0,labeled,True,False,PROVISIONAL_LLM_GOLD,Same synthetic device used throughout both periods; no device change noted.,Requires heart-rate series involving device or algorithm change.,Same device throughout; no cross-device comparison issue present.,qwen3.8-max,97f2a0493356fc429c942754f8bce347c92d3271c618a33aade7acf9c01f988f,blinded-annotation-v2-shortrefs
C001,K094,1,labeled,1,labeled,1,labeled,True,False,PROVISIONAL_LLM_GOLD,"Sleep duration estimated by device each night (e.g., 353 min on 2026-03-30).",Requires device-estimated sleep duration and boundaries available.,"Methodological note relevant to interpreting estimated sleep values, providing supported contextual connection.",qwen3.8-max,97f2a0493356fc429c942754f8bce347c92d3271c618a33aade7acf9c01f988f,blinded-annotation-v2-shortrefs
C001,K095,0,labeled,0,labeled,1,labeled,False,False,PROVISIONAL_LLM_GOLD,Nighttime coverage >=355 min all window nights; no missing sleep observations.,Requires sleep readings absent with non-wear or incomplete coverage.,Coverage adequate throughout; no missing sleep observations to explain.,qwen3.8-max,97f2a0493356fc429c942754f8bce347c92d3271c618a33aade7acf9c01f988f,blinded-annotation-v2-shortrefs
C001,K096,0,labeled,0,labeled,0,labeled,True,False,PROVISIONAL_LLM_GOLD,"Steps stable (baseline mean 7983, window mean 8037); no wear context issues indicated.",Requires step readings changing with possible measurement limitations.,Steps did not meaningfully change; generic device info with no specific observation link.,qwen3.8-max,97f2a0493356fc429c942754f8bce347c92d3271c618a33aade7acf9c01f988f,blinded-annotation-v2-shortrefs
C002,K001,2,labeled,2,labeled,1,labeled,False,False,PROVISIONAL_LLM_GOLD,Age band is 18-60; sleep duration mean is ~470 min (~7.8 hours) in both periods.,Recommends at least 7 hours for adults 18-60; directly applicable age band and observable condition.,Core reference standard directly explaining the observed adequate sleep duration for this age group.,qwen3.8-max,75b8a7287ede6d111a67ccfbad5fff20c5eb2cad10355d6202be3738a382c2f0,blinded-annotation-v2-shortrefs
C002,K002,0,labeled,0,labeled,0,labeled,True,False,PROVISIONAL_LLM_GOLD,Age band is 18-60.,Targets adults aged 61 to 64; non-applicable for other age groups.,Age group does not match. Item explicitly non-applicable.,qwen3.8-max,75b8a7287ede6d111a67ccfbad5fff20c5eb2cad10355d6202be3738a382c2f0,blinded-annotation-v2-shortrefs
C002,K003,0,labeled,0,labeled,0,labeled,True,False,PROVISIONAL_LLM_GOLD,Age band is 18-60.,Targets adults aged 65 and older; non-applicable for age below 65.,Age group does not match. Item explicitly non-applicable.,qwen3.8-max,75b8a7287ede6d111a67ccfbad5fff20c5eb2cad10355d6202be3738a382c2f0,blinded-annotation-v2-shortrefs
C002,K004,0,labeled,0,labeled,0,labeled,True,False,PROVISIONAL_LLM_GOLD,Age band is 18-60.,Targets teenagers aged 13 to 17; non-applicable for adults.,"User is an adult. Item targets teenagers, so conditions are contradicted.",qwen3.8-max,75b8a7287ede6d111a67ccfbad5fff20c5eb2cad10355d6202be3738a382c2f0,blinded-annotation-v2-shortrefs
C002,K005,0,labeled,0,labeled,0,labeled,True,False,PROVISIONAL_LLM_GOLD,Sleep duration is ~7.8 hours consistently; no schedule constraint evidence.,Requires repeatedly shortened sleep opportunity or sleep duration and a schedule constraint.,No insufficient sleep observed. Sleep duration is stable and sufficient.,qwen3.8-max,75b8a7287ede6d111a67ccfbad5fff20c5eb2cad10355d6202be3738a382c2f0,blinded-annotation-v2-shortrefs
C002,K006,0,labeled,0,labeled,0,labeled,True,False,PROVISIONAL_LLM_GOLD,"Sleep duration is ~7.8 hours, meeting the 7+ hour recommendation for age 18-60.",Non-applicable when sleep duration is sufficient for the applicable age group.,Sleep is sufficient for the 18-60 age band. Item targets consistently short sleep.,qwen3.8-max,75b8a7287ede6d111a67ccfbad5fff20c5eb2cad10355d6202be3738a382c2f0,blinded-annotation-v2-shortrefs
C002,K007,1,labeled,1,labeled,1,labeled,True,False,PROVISIONAL_LLM_GOLD,"Sleep duration recorded (~470 min) but no awakenings, onset difficulty, or refreshment data exists.",Applies when sleep duration is recorded but sleep quality may be unknown.,"Supported contextual connection: duration is recorded without quality metrics, directly matching the observable condition.",qwen3.8-max,75b8a7287ede6d111a67ccfbad5fff20c5eb2cad10355d6202be3738a382c2f0,blinded-annotation-v2-shortrefs
C002,K008,0,labeled,0,labeled,0,labeled,True,False,PROVISIONAL_LLM_GOLD,"Only sleep duration, start, and end times are recorded; no awakening data exists.",Requires documented repeated awakenings; non-applicable if only duration/start/end available.,Awakenings are not measured in the raw data. Item conditions are not met.,qwen3.8-max,75b8a7287ede6d111a67ccfbad5fff20c5eb2cad10355d6202be3738a382c2f0,blinded-annotation-v2-shortrefs
C002,K009,0,labeled,0,labeled,0,labeled,True,False,PROVISIONAL_LLM_GOLD,Sleep duration is ~7.8 hours (<8 hours); no subjective restfulness data recorded.,Requires more than 8 hours of sleep with reported lack of refreshment.,Sleep is under 8 hours and refreshment is unreported. Item conditions not met.,qwen3.8-max,75b8a7287ede6d111a67ccfbad5fff20c5eb2cad10355d6202be3738a382c2f0,blinded-annotation-v2-shortrefs
C002,K010,0,labeled,0,labeled,0,labeled,True,False,PROVISIONAL_LLM_GOLD,Sleep is ~7.8 hours consistently; no cognitive impairment symptoms recorded.,Requires repeatedly shortened sleep and symptoms to claim impairment.,Sleep is not restricted. No symptoms to claim actual cognitive impairment.,qwen3.8-max,75b8a7287ede6d111a67ccfbad5fff20c5eb2cad10355d6202be3738a382c2f0,blinded-annotation-v2-shortrefs
C002,K011,0,labeled,0,labeled,0,labeled,True,False,PROVISIONAL_LLM_GOLD,Sleep duration is consistently ~7.8 hours; no shortened nights observed.,Requires several nights of reduced sleep duration.,No repeated sleep restriction. Sleep duration remained stable and sufficient.,qwen3.8-max,75b8a7287ede6d111a67ccfbad5fff20c5eb2cad10355d6202be3738a382c2f0,blinded-annotation-v2-shortrefs
C002,K012,0,labeled,0,labeled,0,labeled,True,False,PROVISIONAL_LLM_GOLD,"Sleep duration mean is 469.8 min baseline and 469.6 min window (~7.8 hours), which is sufficient.",Requires ongoing insufficient sleep.,"Sleep is consistently ~7.8 hours, meeting adult recommendations. No sleep deficiency is observed.",qwen3.8-max,75b8a7287ede6d111a67ccfbad5fff20c5eb2cad10355d6202be3738a382c2f0,blinded-annotation-v2-shortrefs
C002,K013,0,labeled,0,labeled,0,labeled,True,False,PROVISIONAL_LLM_GOLD,Sleep duration is ~7.8 hours consistently; no appetite or food intake data recorded.,Requires repeated insufficient sleep and food intake information.,Sleep is sufficient and stable. No sleep deficiency or appetite data exists.,qwen3.8-max,75b8a7287ede6d111a67ccfbad5fff20c5eb2cad10355d6202be3738a382c2f0,blinded-annotation-v2-shortrefs
C002,K014,0,labeled,0,labeled,0,labeled,True,False,PROVISIONAL_LLM_GOLD,No sleepiness reports or driving context recorded.,Requires reported sleepiness and driving plans.,Sleepiness and driving are unrecorded. Item conditions cannot be evaluated.,qwen3.8-max,75b8a7287ede6d111a67ccfbad5fff20c5eb2cad10355d6202be3738a382c2f0,blinded-annotation-v2-shortrefs
C002,K015,1,labeled,1,labeled,1,labeled,True,False,PROVISIONAL_LLM_GOLD,Adult sleep duration is recorded at ~7.8 hours nightly across 42 days.,Applies when adult sleep duration is being reviewed; provides context that needs vary individually.,"Supported contextual connection: sleep duration is being reviewed, and the item provides general interpretive context about individual variation.",qwen3.8-max,75b8a7287ede6d111a67ccfbad5fff20c5eb2cad10355d6202be3738a382c2f0,blinded-annotation-v2-shortrefs
C002,K016,0,labeled,0,labeled,0,labeled,True,False,PROVISIONAL_LLM_GOLD,No insomnia symptoms reported; only 14-day window available.,Requires months-long sleeping difficulties or reported insomnia with failed habit changes.,Insomnia symptoms are absent. Brief duration record without reported problems does not meet conditions.,qwen3.8-max,75b8a7287ede6d111a67ccfbad5fff20c5eb2cad10355d6202be3738a382c2f0,blinded-annotation-v2-shortrefs
C002,K017,0,labeled,0,labeled,0,labeled,True,False,PROVISIONAL_LLM_GOLD,Sleep start variance is 23.0 min^2 baseline and 27.0 min^2 window; sleep end variance is 0.0 in both periods.,Requires repeated variability in bedtime or wake time; non-applicable if schedule is stable.,"Sleep timing is highly consistent (wake time exactly 07:00 daily, bedtimes tightly clustered). Conditions contradicted.",qwen3.8-max,75b8a7287ede6d111a67ccfbad5fff20c5eb2cad10355d6202be3738a382c2f0,blinded-annotation-v2-shortrefs
C002,K018,0,labeled,0,labeled,0,labeled,True,False,PROVISIONAL_LLM_GOLD,Wake time is exactly 07:00 every day (variance 0.0); no sleeping difficulties reported.,Requires inconsistent wake time with reported sleeping difficulties.,Wake time is perfectly consistent and no insomnia is reported. Conditions contradicted.,qwen3.8-max,75b8a7287ede6d111a67ccfbad5fff20c5eb2cad10355d6202be3738a382c2f0,blinded-annotation-v2-shortrefs
C002,K019,0,labeled,0,labeled,0,labeled,True,False,PROVISIONAL_LLM_GOLD,Sleep start mean weekday 650.1 min vs weekend 650.4 min baseline; sleep end identical at 1140.0 for all.,Requires bedtime or wake time differing substantially between weekdays and weekends.,Sleep timing is consistent across weekdays and weekends. No substantial schedule difference observed.,qwen3.8-max,75b8a7287ede6d111a67ccfbad5fff20c5eb2cad10355d6202be3738a382c2f0,blinded-annotation-v2-shortrefs
C002,K020,0,labeled,0,labeled,0,labeled,True,False,PROVISIONAL_LLM_GOLD,"Bedtime timestamps exist (~22:42-22:58), but pre-bed activities are not recorded.",Requires information about pre-bed activities for targeted advice.,Pre-bed routine activities are unknown. Item conditions not met.,qwen3.8-max,75b8a7287ede6d111a67ccfbad5fff20c5eb2cad10355d6202be3738a382c2f0,blinded-annotation-v2-shortrefs
C002,K021,0,labeled,0,labeled,0,labeled,True,False,PROVISIONAL_LLM_GOLD,No screen or light exposure information is recorded.,Requires known bright-screen exposure shortly before bed.,Screen exposure is unrecorded. Item conditions cannot be met.,qwen3.8-max,75b8a7287ede6d111a67ccfbad5fff20c5eb2cad10355d6202be3738a382c2f0,blinded-annotation-v2-shortrefs
C002,K022,0,labeled,0,labeled,0,labeled,True,False,PROVISIONAL_LLM_GOLD,No caffeine timing or intake is recorded.,Requires known afternoon or evening caffeine use with sleeping difficulty.,Caffeine history is absent. Item conditions not met.,qwen3.8-max,75b8a7287ede6d111a67ccfbad5fff20c5eb2cad10355d6202be3738a382c2f0,blinded-annotation-v2-shortrefs
C002,K023,0,labeled,0,labeled,0,labeled,True,False,PROVISIONAL_LLM_GOLD,No meal timing or size information is recorded.,Requires known large meal shortly before bed.,Meal context is absent. Item conditions not met.,qwen3.8-max,75b8a7287ede6d111a67ccfbad5fff20c5eb2cad10355d6202be3738a382c2f0,blinded-annotation-v2-shortrefs
C002,K024,0,labeled,0,labeled,0,labeled,True,False,PROVISIONAL_LLM_GOLD,No alcohol intake or timing is recorded.,Requires alcohol intake and timing near bedtime.,Alcohol use is not reported. Required context missing.,qwen3.8-max,75b8a7287ede6d111a67ccfbad5fff20c5eb2cad10355d6202be3738a382c2f0,blinded-annotation-v2-shortrefs
C002,K025,0,labeled,0,labeled,0,labeled,True,False,PROVISIONAL_LLM_GOLD,No nicotine use or smoking history is recorded.,Requires established nicotine exposure.,Nicotine exposure is unrecorded. Item conditions cannot be met.,qwen3.8-max,75b8a7287ede6d111a67ccfbad5fff20c5eb2cad10355d6202be3738a382c2f0,blinded-annotation-v2-shortrefs
C002,K026,0,labeled,0,labeled,0,labeled,True,False,PROVISIONAL_LLM_GOLD,"No bedroom environment data (light, noise, temperature) is recorded.",Requires known disruptive bedroom environment.,Environment is unknown. Item conditions not met.,qwen3.8-max,75b8a7287ede6d111a67ccfbad5fff20c5eb2cad10355d6202be3738a382c2f0,blinded-annotation-v2-shortrefs
C002,K027,0,labeled,0,labeled,0,labeled,True,False,PROVISIONAL_LLM_GOLD,No relaxation difficulty or pre-bed routine request is recorded.,Requires reported difficulty relaxing or request for routine options.,No relaxation context exists. Item conditions not met.,qwen3.8-max,75b8a7287ede6d111a67ccfbad5fff20c5eb2cad10355d6202be3738a382c2f0,blinded-annotation-v2-shortrefs
C002,K028,0,labeled,0,labeled,0,labeled,True,False,PROVISIONAL_LLM_GOLD,No nap information is recorded in the wearable data.,Requires adult naps recorded or reported; non-applicable if nap history unknown.,Nap information is absent. Item cannot be applied to these observations.,qwen3.8-max,75b8a7287ede6d111a67ccfbad5fff20c5eb2cad10355d6202be3738a382c2f0,blinded-annotation-v2-shortrefs
C002,K029,0,labeled,0,labeled,0,labeled,True,False,PROVISIONAL_LLM_GOLD,No shift work schedule is recorded; sleep timing is consistent overnight.,Requires confirmed shift-work schedule.,Shift work is unrecorded. Item conditions not met.,qwen3.8-max,75b8a7287ede6d111a67ccfbad5fff20c5eb2cad10355d6202be3738a382c2f0,blinded-annotation-v2-shortrefs
C002,K030,0,labeled,0,labeled,0,labeled,True,False,PROVISIONAL_LLM_GOLD,No shift work is established; sleep occurs overnight consistently.,Requires established shift work.,Shift work is not established. Conditions contradicted by overnight sleep pattern.,qwen3.8-max,75b8a7287ede6d111a67ccfbad5fff20c5eb2cad10355d6202be3738a382c2f0,blinded-annotation-v2-shortrefs
C002,K031,0,labeled,0,labeled,0,labeled,True,False,PROVISIONAL_LLM_GOLD,No shift work or caffeine use is recorded.,Requires shift schedule and caffeine intake.,Shift work and caffeine are unrecorded. Item conditions cannot be met.,qwen3.8-max,75b8a7287ede6d111a67ccfbad5fff20c5eb2cad10355d6202be3738a382c2f0,blinded-annotation-v2-shortrefs
C002,K032,0,labeled,0,labeled,0,labeled,True,False,PROVISIONAL_LLM_GOLD,"All sleep occurs overnight (start ~22:42-22:58, end 07:00); no daytime sleep recorded.",Requires daytime sleep associated with shift work.,Only ordinary overnight sleep is recorded. Item conditions contradicted.,qwen3.8-max,75b8a7287ede6d111a67ccfbad5fff20c5eb2cad10355d6202be3738a382c2f0,blinded-annotation-v2-shortrefs
C002,K033,0,labeled,0,labeled,0,labeled,True,False,PROVISIONAL_LLM_GOLD,Sleep start and duration variances are low; no changed or variable pattern is observed.,Requires a changed or variable sleep pattern needing review.,Sleep timing and duration are stable across both periods. No changed pattern warrants a diary recommendation.,qwen3.8-max,75b8a7287ede6d111a67ccfbad5fff20c5eb2cad10355d6202be3738a382c2f0,blinded-annotation-v2-shortrefs
C002,K034,0,labeled,0,labeled,0,labeled,True,False,PROVISIONAL_LLM_GOLD,"Sleep duration mean 469.8 min baseline, 469.6 min window; consistently ~7.8 hours.",Requires several shortened nights rather than a single isolated reading.,No repeated sleep loss observed. Sleep duration remained stable and sufficient.,qwen3.8-max,75b8a7287ede6d111a67ccfbad5fff20c5eb2cad10355d6202be3738a382c2f0,blinded-annotation-v2-shortrefs
C002,K035,0,labeled,0,labeled,0,labeled,True,False,PROVISIONAL_LLM_GOLD,Weekday sleep mean 469.9 min vs weekend 469.6 min baseline; 468.8 vs 471.5 window. Differences are minimal.,Requires longer sleep and later timing on days off.,No meaningful weekend sleep increase or timing shift is observed. Conditions not met.,qwen3.8-max,75b8a7287ede6d111a67ccfbad5fff20c5eb2cad10355d6202be3738a382c2f0,blinded-annotation-v2-shortrefs
C002,K036,0,labeled,0,labeled,0,labeled,True,False,PROVISIONAL_LLM_GOLD,No nap information is recorded in the wearable data.,Requires recorded naps.,Naps are not tracked or reported. Item conditions cannot be evaluated.,qwen3.8-max,75b8a7287ede6d111a67ccfbad5fff20c5eb2cad10355d6202be3738a382c2f0,blinded-annotation-v2-shortrefs
C002,K037,0,labeled,0,labeled,0,labeled,True,False,PROVISIONAL_LLM_GOLD,No bad nights or sleeping difficulties are evident; sleep is stable ~7.8 hours.,Requires recent bad night and reported sleeping difficulties.,No bad nights or insomnia symptoms exist. Item conditions not met.,qwen3.8-max,75b8a7287ede6d111a67ccfbad5fff20c5eb2cad10355d6202be3738a382c2f0,blinded-annotation-v2-shortrefs
C002,K038,0,labeled,0,labeled,0,labeled,True,False,PROVISIONAL_LLM_GOLD,No sleeping difficulties or insomnia symptoms are reported; only 14-day window data exists.,Requires reported sleeping difficulties with known duration and symptom history.,Insomnia symptoms are absent. Cannot apply duration categories from estimated sleep hours alone.,qwen3.8-max,75b8a7287ede6d111a67ccfbad5fff20c5eb2cad10355d6202be3738a382c2f0,blinded-annotation-v2-shortrefs
C002,K039,0,labeled,0,labeled,0,labeled,True,False,PROVISIONAL_LLM_GOLD,No travel history or flight information is recorded.,Requires confirmed travel across time zones.,Travel context is completely absent. Item conditions not met.,qwen3.8-max,75b8a7287ede6d111a67ccfbad5fff20c5eb2cad10355d6202be3738a382c2f0,blinded-annotation-v2-shortrefs
C002,K040,0,labeled,0,labeled,0,labeled,True,False,PROVISIONAL_LLM_GOLD,No travel or trip information is recorded.,Requires a known short trip across time zones.,Travel context is absent. Item conditions not met.,qwen3.8-max,75b8a7287ede6d111a67ccfbad5fff20c5eb2cad10355d6202be3738a382c2f0,blinded-annotation-v2-shortrefs
C002,K041,1,labeled,0,labeled,1,labeled,False,False,PROVISIONAL_LLM_GOLD,"Steps declined from mean 8009 to 2335 (-71%), representing substantially reduced movement.",Applies when low or declining movement gives an opportunity to add activity.,"Supported contextual connection: steps declined substantially, providing contextual connection to adding any movement.",qwen3.8-max,75b8a7287ede6d111a67ccfbad5fff20c5eb2cad10355d6202be3738a382c2f0,blinded-annotation-v2-shortrefs
C002,K042,1,labeled,0,labeled,1,labeled,False,False,PROVISIONAL_LLM_GOLD,"Steps declined sharply from mean 8009 to 2335, establishing recently reduced physical activity.",Applies when recently low or reduced physical activity is observed.,"Supported contextual connection: steps declined sharply, establishing recently reduced activity that matches the condition.",qwen3.8-max,75b8a7287ede6d111a67ccfbad5fff20c5eb2cad10355d6202be3738a382c2f0,blinded-annotation-v2-shortrefs
C002,K043,0,labeled,0,labeled,0,labeled,True,False,PROVISIONAL_LLM_GOLD,All activity intervals have intensity 'unknown'; only steps and total active minutes recorded.,Requires known moderate-intensity aerobic minutes; non-applicable if only steps/unspecified active minutes available.,Intensity is unknown. Cannot apply 150-minute moderate guideline.,qwen3.8-max,75b8a7287ede6d111a67ccfbad5fff20c5eb2cad10355d6202be3738a382c2f0,blinded-annotation-v2-shortrefs
C002,K044,0,labeled,0,labeled,0,labeled,True,False,PROVISIONAL_LLM_GOLD,All activity intervals have intensity 'unknown'.,Requires known vigorous intensity; non-applicable if intensity unknown.,"Intensity is unknown across all recorded activity intervals, so vigorous activity cannot be established.",qwen3.8-max,75b8a7287ede6d111a67ccfbad5fff20c5eb2cad10355d6202be3738a382c2f0,blinded-annotation-v2-shortrefs
C002,K045,0,labeled,0,labeled,0,labeled,True,False,PROVISIONAL_LLM_GOLD,Activity intensity is 'unknown' for all intervals.,Requires known intensity for counting guideline minutes; non-applicable if assuming every active minute is moderate.,"Intensity is unknown, preventing application of guideline-based splitting advice.",qwen3.8-max,75b8a7287ede6d111a67ccfbad5fff20c5eb2cad10355d6202be3738a382c2f0,blinded-annotation-v2-shortrefs
C002,K046,0,labeled,0,labeled,0,labeled,True,False,PROVISIONAL_LLM_GOLD,Only steps and activity duration are recorded; no muscle-strengthening data.,Requires strengthening activity records; notes steps don't show this.,Strengthening activity is unrecorded. Item explicitly notes steps don't show this.,qwen3.8-max,75b8a7287ede6d111a67ccfbad5fff20c5eb2cad10355d6202be3738a382c2f0,blinded-annotation-v2-shortrefs
C002,K047,0,labeled,0,labeled,0,labeled,True,False,PROVISIONAL_LLM_GOLD,Activity intensity is 'unknown' for all intervals.,Requires known intensity and weekly duration to assess guideline attainment.,Unknown intensity prevents assessing whether minimum guidelines are reached.,qwen3.8-max,75b8a7287ede6d111a67ccfbad5fff20c5eb2cad10355d6202be3738a382c2f0,blinded-annotation-v2-shortrefs
C002,K048,0,labeled,0,labeled,0,labeled,True,False,PROVISIONAL_LLM_GOLD,Activity intensity is 'unknown' for all intervals; fitness level not recorded.,Requires fitness or perceived effort context; non-applicable if inferring intensity from steps alone.,Intensity and fitness are unknown. Cannot assign intensity from daily movement totals.,qwen3.8-max,75b8a7287ede6d111a67ccfbad5fff20c5eb2cad10355d6202be3738a382c2f0,blinded-annotation-v2-shortrefs
C002,K049,0,labeled,0,labeled,0,labeled,True,False,PROVISIONAL_LLM_GOLD,"No breathing, talk-test, or effort observations are recorded.",Requires observed effort during aerobic activity.,Effort is unrecorded. Item conditions not met.,qwen3.8-max,75b8a7287ede6d111a67ccfbad5fff20c5eb2cad10355d6202be3738a382c2f0,blinded-annotation-v2-shortrefs
C002,K050,2,labeled,2,labeled,2,labeled,True,False,PROVISIONAL_LLM_GOLD,Steps dropped ~71% (mean 8009 to 2335) while activity_duration_minutes remained stable (mean 55.1 to 54.6).,Steps change while other activity may differ; directly explains that lower steps alone do not establish all physical activity decreased.,"Core explanation for the observed pattern: steps fell drastically but active minutes did not, matching the item's condition that steps miss non-step exercise.",qwen3.8-max,75b8a7287ede6d111a67ccfbad5fff20c5eb2cad10355d6202be3738a382c2f0,blinded-annotation-v2-shortrefs
C002,K051,1,labeled,0,labeled,1,labeled,False,False,PROVISIONAL_LLM_GOLD,"Steps declined from mean 8009 to 2335 (-71%), indicating reduced routine movement.",Applies when low or declining routine movement is observed.,"Supported contextual connection: sharp step decline supports relevance of restoring routine movement like walking, though transport context is unknown.",qwen3.8-max,75b8a7287ede6d111a67ccfbad5fff20c5eb2cad10355d6202be3738a382c2f0,blinded-annotation-v2-shortrefs
C002,K052,0,labeled,0,labeled,0,labeled,True,False,PROVISIONAL_LLM_GOLD,No personal preferences or availability for activities are recorded.,Requires personal preferences and availability for choosing individualized options.,Preferences are unknown. Item requires personal context for choosing activities.,qwen3.8-max,75b8a7287ede6d111a67ccfbad5fff20c5eb2cad10355d6202be3738a382c2f0,blinded-annotation-v2-shortrefs
C002,K053,0,labeled,0,labeled,0,labeled,True,False,PROVISIONAL_LLM_GOLD,No social preferences or motivational barriers are reported.,Requires reported motivational barrier or social preferences.,Social context is unknown. No evidence of a motivational barrier.,qwen3.8-max,75b8a7287ede6d111a67ccfbad5fff20c5eb2cad10355d6202be3738a382c2f0,blinded-annotation-v2-shortrefs
C002,K054,0,labeled,0,labeled,0,labeled,True,False,PROVISIONAL_LLM_GOLD,"Steps dropped from baseline mean 8009 to window mean 2335, but no time barrier is reported.",Requires a reported time barrier; non-applicable if assuming one from low steps.,No evidence of a time barrier in the raw data. Item explicitly warns against assuming one from low steps.,qwen3.8-max,75b8a7287ede6d111a67ccfbad5fff20c5eb2cad10355d6202be3738a382c2f0,blinded-annotation-v2-shortrefs
C002,K055,0,labeled,0,labeled,0,labeled,True,False,PROVISIONAL_LLM_GOLD,No schedule constraints or competing demands are reported.,Requires reported competing demands reducing activity.,Schedule context is absent. Item conditions not met.,qwen3.8-max,75b8a7287ede6d111a67ccfbad5fff20c5eb2cad10355d6202be3738a382c2f0,blinded-annotation-v2-shortrefs
C002,K056,0,labeled,0,labeled,0,labeled,True,False,PROVISIONAL_LLM_GOLD,No chronic health problems or special needs are recorded.,"Requires an established chronic condition, disability, or special need.",Medical context is unknown. Item conditions not met.,qwen3.8-max,75b8a7287ede6d111a67ccfbad5fff20c5eb2cad10355d6202be3738a382c2f0,blinded-annotation-v2-shortrefs
C002,K057,0,labeled,0,labeled,1,labeled,False,False,PROVISIONAL_LLM_GOLD,"Low movement intervals ~45 min each across the day, but posture is not measured.",Requires long uninterrupted daytime low-movement intervals with adequate wear AND mobility/posture context for sitting claim.,Cannot confirm sitting posture from low movement data alone. Posture context required for individual sitting claim is absent.,qwen3.8-max,75b8a7287ede6d111a67ccfbad5fff20c5eb2cad10355d6202be3738a382c2f0,blinded-annotation-v2-shortrefs
C002,K058,0,labeled,0,labeled,1,labeled,False,False,PROVISIONAL_LLM_GOLD,"Activity duration ~55 min coexists with ~452 min low movement daily, but posture is not measured.",Requires sitting posture and known activity intensity; non-applicable if assuming low-movement proves sitting.,Cannot confirm sitting posture from low movement data alone. Item conditions regarding confirmed sitting are unmet.,qwen3.8-max,75b8a7287ede6d111a67ccfbad5fff20c5eb2cad10355d6202be3738a382c2f0,blinded-annotation-v2-shortrefs
C002,K059,0,labeled,0,labeled,1,labeled,False,False,PROVISIONAL_LLM_GOLD,"Low movement ~452 min daily, but posture is not measured.",Requires confirmed sitting for a specific sedentary-time conclusion; non-applicable if non-wear recorded as no movement.,Cannot confirm sitting from low movement data alone. Item conditions regarding confirmed sitting are unmet.,qwen3.8-max,75b8a7287ede6d111a67ccfbad5fff20c5eb2cad10355d6202be3738a382c2f0,blinded-annotation-v2-shortrefs
C002,K060,0,labeled,0,labeled,0,labeled,True,False,PROVISIONAL_LLM_GOLD,No commute or transport information is recorded in the wearable data.,Requires established sedentary commuting and transport context.,Commute context is completely absent from the raw data.,qwen3.8-max,75b8a7287ede6d111a67ccfbad5fff20c5eb2cad10355d6202be3738a382c2f0,blinded-annotation-v2-shortrefs
C002,K061,0,labeled,0,labeled,0,labeled,True,False,PROVISIONAL_LLM_GOLD,No work context or desk work information is recorded.,Requires established desk work with prolonged sitting.,Work context is absent. Item conditions not met.,qwen3.8-max,75b8a7287ede6d111a67ccfbad5fff20c5eb2cad10355d6202be3738a382c2f0,blinded-annotation-v2-shortrefs
C002,K062,0,labeled,0,labeled,0,labeled,True,False,PROVISIONAL_LLM_GOLD,No workplace or meeting information is recorded.,Requires meetings or desk work involving prolonged sitting.,Workplace context is absent. Item conditions not met.,qwen3.8-max,75b8a7287ede6d111a67ccfbad5fff20c5eb2cad10355d6202be3738a382c2f0,blinded-annotation-v2-shortrefs
C002,K063,0,labeled,0,labeled,0,labeled,True,False,PROVISIONAL_LLM_GOLD,No television viewing or screen habits are recorded.,Requires actual screen-related sitting context.,Screen habits are unrecorded. Item conditions not met.,qwen3.8-max,75b8a7287ede6d111a67ccfbad5fff20c5eb2cad10355d6202be3738a382c2f0,blinded-annotation-v2-shortrefs
C002,K064,0,labeled,0,labeled,0,labeled,True,False,PROVISIONAL_LLM_GOLD,No leisure habits or seated leisure context is recorded.,Requires substantial habitual seated leisure context.,Leisure context is unknown. Item conditions not met.,qwen3.8-max,75b8a7287ede6d111a67ccfbad5fff20c5eb2cad10355d6202be3738a382c2f0,blinded-annotation-v2-shortrefs
C002,K065,1,labeled,1,labeled,1,labeled,True,False,PROVISIONAL_LLM_GOLD,Steps dropped ~71% while activity_duration_minutes remained stable (~55 min).,Applies when low everyday movement despite possible formal exercise; distinguishes everyday movement from planned exercise.,"Supported contextual connection: distinguishes step-based everyday movement from other physical activity, relevant given the step/activity divergence.",qwen3.8-max,75b8a7287ede6d111a67ccfbad5fff20c5eb2cad10355d6202be3738a382c2f0,blinded-annotation-v2-shortrefs
C002,K066,0,labeled,0,labeled,0,labeled,True,False,PROVISIONAL_LLM_GOLD,No workday lunch-break context is recorded.,Requires known workday lunch-break access and mobility.,Lunch-break context is absent. Item conditions not met.,qwen3.8-max,75b8a7287ede6d111a67ccfbad5fff20c5eb2cad10355d6202be3738a382c2f0,blinded-annotation-v2-shortrefs
C002,K067,0,labeled,0,labeled,0,labeled,True,False,PROVISIONAL_LLM_GOLD,No stair access or mobility context is recorded.,Requires safe stair access and mobility context.,Mobility and stair context unknown. Item conditions not met.,qwen3.8-max,75b8a7287ede6d111a67ccfbad5fff20c5eb2cad10355d6202be3738a382c2f0,blinded-annotation-v2-shortrefs
C002,K068,1,labeled,1,labeled,1,labeled,True,False,PROVISIONAL_LLM_GOLD,Low movement intervals are recorded daily (~451-453 min mean) without posture measurement.,Applies when low-movement intervals are available without posture measurement; warns against relabeling as confirmed sitting.,"Supported contextual connection: low-movement data exists without posture, and the item correctly cautions against equating it to sitting.",qwen3.8-max,75b8a7287ede6d111a67ccfbad5fff20c5eb2cad10355d6202be3738a382c2f0,blinded-annotation-v2-shortrefs
C002,K069,0,labeled,0,labeled,1,labeled,False,False,PROVISIONAL_LLM_GOLD,Activity duration stable (~55 min) and sleep stable (~470 min); paired correlation r=-0.36 in window.,General benefit statement; non-applicable for declaring causal effect from paired observations.,General educational statement. Temporal co-occurrence does not imply causation per instructions. No specific causal link established.,qwen3.8-max,75b8a7287ede6d111a67ccfbad5fff20c5eb2cad10355d6202be3738a382c2f0,blinded-annotation-v2-shortrefs
C002,K070,0,labeled,0,labeled,0,labeled,True,False,PROVISIONAL_LLM_GOLD,Activity duration stable (~55 min); sleep routine stable; no outdoor exposure data.,Requires low daytime activity accompanying a changed sleep routine and outdoor access.,No low activity or changed sleep routine observed. Outdoor context unknown.,qwen3.8-max,75b8a7287ede6d111a67ccfbad5fff20c5eb2cad10355d6202be3738a382c2f0,blinded-annotation-v2-shortrefs
C002,K071,0,labeled,0,labeled,0,labeled,True,False,PROVISIONAL_LLM_GOLD,"Activity intervals occur ~21:00-22:00, near bedtime ~22:42-22:58, but all intensities are 'unknown'.",Requires known intensity and actual timing relative to bedtime; non-applicable if assuming late movement is intense.,Late activity exists but intensity is unknown. Item explicitly warns against assuming intensity.,qwen3.8-max,75b8a7287ede6d111a67ccfbad5fff20c5eb2cad10355d6202be3738a382c2f0,blinded-annotation-v2-shortrefs
C002,K072,0,labeled,0,labeled,0,labeled,True,False,PROVISIONAL_LLM_GOLD,No insomnia symptoms or sleeping difficulties are reported.,Requires exercise near bedtime with reported insomnia symptoms.,Insomnia is not established. Item requires reported sleeping difficulties.,qwen3.8-max,75b8a7287ede6d111a67ccfbad5fff20c5eb2cad10355d6202be3738a382c2f0,blinded-annotation-v2-shortrefs
C002,K073,1,labeled,1,labeled,1,labeled,True,False,PROVISIONAL_LLM_GOLD,"Activity intervals (e.g., 21:00-21:55) and sleep start times (e.g., 22:51) are both recorded.",Applies when activity timing and subsequent sleep are being compared; requires activity intervals for timing comparisons.,Supported contextual connection: both activity and sleep timing are available; item supports preserving temporal context.,qwen3.8-max,75b8a7287ede6d111a67ccfbad5fff20c5eb2cad10355d6202be3738a382c2f0,blinded-annotation-v2-shortrefs
C002,K074,0,labeled,0,labeled,0,labeled,True,False,PROVISIONAL_LLM_GOLD,No emergency-response deployment context is recorded.,Requires confirmed emergency-response deployment context.,Deployment context is absent. Item specifically targets deployed emergency responders.,qwen3.8-max,75b8a7287ede6d111a67ccfbad5fff20c5eb2cad10355d6202be3738a382c2f0,blinded-annotation-v2-shortrefs
C002,K075,0,labeled,0,labeled,0,labeled,True,False,PROVISIONAL_LLM_GOLD,No subjective tiredness or energy levels are recorded.,Requires reported tiredness limiting activity.,Energy levels are unrecorded. Item requires reported tiredness.,qwen3.8-max,75b8a7287ede6d111a67ccfbad5fff20c5eb2cad10355d6202be3738a382c2f0,blinded-annotation-v2-shortrefs
C002,K076,0,labeled,0,labeled,0,labeled,True,False,PROVISIONAL_LLM_GOLD,"No alcohol, caffeine, or medication records exist in the data.",Requires substance and medication history for causal interpretation.,Substance history is absent. Cannot interpret temporal relationships causally.,qwen3.8-max,75b8a7287ede6d111a67ccfbad5fff20c5eb2cad10355d6202be3738a382c2f0,blinded-annotation-v2-shortrefs
C002,K077,1,labeled,1,labeled,1,labeled,True,False,PROVISIONAL_LLM_GOLD,Daily resting_heart_rate_bpm values are recorded (55-57 bpm range).,Applies when resting heart rate observations are available; defines RHR measurement context.,Supported contextual connection: defines what RHR represents in the context of these measurements.,qwen3.8-max,75b8a7287ede6d111a67ccfbad5fff20c5eb2cad10355d6202be3738a382c2f0,blinded-annotation-v2-shortrefs
C002,K078,1,labeled,1,labeled,1,labeled,True,False,PROVISIONAL_LLM_GOLD,"Daily resting_heart_rate_bpm is recorded (mean 55.7 baseline, 56.0 window).",Applies when a daily resting heart-rate trend is being interpreted; distinguishes from sleeping heart rate.,Supported contextual connection: clarifies distinction between daily resting and sleeping heart rate for interpreting the RHR trend.,qwen3.8-max,75b8a7287ede6d111a67ccfbad5fff20c5eb2cad10355d6202be3738a382c2f0,blinded-annotation-v2-shortrefs
C002,K079,0,labeled,1,labeled,0,labeled,False,False,PROVISIONAL_LLM_GOLD,"RHR mean changed from 55.7 to 56.0 bpm (difference 0.29, relative 0.5%); essentially stable.",Requires resting heart rate changes relative to previous readings to be informative.,RHR did not meaningfully change. Item requires a notable RHR shift to be specifically informative.,qwen3.8-max,75b8a7287ede6d111a67ccfbad5fff20c5eb2cad10355d6202be3738a382c2f0,blinded-annotation-v2-shortrefs
C002,K080,1,labeled,1,labeled,1,labeled,True,False,PROVISIONAL_LLM_GOLD,Both hrv_rmssd_ms (mean 45.1/45.3) and resting_heart_rate_bpm (mean 55.7/56.0) are recorded.,Applies when HRV and heart-rate estimates are being interpreted together.,"Supported contextual connection: clarifies HRV measures beat-to-beat variation, distinct from average heart rate, both of which are present.",qwen3.8-max,75b8a7287ede6d111a67ccfbad5fff20c5eb2cad10355d6202be3738a382c2f0,blinded-annotation-v2-shortrefs
C002,K081,1,labeled,1,labeled,1,labeled,True,False,PROVISIONAL_LLM_GOLD,"HRV RMSSD recorded nightly (mean 45.1 baseline, 45.3 window) with variance ~2.0.",Applies when an HRV level or trend is being reviewed; provides context about individual variation.,Supported contextual connection: HRV trend is available; item provides necessary context about individual variation.,qwen3.8-max,75b8a7287ede6d111a67ccfbad5fff20c5eb2cad10355d6202be3738a382c2f0,blinded-annotation-v2-shortrefs
C002,K082,1,labeled,1,labeled,1,labeled,True,False,PROVISIONAL_LLM_GOLD,28-day baseline provides personal range context; window shows step change from mean 8009 to 2335.,Applies when a vital has changed from a recent personal baseline with sufficient same-metric history.,Supported contextual connection: baseline establishes personal ranges against which the window step change can be compared.,qwen3.8-max,75b8a7287ede6d111a67ccfbad5fff20c5eb2cad10355d6202be3738a382c2f0,blinded-annotation-v2-shortrefs
C002,K083,1,labeled,1,labeled,1,labeled,True,False,PROVISIONAL_LLM_GOLD,RHR recorded daily over 28 baseline + 14 window days (mean 55.7 to 56.0 bpm).,Applies when repeated resting heart-rate readings are available for trend review.,"Supported contextual connection: repeated RHR readings exist across both periods, supporting trend context evaluation over single readings.",qwen3.8-max,75b8a7287ede6d111a67ccfbad5fff20c5eb2cad10355d6202be3738a382c2f0,blinded-annotation-v2-shortrefs
C002,K084,1,labeled,1,labeled,1,labeled,True,False,PROVISIONAL_LLM_GOLD,"HRV RMSSD recorded nightly (mean 45.1 baseline, 45.3 window) for wellness monitoring.",Applies when an HRV trend is available for wellness monitoring; non-applicable for diagnosing disease.,Supported contextual connection: HRV data is present for wellness monitoring; item correctly frames it as non-diagnostic.,qwen3.8-max,75b8a7287ede6d111a67ccfbad5fff20c5eb2cad10355d6202be3738a382c2f0,blinded-annotation-v2-shortrefs
C002,K085,1,labeled,1,labeled,1,labeled,True,False,PROVISIONAL_LLM_GOLD,HRV metric is explicitly labeled 'hrv_rmssd_ms' in the raw data.,Applies when HRV records identify RMSSD as their metric.,Supported contextual connection: confirms the metric definition matches the device-reported RMSSD formula.,qwen3.8-max,75b8a7287ede6d111a67ccfbad5fff20c5eb2cad10355d6202be3738a382c2f0,blinded-annotation-v2-shortrefs
C002,K086,1,labeled,1,labeled,1,labeled,True,False,PROVISIONAL_LLM_GOLD,"All sleep durations exceed 462 min (>7.7 hours), well above the 3-hour minimum requirement.",Applies when overnight HRV estimates are compared; requires compatible collection definition and sleep coverage.,"Supported contextual connection: sleep periods exceed 3 hours nightly, satisfying the HRV collection requirement.",qwen3.8-max,75b8a7287ede6d111a67ccfbad5fff20c5eb2cad10355d6202be3738a382c2f0,blinded-annotation-v2-shortrefs
C002,K087,0,labeled,0,labeled,0,labeled,True,False,PROVISIONAL_LLM_GOLD,Only sleep duration and timing are recorded; no sleep-stage data exists.,Requires sleep-stage measurements; non-applicable if only duration/timing available.,Sleep stages are not measured. Item explicitly non-applicable per conditions.,qwen3.8-max,75b8a7287ede6d111a67ccfbad5fff20c5eb2cad10355d6202be3738a382c2f0,blinded-annotation-v2-shortrefs
C002,K088,0,labeled,0,labeled,0,labeled,True,False,PROVISIONAL_LLM_GOLD,No health concerns or symptoms are reported in the data.,Requires reported health concerns or symptoms.,No health concerns are reported. Generic background without specific connection.,qwen3.8-max,75b8a7287ede6d111a67ccfbad5fff20c5eb2cad10355d6202be3738a382c2f0,blinded-annotation-v2-shortrefs
C002,K089,0,labeled,0,labeled,0,labeled,True,False,PROVISIONAL_LLM_GOLD,"RHR is stable (variance 0.63 baseline, 0.43 window); no evidence of fit problems.",Requires evidence of unreliable readings or wear quality changes.,RHR is stable with no evidence of fit problems or unreliable readings.,qwen3.8-max,75b8a7287ede6d111a67ccfbad5fff20c5eb2cad10355d6202be3738a382c2f0,blinded-annotation-v2-shortrefs
C002,K090,1,labeled,1,labeled,0,labeled,False,False,PROVISIONAL_LLM_GOLD,Nighttime coverage is 482-498 min nightly alongside 720 min daytime wear; all overnight vitals present.,Applies when overnight vitals have uncertain coverage; requires separate night-time wear information.,"Supported contextual connection: confirms adequate nighttime coverage supporting valid overnight vitals, distinguishing from daytime-only wear.",qwen3.8-max,75b8a7287ede6d111a67ccfbad5fff20c5eb2cad10355d6202be3738a382c2f0,blinded-annotation-v2-shortrefs
C002,K091,0,labeled,0,labeled,0,labeled,True,False,PROVISIONAL_LLM_GOLD,"All vitals (RHR, HRV, sleep) are present with valid_count=28 baseline and 14 window; nighttime coverage >480 min nightly.",Applies when a vital is missing with limited night-time data.,No vitals are missing and nighttime coverage is well above 3 hours. Item conditions not met.,qwen3.8-max,75b8a7287ede6d111a67ccfbad5fff20c5eb2cad10355d6202be3738a382c2f0,blinded-annotation-v2-shortrefs
C002,K092,0,labeled,0,labeled,0,labeled,True,False,PROVISIONAL_LLM_GOLD,All vitals are present with zero missing counts in both periods.,Applies when vitals are missing or delayed.,No vitals are missing. Item conditions not triggered.,qwen3.8-max,75b8a7287ede6d111a67ccfbad5fff20c5eb2cad10355d6202be3738a382c2f0,blinded-annotation-v2-shortrefs
C002,K093,0,labeled,0,labeled,0,labeled,True,False,PROVISIONAL_LLM_GOLD,Single synthetic device used throughout; no device switch indicated.,Requires heart-rate series involving a device or algorithm change.,No device switch occurred. Item conditions not met.,qwen3.8-max,75b8a7287ede6d111a67ccfbad5fff20c5eb2cad10355d6202be3738a382c2f0,blinded-annotation-v2-shortrefs
C002,K094,1,labeled,1,labeled,1,labeled,True,False,PROVISIONAL_LLM_GOLD,"Device estimates sleep duration from nighttime coverage (e.g., 487 min coverage, 467 min sleep on 2026-03-02).",Applies when device-estimated sleep duration and boundaries are available.,Supported contextual connection: provides relevant methodological context for interpreting device sleep estimates vs full sleep period.,qwen3.8-max,75b8a7287ede6d111a67ccfbad5fff20c5eb2cad10355d6202be3738a382c2f0,blinded-annotation-v2-shortrefs
C002,K095,1,labeled,1,labeled,0,labeled,False,False,PROVISIONAL_LLM_GOLD,"Nighttime coverage ranges 482-498 min across all nights, confirming overnight wear.",Applies when sleep readings are absent with non-wear; confirms wearing device to bed enables detection.,"Supported contextual connection: confirms device was worn overnight, supporting valid sleep detection across all recorded nights.",qwen3.8-max,75b8a7287ede6d111a67ccfbad5fff20c5eb2cad10355d6202be3738a382c2f0,blinded-annotation-v2-shortrefs
C002,K096,2,labeled,2,labeled,2,labeled,True,False,PROVISIONAL_LLM_GOLD,Steps dropped from ~8000 to ~2300 while activity duration remained ~55 min and daytime wear was full 720 min.,Step readings change with possible measurement limitations; arm swing needed during walking/running.,"Core explanation for the step drop despite stable activity minutes and full wear: accelerometer-based step counting depends on arm motion, which may have changed.",qwen3.8-max,75b8a7287ede6d111a67ccfbad5fff20c5eb2cad10355d6202be3738a382c2f0,blinded-annotation-v2-shortrefs
C003,K001,2,labeled,2,labeled,2,labeled,True,False,PROVISIONAL_LLM_GOLD,"Age band is 18-60; seven consecutive window nights (Apr 6-12) show sleep duration of 357-368 min, below the 7-hour (420 min) CDC recommendation.",Item recommends >=7 hours for adults 18-60; applies when sleep duration is below recommendation.,"Directly applicable: age matches, and multiple recent nights fall below the 7-hour recommendation, making this the core reference for evaluating the observed sleep reduction.",qwen3.8-max,827bbfc2ef33f0165e316c425571de9980d16112cd707db3dff5d2a6d74e905f,blinded-annotation-v2-shortrefs
C003,K002,0,labeled,0,labeled,0,labeled,True,False,PROVISIONAL_LLM_GOLD,Metadata age_band is 18-60.,Item targets adults aged 61-64; non-applicable for other age groups.,Age band includes but is not specific to 61-64; the item targets a narrower group not established here.,qwen3.8-max,827bbfc2ef33f0165e316c425571de9980d16112cd707db3dff5d2a6d74e905f,blinded-annotation-v2-shortrefs
C003,K003,0,labeled,0,labeled,0,labeled,True,False,PROVISIONAL_LLM_GOLD,Metadata age_band is 18-60.,Item targets adults aged 65 and older; non-applicable for age below 65.,Age band contradicts the item's target population of 65+.,qwen3.8-max,827bbfc2ef33f0165e316c425571de9980d16112cd707db3dff5d2a6d74e905f,blinded-annotation-v2-shortrefs
C003,K004,0,labeled,0,labeled,0,labeled,True,False,PROVISIONAL_LLM_GOLD,Metadata age_band is 18-60.,Item targets teenagers aged 13-17; non-applicable for adults.,"Subject is an adult, not a teenager, so this recommendation does not apply.",qwen3.8-max,827bbfc2ef33f0165e316c425571de9980d16112cd707db3dff5d2a6d74e905f,blinded-annotation-v2-shortrefs
C003,K005,1,labeled,1,labeled,1,labeled,True,False,PROVISIONAL_LLM_GOLD,"Sleep duration dropped from ~481 min to ~360 min starting Apr 6, while wake time remained fixed at 07:00.",Item applies to repeatedly shortened sleep opportunity; requires schedule constraint to attribute cause.,"Sleep opportunity clearly shortened in the window, making this item contextually relevant, but no schedule constraint evidence exists to attribute the cause to busyness.",qwen3.8-max,827bbfc2ef33f0165e316c425571de9980d16112cd707db3dff5d2a6d74e905f,blinded-annotation-v2-shortrefs
C003,K006,1,labeled,1,labeled,0,labeled,False,False,PROVISIONAL_LLM_GOLD,Baseline sleep was adequate (~481 min/night); window sleep dropped to ~360 min starting Apr 6.,Item rejects adaptation to consistently short sleep; applies to stable short routines.,"The short sleep is a new change from an adequate baseline, not a familiar long-standing routine. Item provides partial context about not assuming adaptation, but the primary condition (familiar routine) is not met.",qwen3.8-max,827bbfc2ef33f0165e316c425571de9980d16112cd707db3dff5d2a6d74e905f,blinded-annotation-v2-shortrefs
C003,K007,0,labeled,0,labeled,1,labeled,False,False,PROVISIONAL_LLM_GOLD,Only sleep duration and start/end timestamps are available; no awakenings or subjective quality data.,Item states recorded hours alone do not establish sleep quality; non-applicable when claiming duration proves quality.,"The item correctly distinguishes duration from quality, but since only duration is measured and no quality claim is made, it provides no specific information about actual observations.",qwen3.8-max,827bbfc2ef33f0165e316c425571de9980d16112cd707db3dff5d2a6d74e905f,blinded-annotation-v2-shortrefs
C003,K008,0,labeled,0,labeled,0,labeled,True,False,PROVISIONAL_LLM_GOLD,Only sleep duration and start/end timestamps are available; no awakening events are recorded.,Item requires documented repeated awakenings; non-applicable when only duration/start/end available.,"Awakening history is absent, so night awakening concerns cannot be assessed.",qwen3.8-max,827bbfc2ef33f0165e316c425571de9980d16112cd707db3dff5d2a6d74e905f,blinded-annotation-v2-shortrefs
C003,K009,0,labeled,0,labeled,0,labeled,True,False,PROVISIONAL_LLM_GOLD,Window sleep durations range 357-485 min (all under 8 hours); no refreshment data is recorded.,Item requires >8 hours sleep with reported lack of refreshment; non-applicable without refreshment info.,"Sleep is not over eight hours in the window, and no subjective refreshment reports are available.",qwen3.8-max,827bbfc2ef33f0165e316c425571de9980d16112cd707db3dff5d2a6d74e905f,blinded-annotation-v2-shortrefs
C003,K010,1,labeled,1,labeled,1,labeled,True,False,PROVISIONAL_LLM_GOLD,Seven consecutive nights of sleep <370 min observed in the window.,Item notes repeated sleep restriction warrants review but wearable alone cannot establish impaired cognition.,"Repeated sleep restriction is observed, making this item contextually relevant for noting cognitive implications, though individual impairment cannot be diagnosed from wearable data.",qwen3.8-max,827bbfc2ef33f0165e316c425571de9980d16112cd707db3dff5d2a6d74e905f,blinded-annotation-v2-shortrefs
C003,K011,1,labeled,1,labeled,2,labeled,False,False,PROVISIONAL_LLM_GOLD,"Seven consecutive nights (Apr 6-12) show sleep duration of 357-368 minutes, well below baseline mean of 481 min.",Item applies to several nights of reduced sleep duration; notes attention warranted but requires symptoms for impairment claims.,"Several shortened nights are directly observed, making this item contextually relevant for noting cumulative effects, though individual impairment cannot be claimed from wearable data alone.",qwen3.8-max,827bbfc2ef33f0165e316c425571de9980d16112cd707db3dff5d2a6d74e905f,blinded-annotation-v2-shortrefs
C003,K012,0,labeled,0,labeled,0,labeled,True,False,PROVISIONAL_LLM_GOLD,"Sleep deficiency is present in the window (mean 421.6 min), but no infection or immune markers are recorded.",Item explains ongoing sleep deficiency alters germ response; non-applicable for inferring infection from wearables.,"While sleep deficiency exists, the item's immune connection cannot be verified or inferred from wearable data alone per annotation rules.",qwen3.8-max,827bbfc2ef33f0165e316c425571de9980d16112cd707db3dff5d2a6d74e905f,blinded-annotation-v2-shortrefs
C003,K013,0,labeled,0,labeled,0,labeled,True,False,PROVISIONAL_LLM_GOLD,"No food intake, appetite, or hunger data is recorded.",Item requires food intake or appetite information for individual claims; non-applicable for diagnosing metabolic disorders from wearables.,Individual appetite change requires separate evidence; cannot infer metabolic effects from sleep duration alone per annotation rules.,qwen3.8-max,827bbfc2ef33f0165e316c425571de9980d16112cd707db3dff5d2a6d74e905f,blinded-annotation-v2-shortrefs
C003,K014,0,labeled,0,labeled,0,labeled,True,False,PROVISIONAL_LLM_GOLD,No subjective sleepiness or driving plans are recorded.,Item requires reported sleepiness and driving context; non-applicable when unknown.,Neither sleepiness nor driving context is established from wearable data.,qwen3.8-max,827bbfc2ef33f0165e316c425571de9980d16112cd707db3dff5d2a6d74e905f,blinded-annotation-v2-shortrefs
C003,K015,1,labeled,1,labeled,1,labeled,True,False,PROVISIONAL_LLM_GOLD,Baseline sleep mean is 480.9 min; window sleep mean drops to 421.6 min.,Item notes sleep needs vary among adults and should be considered alongside individual experience.,"Provides contextual support that individual baselines matter when evaluating the observed sleep reduction, but does not directly explain the change.",qwen3.8-max,827bbfc2ef33f0165e316c425571de9980d16112cd707db3dff5d2a6d74e905f,blinded-annotation-v2-shortrefs
C003,K016,0,labeled,0,labeled,0,labeled,True,False,PROVISIONAL_LLM_GOLD,"14-day window shows short sleep, but no months-long history or reported sleeping difficulties exist.","Item requires months-long difficulties, failed habit changes, or substantial daily-life impact; non-applicable with brief record alone.",Two-week window is insufficient and no symptoms are reported to meet the item's criteria for professional review.,qwen3.8-max,827bbfc2ef33f0165e316c425571de9980d16112cd707db3dff5d2a6d74e905f,blinded-annotation-v2-shortrefs
C003,K017,2,labeled,2,labeled,2,labeled,True,False,PROVISIONAL_LLM_GOLD,"Sleep start shifted from ~22:40 (baseline) to ~00:36 (window Apr 6-12), a ~2 hour delay persisting for 7 nights.",Item recommends consistent bed/wake times; changing sleep times repeatedly is reason to review consistency.,"The persistent ~2-hour delay in sleep start time directly matches the item's core concern about repeated variability in bedtime, explaining the resulting sleep duration reduction given the fixed 07:00 wake time.",qwen3.8-max,827bbfc2ef33f0165e316c425571de9980d16112cd707db3dff5d2a6d74e905f,blinded-annotation-v2-shortrefs
C003,K018,0,labeled,0,labeled,0,labeled,True,False,PROVISIONAL_LLM_GOLD,Wake time is exactly 07:00 every single day (variance 0.0); no insomnia symptoms reported.,Item targets inconsistent wake time with reported sleeping difficulties; non-applicable without insomnia evidence.,"Wake time is perfectly consistent and no sleeping difficulties are reported, so this targeted advice is not applicable.",qwen3.8-max,827bbfc2ef33f0165e316c425571de9980d16112cd707db3dff5d2a6d74e905f,blinded-annotation-v2-shortrefs
C003,K019,0,labeled,0,labeled,0,labeled,True,False,PROVISIONAL_LLM_GOLD,Sleep end time is exactly 07:00 every day (variance 0.0); sleep start shifted equally on weekdays and weekends from Apr 6.,Item targets substantial weekday/weekend differences; non-applicable when times are similar.,"The sleep timing shift affects all days equally and wake time is constant, so weekday/weekend divergence advice is not applicable.",qwen3.8-max,827bbfc2ef33f0165e316c425571de9980d16112cd707db3dff5d2a6d74e905f,blinded-annotation-v2-shortrefs
C003,K020,0,labeled,0,labeled,0,labeled,True,False,PROVISIONAL_LLM_GOLD,"Sleep start times are recorded, but pre-bed activities are not tracked.",Item requires information about pre-bed activities; non-applicable when assuming missing routine from timestamps.,"Bedtime timestamps exist but content of the pre-bed hour is unknown, preventing application.",qwen3.8-max,827bbfc2ef33f0165e316c425571de9980d16112cd707db3dff5d2a6d74e905f,blinded-annotation-v2-shortrefs
C003,K021,0,labeled,0,labeled,0,labeled,True,False,PROVISIONAL_LLM_GOLD,No screen or light exposure information is recorded.,Item requires known bright-screen exposure shortly before bed; non-applicable when unknown.,"Screen exposure is unknown, so this item cannot be applied to the observed sleep timing shift.",qwen3.8-max,827bbfc2ef33f0165e316c425571de9980d16112cd707db3dff5d2a6d74e905f,blinded-annotation-v2-shortrefs
C003,K022,0,labeled,0,labeled,0,labeled,True,False,PROVISIONAL_LLM_GOLD,No caffeine intake timing or amount is recorded.,Item requires known afternoon/evening caffeine use; non-applicable without caffeine history.,"Caffeine history is unknown, so this item cannot be connected to the observed sleep changes.",qwen3.8-max,827bbfc2ef33f0165e316c425571de9980d16112cd707db3dff5d2a6d74e905f,blinded-annotation-v2-shortrefs
C003,K023,0,labeled,0,labeled,0,labeled,True,False,PROVISIONAL_LLM_GOLD,No meal timing or size data is recorded.,Item requires known large meal shortly before bed; non-applicable when meal info unknown.,"Meal information is unknown, so this advice cannot be connected to observed sleep timing.",qwen3.8-max,827bbfc2ef33f0165e316c425571de9980d16112cd707db3dff5d2a6d74e905f,blinded-annotation-v2-shortrefs
C003,K024,0,labeled,0,labeled,0,labeled,True,False,PROVISIONAL_LLM_GOLD,No alcohol intake or timing is recorded.,Item requires reported alcohol use near bedtime; non-applicable when exposure unknown.,"Alcohol exposure is unknown, so this habit review cannot be connected to observed sleep changes.",qwen3.8-max,827bbfc2ef33f0165e316c425571de9980d16112cd707db3dff5d2a6d74e905f,blinded-annotation-v2-shortrefs
C003,K025,0,labeled,0,labeled,0,labeled,True,False,PROVISIONAL_LLM_GOLD,No nicotine use is recorded.,Item requires established nicotine exposure; non-applicable when unknown.,"Nicotine use is unknown, so its potential interference with sleep cannot be evaluated.",qwen3.8-max,827bbfc2ef33f0165e316c425571de9980d16112cd707db3dff5d2a6d74e905f,blinded-annotation-v2-shortrefs
C003,K026,0,labeled,0,labeled,0,labeled,True,False,PROVISIONAL_LLM_GOLD,"No bedroom temperature, light, or noise data is recorded.",Item requires known disruptive bedroom environment; non-applicable when environment unknown.,"Wearable data cannot establish bedroom conditions, so this advice is not applicable.",qwen3.8-max,827bbfc2ef33f0165e316c425571de9980d16112cd707db3dff5d2a6d74e905f,blinded-annotation-v2-shortrefs
C003,K027,0,labeled,0,labeled,0,labeled,True,False,PROVISIONAL_LLM_GOLD,No relaxation difficulties or pre-bed routine requests are recorded.,Item requires reported difficulty relaxing or request for options; non-applicable when inferring stress from signals.,No evidence of relaxation issues exists; this is generic optional advice not tied to observations.,qwen3.8-max,827bbfc2ef33f0165e316c425571de9980d16112cd707db3dff5d2a6d74e905f,blinded-annotation-v2-shortrefs
C003,K028,0,labeled,0,labeled,0,labeled,True,False,PROVISIONAL_LLM_GOLD,No nap data is recorded in the wearable output.,Item requires recorded or reported adult naps; non-applicable when nap history unknown.,"Nap history is unknown, so nap duration and timing advice cannot be applied.",qwen3.8-max,827bbfc2ef33f0165e316c425571de9980d16112cd707db3dff5d2a6d74e905f,blinded-annotation-v2-shortrefs
C003,K029,0,labeled,0,labeled,0,labeled,True,False,PROVISIONAL_LLM_GOLD,No shift work schedule is recorded.,Item requires confirmed shift-work schedule; non-applicable when shift work unknown.,"Variable sleep times alone do not prove rotating shifts, and shift work is not established.",qwen3.8-max,827bbfc2ef33f0165e316c425571de9980d16112cd707db3dff5d2a6d74e905f,blinded-annotation-v2-shortrefs
C003,K030,0,labeled,0,labeled,0,labeled,True,False,PROVISIONAL_LLM_GOLD,No shift work schedule is recorded.,Item requires confirmed shift work; non-applicable without it.,"Shift work is not established, so bright workplace lighting advice is not applicable.",qwen3.8-max,827bbfc2ef33f0165e316c425571de9980d16112cd707db3dff5d2a6d74e905f,blinded-annotation-v2-shortrefs
C003,K031,0,labeled,0,labeled,0,labeled,True,False,PROVISIONAL_LLM_GOLD,No shift work schedule or caffeine intake is recorded.,Item requires shift worker using caffeine with known timing; non-applicable when unknown.,"Neither shift work nor caffeine use is established, so this targeted advice is not applicable.",qwen3.8-max,827bbfc2ef33f0165e316c425571de9980d16112cd707db3dff5d2a6d74e905f,blinded-annotation-v2-shortrefs
C003,K032,0,labeled,0,labeled,0,labeled,True,False,PROVISIONAL_LLM_GOLD,"All sleep occurs overnight (sleep start ~22:40 baseline, ~00:36 window); no daytime sleep is recorded.",Item requires daytime sleep associated with shift work; non-applicable for ordinary overnight sleep.,Only ordinary overnight sleep is recorded; no shift work or daytime sleep exists.,qwen3.8-max,827bbfc2ef33f0165e316c425571de9980d16112cd707db3dff5d2a6d74e905f,blinded-annotation-v2-shortrefs
C003,K033,0,labeled,0,labeled,0,labeled,True,False,PROVISIONAL_LLM_GOLD,"Sleep pattern changed in window, but awakenings and naps are not captured by the device.","Item recommends recording bedtimes, awakenings, waking times, naps; non-applicable when inventing unrecorded data.","Generic diary recommendation; the wearable captures timing but not the additional elements (awakenings, naps) needed for full application.",qwen3.8-max,827bbfc2ef33f0165e316c425571de9980d16112cd707db3dff5d2a6d74e905f,blinded-annotation-v2-shortrefs
C003,K034,2,labeled,2,labeled,2,labeled,True,False,PROVISIONAL_LLM_GOLD,"Seven consecutive nights (Apr 6-12) show sleep duration of 357-368 min, compared to baseline mean of 481 min.",Item explains regularly getting less sleep than needed adds up over time; applies to several shortened nights.,"Multiple consecutive shortened nights in the window directly demonstrate the accumulated sleep loss this item describes, making it core to understanding the current pattern's significance.",qwen3.8-max,827bbfc2ef33f0165e316c425571de9980d16112cd707db3dff5d2a6d74e905f,blinded-annotation-v2-shortrefs
C003,K035,0,labeled,0,labeled,0,labeled,True,False,PROVISIONAL_LLM_GOLD,Weekend sleep mean is 484.6 min vs weekday 479.4 min in baseline; workdays are not confirmed.,Item requires actual workdays and days off to interpret longer weekend sleep; non-applicable when assuming weekends are days off.,"Calendar grouping does not establish workdays, and baseline sleep differences are minimal. Cannot assume weekends are days off.",qwen3.8-max,827bbfc2ef33f0165e316c425571de9980d16112cd707db3dff5d2a6d74e905f,blinded-annotation-v2-shortrefs
C003,K036,0,labeled,0,labeled,0,labeled,True,False,PROVISIONAL_LLM_GOLD,No nap data is recorded in the wearable output.,Item requires recorded naps after shortened sleep; non-applicable without nap information.,"Nap information is unavailable, so compensation assessment is not possible.",qwen3.8-max,827bbfc2ef33f0165e316c425571de9980d16112cd707db3dff5d2a6d74e905f,blinded-annotation-v2-shortrefs
C003,K037,0,labeled,0,labeled,0,labeled,True,False,PROVISIONAL_LLM_GOLD,Device shows short sleep in window but no subjective insomnia symptoms are reported.,Item targets people experiencing insomnia with reported bad nights; non-applicable with only device estimates.,"No sleeping difficulties are reported, so insomnia-specific advice about regular hours is not applicable.",qwen3.8-max,827bbfc2ef33f0165e316c425571de9980d16112cd707db3dff5d2a6d74e905f,blinded-annotation-v2-shortrefs
C003,K038,0,labeled,0,labeled,0,labeled,True,False,PROVISIONAL_LLM_GOLD,14 days of sleep estimates are available; no symptom history or onset date is recorded.,Item requires symptom history and onset for duration categories; non-applicable when diagnosing from estimated hours.,Insomnia diagnosis cannot be made from estimated sleep hours alone per the item's own text and annotation rules.,qwen3.8-max,827bbfc2ef33f0165e316c425571de9980d16112cd707db3dff5d2a6d74e905f,blinded-annotation-v2-shortrefs
C003,K039,0,labeled,0,labeled,0,labeled,True,False,PROVISIONAL_LLM_GOLD,No travel history or time zone changes are recorded; timezone is Asia/Shanghai throughout.,Item requires confirmed travel across time zones; non-applicable without travel history.,"Travel context is unknown, so jet lag advice cannot be attributed to the observed sleep timing shift.",qwen3.8-max,827bbfc2ef33f0165e316c425571de9980d16112cd707db3dff5d2a6d74e905f,blinded-annotation-v2-shortrefs
C003,K040,0,labeled,0,labeled,0,labeled,True,False,PROVISIONAL_LLM_GOLD,No travel or trip data is recorded.,Item requires a planned short trip across time zones; non-applicable when travel context unknown.,"Travel context is unknown, so short-trip sleep schedule considerations cannot be applied.",qwen3.8-max,827bbfc2ef33f0165e316c425571de9980d16112cd707db3dff5d2a6d74e905f,blinded-annotation-v2-shortrefs
C003,K041,0,labeled,0,labeled,0,labeled,True,False,PROVISIONAL_LLM_GOLD,Activity duration is stable (~55 min/day); all intensity is 'unknown'.,Item targets low or declining movement opportunities; non-applicable when equating steps with compliance.,"Movement has not declined, and unknown intensity prevents guideline application. Generic encouragement not tied to specific observations.",qwen3.8-max,827bbfc2ef33f0165e316c425571de9980d16112cd707db3dff5d2a6d74e905f,blinded-annotation-v2-shortrefs
C003,K042,0,labeled,0,labeled,0,labeled,True,False,PROVISIONAL_LLM_GOLD,Activity duration mean is 55.5 min baseline and 54.4 min window; steps are stable.,Item targets recently low or reduced physical activity; non-applicable for prescribing intense programs.,"Activity levels have not meaningfully declined, so gradual buildup advice is not applicable.",qwen3.8-max,827bbfc2ef33f0165e316c425571de9980d16112cd707db3dff5d2a6d74e905f,blinded-annotation-v2-shortrefs
C003,K043,0,labeled,0,labeled,0,labeled,True,False,PROVISIONAL_LLM_GOLD,All activity intervals have intensity 'unknown'.,Item requires known activity intensity to assess 150 min moderate target; non-applicable with only steps/unspecified minutes.,"Unknown activity intensity is not moderate exercise per annotation rules, preventing guideline assessment.",qwen3.8-max,827bbfc2ef33f0165e316c425571de9980d16112cd707db3dff5d2a6d74e905f,blinded-annotation-v2-shortrefs
C003,K044,0,labeled,0,labeled,0,labeled,True,False,PROVISIONAL_LLM_GOLD,All activity intervals have intensity 'unknown'.,Item requires documented vigorous aerobic activity; non-applicable when intensity unknown.,"Unknown activity intensity cannot be assumed vigorous per annotation rules, so this target is not applicable.",qwen3.8-max,827bbfc2ef33f0165e316c425571de9980d16112cd707db3dff5d2a6d74e905f,blinded-annotation-v2-shortrefs
C003,K045,0,labeled,0,labeled,0,labeled,True,False,PROVISIONAL_LLM_GOLD,Activity duration is stable (~55 min/day); all intensity is 'unknown'.,Item requires known intensity for counting guideline minutes; non-applicable when assuming every active minute is moderate.,"Intensity is unknown, and activity levels are not reduced, so splitting activity advice is not applicable.",qwen3.8-max,827bbfc2ef33f0165e316c425571de9980d16112cd707db3dff5d2a6d74e905f,blinded-annotation-v2-shortrefs
C003,K046,0,labeled,0,labeled,0,labeled,True,False,PROVISIONAL_LLM_GOLD,Only steps and activity duration are recorded; no muscle-strengthening data exists.,Item requires strengthening activity records including days and muscle groups; non-applicable with only step counts.,"No muscle-strengthening records are available, so this guideline cannot be evaluated.",qwen3.8-max,827bbfc2ef33f0165e316c425571de9980d16112cd707db3dff5d2a6d74e905f,blinded-annotation-v2-shortrefs
C003,K047,0,labeled,0,labeled,0,labeled,True,False,PROVISIONAL_LLM_GOLD,All activity intensity is 'unknown'; weekly moderate/vigorous totals cannot be calculated.,Item requires documented aerobic activity reaching guidelines with known intensity; non-applicable when intensity unknown.,"Unknown intensity prevents assessing whether guideline thresholds are met, so additional benefit advice is not applicable.",qwen3.8-max,827bbfc2ef33f0165e316c425571de9980d16112cd707db3dff5d2a6d74e905f,blinded-annotation-v2-shortrefs
C003,K048,0,labeled,0,labeled,0,labeled,True,False,PROVISIONAL_LLM_GOLD,All activity intervals have intensity 'unknown'; no fitness context is available.,Item requires fitness or perceived effort context; non-applicable when inferring intensity from steps alone.,Cannot assign intensity from daily movement totals alone per annotation rules.,qwen3.8-max,827bbfc2ef33f0165e316c425571de9980d16112cd707db3dff5d2a6d74e905f,blinded-annotation-v2-shortrefs
C003,K049,0,labeled,0,labeled,0,labeled,True,False,PROVISIONAL_LLM_GOLD,All activity intervals have intensity 'unknown'; no breathing or talk-test observations exist.,Item requires observed effort during aerobic activity; non-applicable when effort unrecorded.,"Effort is unrecorded throughout, so the talk test cannot be applied to assess intensity.",qwen3.8-max,827bbfc2ef33f0165e316c425571de9980d16112cd707db3dff5d2a6d74e905f,blinded-annotation-v2-shortrefs
C003,K050,0,labeled,0,labeled,1,labeled,False,False,PROVISIONAL_LLM_GOLD,Steps mean is 7975.8 baseline and 7978.9 window; no change in step count.,Item applies when steps change while other activity may differ; non-applicable when concluding intensity from steps alone.,"Steps are unchanged between periods, so there is no evidence of missed non-step exercise intensity to address.",qwen3.8-max,827bbfc2ef33f0165e316c425571de9980d16112cd707db3dff5d2a6d74e905f,blinded-annotation-v2-shortrefs
C003,K051,0,labeled,0,labeled,0,labeled,True,False,PROVISIONAL_LLM_GOLD,Steps mean is 7975.8 baseline and 7978.9 window; activity duration is stable (~55 min).,Item targets low or declining routine movement; non-applicable when assuming everyone can walk/cycle.,"Movement has not declined, so advice about restoring activity is not connected to observations.",qwen3.8-max,827bbfc2ef33f0165e316c425571de9980d16112cd707db3dff5d2a6d74e905f,blinded-annotation-v2-shortrefs
C003,K052,0,labeled,0,labeled,0,labeled,True,False,PROVISIONAL_LLM_GOLD,Activity levels are stable; no personal preferences or availability context is recorded.,Item targets low or difficult-to-maintain activity habits with preference context; non-applicable without it.,Generic planning advice with no individual context available to connect to observations.,qwen3.8-max,827bbfc2ef33f0165e316c425571de9980d16112cd707db3dff5d2a6d74e905f,blinded-annotation-v2-shortrefs
C003,K053,0,labeled,0,labeled,0,labeled,True,False,PROVISIONAL_LLM_GOLD,No social preferences or motivational barriers are recorded.,Item targets someone wanting support maintaining activity; non-applicable without evidence of motivational barrier.,No evidence of social or motivational barriers exists in the data.,qwen3.8-max,827bbfc2ef33f0165e316c425571de9980d16112cd707db3dff5d2a6d74e905f,blinded-annotation-v2-shortrefs
C003,K054,0,labeled,0,labeled,0,labeled,True,False,PROVISIONAL_LLM_GOLD,Steps and activity duration are stable across periods; no time barrier is reported.,Item targets low activity with reported time barrier; non-applicable when assuming barrier from low steps.,"Activity is not low and no time barrier is reported, so diary-based time finding is not applicable.",qwen3.8-max,827bbfc2ef33f0165e316c425571de9980d16112cd707db3dff5d2a6d74e905f,blinded-annotation-v2-shortrefs
C003,K055,0,labeled,0,labeled,0,labeled,True,False,PROVISIONAL_LLM_GOLD,No competing schedule demands or calendar constraints are recorded.,Item requires reported competing demands reducing activity; non-applicable when schedule reason unknown.,No evidence of schedule barriers exists; activity levels are maintained.,qwen3.8-max,827bbfc2ef33f0165e316c425571de9980d16112cd707db3dff5d2a6d74e905f,blinded-annotation-v2-shortrefs
C003,K056,0,labeled,0,labeled,0,labeled,True,False,PROVISIONAL_LLM_GOLD,No chronic health problems or special needs are recorded.,Item requires established chronic condition or disability; non-applicable when medical context unknown.,"Medical context is unknown, so activity planning modifications for health conditions are not applicable.",qwen3.8-max,827bbfc2ef33f0165e316c425571de9980d16112cd707db3dff5d2a6d74e905f,blinded-annotation-v2-shortrefs
C003,K057,0,labeled,0,labeled,1,labeled,False,False,PROVISIONAL_LLM_GOLD,"Low movement intervals are ~45 min blocks throughout daytime, but device metadata states 'low movement not posture'.",Item requires confirmed long uninterrupted sitting with adequate wear; non-applicable when low movement is due to non-wear or unconfirmed posture.,"Device low movement is not confirmed sitting per annotation rules, so interrupting sedentary periods cannot be specifically recommended.",qwen3.8-max,827bbfc2ef33f0165e316c425571de9980d16112cd707db3dff5d2a6d74e905f,blinded-annotation-v2-shortrefs
C003,K058,0,labeled,0,labeled,1,labeled,False,False,PROVISIONAL_LLM_GOLD,"Activity duration ~55 min/day coexists with ~450 min low movement/day, but low movement is not confirmed sitting.",Item requires confirmed sitting posture; non-applicable when assuming low-movement estimates prove sitting.,"Device low movement is not confirmed sitting per annotation rules, and intensity is unknown, preventing direct application.",qwen3.8-max,827bbfc2ef33f0165e316c425571de9980d16112cd707db3dff5d2a6d74e905f,blinded-annotation-v2-shortrefs
C003,K059,0,labeled,0,labeled,1,labeled,False,False,PROVISIONAL_LLM_GOLD,"Low movement minutes average ~450/day, but device metadata states 'low movement not posture'.",Item requires confirmed sitting for sedentary conclusion; non-applicable when non-wear is recorded as no movement.,"Device low movement is not confirmed sitting per annotation rules, so reducing sitting time advice cannot be specifically applied.",qwen3.8-max,827bbfc2ef33f0165e316c425571de9980d16112cd707db3dff5d2a6d74e905f,blinded-annotation-v2-shortrefs
C003,K060,0,labeled,0,labeled,0,labeled,True,False,PROVISIONAL_LLM_GOLD,No commuting or transport data is recorded.,Item requires established sedentary commuting; non-applicable when commute unknown.,"Commute context is unknown, so transport-related movement advice is not applicable.",qwen3.8-max,827bbfc2ef33f0165e316c425571de9980d16112cd707db3dff5d2a6d74e905f,blinded-annotation-v2-shortrefs
C003,K061,0,labeled,0,labeled,0,labeled,True,False,PROVISIONAL_LLM_GOLD,No workplace layout or desk work context is recorded.,Item requires workplace context and ability to walk to colleagues; non-applicable when unknown.,"Work context is unknown, so this specific workplace movement option cannot be applied.",qwen3.8-max,827bbfc2ef33f0165e316c425571de9980d16112cd707db3dff5d2a6d74e905f,blinded-annotation-v2-shortrefs
C003,K062,0,labeled,0,labeled,0,labeled,True,False,PROVISIONAL_LLM_GOLD,No workplace meeting or desk work context is recorded.,Item requires meetings or desk work involving prolonged sitting; non-applicable without workplace info.,"Workplace and meeting context is unknown, so standing/walking meeting advice cannot be applied.",qwen3.8-max,827bbfc2ef33f0165e316c425571de9980d16112cd707db3dff5d2a6d74e905f,blinded-annotation-v2-shortrefs
C003,K063,0,labeled,0,labeled,0,labeled,True,False,PROVISIONAL_LLM_GOLD,No television viewing or screen-related sitting context is recorded.,Item requires prolonged sitting while watching TV; non-applicable when screen habits unknown.,Screen habits are unknown; device low movement is not confirmed sitting or TV watching per annotation rules.,qwen3.8-max,827bbfc2ef33f0165e316c425571de9980d16112cd707db3dff5d2a6d74e905f,blinded-annotation-v2-shortrefs
C003,K064,0,labeled,0,labeled,0,labeled,True,False,PROVISIONAL_LLM_GOLD,No leisure context or seated habits are recorded.,Item requires substantial habitual seated leisure context; non-applicable without it.,"Leisure context is unknown, so replacing seated leisure cannot be connected to observations.",qwen3.8-max,827bbfc2ef33f0165e316c425571de9980d16112cd707db3dff5d2a6d74e905f,blinded-annotation-v2-shortrefs
C003,K065,0,labeled,0,labeled,1,labeled,False,False,PROVISIONAL_LLM_GOLD,Steps and activity duration are recorded; all activity intensity is 'unknown'.,Item defines physical activity broadly; non-applicable when counting unobserved periods as inactivity.,Generic educational definition with no concrete connection to a specific observed pattern requiring explanation.,qwen3.8-max,827bbfc2ef33f0165e316c425571de9980d16112cd707db3dff5d2a6d74e905f,blinded-annotation-v2-shortrefs
C003,K066,0,labeled,0,labeled,0,labeled,True,False,PROVISIONAL_LLM_GOLD,No workday lunch-break context is recorded in the wearable data.,Item requires known workday lunch-break context and mobility; non-applicable when unknown.,"Work context is unknown, so this lunch-break walking suggestion cannot be connected to observed data.",qwen3.8-max,827bbfc2ef33f0165e316c425571de9980d16112cd707db3dff5d2a6d74e905f,blinded-annotation-v2-shortrefs
C003,K067,0,labeled,0,labeled,0,labeled,True,False,PROVISIONAL_LLM_GOLD,No stair access or environmental context is recorded.,Item requires accessible stairs and safe mobility; non-applicable when context unknown.,Generic suggestion not tied to any observed data or known context.,qwen3.8-max,827bbfc2ef33f0165e316c425571de9980d16112cd707db3dff5d2a6d74e905f,blinded-annotation-v2-shortrefs
C003,K068,0,labeled,0,labeled,1,labeled,False,False,PROVISIONAL_LLM_GOLD,"Low movement intervals are ~45 min blocks throughout the day, but device metadata states 'low movement not posture'.",Item requires posture and waking context to establish sitting; non-applicable when treating low movement as confirmed sedentary.,"Device low movement is not confirmed sitting per annotation rules, so relabeling as sedentary behavior is not supported.",qwen3.8-max,827bbfc2ef33f0165e316c425571de9980d16112cd707db3dff5d2a6d74e905f,blinded-annotation-v2-shortrefs
C003,K069,0,labeled,0,labeled,0,labeled,True,False,PROVISIONAL_LLM_GOLD,Activity duration remained stable (~55 min) while sleep decreased significantly in the window.,Item notes general sleep benefit from activity; non-applicable when declaring causal effect from paired observations.,"Activity did not increase when sleep decreased, and temporal co-occurrence does not imply causation per annotation rules.",qwen3.8-max,827bbfc2ef33f0165e316c425571de9980d16112cd707db3dff5d2a6d74e905f,blinded-annotation-v2-shortrefs
C003,K070,0,labeled,0,labeled,0,labeled,True,False,PROVISIONAL_LLM_GOLD,Daytime activity is stable (~55 min); no outdoor exposure data is recorded.,Item requires outdoor access and mobility context; non-applicable when inferring outdoor exposure from movement counts.,Cannot infer outdoor exposure from movement counts per annotation rules; daytime activity did not decline.,qwen3.8-max,827bbfc2ef33f0165e316c425571de9980d16112cd707db3dff5d2a6d74e905f,blinded-annotation-v2-shortrefs
C003,K071,0,labeled,0,labeled,0,labeled,True,False,PROVISIONAL_LLM_GOLD,"Activity intervals occur around 21:00, but all intensities are 'unknown'. Sleep starts ~22:40 baseline, ~00:36 window.",Item requires known intense exercise within one hour before bedtime; non-applicable when assuming late movement is intense.,"Unknown activity intensity is not confirmed intense exercise per annotation rules, so this advice cannot be directly applied.",qwen3.8-max,827bbfc2ef33f0165e316c425571de9980d16112cd707db3dff5d2a6d74e905f,blinded-annotation-v2-shortrefs
C003,K072,0,labeled,0,labeled,0,labeled,True,False,PROVISIONAL_LLM_GOLD,"Activity intervals occur around 21:00 daily, but no insomnia symptoms are reported.",Item requires exercise near bedtime with reported insomnia symptoms; non-applicable with only timestamps.,Late activity exists but no insomnia symptoms are reported; temporal adjacency alone does not establish insomnia per annotation rules.,qwen3.8-max,827bbfc2ef33f0165e316c425571de9980d16112cd707db3dff5d2a6d74e905f,blinded-annotation-v2-shortrefs
C003,K073,1,labeled,1,labeled,1,labeled,True,False,PROVISIONAL_LLM_GOLD,"Activity intervals are recorded daily (e.g., 21:00-21:56), and sleep start times are recorded nightly.",Item supports recording exercise timing alongside sleep timing for temporal context review.,"Both activity and sleep timing are available in the data, supporting the temporal context framework this item describes.",qwen3.8-max,827bbfc2ef33f0165e316c425571de9980d16112cd707db3dff5d2a6d74e905f,blinded-annotation-v2-shortrefs
C003,K074,0,labeled,0,labeled,0,labeled,True,False,PROVISIONAL_LLM_GOLD,No emergency-response deployment context is recorded.,Item requires confirmed emergency-response deployment; non-applicable when context unknown.,"Deployment context is unknown, so this specific warning about competing time demands is not applicable.",qwen3.8-max,827bbfc2ef33f0165e316c425571de9980d16112cd707db3dff5d2a6d74e905f,blinded-annotation-v2-shortrefs
C003,K075,0,labeled,0,labeled,0,labeled,True,False,PROVISIONAL_LLM_GOLD,No subjective tiredness or energy patterns are recorded.,Item requires reported tiredness limiting activity; non-applicable without tiredness history.,"Tiredness history is unknown, so scheduling activity by energy level cannot be connected to observations.",qwen3.8-max,827bbfc2ef33f0165e316c425571de9980d16112cd707db3dff5d2a6d74e905f,blinded-annotation-v2-shortrefs
C003,K076,0,labeled,0,labeled,0,labeled,True,False,PROVISIONAL_LLM_GOLD,"No alcohol, caffeine, or medication records are available.",Item requires substance and medication history for causal interpretation; non-applicable when assuming unrecorded exposures.,"These exposures are unrecorded, so they cannot be used to contextualize or attribute sleep changes.",qwen3.8-max,827bbfc2ef33f0165e316c425571de9980d16112cd707db3dff5d2a6d74e905f,blinded-annotation-v2-shortrefs
C003,K077,0,labeled,0,labeled,1,labeled,False,False,PROVISIONAL_LLM_GOLD,Data reports resting_heart_rate_bpm measured during rest periods; no exercise heart rate is mixed in.,"Item clarifies resting HR is measured while still and rested, different from exercise HR.","Educational clarification; the data correctly uses the resting measure only, with no risk of confusion present.",qwen3.8-max,827bbfc2ef33f0165e316c425571de9980d16112cd707db3dff5d2a6d74e905f,blinded-annotation-v2-shortrefs
C003,K078,0,labeled,0,labeled,1,labeled,False,False,PROVISIONAL_LLM_GOLD,Only resting_heart_rate_bpm is reported; no sleeping heart rate metric exists in the data.,Item warns against mixing sleeping and resting heart rate series; non-applicable when only one measure exists.,"Only one heart rate measure is present, so there is no risk of mixing sleeping and resting values.",qwen3.8-max,827bbfc2ef33f0165e316c425571de9980d16112cd707db3dff5d2a6d74e905f,blinded-annotation-v2-shortrefs
C003,K079,0,labeled,0,labeled,1,labeled,False,False,PROVISIONAL_LLM_GOLD,RHR mean is 56.07 baseline and 56.21 window; variance is <1 bpm in both periods.,Item applies to RHR changes relative to previous readings; warns against inferring causes from a rise alone.,RHR is essentially unchanged across periods. The item's list of influences is generic background with no concrete connection to an observed change.,qwen3.8-max,827bbfc2ef33f0165e316c425571de9980d16112cd707db3dff5d2a6d74e905f,blinded-annotation-v2-shortrefs
C003,K080,0,labeled,0,labeled,1,labeled,False,False,PROVISIONAL_LLM_GOLD,Data reports hrv_rmssd_ms and resting_heart_rate_bpm as separate metrics.,"Item clarifies HRV is beat-to-beat variation, not average heart rate.","Educational clarification; the data already correctly separates these metrics, providing no new information about observed patterns.",qwen3.8-max,827bbfc2ef33f0165e316c425571de9980d16112cd707db3dff5d2a6d74e905f,blinded-annotation-v2-shortrefs
C003,K081,1,labeled,1,labeled,1,labeled,True,False,PROVISIONAL_LLM_GOLD,HRV RMSSD mean is 45.3 baseline and 44.2 window; 28-day personal baseline is available.,Item notes HRV varies between people and depends on personal context; warns against universal normal values.,"Supports comparing the slight HRV decrease against the person's own baseline rather than external norms, providing contextual interpretation guidance.",qwen3.8-max,827bbfc2ef33f0165e316c425571de9980d16112cd707db3dff5d2a6d74e905f,blinded-annotation-v2-shortrefs
C003,K082,1,labeled,1,labeled,1,labeled,True,False,PROVISIONAL_LLM_GOLD,"28-day baseline provides personal range for sleep duration (mean 481, variance 19.4) against which window changes are compared.",Item supports using up to 30 days of personal data for trend context rather than cross-person comparison.,"The 28-day baseline directly enables the personal-range comparison approach this item describes, providing methodological context for evaluating the window changes.",qwen3.8-max,827bbfc2ef33f0165e316c425571de9980d16112cd707db3dff5d2a6d74e905f,blinded-annotation-v2-shortrefs
C003,K083,1,labeled,1,labeled,1,labeled,True,False,PROVISIONAL_LLM_GOLD,"28 baseline and 14 window daily RHR readings are available, showing stability (mean ~56 bpm).",Item supports reviewing repeated RHR readings over weeks/months rather than single estimates.,"Supports the approach of using the multi-day trend to confirm RHR stability, providing contextual methodology.",qwen3.8-max,827bbfc2ef33f0165e316c425571de9980d16112cd707db3dff5d2a6d74e905f,blinded-annotation-v2-shortrefs
C003,K084,1,labeled,1,labeled,1,labeled,True,False,PROVISIONAL_LLM_GOLD,HRV RMSSD slightly decreased from 45.3 to 44.2 ms mean across periods.,"Item frames HRV as wellness observation, not diagnostic; non-applicable for diagnosing conditions from HRV.","Correctly frames the observed HRV change as a wellness metric rather than a diagnostic indicator, providing important interpretive context.",qwen3.8-max,827bbfc2ef33f0165e316c425571de9980d16112cd707db3dff5d2a6d74e905f,blinded-annotation-v2-shortrefs
C003,K085,1,labeled,1,labeled,2,labeled,False,False,PROVISIONAL_LLM_GOLD,Data metric is explicitly 'hrv_rmssd_ms' matching the item's RMSSD specification.,Item specifies Fitbit HRV uses RMSSD formula; comparisons should preserve metric definition.,"Confirms the metric definition used in the data is appropriate, providing methodological context for HRV interpretation, though not directly explaining a pattern change.",qwen3.8-max,827bbfc2ef33f0165e316c425571de9980d16112cd707db3dff5d2a6d74e905f,blinded-annotation-v2-shortrefs
C003,K086,1,labeled,1,labeled,1,labeled,True,False,PROVISIONAL_LLM_GOLD,Window nighttime coverage dropped to 377-388 minutes but remained above 180 minutes; HRV RMSSD values are present for all window nights.,Item states Fitbit HRV uses longest sleep period >3 hours; device metadata notes night RMSSD.,"Supports why HRV is still captured despite reduced coverage, as all nights exceed the 3-hour threshold. Contextual, not core to the main sleep pattern change.",qwen3.8-max,827bbfc2ef33f0165e316c425571de9980d16112cd707db3dff5d2a6d74e905f,blinded-annotation-v2-shortrefs
C003,K087,0,labeled,0,labeled,0,labeled,True,False,PROVISIONAL_LLM_GOLD,Only sleep duration and timing are available; no sleep-stage data is recorded.,Item concerns sleep-stage data variation; non-applicable when only duration/timing available.,"Sleep stage measurements are absent, making this item explicitly non-applicable.",qwen3.8-max,827bbfc2ef33f0165e316c425571de9980d16112cd707db3dff5d2a6d74e905f,blinded-annotation-v2-shortrefs
C003,K088,0,labeled,0,labeled,0,labeled,True,False,PROVISIONAL_LLM_GOLD,No health concerns or symptoms are reported by the user.,Item requires reported health concerns about vital trends; non-applicable when declaring emergency without clinical context.,"No clinical concerns are raised, so directing to healthcare provider is generic guidance not triggered by observations.",qwen3.8-max,827bbfc2ef33f0165e316c425571de9980d16112cd707db3dff5d2a6d74e905f,blinded-annotation-v2-shortrefs
C003,K089,0,labeled,0,labeled,0,labeled,True,False,PROVISIONAL_LLM_GOLD,RHR and HRV readings are stable with no gaps suggesting sensor issues; daytime wear is consistently 720 min.,Item applies when heart-rate readings may be unreliable; non-applicable when assuming fit problems without evidence.,No evidence of sensor fit problems exists; data collection appears consistent throughout.,qwen3.8-max,827bbfc2ef33f0165e316c425571de9980d16112cd707db3dff5d2a6d74e905f,blinded-annotation-v2-shortrefs
C003,K090,1,labeled,1,labeled,1,labeled,True,False,PROVISIONAL_LLM_GOLD,"Nighttime coverage dropped from ~500 min (baseline) to 377-388 min (window Apr 6-12), but remained above 180 min validity threshold.",Item states daytime wear alone doesn't prove overnight capture; requires separate night-time wear info.,"Relevant for confirming that overnight vitals remain valid despite reduced coverage, as night-time wear is separately documented.",qwen3.8-max,827bbfc2ef33f0165e316c425571de9980d16112cd707db3dff5d2a6d74e905f,blinded-annotation-v2-shortrefs
C003,K091,1,labeled,1,labeled,1,labeled,True,False,PROVISIONAL_LLM_GOLD,Window nighttime coverage dropped to 377-388 min but all nights exceed the 180 min / 3-hour minimum; vitals are present for all nights.,Item notes most vitals require >=3 hours quality sleep; missing readings are not physiological zeros.,"Explains why vitals continue to be captured despite reduced coverage, as all sessions exceed the minimum threshold. Relevant methodological context.",qwen3.8-max,827bbfc2ef33f0165e316c425571de9980d16112cd707db3dff5d2a6d74e905f,blinded-annotation-v2-shortrefs
C003,K092,0,labeled,0,labeled,0,labeled,True,False,PROVISIONAL_LLM_GOLD,All vitals have valid_count equal to the number of days in each period with missing_count=0.,Item applies when vitals are missing or delayed; non-applicable when treating unsupported metrics as zeros.,"No vitals are missing in the dataset, so troubleshooting missing data is not applicable.",qwen3.8-max,827bbfc2ef33f0165e316c425571de9980d16112cd707db3dff5d2a6d74e905f,blinded-annotation-v2-shortrefs
C003,K093,0,labeled,0,labeled,0,labeled,True,False,PROVISIONAL_LLM_GOLD,Device metadata indicates a single synthetic wearable throughout; no device switch is recorded.,Item applies when heart-rate series involve device or algorithm changes; non-applicable for same-device series.,"No device change occurred, so cross-device comparison complications are not applicable.",qwen3.8-max,827bbfc2ef33f0165e316c425571de9980d16112cd707db3dff5d2a6d74e905f,blinded-annotation-v2-shortrefs
C003,K094,1,labeled,1,labeled,1,labeled,True,False,PROVISIONAL_LLM_GOLD,"Sleep duration is recorded nightly (e.g., 475 min baseline mean vs 421 min window mean).",Item clarifies estimated time asleep differs from bedtime-to-wake duration.,"Provides relevant methodological context for interpreting the device's sleep_duration_minutes, though it does not explain the observed change.",qwen3.8-max,827bbfc2ef33f0165e316c425571de9980d16112cd707db3dff5d2a6d74e905f,blinded-annotation-v2-shortrefs
C003,K095,1,labeled,1,labeled,1,labeled,True,False,PROVISIONAL_LLM_GOLD,Nighttime coverage ranges 377-508 min across all nights; sleep is detected every night.,"Item states unworn nights should be missing, not zero sleep; requires night-time wear record.","Reinforces that the recorded sleep durations are valid detections based on adequate coverage, not artifacts of non-wear.",qwen3.8-max,827bbfc2ef33f0165e316c425571de9980d16112cd707db3dff5d2a6d74e905f,blinded-annotation-v2-shortrefs
C003,K096,0,labeled,0,labeled,1,labeled,False,False,PROVISIONAL_LLM_GOLD,"Steps are stable across periods (mean ~7976 baseline, ~7979 window); no measurement artifact is evident.",Item explains step counting depends on arm swing and accelerometer; applies when steps change with possible limitations.,"Steps are unchanged between periods, so measurement limitation context is not specifically informative about an observed pattern.",qwen3.8-max,827bbfc2ef33f0165e316c425571de9980d16112cd707db3dff5d2a6d74e905f,blinded-annotation-v2-shortrefs
C004,K001,2,labeled,2,labeled,2,labeled,True,False,PROVISIONAL_LLM_GOLD,Sleep duration averages 470.5 min (7.84h) baseline and 468.5 min (7.81h) window. Metadata age_band is '18-60'.,Item applies when sleep duration is below recommendation for adults 18-60; requires compatible age band.,Core reference for evaluating observed sleep durations against age-appropriate CDC recommendation. Subject meets criteria and consistently exceeds 7h minimum.,qwen3.8-max,67af757e608ed5ab90047a10c2651f207a5ef0200f32506a8d935ae5fafe8174,blinded-annotation-v2-shortrefs
C004,K002,0,labeled,0,labeled,0,labeled,True,False,PROVISIONAL_LLM_GOLD,Metadata age_band is '18-60'.,Item requires age 61 to 64; non-applicable for other age groups.,User age band 18-60 contradicts the required population of 61-64. Item conditions not met.,qwen3.8-max,67af757e608ed5ab90047a10c2651f207a5ef0200f32506a8d935ae5fafe8174,blinded-annotation-v2-shortrefs
C004,K003,0,labeled,0,labeled,0,labeled,True,False,PROVISIONAL_LLM_GOLD,Metadata age_band is '18-60'.,Item requires age at least 65; non-applicable if age below 65.,User age band 18-60 contradicts the required population of 65+. Item conditions not met.,qwen3.8-max,67af757e608ed5ab90047a10c2651f207a5ef0200f32506a8d935ae5fafe8174,blinded-annotation-v2-shortrefs
C004,K004,0,labeled,0,labeled,0,labeled,True,False,PROVISIONAL_LLM_GOLD,Metadata age_band is '18-60'.,Item requires teenage age group (13-17); non-applicable for adults.,User age band contradicts the required teenage population. Item conditions not met.,qwen3.8-max,67af757e608ed5ab90047a10c2651f207a5ef0200f32506a8d935ae5fafe8174,blinded-annotation-v2-shortrefs
C004,K005,0,labeled,0,labeled,0,labeled,True,False,PROVISIONAL_LLM_GOLD,"Sleep duration averages ~7.8h nightly, meeting CDC recommendations. No schedule constraint data available.",Item requires repeatedly shortened sleep opportunity and a schedule constraint; non-applicable if no evidence of insufficient sleep.,Sleep is adequate and stable. No evidence of busy schedule reducing sleep time. Item conditions not met.,qwen3.8-max,67af757e608ed5ab90047a10c2651f207a5ef0200f32506a8d935ae5fafe8174,blinded-annotation-v2-shortrefs
C004,K006,0,labeled,0,labeled,0,labeled,True,False,PROVISIONAL_LLM_GOLD,Sleep duration consistently meets CDC 7h+ recommendation for 18-60 age band (mean ~7.8h).,Item applies when sleep is consistently short even without new decline; non-applicable if sleep duration is sufficient for age group.,Sleep duration is sufficient per age-band recommendation. Not a short sleep routine. Item conditions not met.,qwen3.8-max,67af757e608ed5ab90047a10c2651f207a5ef0200f32506a8d935ae5fafe8174,blinded-annotation-v2-shortrefs
C004,K007,0,labeled,0,labeled,1,labeled,False,False,PROVISIONAL_LLM_GOLD,"Sleep duration is recorded (mean ~470 min baseline, ~468.5 min window) but no awakenings or subjective refreshment data exist.","Item requires sleep-onset difficulty, awakenings, or subjective refreshment to establish poor-quality concern; non-applicable if claiming duration alone proves quality.",Duration alone cannot establish sleep quality. No quality metrics recorded. Item conditions not met.,qwen3.8-max,67af757e608ed5ab90047a10c2651f207a5ef0200f32506a8d935ae5fafe8174,blinded-annotation-v2-shortrefs
C004,K008,0,labeled,0,labeled,0,labeled,True,False,PROVISIONAL_LLM_GOLD,"Only sleep duration, start, and end are recorded. No awakening events are captured.",Item requires awakening history or measured sleep continuity; non-applicable if only duration and start/end available.,Awakening history is not captured by available metrics. Item conditions not met.,qwen3.8-max,67af757e608ed5ab90047a10c2651f207a5ef0200f32506a8d935ae5fafe8174,blinded-annotation-v2-shortrefs
C004,K009,0,labeled,0,labeled,0,labeled,True,False,PROVISIONAL_LLM_GOLD,Sleep duration averages ~7.8h (under 8h most nights). No subjective refreshment data recorded.,Item requires more than 8h sleep with reported lack of refreshment; non-applicable if no information about feeling rested.,Sleep is under 8h and no refreshment complaints recorded. Conditions not met.,qwen3.8-max,67af757e608ed5ab90047a10c2651f207a5ef0200f32506a8d935ae5fafe8174,blinded-annotation-v2-shortrefs
C004,K010,0,labeled,0,labeled,0,labeled,True,False,PROVISIONAL_LLM_GOLD,Sleep is adequate (~7.8h) and stable. No cognitive impairment symptoms recorded.,Item requires symptoms to claim actual cognitive impairment; non-applicable if diagnosing impairment from wearable data alone.,Sleep is adequate and stable. No evidence of restriction or cognitive impairment. Item conditions not met.,qwen3.8-max,67af757e608ed5ab90047a10c2651f207a5ef0200f32506a8d935ae5fafe8174,blinded-annotation-v2-shortrefs
C004,K011,0,labeled,0,labeled,0,labeled,True,False,PROVISIONAL_LLM_GOLD,Sleep duration consistently meets or exceeds 7 hours (mean ~470 min = ~7.8h) across both periods.,Item requires several nights of reduced sleep duration; non-applicable if no repeated sleep restriction.,No repeated sleep restriction is observed. Sleep is consistently adequate. Item conditions not met.,qwen3.8-max,67af757e608ed5ab90047a10c2651f207a5ef0200f32506a8d935ae5fafe8174,blinded-annotation-v2-shortrefs
C004,K012,0,labeled,0,labeled,0,labeled,True,False,PROVISIONAL_LLM_GOLD,"Sleep duration averages ~7.8h nightly, meeting recommendations. No infection data available.",Item requires ongoing insufficient sleep; non-applicable if inferring infection from sleep or heart-rate changes.,Sleep is adequate. No evidence of deficiency or infection to connect. Item conditions not met.,qwen3.8-max,67af757e608ed5ab90047a10c2651f207a5ef0200f32506a8d935ae5fafe8174,blinded-annotation-v2-shortrefs
C004,K013,0,labeled,0,labeled,0,labeled,True,False,PROVISIONAL_LLM_GOLD,"No food intake, appetite, or dietary data is recorded. Sleep duration is adequate (~7.8h).",Item requires food intake or appetite information for individual claims; non-applicable if diagnosing metabolic disorder from wearable.,No appetite data available. Generic background about sleep and hormones without concrete connection to observations.,qwen3.8-max,67af757e608ed5ab90047a10c2651f207a5ef0200f32506a8d935ae5fafe8174,blinded-annotation-v2-shortrefs
C004,K014,0,labeled,0,labeled,0,labeled,True,False,PROVISIONAL_LLM_GOLD,No driving context or subjective sleepiness is recorded in the data.,Item requires sleepiness and driving plans; non-applicable if sleepiness or driving context unknown.,Sleepiness and driving context are unknown. Item conditions not met.,qwen3.8-max,67af757e608ed5ab90047a10c2651f207a5ef0200f32506a8d935ae5fafe8174,blinded-annotation-v2-shortrefs
C004,K015,1,labeled,1,labeled,1,labeled,True,False,PROVISIONAL_LLM_GOLD,Sleep duration averages ~7.8h (470 min) nightly across 42 days with low variance.,Item applies when adult sleep duration is being reviewed; requires individual sleep experience to assess adequacy.,Provides context that individual sleep needs vary. Supports reviewing this person's stable ~7.8h pattern rather than applying a universal target.,qwen3.8-max,67af757e608ed5ab90047a10c2651f207a5ef0200f32506a8d935ae5fafe8174,blinded-annotation-v2-shortrefs
C004,K016,0,labeled,0,labeled,0,labeled,True,False,PROVISIONAL_LLM_GOLD,No insomnia symptoms reported. Data covers 14-day window and 28-day baseline.,Item requires months-long sleeping difficulties or failed habit changes; non-applicable if only brief duration record without reported problems.,No insomnia symptoms reported. Two-week window cannot establish conditions for professional review. Item conditions not met.,qwen3.8-max,67af757e608ed5ab90047a10c2651f207a5ef0200f32506a8d935ae5fafe8174,blinded-annotation-v2-shortrefs
C004,K017,1,labeled,1,labeled,1,labeled,True,False,PROVISIONAL_LLM_GOLD,"Sleep end time is exactly 07:00:00 every day (variance 0.0). Sleep start varies slightly (variance ~26 min^2, range 642-658 min from noon).",Item applies when repeated variability in bedtime or wake time exists; non-applicable if stable schedule alone.,Wake time is perfectly consistent; sleep start has minor variation within normal range. Contextually supports that schedule is stable.,qwen3.8-max,67af757e608ed5ab90047a10c2651f207a5ef0200f32506a8d935ae5fafe8174,blinded-annotation-v2-shortrefs
C004,K018,0,labeled,0,labeled,0,labeled,True,False,PROVISIONAL_LLM_GOLD,Sleep end time is exactly 07:00:00+08:00 every single day (variance 0.0). No insomnia symptoms reported.,Item requires inconsistent wake time with reported sleeping difficulties; non-applicable if no evidence of insomnia symptoms.,Wake time is perfectly consistent. No insomnia symptoms reported. Item conditions not met.,qwen3.8-max,67af757e608ed5ab90047a10c2651f207a5ef0200f32506a8d935ae5fafe8174,blinded-annotation-v2-shortrefs
C004,K019,1,labeled,1,labeled,1,labeled,True,False,PROVISIONAL_LLM_GOLD,Weekday sleep start mean 649.4 min vs weekend 649.875 min (baseline); weekday 651.3 vs weekend 652.0 (window). Differences are under 3 minutes.,Item applies when bedtime or wake time differs substantially between weekdays and weekends; non-applicable if similar.,"Data confirms weekday/weekend schedules are already similar, well within the recommended ~1 hour limit. Contextually relevant for confirming schedule consistency.",qwen3.8-max,67af757e608ed5ab90047a10c2651f207a5ef0200f32506a8d935ae5fafe8174,blinded-annotation-v2-shortrefs
C004,K020,0,labeled,0,labeled,0,labeled,True,False,PROVISIONAL_LLM_GOLD,Sleep start times are recorded (~22:42-22:58) but pre-bed activities are not captured.,Item requires information about pre-bed activities for targeted advice; non-applicable if assuming missing routine from timestamps alone.,Bedtime is known but pre-bed activities are not recorded. Item conditions partially unmet.,qwen3.8-max,67af757e608ed5ab90047a10c2651f207a5ef0200f32506a8d935ae5fafe8174,blinded-annotation-v2-shortrefs
C004,K021,0,labeled,0,labeled,0,labeled,True,False,PROVISIONAL_LLM_GOLD,Screen or light exposure before bed is not recorded.,Item requires screen or light exposure information; non-applicable if exposure is unknown.,Screen exposure is unknown. Item conditions not met.,qwen3.8-max,67af757e608ed5ab90047a10c2651f207a5ef0200f32506a8d935ae5fafe8174,blinded-annotation-v2-shortrefs
C004,K022,0,labeled,0,labeled,0,labeled,True,False,PROVISIONAL_LLM_GOLD,Caffeine timing and intake are not recorded.,Item requires caffeine timing and intake; non-applicable if no caffeine history.,Caffeine history is unknown. Item conditions not met.,qwen3.8-max,67af757e608ed5ab90047a10c2651f207a5ef0200f32506a8d935ae5fafe8174,blinded-annotation-v2-shortrefs
C004,K023,0,labeled,0,labeled,0,labeled,True,False,PROVISIONAL_LLM_GOLD,Meal timing and size are not recorded.,Item requires meal timing and size; non-applicable if meal information unknown.,Meal information is unknown. Item conditions not met.,qwen3.8-max,67af757e608ed5ab90047a10c2651f207a5ef0200f32506a8d935ae5fafe8174,blinded-annotation-v2-shortrefs
C004,K024,0,labeled,0,labeled,0,labeled,True,False,PROVISIONAL_LLM_GOLD,Alcohol intake and timing are not recorded.,Item requires alcohol intake and timing; non-applicable if alcohol exposure is unknown.,Alcohol exposure is unknown. Item conditions not met.,qwen3.8-max,67af757e608ed5ab90047a10c2651f207a5ef0200f32506a8d935ae5fafe8174,blinded-annotation-v2-shortrefs
C004,K025,0,labeled,0,labeled,0,labeled,True,False,PROVISIONAL_LLM_GOLD,Nicotine use status is not recorded in the data.,Item requires nicotine exposure; non-applicable if nicotine use unknown.,Nicotine use is unknown. Item conditions cannot be evaluated against observations.,qwen3.8-max,67af757e608ed5ab90047a10c2651f207a5ef0200f32506a8d935ae5fafe8174,blinded-annotation-v2-shortrefs
C004,K026,0,labeled,0,labeled,0,labeled,True,False,PROVISIONAL_LLM_GOLD,"Bedroom light, noise, or temperature conditions are not recorded.","Item requires bedroom light, noise, or temperature; non-applicable if environment unknown.",Bedroom conditions are unknown. Item cannot be applied to these observations.,qwen3.8-max,67af757e608ed5ab90047a10c2651f207a5ef0200f32506a8d935ae5fafe8174,blinded-annotation-v2-shortrefs
C004,K027,0,labeled,0,labeled,0,labeled,True,False,PROVISIONAL_LLM_GOLD,No relaxation difficulties or pre-bed routine requests are recorded.,Item requires reported difficulty relaxing or a request for routine options; non-applicable if inferring stress from wearable signals.,No relaxation difficulties reported. Item conditions not met.,qwen3.8-max,67af757e608ed5ab90047a10c2651f207a5ef0200f32506a8d935ae5fafe8174,blinded-annotation-v2-shortrefs
C004,K028,0,labeled,0,labeled,0,labeled,True,False,PROVISIONAL_LLM_GOLD,No nap data is recorded in the wearable observations.,Item requires adult naps to be recorded or reported; non-applicable if nap history is unknown.,Nap information is unavailable. Item conditions not met.,qwen3.8-max,67af757e608ed5ab90047a10c2651f207a5ef0200f32506a8d935ae5fafe8174,blinded-annotation-v2-shortrefs
C004,K029,0,labeled,0,labeled,0,labeled,True,False,PROVISIONAL_LLM_GOLD,No shift work data. Sleep start variance is low (~26 min^2) and sleep end variance is 0.,Item requires confirmed shift-work schedule; non-applicable if shift work unknown.,No evidence of shift work. Sleep timing is actually quite consistent. Item conditions not met.,qwen3.8-max,67af757e608ed5ab90047a10c2651f207a5ef0200f32506a8d935ae5fafe8174,blinded-annotation-v2-shortrefs
C004,K030,0,labeled,0,labeled,0,labeled,True,False,PROVISIONAL_LLM_GOLD,No shift work schedule is recorded. Sleep timing is consistent.,Item requires work schedule and lighting context for shift workers; non-applicable if no confirmed shift work.,No shift work evidence. Item conditions not met.,qwen3.8-max,67af757e608ed5ab90047a10c2651f207a5ef0200f32506a8d935ae5fafe8174,blinded-annotation-v2-shortrefs
C004,K031,0,labeled,0,labeled,0,labeled,True,False,PROVISIONAL_LLM_GOLD,Neither shift work nor caffeine use is established in the data.,Item requires shift schedule and caffeine intake; non-applicable if shift work or caffeine use unknown.,Neither shift work nor caffeine use is established. Item conditions not met.,qwen3.8-max,67af757e608ed5ab90047a10c2651f207a5ef0200f32506a8d935ae5fafe8174,blinded-annotation-v2-shortrefs
C004,K032,0,labeled,0,labeled,0,labeled,True,False,PROVISIONAL_LLM_GOLD,"All sleep occurs overnight (start ~22:42-22:58, end 07:00). No daytime sleep or shift work observed.",Item requires daytime sleep associated with shift work; non-applicable if only ordinary overnight sleep is recorded.,No shift work or daytime sleep observed. Item conditions not met.,qwen3.8-max,67af757e608ed5ab90047a10c2651f207a5ef0200f32506a8d935ae5fafe8174,blinded-annotation-v2-shortrefs
C004,K033,0,labeled,0,labeled,0,labeled,True,False,PROVISIONAL_LLM_GOLD,"Sleep pattern is stable (sleep start variance ~26 min^2, sleep end variance 0). No awakenings or naps recorded.",Item requires a changed or variable sleep pattern needing review; non-applicable if inventing unrecorded awakenings or naps.,Sleep pattern is stable and consistent. No change requiring timeline documentation. Item conditions not met.,qwen3.8-max,67af757e608ed5ab90047a10c2651f207a5ef0200f32506a8d935ae5fafe8174,blinded-annotation-v2-shortrefs
C004,K034,0,labeled,0,labeled,0,labeled,True,False,PROVISIONAL_LLM_GOLD,Sleep duration consistently meets 7h+ recommendation (mean ~7.8h) across all 42 days.,Item requires several shortened nights rather than a single isolated reading; non-applicable if claiming fixed recovery nights.,No evidence of repeated sleep loss. Sleep duration is consistently adequate. Item conditions not met.,qwen3.8-max,67af757e608ed5ab90047a10c2651f207a5ef0200f32506a8d935ae5fafe8174,blinded-annotation-v2-shortrefs
C004,K035,0,labeled,0,labeled,0,labeled,True,False,PROVISIONAL_LLM_GOLD,Weekday sleep mean 470.6 min vs weekend 470.125 min (baseline); 468.7 vs 468.0 (window). Differences are negligible.,Item requires longer sleep and later timing on days off plus actual workdays/days off context; non-applicable if assuming every weekend is a day off.,No meaningful weekday/weekend sleep difference observed. Sleep is consistent across days. Item conditions not met.,qwen3.8-max,67af757e608ed5ab90047a10c2651f207a5ef0200f32506a8d935ae5fafe8174,blinded-annotation-v2-shortrefs
C004,K036,0,labeled,0,labeled,0,labeled,True,False,PROVISIONAL_LLM_GOLD,No nap information is available in the wearable observations.,Item requires recorded naps after shortened night-time sleep; non-applicable if no nap information.,Nap information is unavailable. Item conditions not met.,qwen3.8-max,67af757e608ed5ab90047a10c2651f207a5ef0200f32506a8d935ae5fafe8174,blinded-annotation-v2-shortrefs
C004,K037,0,labeled,0,labeled,0,labeled,True,False,PROVISIONAL_LLM_GOLD,"Sleep duration is stable (mean ~470 min baseline, ~468.5 min window); no reported bad nights or insomnia symptoms.",Item requires reported bad sleep or insomnia symptoms; non-applicable with only a device estimate without reported sleeping difficulty.,No sleeping difficulties are reported or evidenced. Item conditions are not met.,qwen3.8-max,67af757e608ed5ab90047a10c2651f207a5ef0200f32506a8d935ae5fafe8174,blinded-annotation-v2-shortrefs
C004,K038,0,labeled,0,labeled,0,labeled,True,False,PROVISIONAL_LLM_GOLD,No insomnia symptoms are reported; only 14-day window and 28-day baseline of device estimates available.,Item requires symptom history and onset; non-applicable if diagnosing insomnia from estimated sleep hours.,No insomnia symptoms reported. Wearable sleep estimates alone cannot establish insomnia duration categories.,qwen3.8-max,67af757e608ed5ab90047a10c2651f207a5ef0200f32506a8d935ae5fafe8174,blinded-annotation-v2-shortrefs
C004,K039,0,labeled,0,labeled,0,labeled,True,False,PROVISIONAL_LLM_GOLD,No travel history or destination time zone changes are recorded.,"Item requires confirmed travel, destination time zone, and trip duration; non-applicable if no travel history.",Travel context unknown. Item conditions not met.,qwen3.8-max,67af757e608ed5ab90047a10c2651f207a5ef0200f32506a8d935ae5fafe8174,blinded-annotation-v2-shortrefs
C004,K040,0,labeled,0,labeled,0,labeled,True,False,PROVISIONAL_LLM_GOLD,No travel or trip data is recorded.,Item requires trip duration and time-zone change; non-applicable if travel context unknown.,No evidence of travel. Item conditions not met.,qwen3.8-max,67af757e608ed5ab90047a10c2651f207a5ef0200f32506a8d935ae5fafe8174,blinded-annotation-v2-shortrefs
C004,K041,0,labeled,0,labeled,0,labeled,True,False,PROVISIONAL_LLM_GOLD,"Movement is stable (steps ~8000/day, activity ~55 min/day). Intensity is unknown.",Item requires intensity information to count recommended aerobic minutes; non-applicable if equating steps with guideline compliance.,Movement is stable and not low. Generic encouragement without concrete connection to observations. Item conditions not met.,qwen3.8-max,67af757e608ed5ab90047a10c2651f207a5ef0200f32506a8d935ae5fafe8174,blinded-annotation-v2-shortrefs
C004,K042,0,labeled,0,labeled,0,labeled,True,False,PROVISIONAL_LLM_GOLD,Activity duration and steps show no recent decline or inactivity pattern across the 42-day record.,Item requires recently low or reduced physical activity; non-applicable if prescribing intense programme from wearable data alone.,No evidence of recent inactivity. Activity levels are stable throughout. Item conditions not met.,qwen3.8-max,67af757e608ed5ab90047a10c2651f207a5ef0200f32506a8d935ae5fafe8174,blinded-annotation-v2-shortrefs
C004,K043,0,labeled,0,labeled,0,labeled,True,False,PROVISIONAL_LLM_GOLD,Activity intensity is 'unknown' for all intervals. Only moving minutes and steps are available.,Item requires known activity intensity; non-applicable if only steps or unspecified active minutes are available.,Unknown intensity prevents determining if 150-min moderate guideline is met. Item conditions not met.,qwen3.8-max,67af757e608ed5ab90047a10c2651f207a5ef0200f32506a8d935ae5fafe8174,blinded-annotation-v2-shortrefs
C004,K044,0,labeled,0,labeled,0,labeled,True,False,PROVISIONAL_LLM_GOLD,All activity intervals have intensity 'unknown'. No vigorous activity is documented.,Item requires known vigorous intensity; non-applicable if intensity unknown.,Cannot apply vigorous activity target when intensity is unknown. Item conditions not met.,qwen3.8-max,67af757e608ed5ab90047a10c2651f207a5ef0200f32506a8d935ae5fafe8174,blinded-annotation-v2-shortrefs
C004,K045,0,labeled,0,labeled,0,labeled,True,False,PROVISIONAL_LLM_GOLD,Activity intensity is unknown. Session structure beyond 21:00 intervals is not detailed.,Item requires intensity for counting guideline minutes; non-applicable if assuming every active minute is moderate.,Unknown intensity prevents applying guidance about splitting aerobic activity into chunks. Item conditions not met.,qwen3.8-max,67af757e608ed5ab90047a10c2651f207a5ef0200f32506a8d935ae5fafe8174,blinded-annotation-v2-shortrefs
C004,K046,0,labeled,0,labeled,0,labeled,True,False,PROVISIONAL_LLM_GOLD,"Only steps, activity duration, and low movement are recorded. No muscle-strengthening data available.",Item requires strengthening activity records including days and muscle groups; non-applicable if only step/generic movement counts available.,Step counts cannot show muscle-strengthening activity. Item conditions not met by available data.,qwen3.8-max,67af757e608ed5ab90047a10c2651f207a5ef0200f32506a8d935ae5fafe8174,blinded-annotation-v2-shortrefs
C004,K047,0,labeled,0,labeled,0,labeled,True,False,PROVISIONAL_LLM_GOLD,Activity intensity is unknown. Cannot verify if minimum weekly guidelines are met.,Item requires known intensity and weekly duration; non-applicable if unknown intensity or unverified guideline attainment.,Unknown intensity prevents assessing guideline attainment or additional benefits. Item conditions not met.,qwen3.8-max,67af757e608ed5ab90047a10c2651f207a5ef0200f32506a8d935ae5fafe8174,blinded-annotation-v2-shortrefs
C004,K048,0,labeled,0,labeled,0,labeled,True,False,PROVISIONAL_LLM_GOLD,All activity intervals have intensity labeled 'unknown'. Steps range 7602-8420.,Item requires fitness or perceived effort context; non-applicable if inferring intensity from steps alone.,Intensity is unknown throughout. Cannot assign relative intensity from step counts alone. Item conditions not met.,qwen3.8-max,67af757e608ed5ab90047a10c2651f207a5ef0200f32506a8d935ae5fafe8174,blinded-annotation-v2-shortrefs
C004,K049,0,labeled,0,labeled,0,labeled,True,False,PROVISIONAL_LLM_GOLD,All activity intervals have intensity 'unknown'. No breathing or talk-test observations exist.,Item requires an aerobic activity and breathing/talk-test observation; non-applicable if effort or aerobic context is unrecorded.,No effort observations available. Item cannot be applied to unknown-intensity data. Item conditions not met.,qwen3.8-max,67af757e608ed5ab90047a10c2651f207a5ef0200f32506a8d935ae5fafe8174,blinded-annotation-v2-shortrefs
C004,K050,0,labeled,0,labeled,1,labeled,False,False,PROVISIONAL_LLM_GOLD,"Steps are stable (baseline mean 8054, window mean 8061, difference +6.75). No meaningful change observed.",Item applies when steps change while other activity may differ; non-applicable if concluding intensity from steps alone.,No meaningful step change observed between periods. Item not directly relevant to current stable pattern.,qwen3.8-max,67af757e608ed5ab90047a10c2651f207a5ef0200f32506a8d935ae5fafe8174,blinded-annotation-v2-shortrefs
C004,K051,0,labeled,0,labeled,0,labeled,True,False,PROVISIONAL_LLM_GOLD,"Steps are stable (baseline mean 8054, window mean 8061) with no declining trend.",Item requires low or declining routine movement; non-applicable if assuming everyone can safely walk or cycle.,Movement is stable and not declining. Item conditions not met.,qwen3.8-max,67af757e608ed5ab90047a10c2651f207a5ef0200f32506a8d935ae5fafe8174,blinded-annotation-v2-shortrefs
C004,K052,0,labeled,0,labeled,0,labeled,True,False,PROVISIONAL_LLM_GOLD,"Activity is stable (mean ~55 min baseline, ~53 min window). No personal preferences or availability data recorded.",Item requires personal preferences and availability for choosing individualized options; non-applicable if prescribing unsuitable activity without context.,Activity is stable and not low. No evidence of difficulty maintaining habits. Item conditions not met.,qwen3.8-max,67af757e608ed5ab90047a10c2651f207a5ef0200f32506a8d935ae5fafe8174,blinded-annotation-v2-shortrefs
C004,K053,0,labeled,0,labeled,0,labeled,True,False,PROVISIONAL_LLM_GOLD,Activity levels are stable (steps ~8000/day). No social preferences or motivational barriers recorded.,Item requires social preferences or reported motivational barrier; non-applicable if no evidence of motivational or social barrier.,No evidence of motivational issues. Activity levels are stable. Item conditions not met.,qwen3.8-max,67af757e608ed5ab90047a10c2651f207a5ef0200f32506a8d935ae5fafe8174,blinded-annotation-v2-shortrefs
C004,K054,0,labeled,0,labeled,0,labeled,True,False,PROVISIONAL_LLM_GOLD,"Activity levels are stable (steps ~8000/day, activity ~55 min/day). No time barrier is reported.",Item requires low activity with a reported time barrier; non-applicable if assuming a time barrier from low steps.,No time barrier reported. Activity levels are stable and adequate. Item conditions not met.,qwen3.8-max,67af757e608ed5ab90047a10c2651f207a5ef0200f32506a8d935ae5fafe8174,blinded-annotation-v2-shortrefs
C004,K055,0,labeled,0,labeled,0,labeled,True,False,PROVISIONAL_LLM_GOLD,Schedule constraints and competing demands are not recorded. Activity is stable.,Item requires schedule constraints; non-applicable if schedule reason is unknown.,Schedule context unknown. Activity levels are stable without evidence of barriers. Item conditions not met.,qwen3.8-max,67af757e608ed5ab90047a10c2651f207a5ef0200f32506a8d935ae5fafe8174,blinded-annotation-v2-shortrefs
C004,K056,0,labeled,0,labeled,0,labeled,True,False,PROVISIONAL_LLM_GOLD,"No chronic conditions, disabilities, or special health needs are recorded.",Item requires relevant health condition and activity safety history; non-applicable if medical or disability context unknown.,Medical context unknown. Item conditions not met.,qwen3.8-max,67af757e608ed5ab90047a10c2651f207a5ef0200f32506a8d935ae5fafe8174,blinded-annotation-v2-shortrefs
C004,K057,0,labeled,0,labeled,1,labeled,False,False,PROVISIONAL_LLM_GOLD,"Low movement intervals are ~44-46 min blocks separated by ~5 min gaps, but metadata states 'low movement not posture'.",Item requires mobility and posture context for individual sitting claim; non-applicable if low movement due to non-wear or sleep.,Low movement does not confirm sitting posture. Item explicitly warns against this assumption. Required context unmet.,qwen3.8-max,67af757e608ed5ab90047a10c2651f207a5ef0200f32506a8d935ae5fafe8174,blinded-annotation-v2-shortrefs
C004,K058,0,labeled,0,labeled,0,labeled,True,False,PROVISIONAL_LLM_GOLD,Activity intensity is unknown. Low movement is recorded but posture is not confirmed per metadata.,Item requires sitting posture and known activity intensity; non-applicable if assuming low-movement estimates prove sitting.,Cannot confirm sitting or guideline compliance from available data. Item conditions not met.,qwen3.8-max,67af757e608ed5ab90047a10c2651f207a5ef0200f32506a8d935ae5fafe8174,blinded-annotation-v2-shortrefs
C004,K059,0,labeled,0,labeled,0,labeled,True,False,PROVISIONAL_LLM_GOLD,"Low movement minutes are recorded (baseline mean 447.9, window mean 449.9) but device low movement is not confirmed sitting per metadata.",Item requires confirmed sitting for a specific sedentary-time conclusion; non-applicable if treating sleep or non-wear as confirmed sedentary behaviour.,"Device low movement does not confirm sitting posture. Without confirmed sitting, the item's required context is unmet.",qwen3.8-max,67af757e608ed5ab90047a10c2651f207a5ef0200f32506a8d935ae5fafe8174,blinded-annotation-v2-shortrefs
C004,K060,0,labeled,0,labeled,0,labeled,True,False,PROVISIONAL_LLM_GOLD,Commuting context and transport mode are not recorded.,"Item requires transport, mobility, and safety context; non-applicable if commute unknown.",Commute context unknown. Item conditions not met.,qwen3.8-max,67af757e608ed5ab90047a10c2651f207a5ef0200f32506a8d935ae5fafe8174,blinded-annotation-v2-shortrefs
C004,K061,0,labeled,0,labeled,0,labeled,True,False,PROVISIONAL_LLM_GOLD,Workplace layout and desk work context are not recorded in the wearable data.,Item requires workplace layout and ability to walk; non-applicable if work context unknown.,Work context is unknown. Item conditions cannot be evaluated against observations.,qwen3.8-max,67af757e608ed5ab90047a10c2651f207a5ef0200f32506a8d935ae5fafe8174,blinded-annotation-v2-shortrefs
C004,K062,0,labeled,0,labeled,0,labeled,True,False,PROVISIONAL_LLM_GOLD,Workplace and meeting context are not recorded.,Item requires workplace and mobility context; non-applicable if no workplace or meeting information.,Workplace context unknown. Item conditions not met.,qwen3.8-max,67af757e608ed5ab90047a10c2651f207a5ef0200f32506a8d935ae5fafe8174,blinded-annotation-v2-shortrefs
C004,K063,0,labeled,0,labeled,0,labeled,True,False,PROVISIONAL_LLM_GOLD,Television-viewing or screen habits are not recorded.,Item requires television-viewing context; non-applicable if screen habits unknown.,Screen habits unknown. Item conditions not met.,qwen3.8-max,67af757e608ed5ab90047a10c2651f207a5ef0200f32506a8d935ae5fafe8174,blinded-annotation-v2-shortrefs
C004,K064,0,labeled,0,labeled,0,labeled,True,False,PROVISIONAL_LLM_GOLD,Leisure context and seated habits are not recorded in the wearable data.,Item requires substantial habitual seated leisure and routine/preferences context; non-applicable if no leisure context.,Leisure context is unknown. Low movement does not confirm seated leisure specifically. Item conditions not met.,qwen3.8-max,67af757e608ed5ab90047a10c2651f207a5ef0200f32506a8d935ae5fafe8174,blinded-annotation-v2-shortrefs
C004,K065,0,labeled,0,labeled,1,labeled,False,False,PROVISIONAL_LLM_GOLD,Steps average ~8000/day and activity duration ~55 min/day stably. No formal exercise sessions distinguished from everyday movement.,Item applies when low everyday movement despite possible formal exercise; non-applicable if counting unworn periods as inactivity.,Movement levels are stable and adequate. No evidence of low everyday movement to explain. Item conditions not met.,qwen3.8-max,67af757e608ed5ab90047a10c2651f207a5ef0200f32506a8d935ae5fafe8174,blinded-annotation-v2-shortrefs
C004,K066,0,labeled,0,labeled,0,labeled,True,False,PROVISIONAL_LLM_GOLD,Workday lunch-break context is not recorded in the wearable data.,Item requires workday lunch-break access and mobility; non-applicable if unknown workday or lunch-break context.,Workday context unknown. Item conditions not met.,qwen3.8-max,67af757e608ed5ab90047a10c2651f207a5ef0200f32506a8d935ae5fafe8174,blinded-annotation-v2-shortrefs
C004,K067,0,labeled,0,labeled,0,labeled,True,False,PROVISIONAL_LLM_GOLD,Stair access and environmental context are not recorded. Steps average ~8000/day stably.,Item requires stair access and safe mobility; non-applicable if mobility limitations or context unknown.,Context unknown. Steps are stable without evidence of low incidental movement requiring intervention. Item conditions not met.,qwen3.8-max,67af757e608ed5ab90047a10c2651f207a5ef0200f32506a8d935ae5fafe8174,blinded-annotation-v2-shortrefs
C004,K068,1,labeled,0,labeled,1,labeled,False,False,PROVISIONAL_LLM_GOLD,Low movement intervals are recorded (~44-46 min blocks) but metadata states 'low movement not posture'.,Item explicitly warns that a low-movement estimate should not automatically be relabelled as confirmed sitting.,Directly supports the annotation rule that device low movement is not confirmed sitting. Contextually important for correctly interpreting low_movement_minutes.,qwen3.8-max,67af757e608ed5ab90047a10c2651f207a5ef0200f32506a8d935ae5fafe8174,blinded-annotation-v2-shortrefs
C004,K069,0,labeled,0,labeled,0,labeled,True,False,PROVISIONAL_LLM_GOLD,Activity and sleep patterns are available but correlations do not establish causation per annotation rules.,Item applies for joint review but non-applicable if declaring causal effect from paired observations.,Generic benefit statement. Temporal co-occurrence does not imply causation. Cannot establish that activity caused sleep changes.,qwen3.8-max,67af757e608ed5ab90047a10c2651f207a5ef0200f32506a8d935ae5fafe8174,blinded-annotation-v2-shortrefs
C004,K070,0,labeled,0,labeled,0,labeled,True,False,PROVISIONAL_LLM_GOLD,Daytime activity is stable (~55 min/day). Outdoor access is not recorded.,Item requires outdoor access and mobility for a specific plan; non-applicable if inferring outdoor exposure from movement counts.,Activity is stable and not low. Cannot determine outdoor time from wearable data. Item conditions not met.,qwen3.8-max,67af757e608ed5ab90047a10c2651f207a5ef0200f32506a8d935ae5fafe8174,blinded-annotation-v2-shortrefs
C004,K071,0,labeled,0,labeled,1,labeled,False,False,PROVISIONAL_LLM_GOLD,"Activity intervals occur at 21:00 each day, approximately 1.5-2 hours before sleep start (~22:42-22:58), with intensity labeled 'unknown'.",Item requires known intensity and actual timing relative to bedtime; non-applicable if assuming every late movement interval is intense exercise.,Intensity is unknown throughout the data. Cannot apply intense-exercise advice directly per annotation rules.,qwen3.8-max,67af757e608ed5ab90047a10c2651f207a5ef0200f32506a8d935ae5fafe8174,blinded-annotation-v2-shortrefs
C004,K072,0,labeled,0,labeled,0,labeled,True,False,PROVISIONAL_LLM_GOLD,"Activity occurs at 21:00 daily, ~1.5-2h before sleep start. No insomnia symptoms are reported.",Item requires exercise and insomnia symptom history; non-applicable if only movement and sleep timestamps are known.,No insomnia symptoms reported. Temporal adjacency alone does not establish condition. Item conditions not met.,qwen3.8-max,67af757e608ed5ab90047a10c2651f207a5ef0200f32506a8d935ae5fafe8174,blinded-annotation-v2-shortrefs
C004,K073,1,labeled,1,labeled,1,labeled,True,False,PROVISIONAL_LLM_GOLD,Activity intervals occur at 21:00 daily; sleep starts ~22:42-22:58. Both are recorded with timestamps.,Item applies when activity timing and subsequent sleep are being compared; requires activity intervals for timing comparisons.,"Late activity and sleep timing are both recorded, supporting temporal context review. Aligns with rule that activity on day t precedes sleep waking on t+1.",qwen3.8-max,67af757e608ed5ab90047a10c2651f207a5ef0200f32506a8d935ae5fafe8174,blinded-annotation-v2-shortrefs
C004,K074,0,labeled,0,labeled,0,labeled,True,False,PROVISIONAL_LLM_GOLD,No emergency-response deployment context is recorded.,Item requires confirmed emergency-response deployment context; non-applicable if context unknown.,Deployment context unknown. Item specific to emergency responders. Conditions not met.,qwen3.8-max,67af757e608ed5ab90047a10c2651f207a5ef0200f32506a8d935ae5fafe8174,blinded-annotation-v2-shortrefs
C004,K075,0,labeled,0,labeled,0,labeled,True,False,PROVISIONAL_LLM_GOLD,Subjective energy patterns and tiredness are not recorded. Activity is stable.,Item requires subjective energy pattern and availability; non-applicable if no tiredness or energy history.,No tiredness reported. Activity levels are stable. Item conditions not met.,qwen3.8-max,67af757e608ed5ab90047a10c2651f207a5ef0200f32506a8d935ae5fafe8174,blinded-annotation-v2-shortrefs
C004,K076,0,labeled,0,labeled,0,labeled,True,False,PROVISIONAL_LLM_GOLD,"Substance, alcohol, caffeine, and medication histories are not recorded.",Item requires substance and medication history for causal interpretation; non-applicable if assuming unrecorded exposures occurred.,Substance history unknown. Cannot attribute any patterns to unrecorded exposures. Item conditions not met.,qwen3.8-max,67af757e608ed5ab90047a10c2651f207a5ef0200f32506a8d935ae5fafe8174,blinded-annotation-v2-shortrefs
C004,K077,2,labeled,1,labeled,2,labeled,False,False,PROVISIONAL_LLM_GOLD,"RHR is recorded daily across all 42 days, ranging 55-57 bpm with baseline mean 56.14 and window mean 56.0.",Item applies when resting heart rate observations are available; no non-applicable conditions triggered.,Core explanation of what the observed RHR metric represents. Directly informative for interpreting the stable 55-57 bpm readings in this dataset.,qwen3.8-max,67af757e608ed5ab90047a10c2651f207a5ef0200f32506a8d935ae5fafe8174,blinded-annotation-v2-shortrefs
C004,K078,1,labeled,1,labeled,1,labeled,True,False,PROVISIONAL_LLM_GOLD,Daily RHR is recorded (55-57 bpm). Metadata specifies 'nocturnal RHR'. No sleeping heart rate series is separately provided.,Item applies when a daily RHR trend is being interpreted; requires the heart-rate measure and collection context known.,Clarifies that recorded RHR differs from sleeping HR. Supports correct interpretation of the single RHR metric given metadata specifies nocturnal RHR.,qwen3.8-max,67af757e608ed5ab90047a10c2651f207a5ef0200f32506a8d935ae5fafe8174,blinded-annotation-v2-shortrefs
C004,K079,0,labeled,0,labeled,1,labeled,False,False,PROVISIONAL_LLM_GOLD,"RHR is stable (55-57 bpm, variance <1) across all 42 days. No meaningful change observed.",Item applies when RHR changes relative to previous readings; non-applicable if inferring stress/infection from rise alone.,No meaningful RHR change observed. Item lists factors but none are relevant to stable readings. Item conditions not met.,qwen3.8-max,67af757e608ed5ab90047a10c2651f207a5ef0200f32506a8d935ae5fafe8174,blinded-annotation-v2-shortrefs
C004,K080,2,labeled,1,labeled,2,labeled,False,False,PROVISIONAL_LLM_GOLD,HRV RMSSD drops transiently (to 22 ms) while RHR remains stable (55-57 bpm) during the same window period.,Item applies when HRV and heart-rate estimates are being interpreted together; non-applicable if treating HRV as average heart rate.,Core explanation that HRV (RMSSD) and RHR are distinct metrics. Directly explains why HRV can drop while RHR remains stable.,qwen3.8-max,67af757e608ed5ab90047a10c2651f207a5ef0200f32506a8d935ae5fafe8174,blinded-annotation-v2-shortrefs
C004,K081,2,labeled,1,labeled,2,labeled,False,False,PROVISIONAL_LLM_GOLD,"Window HRV RMSSD drops to 22-28 ms (Apr 3-6) from baseline mean 44.5 ms, then recovers to 43-47 ms (Apr 7-12). Variance increases from 1.6 to 88.1.",Item applies when an HRV level or trend is being reviewed; requires personal history and consistent measurement context.,"Core explanation for interpreting the transient HRV drop: HRV is personal and context-dependent, not a universal diagnostic value. Baseline provides the personal context.",qwen3.8-max,67af757e608ed5ab90047a10c2651f207a5ef0200f32506a8d935ae5fafe8174,blinded-annotation-v2-shortrefs
C004,K082,2,labeled,1,labeled,2,labeled,False,False,PROVISIONAL_LLM_GOLD,28-day baseline provides HRV RMSSD mean 44.5 ms (variance 1.6). Window shows transient drop to 22-28 ms then recovery to 43-47 ms.,Item applies when a vital has changed from a recent personal baseline; requires sufficient same-metric personal history.,Core framework for interpreting the HRV change. The 28-day baseline provides personal range context for the transient window deviation.,qwen3.8-max,67af757e608ed5ab90047a10c2651f207a5ef0200f32506a8d935ae5fafe8174,blinded-annotation-v2-shortrefs
C004,K083,1,labeled,1,labeled,1,labeled,True,False,PROVISIONAL_LLM_GOLD,"42 days of RHR data available (28 baseline + 14 window), showing stable 55-57 bpm range.",Item applies when repeated RHR readings or a recent change exist.,Supports reviewing the multi-week RHR trend rather than isolated daily values. 42 days of data provide adequate trend context.,qwen3.8-max,67af757e608ed5ab90047a10c2651f207a5ef0200f32506a8d935ae5fafe8174,blinded-annotation-v2-shortrefs
C004,K084,2,labeled,1,labeled,2,labeled,False,False,PROVISIONAL_LLM_GOLD,"HRV RMSSD drops transiently to 22-28 ms (Apr 3-6) from baseline 43-47 ms, then recovers. RHR remains stable 55-57 bpm.",Item applies when an HRV trend is available for wellness monitoring; non-applicable if diagnosing disease from HRV.,"Core principle for interpreting the observed transient HRV drop: it is a wellness observation, not a diagnostic indicator of disease or stress.",qwen3.8-max,67af757e608ed5ab90047a10c2651f207a5ef0200f32506a8d935ae5fafe8174,blinded-annotation-v2-shortrefs
C004,K085,2,labeled,1,labeled,2,labeled,False,False,PROVISIONAL_LLM_GOLD,Metadata specifies 'night RMSSD' and derived statistics label the metric 'hrv_rmssd_ms'. Window shows transient drop (min 22) then recovery.,Item applies when HRV records identify RMSSD as their metric; requires metric formula established.,Core explanation that observed HRV values use the RMSSD formula. Essential for correctly interpreting the specific metric recorded and its transient changes.,qwen3.8-max,67af757e608ed5ab90047a10c2651f207a5ef0200f32506a8d935ae5fafe8174,blinded-annotation-v2-shortrefs
C004,K086,1,labeled,1,labeled,1,labeled,True,False,PROVISIONAL_LLM_GOLD,"Nighttime coverage ranges 482-498 minutes (>3 hours) across all days. Device is synthetic, not confirmed Fitbit.",Item requires compatible Fitbit collection definition and sleep coverage; non-applicable if applying universally to other devices.,"Provides context for overnight HRV collection. Sleep coverage exceeds 3h threshold supporting HRV collection validity, though device is synthetic.",qwen3.8-max,67af757e608ed5ab90047a10c2651f207a5ef0200f32506a8d935ae5fafe8174,blinded-annotation-v2-shortrefs
C004,K087,0,labeled,0,labeled,0,labeled,True,False,PROVISIONAL_LLM_GOLD,Only sleep duration and timing are available; no sleep-stage data is recorded.,Item requires sleep-stage measurements; non-applicable if only sleep duration and timing are available.,No sleep stage data present. Item conditions explicitly not met per non-applicable criteria.,qwen3.8-max,67af757e608ed5ab90047a10c2651f207a5ef0200f32506a8d935ae5fafe8174,blinded-annotation-v2-shortrefs
C004,K088,0,labeled,0,labeled,0,labeled,True,False,PROVISIONAL_LLM_GOLD,No health concerns or symptoms are reported in the data.,Item requires reported health concerns or symptoms; non-applicable if declaring emergency from relative trend without clinical context.,No health concerns documented. Generic guidance without concrete connection to observations. Item conditions not met.,qwen3.8-max,67af757e608ed5ab90047a10c2651f207a5ef0200f32506a8d935ae5fafe8174,blinded-annotation-v2-shortrefs
C004,K089,0,labeled,0,labeled,0,labeled,True,False,PROVISIONAL_LLM_GOLD,"RHR readings are stable (variance 0.77 baseline, 0.71 window) with consistent wear times.",Item applies when heart-rate readings may be unreliable or wear quality changes; non-applicable if no evidence of fit problems.,No evidence of sensor fit issues. Stable RHR suggests consistent measurement. Item conditions not met.,qwen3.8-max,67af757e608ed5ab90047a10c2651f207a5ef0200f32506a8d935ae5fafe8174,blinded-annotation-v2-shortrefs
C004,K090,1,labeled,1,labeled,1,labeled,True,False,PROVISIONAL_LLM_GOLD,"Nighttime coverage ranges 482-498 minutes across all days, exceeding the 180-minute validity threshold.",Item applies when overnight vitals have missing readings or uncertain coverage; requires separate night-time wear information.,"Supports that adequate night-time coverage exists independently of daytime wear, validating overnight metrics like HRV and RHR.",qwen3.8-max,67af757e608ed5ab90047a10c2651f207a5ef0200f32506a8d935ae5fafe8174,blinded-annotation-v2-shortrefs
C004,K091,0,labeled,0,labeled,1,labeled,False,False,PROVISIONAL_LLM_GOLD,All vitals are present with 0 missing counts. Nighttime coverage consistently exceeds 180 minutes (range 482-498).,Item applies when a vital is missing with limited night-time data; non-applicable if interpreting missing as zero.,All vitals present with adequate coverage. Item about missing data not applicable here.,qwen3.8-max,67af757e608ed5ab90047a10c2651f207a5ef0200f32506a8d935ae5fafe8174,blinded-annotation-v2-shortrefs
C004,K092,0,labeled,0,labeled,0,labeled,True,False,PROVISIONAL_LLM_GOLD,"All vitals (sleep, steps, activity, RHR, HRV) are present with 0 missing counts across all 42 days.",Item applies when vitals are missing or delayed; non-applicable if treating unsupported metrics as measured zeros.,All data present. No missing vitals to troubleshoot. Item conditions not triggered.,qwen3.8-max,67af757e608ed5ab90047a10c2651f207a5ef0200f32506a8d935ae5fafe8174,blinded-annotation-v2-shortrefs
C004,K093,0,labeled,0,labeled,0,labeled,True,False,PROVISIONAL_LLM_GOLD,Same synthetic device used across all 42 days. No device switch occurred.,Item requires device and algorithm history showing a change; non-applicable if assuming device switch in same-device series.,No device change occurred. Same device used across baseline and window periods. Item conditions not met.,qwen3.8-max,67af757e608ed5ab90047a10c2651f207a5ef0200f32506a8d935ae5fafe8174,blinded-annotation-v2-shortrefs
C004,K094,1,labeled,1,labeled,1,labeled,True,False,PROVISIONAL_LLM_GOLD,"Sleep duration is recorded (e.g., 477 min on 2026-03-02) alongside sleep start/end timestamps.",Item applies when device-estimated sleep duration and boundaries are available.,"Clarifies that recorded sleep duration is an estimate from classified sleep portions, not total time in bed. Relevant for interpreting the ~470 min values.",qwen3.8-max,67af757e608ed5ab90047a10c2651f207a5ef0200f32506a8d935ae5fafe8174,blinded-annotation-v2-shortrefs
C004,K095,1,labeled,1,labeled,1,labeled,True,False,PROVISIONAL_LLM_GOLD,"Nighttime coverage is consistently 482-498 minutes across all 42 days, with 0 missing counts for sleep.",Item applies when sleep readings are absent with non-wear; requires night-time wear record.,Supports that consistent overnight wear produced complete sleep records without gaps. All nights have adequate coverage.,qwen3.8-max,67af757e608ed5ab90047a10c2651f207a5ef0200f32506a8d935ae5fafe8174,blinded-annotation-v2-shortrefs
C004,K096,0,labeled,0,labeled,1,labeled,False,False,PROVISIONAL_LLM_GOLD,"Steps are stable (baseline mean 8054, window mean 8061). No evidence of wear changes.",Item applies when step readings change with possible measurement limitations; non-applicable if assuming low steps always mean less walking.,Steps are stable. No evidence of measurement artifacts affecting readings. Item conditions not met.,qwen3.8-max,67af757e608ed5ab90047a10c2651f207a5ef0200f32506a8d935ae5fafe8174,blinded-annotation-v2-shortrefs
C005,K001,2,labeled,2,labeled,2,labeled,True,False,PROVISIONAL_LLM_GOLD,"Window sleep durations Mar 30-Apr 5 were 357-368 min (~6h), below 7h. Metadata age_band is 18-60.",Item applies to adults 18-60 with sleep duration below recommendation of at least 7 hours.,Core directly explains that early window sleep fell below the 7-hour CDC recommendation for this age band.,qwen3.8-max,b38922c6a259c365e2c0f86fd5ece44f135995944e894279541357c5a28f52fe,blinded-annotation-v2-shortrefs
C005,K002,0,labeled,0,labeled,0,labeled,True,False,PROVISIONAL_LLM_GOLD,Metadata age_band is 18-60.,Item requires age 61 to 64; non-applicable for other age groups.,Subject age band does not match; later middle-age recommendations not applicable.,qwen3.8-max,b38922c6a259c365e2c0f86fd5ece44f135995944e894279541357c5a28f52fe,blinded-annotation-v2-shortrefs
C005,K003,0,labeled,0,labeled,0,labeled,True,False,PROVISIONAL_LLM_GOLD,Metadata age_band is 18-60.,Item requires age at least 65; non-applicable for age below 65.,Subject is under 65; older adult sleep recommendations explicitly not applicable.,qwen3.8-max,b38922c6a259c365e2c0f86fd5ece44f135995944e894279541357c5a28f52fe,blinded-annotation-v2-shortrefs
C005,K004,0,labeled,0,labeled,0,labeled,True,False,PROVISIONAL_LLM_GOLD,Metadata age_band is 18-60.,Item requires teenage age group (13-17); non-applicable for adults.,Subject is an adult; teenager sleep recommendations explicitly not applicable.,qwen3.8-max,b38922c6a259c365e2c0f86fd5ece44f135995944e894279541357c5a28f52fe,blinded-annotation-v2-shortrefs
C005,K005,1,labeled,1,labeled,1,labeled,True,False,PROVISIONAL_LLM_GOLD,Sleep duration dropped to ~6h for 7 consecutive nights while wake time remained fixed at 07:00.,Item applies to repeatedly shortened sleep opportunity or duration; requires schedule constraint to attribute to busyness.,Relevant context: shortened sleep with fixed wake time suggests reduced sleep opportunity.,qwen3.8-max,b38922c6a259c365e2c0f86fd5ece44f135995944e894279541357c5a28f52fe,blinded-annotation-v2-shortrefs
C005,K006,1,labeled,1,labeled,1,labeled,True,False,PROVISIONAL_LLM_GOLD,Early window sleep was consistently short (~6h) for 7 nights before returning to baseline.,Item applies when sleep is consistently short even without a new decline; non-applicable when sleep duration is sufficient for the applicable age group.,"Relevant caution: baseline was adequate, but if short sleep persisted it wouldn't prove adaptation.",qwen3.8-max,b38922c6a259c365e2c0f86fd5ece44f135995944e894279541357c5a28f52fe,blinded-annotation-v2-shortrefs
C005,K007,1,labeled,1,labeled,1,labeled,True,False,PROVISIONAL_LLM_GOLD,Sleep duration changed significantly (mean 480.9 to 421.6 min) but no quality metrics like awakenings or refreshment are recorded.,Item applies when sleep duration is recorded but sleep quality may be unknown; non-applicable when claiming duration alone proves quality.,Important distinction: observed duration changes do not establish whether sleep quality changed.,qwen3.8-max,b38922c6a259c365e2c0f86fd5ece44f135995944e894279541357c5a28f52fe,blinded-annotation-v2-shortrefs
C005,K008,0,labeled,1,labeled,0,labeled,False,False,PROVISIONAL_LLM_GOLD,"Only sleep duration, start, and end timestamps are available. No awakening history recorded.",Item requires awakening history or measured sleep continuity; non-applicable when only duration and sleep start/end are available.,Awakening history unknown; cannot assess sleep continuity from available data.,qwen3.8-max,b38922c6a259c365e2c0f86fd5ece44f135995944e894279541357c5a28f52fe,blinded-annotation-v2-shortrefs
C005,K009,0,labeled,0,labeled,0,labeled,True,False,PROVISIONAL_LLM_GOLD,"Window sleep mean 421.6 min (~7h), early window ~6h. No subjective refreshment data. Not consistently >8h.",Item requires more than eight hours of night-time sleep with reported lack of refreshment; non-applicable when no information about feeling rested.,Sleep was not consistently >8h and no subjective refreshment data exists.,qwen3.8-max,b38922c6a259c365e2c0f86fd5ece44f135995944e894279541357c5a28f52fe,blinded-annotation-v2-shortrefs
C005,K010,0,labeled,1,labeled,0,labeled,False,False,PROVISIONAL_LLM_GOLD,"Sleep was shortened to ~6h for 7 nights (Mar 30-Apr 5), but no cognitive symptoms are recorded.",Item requires symptoms to claim actual cognitive impairment; non-applicable when diagnosing impairment from wearable data alone.,No cognitive symptoms reported; educational item cannot establish individual impairment.,qwen3.8-max,b38922c6a259c365e2c0f86fd5ece44f135995944e894279541357c5a28f52fe,blinded-annotation-v2-shortrefs
C005,K011,2,labeled,2,labeled,2,labeled,True,False,PROVISIONAL_LLM_GOLD,"Sleep duration was 357-368 min for 7 consecutive nights (Mar 30-Apr 5), representing repeated sleep loss.",Item applies to several nights of reduced sleep duration; non-applicable when no repeated sleep restriction.,"Core directly explains that seven consecutive shortened nights (~6h) can affect performance, matching observed data.",qwen3.8-max,b38922c6a259c365e2c0f86fd5ece44f135995944e894279541357c5a28f52fe,blinded-annotation-v2-shortrefs
C005,K012,0,labeled,0,labeled,1,labeled,False,False,PROVISIONAL_LLM_GOLD,"Sleep was shortened to ~6h for 7 nights, but no infection or immune outcomes are recorded.",Item applies to ongoing insufficient sleep; non-applicable when inferring an infection from sleep or heart-rate changes.,Generic background about immune function; no concrete connection to specific observed outcomes.,qwen3.8-max,b38922c6a259c365e2c0f86fd5ece44f135995944e894279541357c5a28f52fe,blinded-annotation-v2-shortrefs
C005,K013,0,labeled,0,labeled,0,labeled,True,False,PROVISIONAL_LLM_GOLD,No food intake or appetite information recorded.,Item requires food intake or appetite information for individual claims; non-applicable when diagnosing metabolic disorder from wearable observations.,Appetite data unknown; cannot infer hormonal hunger changes from sleep duration alone.,qwen3.8-max,b38922c6a259c365e2c0f86fd5ece44f135995944e894279541357c5a28f52fe,blinded-annotation-v2-shortrefs
C005,K014,0,labeled,0,labeled,0,labeled,True,False,PROVISIONAL_LLM_GOLD,No subjective sleepiness or driving context recorded in wearable data.,Item requires reported sleepiness and driving plans; non-applicable when sleepiness or driving context unknown.,Sleepiness and driving context unknown; safety advice not triggered by duration data alone.,qwen3.8-max,b38922c6a259c365e2c0f86fd5ece44f135995944e894279541357c5a28f52fe,blinded-annotation-v2-shortrefs
C005,K015,1,labeled,1,labeled,1,labeled,True,False,PROVISIONAL_LLM_GOLD,Sleep duration varied from 357 to 488 min across the 42 days.,Item applies when adult sleep duration is being reviewed; non-applicable when using one duration target as a diagnostic test.,Contextualizes observed durations against individual variation within the 7-9h average range.,qwen3.8-max,b38922c6a259c365e2c0f86fd5ece44f135995944e894279541357c5a28f52fe,blinded-annotation-v2-shortrefs
C005,K016,0,labeled,0,labeled,0,labeled,True,False,PROVISIONAL_LLM_GOLD,14-day window. No reported sleeping difficulties or months-long history.,Item requires months-long sleeping difficulties or failed habit changes; non-applicable with only a brief duration record without reported problems.,Insufficient duration and no reported symptoms to meet conditions for professional insomnia review.,qwen3.8-max,b38922c6a259c365e2c0f86fd5ece44f135995944e894279541357c5a28f52fe,blinded-annotation-v2-shortrefs
C005,K017,2,labeled,2,labeled,2,labeled,True,False,PROVISIONAL_LLM_GOLD,"Sleep start shifted abruptly from ~22:40 baseline to ~00:35 early window, then returned to ~22:40 from Apr 6. Wake time remained exactly 07:00 daily.",Item applies to repeated variability in bedtime or wake time.,Core directly explains the importance of consistency given the observed abrupt sleep start shift and return.,qwen3.8-max,b38922c6a259c365e2c0f86fd5ece44f135995944e894279541357c5a28f52fe,blinded-annotation-v2-shortrefs
C005,K018,0,labeled,0,labeled,0,labeled,True,False,PROVISIONAL_LLM_GOLD,Wake time is exactly 07:00 every single day. No insomnia symptoms reported.,Item requires inconsistent wake time with reported sleeping difficulties; non-applicable when no evidence of insomnia symptoms.,Wake time is perfectly consistent; no insomnia symptoms to trigger this specific advice.,qwen3.8-max,b38922c6a259c365e2c0f86fd5ece44f135995944e894279541357c5a28f52fe,blinded-annotation-v2-shortrefs
C005,K019,0,labeled,0,labeled,0,labeled,True,False,PROVISIONAL_LLM_GOLD,"Wake time exactly 07:00 every day. Sleep start variation was period-based (baseline vs early window), not weekday/weekend-based.",Item requires bedtime or wake time differing substantially between weekdays and weekends; non-applicable when weekday and weekend sleep times are similar.,Wake time identical every day; no substantial weekday/weekend schedule difference observed.,qwen3.8-max,b38922c6a259c365e2c0f86fd5ece44f135995944e894279541357c5a28f52fe,blinded-annotation-v2-shortrefs
C005,K020,0,labeled,0,labeled,0,labeled,True,False,PROVISIONAL_LLM_GOLD,Sleep start timestamps exist but pre-bed activities are not recorded.,Item requires information about pre-bed activities; non-applicable when assuming a missing bedtime routine from timestamps alone.,Bedtime timestamps exist but activities during quiet time are unknown.,qwen3.8-max,b38922c6a259c365e2c0f86fd5ece44f135995944e894279541357c5a28f52fe,blinded-annotation-v2-shortrefs
C005,K021,0,labeled,0,labeled,0,labeled,True,False,PROVISIONAL_LLM_GOLD,Screen or light exposure information not recorded.,Item requires screen or light exposure information; non-applicable when exposure is unknown.,Screen exposure is unknown; cannot attribute the observed late sleep onset to screens.,qwen3.8-max,b38922c6a259c365e2c0f86fd5ece44f135995944e894279541357c5a28f52fe,blinded-annotation-v2-shortrefs
C005,K022,0,labeled,0,labeled,0,labeled,True,False,PROVISIONAL_LLM_GOLD,Caffeine timing and intake not recorded.,Item requires caffeine timing and intake; non-applicable when no caffeine history.,Caffeine history unknown; cannot link to observed late sleep onset.,qwen3.8-max,b38922c6a259c365e2c0f86fd5ece44f135995944e894279541357c5a28f52fe,blinded-annotation-v2-shortrefs
C005,K023,0,labeled,0,labeled,0,labeled,True,False,PROVISIONAL_LLM_GOLD,Meal timing and size not recorded.,Item requires meal timing and size; non-applicable when meal information unknown.,Meal information unknown; cannot connect sleep changes to eating habits.,qwen3.8-max,b38922c6a259c365e2c0f86fd5ece44f135995944e894279541357c5a28f52fe,blinded-annotation-v2-shortrefs
C005,K024,0,labeled,0,labeled,0,labeled,True,False,PROVISIONAL_LLM_GOLD,Alcohol intake and timing not recorded.,Item requires alcohol intake and timing; non-applicable when alcohol exposure is unknown.,Alcohol exposure unknown; cannot link sleep changes to drinking habits.,qwen3.8-max,b38922c6a259c365e2c0f86fd5ece44f135995944e894279541357c5a28f52fe,blinded-annotation-v2-shortrefs
C005,K025,0,labeled,0,labeled,0,labeled,True,False,PROVISIONAL_LLM_GOLD,Nicotine use not recorded.,Item requires nicotine exposure; non-applicable when nicotine use unknown.,Nicotine use unknown; cannot link sleep changes to stimulant effects.,qwen3.8-max,b38922c6a259c365e2c0f86fd5ece44f135995944e894279541357c5a28f52fe,blinded-annotation-v2-shortrefs
C005,K026,0,labeled,0,labeled,0,labeled,True,False,PROVISIONAL_LLM_GOLD,"Bedroom light, noise, or temperature not recorded.","Item requires bedroom light, noise, or temperature; non-applicable when environment unknown.",Environment unknown; cannot link sleep changes to bedroom conditions.,qwen3.8-max,b38922c6a259c365e2c0f86fd5ece44f135995944e894279541357c5a28f52fe,blinded-annotation-v2-shortrefs
C005,K027,0,labeled,0,labeled,0,labeled,True,False,PROVISIONAL_LLM_GOLD,No relaxation issues or pre-bed routine context reported.,Item requires reported difficulty relaxing or request for routine options; non-applicable when inferring stress from wearable signals.,Generic routine advice; no evidence of relaxation issues or pre-bed routine context.,qwen3.8-max,b38922c6a259c365e2c0f86fd5ece44f135995944e894279541357c5a28f52fe,blinded-annotation-v2-shortrefs
C005,K028,0,labeled,0,labeled,0,labeled,True,False,PROVISIONAL_LLM_GOLD,No nap duration or timing recorded.,Item requires nap duration or night-time sleep-onset difficulty; non-applicable when nap history is unknown.,Nap history unknown; cannot apply nap duration or timing advice.,qwen3.8-max,b38922c6a259c365e2c0f86fd5ece44f135995944e894279541357c5a28f52fe,blinded-annotation-v2-shortrefs
C005,K029,0,labeled,0,labeled,0,labeled,True,False,PROVISIONAL_LLM_GOLD,"Shift work status unknown. Sleep start varied by period, not necessarily by rotating shifts.",Item requires confirmed shift-work schedule; non-applicable when shift work unknown.,Variable sleep times alone do not prove rotating shifts; shift work context unknown.,qwen3.8-max,b38922c6a259c365e2c0f86fd5ece44f135995944e894279541357c5a28f52fe,blinded-annotation-v2-shortrefs
C005,K030,0,labeled,0,labeled,0,labeled,True,False,PROVISIONAL_LLM_GOLD,Shift work status unknown.,Item requires work schedule and lighting context for shift workers; non-applicable when no confirmed shift work.,Shift work unknown; bright lighting advice for shift workers not applicable.,qwen3.8-max,b38922c6a259c365e2c0f86fd5ece44f135995944e894279541357c5a28f52fe,blinded-annotation-v2-shortrefs
C005,K031,0,labeled,0,labeled,0,labeled,True,False,PROVISIONAL_LLM_GOLD,Shift work and caffeine use unknown.,Item requires shift schedule and caffeine intake; non-applicable when shift work or caffeine use unknown.,Shift work and caffeine use unknown; conditions not met.,qwen3.8-max,b38922c6a259c365e2c0f86fd5ece44f135995944e894279541357c5a28f52fe,blinded-annotation-v2-shortrefs
C005,K032,0,labeled,0,labeled,0,labeled,True,False,PROVISIONAL_LLM_GOLD,All sleep occurs overnight (ending 07:00). No daytime sleep or shift work recorded.,Item requires shift work and sleep environment for daytime sleep; non-applicable when only ordinary overnight sleep is recorded.,Only ordinary overnight sleep observed; shift work and daytime sleep conditions not met.,qwen3.8-max,b38922c6a259c365e2c0f86fd5ece44f135995944e894279541357c5a28f52fe,blinded-annotation-v2-shortrefs
C005,K033,1,labeled,1,labeled,1,labeled,True,False,PROVISIONAL_LLM_GOLD,Sleep start shifted abruptly from ~22:40 to ~00:35 and back over the 42-day period.,Item applies when a changed or variable sleep pattern needs review.,A sleep diary would help contextualize the observed abrupt sleep timing shift and variability.,qwen3.8-max,b38922c6a259c365e2c0f86fd5ece44f135995944e894279541357c5a28f52fe,blinded-annotation-v2-shortrefs
C005,K034,2,labeled,2,labeled,2,labeled,True,False,PROVISIONAL_LLM_GOLD,"Sleep duration was 357-368 min for 7 consecutive nights (Mar 30-Apr 5), well below baseline mean of 480.9 min.",Item applies to several shortened nights rather than a single isolated reading; non-applicable when claiming a fixed number of recovery nights.,"Core explanation: repeated lost sleep during early window accumulates, directly matching observed pattern.",qwen3.8-max,b38922c6a259c365e2c0f86fd5ece44f135995944e894279541357c5a28f52fe,blinded-annotation-v2-shortrefs
C005,K035,0,labeled,0,labeled,0,labeled,True,False,PROVISIONAL_LLM_GOLD,Baseline weekend sleep mean 484.6 min vs weekday 479.4 min. Difference is ~5 min. Wake time identical daily.,Item requires longer sleep and later timing on days off; non-applicable when assuming every weekend is a day off.,Weekend/baseline difference is minimal (~5 min); no substantial extra sleep on days off observed.,qwen3.8-max,b38922c6a259c365e2c0f86fd5ece44f135995944e894279541357c5a28f52fe,blinded-annotation-v2-shortrefs
C005,K036,0,labeled,0,labeled,0,labeled,True,False,PROVISIONAL_LLM_GOLD,No nap information recorded in the data.,Item requires recorded naps; non-applicable when no nap information.,Nap information absent; cannot evaluate compensation for shortened nights.,qwen3.8-max,b38922c6a259c365e2c0f86fd5ece44f135995944e894279541357c5a28f52fe,blinded-annotation-v2-shortrefs
C005,K037,0,labeled,0,labeled,0,labeled,True,False,PROVISIONAL_LLM_GOLD,Wake time perfectly consistent at 07:00 every day. No insomnia symptoms reported.,Item requires reported bad sleep or insomnia symptoms; non-applicable with only a device estimate without reported sleeping difficulty.,No reported insomnia or bad nights; wake time is perfectly consistent.,qwen3.8-max,b38922c6a259c365e2c0f86fd5ece44f135995944e894279541357c5a28f52fe,blinded-annotation-v2-shortrefs
C005,K038,0,labeled,0,labeled,0,labeled,True,False,PROVISIONAL_LLM_GOLD,14-day window with no symptom history or reported sleeping difficulties.,Item requires symptom history and onset; non-applicable when diagnosing insomnia from estimated sleep hours.,Cannot diagnose or categorize insomnia from 14 days of device estimates without symptoms.,qwen3.8-max,b38922c6a259c365e2c0f86fd5ece44f135995944e894279541357c5a28f52fe,blinded-annotation-v2-shortrefs
C005,K039,0,labeled,0,labeled,0,labeled,True,False,PROVISIONAL_LLM_GOLD,No travel history or flight data recorded.,"Item requires confirmed travel, destination time zone, and trip duration; non-applicable when no travel history.",No travel history; cannot attribute sleep shift to jet lag or travel.,qwen3.8-max,b38922c6a259c365e2c0f86fd5ece44f135995944e894279541357c5a28f52fe,blinded-annotation-v2-shortrefs
C005,K040,0,labeled,0,labeled,0,labeled,True,False,PROVISIONAL_LLM_GOLD,Travel context unknown.,Item requires trip duration and time-zone change; non-applicable when travel context unknown.,Travel context is unknown; cannot apply short-trip jet lag advice.,qwen3.8-max,b38922c6a259c365e2c0f86fd5ece44f135995944e894279541357c5a28f52fe,blinded-annotation-v2-shortrefs
C005,K041,0,labeled,0,labeled,0,labeled,True,False,PROVISIONAL_LLM_GOLD,"Steps and activity duration remained stable across periods (steps diff +3.1, activity diff -1.2 min).",Item requires low or declining movement giving opportunity to add activity; non-applicable when equating steps directly with guideline compliance.,Movement did not decline; generic advice with no specific connection to observed stable patterns.,qwen3.8-max,b38922c6a259c365e2c0f86fd5ece44f135995944e894279541357c5a28f52fe,blinded-annotation-v2-shortrefs
C005,K042,0,labeled,0,labeled,0,labeled,True,False,PROVISIONAL_LLM_GOLD,"Activity duration remained stable (baseline mean 55.5 min, window mean 54.4 min). Steps stable (~7975 vs ~7979).",Item requires recently low or reduced physical activity; non-applicable when prescribing intense programme from wearable data alone.,Activity remained stable across periods; no evidence of recent inactivity to trigger gradual build-up advice.,qwen3.8-max,b38922c6a259c365e2c0f86fd5ece44f135995944e894279541357c5a28f52fe,blinded-annotation-v2-shortrefs
C005,K043,0,labeled,0,labeled,0,labeled,True,False,PROVISIONAL_LLM_GOLD,Activity intensity is 'unknown' for all intervals. Only moving minutes and steps available.,Item requires known activity intensity; non-applicable when only steps or unspecified active minutes are available.,Intensity unknown; cannot determine if 150-minute weekly target is met.,qwen3.8-max,b38922c6a259c365e2c0f86fd5ece44f135995944e894279541357c5a28f52fe,blinded-annotation-v2-shortrefs
C005,K044,0,labeled,0,labeled,0,labeled,True,False,PROVISIONAL_LLM_GOLD,All activity intervals have intensity 'unknown'.,Item requires known vigorous intensity; non-applicable when intensity unknown.,Intensity unknown; cannot apply vigorous activity targets to observed data.,qwen3.8-max,b38922c6a259c365e2c0f86fd5ece44f135995944e894279541357c5a28f52fe,blinded-annotation-v2-shortrefs
C005,K045,0,labeled,0,labeled,0,labeled,True,False,PROVISIONAL_LLM_GOLD,Activity duration stable (~55 min/day). Intensity unknown.,Item requires intensity for counting guideline minutes; non-applicable when assuming every recorded active minute is moderate intensity.,Cannot verify guideline accumulation without intensity; splitting advice not specifically informative.,qwen3.8-max,b38922c6a259c365e2c0f86fd5ece44f135995944e894279541357c5a28f52fe,blinded-annotation-v2-shortrefs
C005,K046,0,labeled,0,labeled,0,labeled,True,False,PROVISIONAL_LLM_GOLD,No muscle-strengthening activity records available. Only steps and moving minutes.,Item requires strengthening activity records including days and muscle groups; non-applicable when only step or generic movement counts are available.,No muscle-strengthening records available; generic guideline not connected to observed data.,qwen3.8-max,b38922c6a259c365e2c0f86fd5ece44f135995944e894279541357c5a28f52fe,blinded-annotation-v2-shortrefs
C005,K047,0,labeled,0,labeled,0,labeled,True,False,PROVISIONAL_LLM_GOLD,Activity intensity is 'unknown' for all intervals. Cannot verify guideline attainment.,Item requires known intensity and weekly duration; non-applicable when intensity unknown or unverified guideline attainment.,Intensity unknown and duration insufficient to verify guideline attainment; conditions not met.,qwen3.8-max,b38922c6a259c365e2c0f86fd5ece44f135995944e894279541357c5a28f52fe,blinded-annotation-v2-shortrefs
C005,K048,0,labeled,0,labeled,0,labeled,True,False,PROVISIONAL_LLM_GOLD,Activity intensity is 'unknown' for all intervals across baseline and window.,Item requires fitness or perceived effort to interpret intensity; non-applicable when inferring intensity from steps alone.,Intensity unknown throughout; item correctly notes steps alone cannot assign intensity.,qwen3.8-max,b38922c6a259c365e2c0f86fd5ece44f135995944e894279541357c5a28f52fe,blinded-annotation-v2-shortrefs
C005,K049,0,labeled,0,labeled,0,labeled,True,False,PROVISIONAL_LLM_GOLD,All activity intervals have intensity 'unknown'.,Item requires observed effort or aerobic-activity context; non-applicable when effort is unrecorded.,No recorded intensity or effort data to apply the talk test.,qwen3.8-max,b38922c6a259c365e2c0f86fd5ece44f135995944e894279541357c5a28f52fe,blinded-annotation-v2-shortrefs
C005,K050,0,labeled,0,labeled,0,labeled,True,False,PROVISIONAL_LLM_GOLD,Steps mean difference between periods is +3.1 (7975.8 vs 7978.9). No meaningful step change.,Item applies when steps change while other activity may differ; non-applicable when concluding intensity from steps alone.,No step change observed; item conditions not met by the data.,qwen3.8-max,b38922c6a259c365e2c0f86fd5ece44f135995944e894279541357c5a28f52fe,blinded-annotation-v2-shortrefs
C005,K051,0,labeled,0,labeled,0,labeled,True,False,PROVISIONAL_LLM_GOLD,Steps mean 7975.8 baseline vs 7978.9 window. Activity duration stable.,Item requires low or declining routine movement; non-applicable when assuming everyone can safely walk or cycle.,Movement did not decline; generic walking advice not specifically informative here.,qwen3.8-max,b38922c6a259c365e2c0f86fd5ece44f135995944e894279541357c5a28f52fe,blinded-annotation-v2-shortrefs
C005,K052,0,labeled,0,labeled,0,labeled,True,False,PROVISIONAL_LLM_GOLD,Activity maintained consistently. Personal preferences unknown.,Item requires personal preferences and availability; non-applicable when prescribing unsuitable activity without context.,No activity maintenance difficulty observed; preference-based advice not specifically informative.,qwen3.8-max,b38922c6a259c365e2c0f86fd5ece44f135995944e894279541357c5a28f52fe,blinded-annotation-v2-shortrefs
C005,K053,0,labeled,0,labeled,0,labeled,True,False,PROVISIONAL_LLM_GOLD,No motivational or social barrier evidenced. Activity levels maintained.,Item requires social preferences or reported motivational barrier; non-applicable when no evidence of such barrier.,No evidence of motivational issues; generic social activity advice not connected to data.,qwen3.8-max,b38922c6a259c365e2c0f86fd5ece44f135995944e894279541357c5a28f52fe,blinded-annotation-v2-shortrefs
C005,K054,0,labeled,0,labeled,0,labeled,True,False,PROVISIONAL_LLM_GOLD,No time barrier reported. Activity duration stable (~55 min/day).,Item requires actual daily schedule and time barrier; non-applicable when assuming a time barrier from low steps.,No time barrier reported and activity not low; conditions not met.,qwen3.8-max,b38922c6a259c365e2c0f86fd5ece44f135995944e894279541357c5a28f52fe,blinded-annotation-v2-shortrefs
C005,K055,0,labeled,0,labeled,0,labeled,True,False,PROVISIONAL_LLM_GOLD,"Activity duration stable (baseline mean 55.5 min, window mean 54.4 min). No schedule constraints reported.",Item requires reported competing demands reducing activity; non-applicable when schedule reason is unknown.,No evidence of schedule barriers; generic planning advice not specifically informative.,qwen3.8-max,b38922c6a259c365e2c0f86fd5ece44f135995944e894279541357c5a28f52fe,blinded-annotation-v2-shortrefs
C005,K056,0,labeled,0,labeled,0,labeled,True,False,PROVISIONAL_LLM_GOLD,"No chronic condition, disability, or special need established in the data.",Item requires relevant health condition and activity safety history; non-applicable when medical or disability context unknown.,Medical context unknown; generic advice not applicable to observed data.,qwen3.8-max,b38922c6a259c365e2c0f86fd5ece44f135995944e894279541357c5a28f52fe,blinded-annotation-v2-shortrefs
C005,K057,0,labeled,0,labeled,1,labeled,False,False,PROVISIONAL_LLM_GOLD,"Low movement intervals of ~45 min occur repeatedly, but metadata states 'low movement not posture'.","Item requires mobility and posture context for an individual sitting claim; non-applicable when low movement due to non-wear or sleep, or posture unconfirmed.",Device low movement is not confirmed sitting; cannot apply sedentary interruption advice directly.,qwen3.8-max,b38922c6a259c365e2c0f86fd5ece44f135995944e894279541357c5a28f52fe,blinded-annotation-v2-shortrefs
C005,K058,0,labeled,0,labeled,0,labeled,True,False,PROVISIONAL_LLM_GOLD,Low movement minutes are ~450/day but device metadata states 'low movement not posture'.,Item requires known sitting posture and activity intensity for guideline claims; non-applicable when assuming low-movement estimates prove sitting.,Cannot confirm sitting from low-movement data; conditions not met.,qwen3.8-max,b38922c6a259c365e2c0f86fd5ece44f135995944e894279541357c5a28f52fe,blinded-annotation-v2-shortrefs
C005,K059,0,labeled,0,labeled,0,labeled,True,False,PROVISIONAL_LLM_GOLD,Low movement minutes stable (~450/day). Device metadata states 'low movement not posture'.,Item requires confirmed sitting for a specific sedentary-time conclusion; non-applicable when non-wear is recorded as no movement.,Device low movement is not confirmed sitting; cannot draw specific sedentary conclusions.,qwen3.8-max,b38922c6a259c365e2c0f86fd5ece44f135995944e894279541357c5a28f52fe,blinded-annotation-v2-shortrefs
C005,K060,0,labeled,0,labeled,0,labeled,True,False,PROVISIONAL_LLM_GOLD,Commute details unknown.,"Item requires transport, mobility, and safety context; non-applicable when commute unknown.",Commute unknown; generic transport advice not connected to data.,qwen3.8-max,b38922c6a259c365e2c0f86fd5ece44f135995944e894279541357c5a28f52fe,blinded-annotation-v2-shortrefs
C005,K061,0,labeled,0,labeled,0,labeled,True,False,PROVISIONAL_LLM_GOLD,Workplace layout and ability to walk unknown.,Item requires workplace layout and ability to walk; non-applicable when work context unknown.,Work context unknown; generic workplace advice not connected to observations.,qwen3.8-max,b38922c6a259c365e2c0f86fd5ece44f135995944e894279541357c5a28f52fe,blinded-annotation-v2-shortrefs
C005,K062,0,labeled,0,labeled,0,labeled,True,False,PROVISIONAL_LLM_GOLD,Workplace and meeting information unknown.,Item requires workplace and mobility context; non-applicable when no workplace or meeting information.,Workplace context unknown; generic standing meeting advice not applicable.,qwen3.8-max,b38922c6a259c365e2c0f86fd5ece44f135995944e894279541357c5a28f52fe,blinded-annotation-v2-shortrefs
C005,K063,0,labeled,0,labeled,0,labeled,True,False,PROVISIONAL_LLM_GOLD,Television viewing context unknown. Low movement is not confirmed sitting.,Item requires television-viewing context; non-applicable when screen habits unknown.,Screen habits unknown; generic advice not connected to observations.,qwen3.8-max,b38922c6a259c365e2c0f86fd5ece44f135995944e894279541357c5a28f52fe,blinded-annotation-v2-shortrefs
C005,K064,0,labeled,0,labeled,0,labeled,True,False,PROVISIONAL_LLM_GOLD,Leisure context and seated habits unknown.,"Item requires routine, preferences, and mobility; non-applicable when no leisure context.",Leisure context unknown; generic replacement advice not connected to data.,qwen3.8-max,b38922c6a259c365e2c0f86fd5ece44f135995944e894279541357c5a28f52fe,blinded-annotation-v2-shortrefs
C005,K065,0,labeled,0,labeled,0,labeled,True,False,PROVISIONAL_LLM_GOLD,"Steps ~7975-7979/day, activity ~54-55 min/day. Movement not low.",Item applies to low everyday movement despite possible formal exercise; non-applicable when counting unobserved periods as inactivity.,Movement is not low; generic definition of physical activity not specifically informative here.,qwen3.8-max,b38922c6a259c365e2c0f86fd5ece44f135995944e894279541357c5a28f52fe,blinded-annotation-v2-shortrefs
C005,K066,0,labeled,0,labeled,0,labeled,True,False,PROVISIONAL_LLM_GOLD,Workday lunch-break context is unknown. Low movement intervals exist but work context unconfirmed.,Item requires known workday lunch-break access and mobility; non-applicable when workday or lunch-break context unknown.,Workday context unknown; generic lunch walk suggestion not connected to observations.,qwen3.8-max,b38922c6a259c365e2c0f86fd5ece44f135995944e894279541357c5a28f52fe,blinded-annotation-v2-shortrefs
C005,K067,0,labeled,0,labeled,0,labeled,True,False,PROVISIONAL_LLM_GOLD,Stair access and mobility context unknown. Steps did not decline.,Item requires stair access and safe mobility; non-applicable when mobility limitations or context unknown.,Generic suggestion; no evidence of low incidental movement or stair context.,qwen3.8-max,b38922c6a259c365e2c0f86fd5ece44f135995944e894279541357c5a28f52fe,blinded-annotation-v2-shortrefs
C005,K068,1,labeled,1,labeled,1,labeled,True,False,PROVISIONAL_LLM_GOLD,"Low movement intervals of ~45 min recorded repeatedly, but metadata states 'low movement not posture'.",Item applies when low-movement intervals are available without posture measurement; non-applicable when treating sleep or non-wear as confirmed sedentary behaviour.,"Directly relevant caution: device low movement is recorded but posture is unconfirmed, matching item condition.",qwen3.8-max,b38922c6a259c365e2c0f86fd5ece44f135995944e894279541357c5a28f52fe,blinded-annotation-v2-shortrefs
C005,K069,0,labeled,0,labeled,0,labeled,True,False,PROVISIONAL_LLM_GOLD,Activity duration stable while sleep changed abruptly. Paired correlation r=0.26 in window.,Item applies when activity and sleep patterns are available for joint review; non-applicable when declaring a causal effect from a few paired observations.,Generic benefit statement; cannot establish causal effect from observed co-occurring patterns.,qwen3.8-max,b38922c6a259c365e2c0f86fd5ece44f135995944e894279541357c5a28f52fe,blinded-annotation-v2-shortrefs
C005,K070,0,labeled,0,labeled,0,labeled,True,False,PROVISIONAL_LLM_GOLD,Activity duration stable (~55 min/day). Outdoor exposure cannot be inferred from movement counts.,Item requires outdoor access and mobility; non-applicable when inferring outdoor exposure from movement counts.,Activity was not low; outdoor exposure cannot be inferred from movement counts.,qwen3.8-max,b38922c6a259c365e2c0f86fd5ece44f135995944e894279541357c5a28f52fe,blinded-annotation-v2-shortrefs
C005,K071,0,labeled,0,labeled,1,labeled,False,False,PROVISIONAL_LLM_GOLD,"Activity intervals occur 21:00-~22:00 daily, but intensity is 'unknown'. Sleep start shifted to ~00:35 in early window.",Item requires known intensity and actual timing relative to bedtime; non-applicable when assuming every late movement interval is intense exercise.,Activity intensity is unknown; cannot determine if late movement constitutes intense exercise before bed.,qwen3.8-max,b38922c6a259c365e2c0f86fd5ece44f135995944e894279541357c5a28f52fe,blinded-annotation-v2-shortrefs
C005,K072,0,labeled,0,labeled,0,labeled,True,False,PROVISIONAL_LLM_GOLD,No insomnia symptoms reported. Activity intensity unknown.,Item requires exercise and insomnia symptom history; non-applicable when only movement and sleep timestamps are known.,No reported insomnia; temporal adjacency alone does not establish the condition.,qwen3.8-max,b38922c6a259c365e2c0f86fd5ece44f135995944e894279541357c5a28f52fe,blinded-annotation-v2-shortrefs
C005,K073,1,labeled,1,labeled,1,labeled,True,False,PROVISIONAL_LLM_GOLD,Activity intervals consistently occur 21:00-~22:00 while sleep starts shifted to ~00:35 in early window.,Item applies when activity timing and subsequent sleep are being compared.,Relevant for interpreting temporal relationship between evening activity and delayed sleep onset.,qwen3.8-max,b38922c6a259c365e2c0f86fd5ece44f135995944e894279541357c5a28f52fe,blinded-annotation-v2-shortrefs
C005,K074,0,labeled,0,labeled,0,labeled,True,False,PROVISIONAL_LLM_GOLD,No emergency-response deployment context indicated.,Item requires confirmed emergency-response deployment context; non-applicable when context unknown.,Deployment context unknown; specialized advice not applicable to general observations.,qwen3.8-max,b38922c6a259c365e2c0f86fd5ece44f135995944e894279541357c5a28f52fe,blinded-annotation-v2-shortrefs
C005,K075,0,labeled,0,labeled,0,labeled,True,False,PROVISIONAL_LLM_GOLD,Subjective energy pattern and tiredness history unknown.,Item requires subjective energy pattern and availability; non-applicable when no tiredness or energy history.,Energy history unknown; generic scheduling advice not connected to observations.,qwen3.8-max,b38922c6a259c365e2c0f86fd5ece44f135995944e894279541357c5a28f52fe,blinded-annotation-v2-shortrefs
C005,K076,1,labeled,1,labeled,1,labeled,True,False,PROVISIONAL_LLM_GOLD,Sleep start shifted abruptly while activity timing remained constant. Substance/medication history absent.,Item applies when sleep and activity show a temporal relationship needing context; non-applicable when assuming unrecorded exposures occurred.,Highlights that unrecorded substances/medications could explain sleep changes beyond activity timing.,qwen3.8-max,b38922c6a259c365e2c0f86fd5ece44f135995944e894279541357c5a28f52fe,blinded-annotation-v2-shortrefs
C005,K077,1,labeled,1,labeled,1,labeled,True,False,PROVISIONAL_LLM_GOLD,resting_heart_rate_bpm is recorded daily with stable values (55-57 bpm).,Item applies when resting heart rate observations are available; non-applicable when substituting exercise heart rate for resting heart rate.,Defines what the observed RHR metric represents; relevant for proper interpretation of stable readings.,qwen3.8-max,b38922c6a259c365e2c0f86fd5ece44f135995944e894279541357c5a28f52fe,blinded-annotation-v2-shortrefs
C005,K078,1,labeled,1,labeled,1,labeled,True,False,PROVISIONAL_LLM_GOLD,Daily resting_heart_rate_bpm is recorded. Sleeping heart rate is not separately provided.,Item applies when a daily resting heart-rate trend is being interpreted; non-applicable when mixing sleeping and resting heart-rate series.,Clarifies that observed RHR differs from sleeping heart rate; important for metric interpretation.,qwen3.8-max,b38922c6a259c365e2c0f86fd5ece44f135995944e894279541357c5a28f52fe,blinded-annotation-v2-shortrefs
C005,K079,1,labeled,1,labeled,1,labeled,True,False,PROVISIONAL_LLM_GOLD,"RHR remained stable (mean 56.1 baseline, 56.2 window). Multiple factors could influence it.","Item applies when resting heart rate changes relative to previous readings; non-applicable when inferring stress, infection, or medication use from a rise alone.",Provides necessary context that RHR has multiple influences; relevant given stable RHR despite sleep changes.,qwen3.8-max,b38922c6a259c365e2c0f86fd5ece44f135995944e894279541357c5a28f52fe,blinded-annotation-v2-shortrefs
C005,K080,1,labeled,1,labeled,1,labeled,True,False,PROVISIONAL_LLM_GOLD,Both resting_heart_rate_bpm and hrv_rmssd_ms are recorded daily.,Item applies when HRV and heart-rate estimates are being interpreted together; non-applicable when treating HRV as average heart rate.,"Clarifies that observed RHR and HRV are distinct metrics, preventing conflation in interpretation.",qwen3.8-max,b38922c6a259c365e2c0f86fd5ece44f135995944e894279541357c5a28f52fe,blinded-annotation-v2-shortrefs
C005,K081,1,labeled,1,labeled,1,labeled,True,False,PROVISIONAL_LLM_GOLD,HRV RMSSD mean 45.3 baseline vs 44.2 window. Small absolute change.,Item applies when an HRV level or trend is being reviewed; non-applicable for universal diagnosis from an HRV number.,Contextualizes the slight HRV decrease as person-specific; prevents overinterpreting absolute values.,qwen3.8-max,b38922c6a259c365e2c0f86fd5ece44f135995944e894279541357c5a28f52fe,blinded-annotation-v2-shortrefs
C005,K082,1,labeled,1,labeled,1,labeled,True,False,PROVISIONAL_LLM_GOLD,"28-day baseline provides personal history for RHR, HRV, sleep, and activity metrics.",Item applies when a vital has changed from a recent personal baseline; non-applicable for a single isolated reading without history.,Explains how the 28-day baseline establishes personal context for evaluating window changes.,qwen3.8-max,b38922c6a259c365e2c0f86fd5ece44f135995944e894279541357c5a28f52fe,blinded-annotation-v2-shortrefs
C005,K083,1,labeled,1,labeled,1,labeled,True,False,PROVISIONAL_LLM_GOLD,"RHR recorded daily over 42 days (28 baseline + 14 window), showing stable trend (variance <1).",Item applies when repeated resting heart-rate readings or a recent change exist; non-applicable when concluding a persistent trend from one reading.,Supports reviewing the 42-day RHR trend rather than focusing on single daily estimates.,qwen3.8-max,b38922c6a259c365e2c0f86fd5ece44f135995944e894279541357c5a28f52fe,blinded-annotation-v2-shortrefs
C005,K084,1,labeled,1,labeled,1,labeled,True,False,PROVISIONAL_LLM_GOLD,HRV RMSSD mean changed slightly from 45.3 to 44.2 ms between periods.,"Item applies when an HRV trend is available for wellness monitoring; non-applicable for diagnosing stress, anxiety, infection, or disease from HRV.","Directly relevant: HRV change is a wellness observation, not diagnostic of any condition.",qwen3.8-max,b38922c6a259c365e2c0f86fd5ece44f135995944e894279541357c5a28f52fe,blinded-annotation-v2-shortrefs
C005,K085,1,labeled,1,labeled,1,labeled,True,False,PROVISIONAL_LLM_GOLD,HRV metric is explicitly labeled hrv_rmssd_ms in the data.,Item applies when HRV records identify RMSSD as their metric.,"Confirms the specific HRV metric used, ensuring proper interpretation of observed values.",qwen3.8-max,b38922c6a259c365e2c0f86fd5ece44f135995944e894279541357c5a28f52fe,blinded-annotation-v2-shortrefs
C005,K086,0,labeled,0,labeled,1,labeled,False,False,PROVISIONAL_LLM_GOLD,"Device metadata states 'synthetic common wearable, not a commercial device export'.",Item requires compatible Fitbit collection definition; non-applicable when applying this rule universally to other devices.,Device is explicitly not a commercial Fitbit export; Fitbit-specific collection rules may not apply.,qwen3.8-max,b38922c6a259c365e2c0f86fd5ece44f135995944e894279541357c5a28f52fe,blinded-annotation-v2-shortrefs
C005,K087,0,labeled,0,labeled,0,labeled,True,False,PROVISIONAL_LLM_GOLD,"Only sleep duration, start, and end times are recorded. No sleep-stage data present.",Item requires sleep-stage measurements; non-applicable when only sleep duration and timing are available.,Sleep stage data absent; item about stage pattern variation not applicable.,qwen3.8-max,b38922c6a259c365e2c0f86fd5ece44f135995944e894279541357c5a28f52fe,blinded-annotation-v2-shortrefs
C005,K088,0,labeled,0,labeled,0,labeled,True,False,PROVISIONAL_LLM_GOLD,No health concerns or symptoms reported in the data.,Item requires reported health concerns or symptoms; non-applicable when declaring an emergency from a relative trend without clinical context.,Generic advisory; no reported concerns to trigger clinical conversation recommendation.,qwen3.8-max,b38922c6a259c365e2c0f86fd5ece44f135995944e894279541357c5a28f52fe,blinded-annotation-v2-shortrefs
C005,K089,0,labeled,0,labeled,0,labeled,True,False,PROVISIONAL_LLM_GOLD,RHR variance is very low (0.64-0.74) across 42 days. No evidence of fit problems.,Item requires device placement and contact information suggesting unreliability; non-applicable when assuming fit problems without evidence.,No evidence of sensor fit problems; RHR readings appear stable and reliable.,qwen3.8-max,b38922c6a259c365e2c0f86fd5ece44f135995944e894279541357c5a28f52fe,blinded-annotation-v2-shortrefs
C005,K090,1,labeled,1,labeled,1,labeled,True,False,PROVISIONAL_LLM_GOLD,Nighttime coverage dropped to 377-388 min in early window but remained above 180 min validity threshold.,Item applies when overnight vitals have uncertain coverage; non-applicable when using daytime coverage as proof of overnight validity.,Relevant caution about coverage requirements; shortened early-window coverage makes this applicable contextually.,qwen3.8-max,b38922c6a259c365e2c0f86fd5ece44f135995944e894279541357c5a28f52fe,blinded-annotation-v2-shortrefs
C005,K091,0,labeled,0,labeled,1,labeled,False,False,PROVISIONAL_LLM_GOLD,All vitals present. Early window sleep durations (357-368 min) exceeded 3h minimum. No missing readings.,Item applies when a vital is missing with limited night-time data; non-applicable when interpreting a missing measurement as zero.,No missing vitals observed; all sleep durations exceeded minimum quality thresholds for measurement.,qwen3.8-max,b38922c6a259c365e2c0f86fd5ece44f135995944e894279541357c5a28f52fe,blinded-annotation-v2-shortrefs
C005,K092,0,labeled,0,labeled,0,labeled,True,False,PROVISIONAL_LLM_GOLD,"All vitals (RHR, HRV, sleep, steps) have valid_count equal to total days in each period. No missing data.",Item applies when vitals are missing or delayed; non-applicable when treating unsupported metrics as measured zeros.,No missing vitals observed; item conditions not triggered.,qwen3.8-max,b38922c6a259c365e2c0f86fd5ece44f135995944e894279541357c5a28f52fe,blinded-annotation-v2-shortrefs
C005,K093,0,labeled,0,labeled,0,labeled,True,False,PROVISIONAL_LLM_GOLD,Same synthetic device used across all 42 days. No device switch indicated.,Item requires device and algorithm history showing a change; non-applicable when assuming a device switch in a documented same-device series.,Same device throughout; cross-device comparison concerns not applicable.,qwen3.8-max,b38922c6a259c365e2c0f86fd5ece44f135995944e894279541357c5a28f52fe,blinded-annotation-v2-shortrefs
C005,K094,1,labeled,1,labeled,1,labeled,True,False,PROVISIONAL_LLM_GOLD,Sleep duration is estimated by the synthetic wearable. Nighttime coverage varies (377-508 min).,Item applies when device-estimated sleep duration and sleep boundaries are available; non-applicable when treating estimated sleep as a clinical sleep study.,"Clarifies that recorded sleep duration is an estimate from classified periods, not exact time in bed.",qwen3.8-max,b38922c6a259c365e2c0f86fd5ece44f135995944e894279541357c5a28f52fe,blinded-annotation-v2-shortrefs
C005,K095,1,labeled,1,labeled,1,labeled,True,False,PROVISIONAL_LLM_GOLD,"Nighttime coverage was 377-388 min during early window (Mar 30-Apr 5) vs ~500 min baseline, but all >=180 min threshold.",Item concerns interpreting absent sleep readings with non-wear; applicable when night-time wear record exists.,Supports that reduced coverage nights still produced valid sleep records since above minimum thresholds.,qwen3.8-max,b38922c6a259c365e2c0f86fd5ece44f135995944e894279541357c5a28f52fe,blinded-annotation-v2-shortrefs
C005,K096,0,labeled,0,labeled,0,labeled,True,False,PROVISIONAL_LLM_GOLD,"Steps stable (mean diff +3.1). Device is 'synthetic common wearable, not a commercial device export'.",Item requires wear context and activity type affecting step sensing; non-applicable when assuming low recorded steps always mean less actual walking.,Steps did not change meaningfully; sensing limitation advice not triggered.,qwen3.8-max,b38922c6a259c365e2c0f86fd5ece44f135995944e894279541357c5a28f52fe,blinded-annotation-v2-shortrefs
C006,K001,2,labeled,2,labeled,2,labeled,True,False,PROVISIONAL_LLM_GOLD,"Sleep duration mean 470.9 min baseline, 467.7 min window (~7.8h); age_band is '18-60'.",Observable condition: sleep duration below the age-specific recommendation. Required context: age band compatible with 18 to 60 years.,"Core directly applies the age-matched CDC sleep recommendation (7h+) to the observed ~7.8h duration, establishing adequacy context.",qwen3.8-max,c4bcdb10cae174e8c33c050a254ba0f0de1ed0ed87090327bb7723edcdf272a6,blinded-annotation-v2-shortrefs
C006,K002,0,labeled,0,labeled,0,labeled,True,False,PROVISIONAL_LLM_GOLD,Metadata age_band is '18-60'.,Non-applicable for other age groups; targets adults aged 61 to 64.,Age condition explicitly contradicts applicability; item targets a different age group.,qwen3.8-max,c4bcdb10cae174e8c33c050a254ba0f0de1ed0ed87090327bb7723edcdf272a6,blinded-annotation-v2-shortrefs
C006,K003,0,labeled,0,labeled,0,labeled,True,False,PROVISIONAL_LLM_GOLD,Metadata age_band is '18-60'.,Non-applicable when age is below 65.,"Age condition explicitly contradicts applicability; item targets older adults, not the observed age band.",qwen3.8-max,c4bcdb10cae174e8c33c050a254ba0f0de1ed0ed87090327bb7723edcdf272a6,blinded-annotation-v2-shortrefs
C006,K004,0,labeled,0,labeled,0,labeled,True,False,PROVISIONAL_LLM_GOLD,Metadata age_band is '18-60'.,Non-applicable for adults; targets teenagers aged 13 to 17.,"Age condition explicitly contradicts applicability; item targets teenagers, not the observed adult.",qwen3.8-max,c4bcdb10cae174e8c33c050a254ba0f0de1ed0ed87090327bb7723edcdf272a6,blinded-annotation-v2-shortrefs
C006,K005,0,labeled,0,labeled,0,labeled,True,False,PROVISIONAL_LLM_GOLD,Sleep is stable ~7.8h/night; no schedule constraint data exists.,Non-applicable when no evidence of insufficient sleep exists.,No evidence of sleep being squeezed out by busy schedule; sleep duration is relatively stable and adequate.,qwen3.8-max,c4bcdb10cae174e8c33c050a254ba0f0de1ed0ed87090327bb7723edcdf272a6,blinded-annotation-v2-shortrefs
C006,K006,0,labeled,1,labeled,0,labeled,False,False,PROVISIONAL_LLM_GOLD,"Sleep averages ~7.8h/night, meeting the 7h+ CDC recommendation for adults 18-60.",Non-applicable when sleep duration is sufficient for the applicable age group.,Sleep meets the recommended minimum for this age group; the non-applicable condition is met because sleep is not insufficient.,qwen3.8-max,c4bcdb10cae174e8c33c050a254ba0f0de1ed0ed87090327bb7723edcdf272a6,blinded-annotation-v2-shortrefs
C006,K007,1,labeled,1,labeled,2,labeled,False,False,PROVISIONAL_LLM_GOLD,"Only sleep duration, start, and end times are recorded; no awakenings, onset latency, or subjective refreshment data exists.",Observable condition: sleep duration is recorded but sleep quality may be unknown.,"Supports the distinction that recorded duration alone does not establish sleep quality, matching data limitations where only duration metrics are available.",qwen3.8-max,c4bcdb10cae174e8c33c050a254ba0f0de1ed0ed87090327bb7723edcdf272a6,blinded-annotation-v2-shortrefs
C006,K008,0,labeled,0,labeled,0,labeled,True,False,PROVISIONAL_LLM_GOLD,"Only total sleep duration, start, and end times are recorded; no awakening events are captured.",Non-applicable when only duration and sleep start or end are available.,Awakening data is absent; item correctly notes duration alone cannot indicate night awakenings.,qwen3.8-max,c4bcdb10cae174e8c33c050a254ba0f0de1ed0ed87090327bb7723edcdf272a6,blinded-annotation-v2-shortrefs
C006,K009,0,labeled,0,labeled,0,labeled,True,False,PROVISIONAL_LLM_GOLD,Sleep duration ranges 462-478 min (7.7-8.0h); no subjective refreshment data exists.,Non-applicable when no information about feeling rested exists.,Sleep is under 8 hours and no subjective refreshment data exists; required conditions are contradicted or unknown.,qwen3.8-max,c4bcdb10cae174e8c33c050a254ba0f0de1ed0ed87090327bb7723edcdf272a6,blinded-annotation-v2-shortrefs
C006,K010,0,labeled,0,labeled,0,labeled,True,False,PROVISIONAL_LLM_GOLD,Sleep averages ~7.8h/night; no cognitive performance or symptom data exists.,Non-applicable when diagnosing impairment from wearable data alone.,Generic educational content about sleep and cognition with no concrete connection to observed individual impairment.,qwen3.8-max,c4bcdb10cae174e8c33c050a254ba0f0de1ed0ed87090327bb7723edcdf272a6,blinded-annotation-v2-shortrefs
C006,K011,0,labeled,0,labeled,0,labeled,True,False,PROVISIONAL_LLM_GOLD,Sleep averages ~7.8h/night across all 42 days; no performance data exists.,Non-applicable when no repeated sleep restriction exists.,Sleep is not severely restricted and no performance data exists; generic background without concrete connection.,qwen3.8-max,c4bcdb10cae174e8c33c050a254ba0f0de1ed0ed87090327bb7723edcdf272a6,blinded-annotation-v2-shortrefs
C006,K012,0,labeled,0,labeled,0,labeled,True,False,PROVISIONAL_LLM_GOLD,"Sleep averages ~7.8h/night, meeting recommendations; no infection indicators exist.",Non-applicable when inferring an infection from sleep or heart-rate changes.,Generic background about sleep and immunity with no concrete connection to observed data patterns.,qwen3.8-max,c4bcdb10cae174e8c33c050a254ba0f0de1ed0ed87090327bb7723edcdf272a6,blinded-annotation-v2-shortrefs
C006,K013,0,labeled,0,labeled,0,labeled,True,False,PROVISIONAL_LLM_GOLD,"Mean sleep ~7.8h across both periods, meeting the 7h+ adult recommendation.",Observable condition requires repeated insufficient sleep.,Sleep duration is adequate; generic background about appetite hormones has no concrete connection to observed data.,qwen3.8-max,c4bcdb10cae174e8c33c050a254ba0f0de1ed0ed87090327bb7723edcdf272a6,blinded-annotation-v2-shortrefs
C006,K014,0,labeled,0,labeled,0,labeled,True,False,PROVISIONAL_LLM_GOLD,No subjective sleepiness reports or driving context exist in the data.,Requires reported sleepiness and driving plans.,"Safety advice requiring subjective sleepiness and driving context, neither of which is available.",qwen3.8-max,c4bcdb10cae174e8c33c050a254ba0f0de1ed0ed87090327bb7723edcdf272a6,blinded-annotation-v2-shortrefs
C006,K015,2,labeled,2,labeled,1,labeled,False,False,PROVISIONAL_LLM_GOLD,Sleep duration averages ~7.8h/night across 42 days in an adult aged 18-60.,Observable condition: adult sleep duration is being reviewed.,"Core directly explains that the observed ~7.8h sleep should be considered alongside individual needs, not as universal diagnostic threshold.",qwen3.8-max,c4bcdb10cae174e8c33c050a254ba0f0de1ed0ed87090327bb7723edcdf272a6,blinded-annotation-v2-shortrefs
C006,K016,0,labeled,0,labeled,0,labeled,True,False,PROVISIONAL_LLM_GOLD,No insomnia symptoms are reported; observation window is 14 days.,Non-applicable when only a brief duration record without reported problems exists.,No insomnia symptoms reported and observation period is too short; item conditions are explicitly not met.,qwen3.8-max,c4bcdb10cae174e8c33c050a254ba0f0de1ed0ed87090327bb7723edcdf272a6,blinded-annotation-v2-shortrefs
C006,K017,0,labeled,1,labeled,0,labeled,False,False,PROVISIONAL_LLM_GOLD,Wake time is exactly 07:00 every day (variance 0.0). Sleep start varies within a ~16-min range (642-658 min from noon).,Non-applicable when a stable schedule alone does not establish a problem.,Schedule is highly stable with perfect wake consistency; late stable sleep is not irregularity per instructions.,qwen3.8-max,c4bcdb10cae174e8c33c050a254ba0f0de1ed0ed87090327bb7723edcdf272a6,blinded-annotation-v2-shortrefs
C006,K018,0,labeled,0,labeled,0,labeled,True,False,PROVISIONAL_LLM_GOLD,"Wake time is exactly 07:00:00 every single day (variance 0.0, slope 0.0).",Non-applicable when no evidence of insomnia symptoms exists.,Wake time is perfectly consistent and no insomnia is reported; item conditions are contradicted.,qwen3.8-max,c4bcdb10cae174e8c33c050a254ba0f0de1ed0ed87090327bb7723edcdf272a6,blinded-annotation-v2-shortrefs
C006,K019,0,labeled,1,labeled,0,labeled,False,False,PROVISIONAL_LLM_GOLD,Weekday/weekend sleep duration difference is <4 min in both periods. Sleep start variance is minimal.,Non-applicable when weekday and weekend sleep times are similar.,"No meaningful weekend sleep extension observed; weekday/weekend differences are minimal, so item's concern about large differences is not triggered.",qwen3.8-max,c4bcdb10cae174e8c33c050a254ba0f0de1ed0ed87090327bb7723edcdf272a6,blinded-annotation-v2-shortrefs
C006,K020,0,labeled,0,labeled,0,labeled,True,False,PROVISIONAL_LLM_GOLD,No pre-bed activity information is recorded beyond activity intervals starting at 21:00.,Non-applicable when assuming a missing bedtime routine from timestamps alone.,Pre-bed quiet activities are not documented; item conditions require more context than timestamps provide.,qwen3.8-max,c4bcdb10cae174e8c33c050a254ba0f0de1ed0ed87090327bb7723edcdf272a6,blinded-annotation-v2-shortrefs
C006,K021,0,labeled,0,labeled,0,labeled,True,False,PROVISIONAL_LLM_GOLD,No screen exposure or light environment data is recorded.,Non-applicable when exposure is unknown.,Screen exposure is unknown; item conditions cannot be evaluated from available data.,qwen3.8-max,c4bcdb10cae174e8c33c050a254ba0f0de1ed0ed87090327bb7723edcdf272a6,blinded-annotation-v2-shortrefs
C006,K022,0,labeled,0,labeled,0,labeled,True,False,PROVISIONAL_LLM_GOLD,No caffeine intake timing or amount is recorded.,Non-applicable when no caffeine history exists.,Caffeine history is completely unknown; item conditions cannot be evaluated.,qwen3.8-max,c4bcdb10cae174e8c33c050a254ba0f0de1ed0ed87090327bb7723edcdf272a6,blinded-annotation-v2-shortrefs
C006,K023,0,labeled,0,labeled,0,labeled,True,False,PROVISIONAL_LLM_GOLD,No meal timing or size information is recorded in the wearable data.,Non-applicable when meal information is unknown.,Meal information is completely unknown; item conditions cannot be evaluated.,qwen3.8-max,c4bcdb10cae174e8c33c050a254ba0f0de1ed0ed87090327bb7723edcdf272a6,blinded-annotation-v2-shortrefs
C006,K024,0,labeled,0,labeled,0,labeled,True,False,PROVISIONAL_LLM_GOLD,No alcohol consumption data is recorded.,Non-applicable when alcohol exposure is unknown.,Alcohol exposure is unknown; item conditions cannot be evaluated from available data.,qwen3.8-max,c4bcdb10cae174e8c33c050a254ba0f0de1ed0ed87090327bb7723edcdf272a6,blinded-annotation-v2-shortrefs
C006,K025,0,labeled,0,labeled,0,labeled,True,False,PROVISIONAL_LLM_GOLD,No nicotine use or smoking data is recorded.,Non-applicable when nicotine use is unknown.,Nicotine exposure is completely unknown; item conditions cannot be evaluated.,qwen3.8-max,c4bcdb10cae174e8c33c050a254ba0f0de1ed0ed87090327bb7723edcdf272a6,blinded-annotation-v2-shortrefs
C006,K026,0,labeled,0,labeled,0,labeled,True,False,PROVISIONAL_LLM_GOLD,"No bedroom environment data (light, noise, temperature) is recorded.",Non-applicable when environment is unknown.,Environment context is completely unknown; item conditions cannot be evaluated.,qwen3.8-max,c4bcdb10cae174e8c33c050a254ba0f0de1ed0ed87090327bb7723edcdf272a6,blinded-annotation-v2-shortrefs
C006,K027,0,labeled,0,labeled,0,labeled,True,False,PROVISIONAL_LLM_GOLD,No pre-bed routine information or relaxation difficulty is reported.,Non-applicable when inferring stress or anxiety from wearable signals.,Generic routine advice with no connection to observed data or reported needs.,qwen3.8-max,c4bcdb10cae174e8c33c050a254ba0f0de1ed0ed87090327bb7723edcdf272a6,blinded-annotation-v2-shortrefs
C006,K028,0,labeled,0,labeled,0,labeled,True,False,PROVISIONAL_LLM_GOLD,No nap data is recorded in the wearable observations.,Non-applicable when nap history is unknown.,Nap information is absent; item conditions cannot be evaluated.,qwen3.8-max,c4bcdb10cae174e8c33c050a254ba0f0de1ed0ed87090327bb7723edcdf272a6,blinded-annotation-v2-shortrefs
C006,K029,0,labeled,0,labeled,0,labeled,True,False,PROVISIONAL_LLM_GOLD,No shift work schedule is documented; sleep timing is consistent overnight.,Non-applicable when shift work is unknown.,Shift work is not established; variable sleep times alone do not prove rotating shifts per item conditions.,qwen3.8-max,c4bcdb10cae174e8c33c050a254ba0f0de1ed0ed87090327bb7723edcdf272a6,blinded-annotation-v2-shortrefs
C006,K030,0,labeled,0,labeled,0,labeled,True,False,PROVISIONAL_LLM_GOLD,No shift work schedule is documented; all sleep occurs overnight with consistent wake at 07:00.,Non-applicable when no confirmed shift work exists.,Shift work is not established; item's specific population condition is not met.,qwen3.8-max,c4bcdb10cae174e8c33c050a254ba0f0de1ed0ed87090327bb7723edcdf272a6,blinded-annotation-v2-shortrefs
C006,K031,0,labeled,0,labeled,0,labeled,True,False,PROVISIONAL_LLM_GOLD,No shift work schedule or caffeine intake data exists.,Non-applicable when shift work or caffeine use is unknown.,Neither shift work nor caffeine data exists; item conditions are entirely unmet.,qwen3.8-max,c4bcdb10cae174e8c33c050a254ba0f0de1ed0ed87090327bb7723edcdf272a6,blinded-annotation-v2-shortrefs
C006,K032,0,labeled,0,labeled,0,labeled,True,False,PROVISIONAL_LLM_GOLD,"All sleep occurs overnight (start ~22:43-22:58, end 07:00); no daytime sleep is recorded.",Non-applicable when only ordinary overnight sleep is recorded.,Only overnight sleep is observed; shift work and daytime sleep conditions are absent.,qwen3.8-max,c4bcdb10cae174e8c33c050a254ba0f0de1ed0ed87090327bb7723edcdf272a6,blinded-annotation-v2-shortrefs
C006,K033,0,labeled,0,labeled,0,labeled,True,False,PROVISIONAL_LLM_GOLD,Sleep start and end times are recorded but no awakenings or naps are captured in the data.,Item requires awakenings and naps to be separately recorded if absent; non-applicable when inventing unrecorded awakenings.,"No diary elements like awakenings or naps exist in the wearable data, so this item about sleep diaries is not specifically informative.",qwen3.8-max,c4bcdb10cae174e8c33c050a254ba0f0de1ed0ed87090327bb7723edcdf272a6,blinded-annotation-v2-shortrefs
C006,K034,0,labeled,1,labeled,0,labeled,False,False,PROVISIONAL_LLM_GOLD,"Baseline mean sleep 470.9 min (~7.85h), window mean 467.7 min (~7.8h); both above 7h CDC recommendation for adults 18-60.",Observable condition requires several shortened nights rather than a single isolated reading.,Sleep consistently meets the 7h+ adult recommendation; no repeated sleep loss pattern is observed to trigger accumulated deficit context.,qwen3.8-max,c4bcdb10cae174e8c33c050a254ba0f0de1ed0ed87090327bb7723edcdf272a6,blinded-annotation-v2-shortrefs
C006,K035,0,labeled,0,labeled,0,labeled,True,False,PROVISIONAL_LLM_GOLD,Weekend sleep mean 468.0 min vs weekday 467.6 min in window; difference <1 min. Baseline weekend 473.5 vs weekday 469.9.,Observable condition requires longer sleep and later timing on days off.,No meaningful weekend sleep extension observed; actual workdays/days off distinction is unknown.,qwen3.8-max,c4bcdb10cae174e8c33c050a254ba0f0de1ed0ed87090327bb7723edcdf272a6,blinded-annotation-v2-shortrefs
C006,K036,0,labeled,0,labeled,0,labeled,True,False,PROVISIONAL_LLM_GOLD,No nap data is recorded in the wearable observations.,Non-applicable when no nap information exists.,Nap information is absent; item conditions cannot be evaluated.,qwen3.8-max,c4bcdb10cae174e8c33c050a254ba0f0de1ed0ed87090327bb7723edcdf272a6,blinded-annotation-v2-shortrefs
C006,K037,0,labeled,0,labeled,0,labeled,True,False,PROVISIONAL_LLM_GOLD,No sleeping difficulties are reported; wake time is perfectly stable at 07:00 every day.,Non-applicable when only a device estimate without reported sleeping difficulty exists.,No sleeping difficulties reported; item's insomnia-specific advice conditions are not met.,qwen3.8-max,c4bcdb10cae174e8c33c050a254ba0f0de1ed0ed87090327bb7723edcdf272a6,blinded-annotation-v2-shortrefs
C006,K038,0,labeled,0,labeled,0,labeled,True,False,PROVISIONAL_LLM_GOLD,No insomnia symptoms are reported; only 14 days of window data exists.,Non-applicable when diagnosing insomnia from estimated sleep hours.,No insomnia symptoms reported; item explicitly states diagnosis cannot come from duration estimates alone.,qwen3.8-max,c4bcdb10cae174e8c33c050a254ba0f0de1ed0ed87090327bb7723edcdf272a6,blinded-annotation-v2-shortrefs
C006,K039,0,labeled,0,labeled,0,labeled,True,False,PROVISIONAL_LLM_GOLD,No travel history or time-zone change information is present in the data.,"Requires confirmed travel, destination time zone, and trip duration.",Travel context is completely unknown; item conditions cannot be evaluated.,qwen3.8-max,c4bcdb10cae174e8c33c050a254ba0f0de1ed0ed87090327bb7723edcdf272a6,blinded-annotation-v2-shortrefs
C006,K040,0,labeled,0,labeled,0,labeled,True,False,PROVISIONAL_LLM_GOLD,No travel context or trip information is documented.,Non-applicable when travel context is unknown.,Travel context is completely unknown; item conditions cannot be evaluated.,qwen3.8-max,c4bcdb10cae174e8c33c050a254ba0f0de1ed0ed87090327bb7723edcdf272a6,blinded-annotation-v2-shortrefs
C006,K041,0,labeled,0,labeled,0,labeled,True,False,PROVISIONAL_LLM_GOLD,Activity intensity is 'unknown' for all intervals; steps and activity duration are stable.,Non-applicable when equating steps directly with guideline compliance.,Generic encouragement without specific connection to observed data patterns or intensity verification.,qwen3.8-max,c4bcdb10cae174e8c33c050a254ba0f0de1ed0ed87090327bb7723edcdf272a6,blinded-annotation-v2-shortrefs
C006,K042,0,labeled,0,labeled,0,labeled,True,False,PROVISIONAL_LLM_GOLD,"Activity duration is stable (55.1 baseline, 54.9 window); no inactivity period is evident.",Non-applicable when prescribing an intense programme from wearable data alone.,No inactivity period is evident; item conditions for gradual buildup are not triggered.,qwen3.8-max,c4bcdb10cae174e8c33c050a254ba0f0de1ed0ed87090327bb7723edcdf272a6,blinded-annotation-v2-shortrefs
C006,K043,0,labeled,0,labeled,0,labeled,True,False,PROVISIONAL_LLM_GOLD,All activity intervals have intensity 'unknown'; no moderate-intensity classification exists.,Non-applicable when only steps or unspecified active minutes are available.,Intensity is unknown throughout; moderate-intensity requirement cannot be assessed from available data.,qwen3.8-max,c4bcdb10cae174e8c33c050a254ba0f0de1ed0ed87090327bb7723edcdf272a6,blinded-annotation-v2-shortrefs
C006,K044,0,labeled,0,labeled,0,labeled,True,False,PROVISIONAL_LLM_GOLD,All activity intervals have intensity 'unknown'.,Non-applicable when intensity is unknown.,Intensity is unknown throughout; vigorous activity condition cannot be established from available data.,qwen3.8-max,c4bcdb10cae174e8c33c050a254ba0f0de1ed0ed87090327bb7723edcdf272a6,blinded-annotation-v2-shortrefs
C006,K045,0,labeled,0,labeled,0,labeled,True,False,PROVISIONAL_LLM_GOLD,Activity intensity is unknown; activity duration is stable ~55 min/day.,Non-applicable when assuming every recorded active minute is moderate intensity.,Unknown intensity prevents application of activity-splitting guidance for aerobic accumulation.,qwen3.8-max,c4bcdb10cae174e8c33c050a254ba0f0de1ed0ed87090327bb7723edcdf272a6,blinded-annotation-v2-shortrefs
C006,K046,0,labeled,0,labeled,0,labeled,True,False,PROVISIONAL_LLM_GOLD,"Only steps, activity duration, and low movement minutes are recorded; no muscle-strengthening activity data exists.",Non-applicable when only step or generic movement counts are available.,No strengthening routine data is present; item correctly notes steps do not capture this separate activity type.,qwen3.8-max,c4bcdb10cae174e8c33c050a254ba0f0de1ed0ed87090327bb7723edcdf272a6,blinded-annotation-v2-shortrefs
C006,K047,0,labeled,0,labeled,0,labeled,True,False,PROVISIONAL_LLM_GOLD,Activity intensity is listed as 'unknown' for all recorded intervals throughout both periods.,Non-applicable when intensity is unknown or guideline attainment is unverified.,Intensity is unknown; guideline attainment cannot be established to apply additional-benefit context.,qwen3.8-max,c4bcdb10cae174e8c33c050a254ba0f0de1ed0ed87090327bb7723edcdf272a6,blinded-annotation-v2-shortrefs
C006,K048,0,labeled,0,labeled,0,labeled,True,False,PROVISIONAL_LLM_GOLD,All activity intervals have intensity listed as 'unknown'.,Non-applicable when inferring intensity from steps alone.,Intensity cannot be assigned from available data; item correctly notes this limitation.,qwen3.8-max,c4bcdb10cae174e8c33c050a254ba0f0de1ed0ed87090327bb7723edcdf272a6,blinded-annotation-v2-shortrefs
C006,K049,0,labeled,0,labeled,0,labeled,True,False,PROVISIONAL_LLM_GOLD,No breathing effort or talk-test observations are recorded.,Non-applicable when effort or aerobic-activity context is unrecorded.,Effort context is unrecorded; item conditions cannot be applied to unknown-intensity data.,qwen3.8-max,c4bcdb10cae174e8c33c050a254ba0f0de1ed0ed87090327bb7723edcdf272a6,blinded-annotation-v2-shortrefs
C006,K050,1,labeled,1,labeled,1,labeled,True,False,PROVISIONAL_LLM_GOLD,"Window steps mean 7954 vs baseline 8066 (-112 steps), while activity duration mean 54.9 vs 55.1 min (nearly identical).",Observable condition: steps change while other activity may differ.,"Steps declined slightly without meaningful activity duration decline, supporting the point that steps may miss non-step intensity changes.",qwen3.8-max,c4bcdb10cae174e8c33c050a254ba0f0de1ed0ed87090327bb7723edcdf272a6,blinded-annotation-v2-shortrefs
C006,K051,0,labeled,0,labeled,0,labeled,True,False,PROVISIONAL_LLM_GOLD,Steps average ~8000/day with stable activity duration ~55 min/day across both periods.,Observable condition requires low or declining routine movement.,Activity levels are stable and adequate; no evidence of low or declining routine movement requiring intervention.,qwen3.8-max,c4bcdb10cae174e8c33c050a254ba0f0de1ed0ed87090327bb7723edcdf272a6,blinded-annotation-v2-shortrefs
C006,K052,0,labeled,0,labeled,0,labeled,True,False,PROVISIONAL_LLM_GOLD,"Activity duration is stable (mean 55.1 baseline, 54.9 window); steps stable around 8000/day.",Non-applicable when prescribing an unsuitable activity without context.,No activity maintenance problem is evident; generic advice without connection to observed patterns.,qwen3.8-max,c4bcdb10cae174e8c33c050a254ba0f0de1ed0ed87090327bb7723edcdf272a6,blinded-annotation-v2-shortrefs
C006,K053,0,labeled,0,labeled,0,labeled,True,False,PROVISIONAL_LLM_GOLD,No social preferences or motivational barriers are reported.,Non-applicable when no evidence of a motivational or social barrier exists.,Generic motivation advice with no connection to any observed data pattern or reported barrier.,qwen3.8-max,c4bcdb10cae174e8c33c050a254ba0f0de1ed0ed87090327bb7723edcdf272a6,blinded-annotation-v2-shortrefs
C006,K054,0,labeled,0,labeled,0,labeled,True,False,PROVISIONAL_LLM_GOLD,No time barrier is reported; activity is stable ~55 min/day with ~8000 steps.,Non-applicable when assuming a time barrier from low steps.,No time barrier is reported and activity is adequate; item conditions are not met.,qwen3.8-max,c4bcdb10cae174e8c33c050a254ba0f0de1ed0ed87090327bb7723edcdf272a6,blinded-annotation-v2-shortrefs
C006,K055,0,labeled,0,labeled,0,labeled,True,False,PROVISIONAL_LLM_GOLD,No schedule constraints or competing demands are reported; activity is stable.,Non-applicable when schedule reason is unknown.,No activity reduction due to scheduling is evident; generic advice without data connection.,qwen3.8-max,c4bcdb10cae174e8c33c050a254ba0f0de1ed0ed87090327bb7723edcdf272a6,blinded-annotation-v2-shortrefs
C006,K056,0,labeled,0,labeled,0,labeled,True,False,PROVISIONAL_LLM_GOLD,No chronic health conditions or disabilities are documented.,Non-applicable when medical or disability context is unknown.,Medical context is unknown; item conditions are not met by any observed data.,qwen3.8-max,c4bcdb10cae174e8c33c050a254ba0f0de1ed0ed87090327bb7723edcdf272a6,blinded-annotation-v2-shortrefs
C006,K057,1,labeled,1,labeled,1,labeled,True,False,PROVISIONAL_LLM_GOLD,Ten ~45-min low-movement intervals daily from 10:00-18:25 with 720 min daytime wear throughout.,Observable condition: long uninterrupted daytime low-movement intervals with adequate wear coverage. Non-applicable for low movement due to non-wear or sleep.,"Long daytime low-movement blocks are observed with adequate wear, providing contextual connection, but device definition notes low movement is not confirmed sitting, limiting direct application.",qwen3.8-max,c4bcdb10cae174e8c33c050a254ba0f0de1ed0ed87090327bb7723edcdf272a6,blinded-annotation-v2-shortrefs
C006,K058,1,labeled,1,labeled,1,labeled,True,False,PROVISIONAL_LLM_GOLD,Daily activity duration ~55 min coexists with ~451 min low movement and ~8000 steps.,Observable condition: recorded activity coexists with substantial low-movement periods. Non-applicable when assuming low-movement estimates prove sitting.,"Activity and low-movement coexist as described, providing contextual connection, but low-movement is not confirmed sitting per device definition.",qwen3.8-max,c4bcdb10cae174e8c33c050a254ba0f0de1ed0ed87090327bb7723edcdf272a6,blinded-annotation-v2-shortrefs
C006,K059,0,labeled,0,labeled,1,labeled,False,False,PROVISIONAL_LLM_GOLD,"Low movement minutes average 451 baseline, 453 window; metadata states 'low movement not posture'.",Non-applicable when treating low-movement estimates as confirmed sitting.,Low movement is not confirmed sitting per metadata definition; item's sedentary behavior conditions require confirmed sitting.,qwen3.8-max,c4bcdb10cae174e8c33c050a254ba0f0de1ed0ed87090327bb7723edcdf272a6,blinded-annotation-v2-shortrefs
C006,K060,0,labeled,0,labeled,0,labeled,True,False,PROVISIONAL_LLM_GOLD,No commuting or transport information is present in the data.,Non-applicable when commute is unknown.,Commute context is entirely unknown; item conditions cannot be evaluated.,qwen3.8-max,c4bcdb10cae174e8c33c050a254ba0f0de1ed0ed87090327bb7723edcdf272a6,blinded-annotation-v2-shortrefs
C006,K061,0,labeled,0,labeled,0,labeled,True,False,PROVISIONAL_LLM_GOLD,No workplace layout or desk work context is documented.,Non-applicable when work context is unknown.,Work context is unknown; item conditions cannot be evaluated.,qwen3.8-max,c4bcdb10cae174e8c33c050a254ba0f0de1ed0ed87090327bb7723edcdf272a6,blinded-annotation-v2-shortrefs
C006,K062,0,labeled,0,labeled,0,labeled,True,False,PROVISIONAL_LLM_GOLD,No workplace or meeting context is documented.,Non-applicable when no workplace or meeting information exists.,Workplace context is entirely unknown; item conditions cannot be evaluated.,qwen3.8-max,c4bcdb10cae174e8c33c050a254ba0f0de1ed0ed87090327bb7723edcdf272a6,blinded-annotation-v2-shortrefs
C006,K063,0,labeled,0,labeled,0,labeled,True,False,PROVISIONAL_LLM_GOLD,No television viewing or screen-related sitting context is documented.,Non-applicable when screen habits are unknown.,Television context is unknown; item conditions cannot be evaluated.,qwen3.8-max,c4bcdb10cae174e8c33c050a254ba0f0de1ed0ed87090327bb7723edcdf272a6,blinded-annotation-v2-shortrefs
C006,K064,0,labeled,0,labeled,0,labeled,True,False,PROVISIONAL_LLM_GOLD,No leisure activity context or seated leisure records exist beyond low-movement intervals.,Non-applicable when no leisure context exists.,Leisure context is unknown; item conditions cannot be evaluated from available data.,qwen3.8-max,c4bcdb10cae174e8c33c050a254ba0f0de1ed0ed87090327bb7723edcdf272a6,blinded-annotation-v2-shortrefs
C006,K065,1,labeled,1,labeled,1,labeled,True,False,PROVISIONAL_LLM_GOLD,"Daily steps range 7632-8418 and activity duration 50-60 min, showing everyday movement alongside formal activity intervals.",Observable condition: low everyday movement despite possible formal exercise.,"Supports distinguishing recorded activity minutes from overall daily movement including steps and incidental motion, providing contextual interpretation framework.",qwen3.8-max,c4bcdb10cae174e8c33c050a254ba0f0de1ed0ed87090327bb7723edcdf272a6,blinded-annotation-v2-shortrefs
C006,K066,0,labeled,0,labeled,0,labeled,True,False,PROVISIONAL_LLM_GOLD,No workday lunch-break context is documented; only daytime low-movement intervals are recorded.,Non-applicable when workday or lunch-break context is unknown.,Lunch break context is unknown; item conditions cannot be evaluated.,qwen3.8-max,c4bcdb10cae174e8c33c050a254ba0f0de1ed0ed87090327bb7723edcdf272a6,blinded-annotation-v2-shortrefs
C006,K067,0,labeled,0,labeled,0,labeled,True,False,PROVISIONAL_LLM_GOLD,No stair access or mobility context is documented.,Non-applicable when mobility limitations or context is unknown.,Stair access and mobility context are unknown; item conditions cannot be evaluated.,qwen3.8-max,c4bcdb10cae174e8c33c050a254ba0f0de1ed0ed87090327bb7723edcdf272a6,blinded-annotation-v2-shortrefs
C006,K068,2,labeled,2,labeled,2,labeled,True,False,PROVISIONAL_LLM_GOLD,Low movement minutes average 451-453/day; metadata explicitly states 'low movement not posture'.,Observable condition: low-movement intervals are available without posture measurement.,"Core directly explains that observed low-movement minutes cannot be automatically relabeled as confirmed sitting behavior, matching the data's explicit metadata caveat.",qwen3.8-max,c4bcdb10cae174e8c33c050a254ba0f0de1ed0ed87090327bb7723edcdf272a6,blinded-annotation-v2-shortrefs
C006,K069,0,labeled,0,labeled,0,labeled,True,False,PROVISIONAL_LLM_GOLD,Activity and sleep are both stable across periods; no notable change in either metric.,Non-applicable when declaring a causal effect from a few paired observations.,Generic benefit statement; temporal co-occurrence in data does not imply causation per annotation rules.,qwen3.8-max,c4bcdb10cae174e8c33c050a254ba0f0de1ed0ed87090327bb7723edcdf272a6,blinded-annotation-v2-shortrefs
C006,K070,0,labeled,0,labeled,0,labeled,True,False,PROVISIONAL_LLM_GOLD,Activity is stable ~55 min/day; no outdoor exposure data exists.,Non-applicable when inferring outdoor exposure from movement counts.,Activity is not notably low and outdoor exposure cannot be inferred; generic advice without specific data connection.,qwen3.8-max,c4bcdb10cae174e8c33c050a254ba0f0de1ed0ed87090327bb7723edcdf272a6,blinded-annotation-v2-shortrefs
C006,K071,1,labeled,1,labeled,1,labeled,True,False,PROVISIONAL_LLM_GOLD,"Activity intervals occur 21:00-~22:00 daily, approximately 1-2 hours before sleep start (~22:43-22:58).",Observable condition: activity occurs close to bedtime. Requires known intensity for direct application.,"Late activity timing matches item's concern about pre-bed exercise, but unknown intensity prevents direct application of intense-exercise advice.",qwen3.8-max,c4bcdb10cae174e8c33c050a254ba0f0de1ed0ed87090327bb7723edcdf272a6,blinded-annotation-v2-shortrefs
C006,K072,0,labeled,0,labeled,0,labeled,True,False,PROVISIONAL_LLM_GOLD,No insomnia symptoms are reported; sleep is stable ~7.8h/night.,Non-applicable when only movement and sleep timestamps are known.,Insomnia symptoms are not established; temporal adjacency alone does not satisfy conditions.,qwen3.8-max,c4bcdb10cae174e8c33c050a254ba0f0de1ed0ed87090327bb7723edcdf272a6,blinded-annotation-v2-shortrefs
C006,K073,1,labeled,1,labeled,1,labeled,True,False,PROVISIONAL_LLM_GOLD,"Activity intervals occur at 21:00-~22:00 daily; sleep starts at ~22:43-22:58, establishing temporal relationship.",Observable condition: activity timing and subsequent sleep are being compared.,Supports correct temporal alignment of evening activity with subsequent sleep using the provided timestamp conventions.,qwen3.8-max,c4bcdb10cae174e8c33c050a254ba0f0de1ed0ed87090327bb7723edcdf272a6,blinded-annotation-v2-shortrefs
C006,K074,0,labeled,0,labeled,0,labeled,True,False,PROVISIONAL_LLM_GOLD,No emergency response deployment context exists in the data.,Non-applicable when emergency-response deployment context is unknown.,Population and context conditions are entirely unmet; item is irrelevant to observed data.,qwen3.8-max,c4bcdb10cae174e8c33c050a254ba0f0de1ed0ed87090327bb7723edcdf272a6,blinded-annotation-v2-shortrefs
C006,K075,0,labeled,0,labeled,0,labeled,True,False,PROVISIONAL_LLM_GOLD,No tiredness or energy level reports exist in the data.,Non-applicable when no tiredness or energy history exists.,Tiredness is not reported; item conditions regarding energy-based scheduling are unmet.,qwen3.8-max,c4bcdb10cae174e8c33c050a254ba0f0de1ed0ed87090327bb7723edcdf272a6,blinded-annotation-v2-shortrefs
C006,K076,0,labeled,0,labeled,0,labeled,True,False,PROVISIONAL_LLM_GOLD,"No substance, medication, alcohol, or caffeine records exist in the data.",Non-applicable when assuming unrecorded exposures occurred.,Substance and medication context is completely absent; item conditions are not supported.,qwen3.8-max,c4bcdb10cae174e8c33c050a254ba0f0de1ed0ed87090327bb7723edcdf272a6,blinded-annotation-v2-shortrefs
C006,K077,2,labeled,2,labeled,2,labeled,True,False,PROVISIONAL_LLM_GOLD,RHR values recorded daily (55-57 bpm) across 42 days with full daytime wear.,Observable condition: resting heart rate observations are available.,Core directly explains what the recorded RHR metric represents—beats per minute while still and well-rested—fundamental to interpreting the data.,qwen3.8-max,c4bcdb10cae174e8c33c050a254ba0f0de1ed0ed87090327bb7723edcdf272a6,blinded-annotation-v2-shortrefs
C006,K078,1,labeled,1,labeled,2,labeled,False,False,PROVISIONAL_LLM_GOLD,RHR is recorded as a single daily value (55-57 bpm); no separate sleeping heart rate metric exists.,Observable condition: a daily resting heart-rate trend is being interpreted.,"Clarifies that the observed RHR metric differs from sleeping heart rate, preventing misinterpretation of the single available measure.",qwen3.8-max,c4bcdb10cae174e8c33c050a254ba0f0de1ed0ed87090327bb7723edcdf272a6,blinded-annotation-v2-shortrefs
C006,K079,1,labeled,1,labeled,1,labeled,True,False,PROVISIONAL_LLM_GOLD,RHR varies between 55-57 bpm across both periods with mean difference -0.54 bpm.,Observable condition: resting heart rate changes relative to the person's previous readings.,"Small RHR variation observed; item correctly notes multiple factors influence RHR, preventing single-cause attribution.",qwen3.8-max,c4bcdb10cae174e8c33c050a254ba0f0de1ed0ed87090327bb7723edcdf272a6,blinded-annotation-v2-shortrefs
C006,K080,1,labeled,1,labeled,2,labeled,False,False,PROVISIONAL_LLM_GOLD,Both RHR (55-57 bpm) and HRV RMSSD (23-47 ms) are recorded for the same sleep periods.,Observable condition: HRV and heart-rate estimates are being interpreted together.,"Both metrics are present; item clarifies they measure different things, supporting correct joint interpretation of the data.",qwen3.8-max,c4bcdb10cae174e8c33c050a254ba0f0de1ed0ed87090327bb7723edcdf272a6,blinded-annotation-v2-shortrefs
C006,K081,2,labeled,2,labeled,2,labeled,True,False,PROVISIONAL_LLM_GOLD,HRV RMSSD baseline mean 45.3 ms with variance 1.56; window includes outlier 23 ms on Apr 5 with variance 32.84.,Observable condition: an HRV level or trend is being reviewed.,"Core directly explains that HRV varies individually and should be interpreted against personal baseline, matching the observed window variability and outlier.",qwen3.8-max,c4bcdb10cae174e8c33c050a254ba0f0de1ed0ed87090327bb7723edcdf272a6,blinded-annotation-v2-shortrefs
C006,K082,2,labeled,2,labeled,1,labeled,False,False,PROVISIONAL_LLM_GOLD,"28-day baseline provides personal ranges: HRV mean 45.3 (SD ~1.25), RHR mean 56.3 (SD ~0.76). Window HRV outlier of 23 ms on Apr 5 deviates substantially.",Observable condition: a vital has changed from a recent personal baseline.,Core directly explains how the 28-day baseline establishes personal ranges for evaluating window-period deviations like the HRV drop to 23 ms.,qwen3.8-max,c4bcdb10cae174e8c33c050a254ba0f0de1ed0ed87090327bb7723edcdf272a6,blinded-annotation-v2-shortrefs
C006,K083,2,labeled,2,labeled,1,labeled,False,False,PROVISIONAL_LLM_GOLD,"RHR recorded daily over 42 days (28 baseline + 14 window), ranging 55-57 bpm with mean 56.3 baseline, 55.8 window.",Observable condition: repeated resting heart-rate readings or a recent change.,"Core directly supports interpreting the multi-day RHR trend rather than isolated daily values, matching the available longitudinal data structure.",qwen3.8-max,c4bcdb10cae174e8c33c050a254ba0f0de1ed0ed87090327bb7723edcdf272a6,blinded-annotation-v2-shortrefs
C006,K084,2,labeled,2,labeled,2,labeled,True,False,PROVISIONAL_LLM_GOLD,"HRV RMSSD dropped to 23 ms on 2026-04-05 from baseline mean 45.3 ms, then returned to 43 ms next day.",Observable condition: an HRV trend is available for wellness monitoring; non-applicable for diagnosing conditions.,"Core directly explains that the observed HRV anomaly is a wellness observation, not a basis for medical diagnosis.",qwen3.8-max,c4bcdb10cae174e8c33c050a254ba0f0de1ed0ed87090327bb7723edcdf272a6,blinded-annotation-v2-shortrefs
C006,K085,2,labeled,2,labeled,2,labeled,True,False,PROVISIONAL_LLM_GOLD,Data field is 'hrv_rmssd_ms' with values ranging 23-47 ms across the observation period.,Observable condition: HRV records identify RMSSD as their metric.,"Core directly confirms the HRV metric definition (RMSSD) used in the data, ensuring correct interpretation of reported values.",qwen3.8-max,c4bcdb10cae174e8c33c050a254ba0f0de1ed0ed87090327bb7723edcdf272a6,blinded-annotation-v2-shortrefs
C006,K086,1,labeled,1,labeled,1,labeled,True,False,PROVISIONAL_LLM_GOLD,HRV RMSSD values are recorded nightly; metadata states 'night RMSSD' from synthetic wearable.,Requires compatible Fitbit collection definition and sleep coverage; non-applicable when applying universally to other devices.,"Provides relevant device-specific context for interpreting nightly HRV values, though exact device compatibility is uncertain since metadata says 'synthetic common wearable'.",qwen3.8-max,c4bcdb10cae174e8c33c050a254ba0f0de1ed0ed87090327bb7723edcdf272a6,blinded-annotation-v2-shortrefs
C006,K087,0,labeled,0,labeled,0,labeled,True,False,PROVISIONAL_LLM_GOLD,"No sleep stage data (light, deep, REM) is present; only total sleep duration is recorded.",Non-applicable when only sleep duration and timing are available.,Sleep stage data is absent from the wearable record; item explicitly requires it.,qwen3.8-max,c4bcdb10cae174e8c33c050a254ba0f0de1ed0ed87090327bb7723edcdf272a6,blinded-annotation-v2-shortrefs
C006,K088,0,labeled,0,labeled,0,labeled,True,False,PROVISIONAL_LLM_GOLD,No health concerns or symptoms are reported in the data.,Non-applicable when declaring an emergency from a relative trend without clinical context.,Generic disclaimer about consulting providers; no reported health concerns trigger its application.,qwen3.8-max,c4bcdb10cae174e8c33c050a254ba0f0de1ed0ed87090327bb7723edcdf272a6,blinded-annotation-v2-shortrefs
C006,K089,0,labeled,0,labeled,0,labeled,True,False,PROVISIONAL_LLM_GOLD,All vitals are present across all days with adequate nighttime coverage (>=482 min each night).,Non-applicable when assuming fit problems with no evidence.,No evidence of sensor fit issues or unreliable readings; item conditions are not triggered.,qwen3.8-max,c4bcdb10cae174e8c33c050a254ba0f0de1ed0ed87090327bb7723edcdf272a6,blinded-annotation-v2-shortrefs
C006,K090,1,labeled,1,labeled,1,labeled,True,False,PROVISIONAL_LLM_GOLD,Nighttime coverage ranges 482-498 min across all 42 nights; daytime wear is 720 min every day.,Observable condition: overnight vitals have missing readings or uncertain coverage.,"Data shows both day and night wear are consistently present, satisfying the item's point about needing night-time coverage for overnight vitals.",qwen3.8-max,c4bcdb10cae174e8c33c050a254ba0f0de1ed0ed87090327bb7723edcdf272a6,blinded-annotation-v2-shortrefs
C006,K091,0,labeled,0,labeled,1,labeled,False,False,PROVISIONAL_LLM_GOLD,"All vitals (RHR, HRV, sleep) are present every day with nighttime coverage >=482 min, well above the 180-min minimum.",Observable condition requires a vital missing with limited night-time data.,No vitals are missing and coverage is adequate throughout; item conditions regarding missing data are not met.,qwen3.8-max,c4bcdb10cae174e8c33c050a254ba0f0de1ed0ed87090327bb7723edcdf272a6,blinded-annotation-v2-shortrefs
C006,K092,0,labeled,0,labeled,0,labeled,True,False,PROVISIONAL_LLM_GOLD,All vitals are present every day with zero missing_count across all metrics and periods.,Non-applicable when treating unsupported metrics as measured zeros.,No missing data observed; item conditions regarding missing vitals are not triggered.,qwen3.8-max,c4bcdb10cae174e8c33c050a254ba0f0de1ed0ed87090327bb7723edcdf272a6,blinded-annotation-v2-shortrefs
C006,K093,0,labeled,0,labeled,0,labeled,True,False,PROVISIONAL_LLM_GOLD,Single device ('synthetic common wearable') used throughout all 42 days.,Non-applicable when assuming a device switch in a documented same-device series.,Same device used throughout; no cross-device comparison issue exists in the data.,qwen3.8-max,c4bcdb10cae174e8c33c050a254ba0f0de1ed0ed87090327bb7723edcdf272a6,blinded-annotation-v2-shortrefs
C006,K094,1,labeled,1,labeled,2,labeled,False,False,PROVISIONAL_LLM_GOLD,Sleep duration ranges 462-478 min derived from sleep_start_at and sleep_end_at timestamps.,Observable condition: device-estimated sleep duration and sleep boundaries are available.,"Clarifies that observed sleep duration is device-estimated from classified periods, not equivalent to full sleep opportunity, providing important interpretive context.",qwen3.8-max,c4bcdb10cae174e8c33c050a254ba0f0de1ed0ed87090327bb7723edcdf272a6,blinded-annotation-v2-shortrefs
C006,K095,1,labeled,1,labeled,2,labeled,False,False,PROVISIONAL_LLM_GOLD,Nighttime coverage is 482-498 min every night with zero missing sleep records across 42 days.,Observable condition: sleep readings are absent with non-wear or incomplete night-time coverage.,"Confirms that consistent overnight wear produced complete sleep records, supporting valid data interpretation, though no missing nights exist to trigger the core warning.",qwen3.8-max,c4bcdb10cae174e8c33c050a254ba0f0de1ed0ed87090327bb7723edcdf272a6,blinded-annotation-v2-shortrefs
C006,K096,1,labeled,1,labeled,1,labeled,True,False,PROVISIONAL_LLM_GOLD,Steps range 7632-8418 across 42 days with small variations; device uses accelerometer-based counting.,Observable condition: step readings change with possible measurement limitations.,Provides relevant context for interpreting step count variability given accelerometer-based measurement limitations.,qwen3.8-max,c4bcdb10cae174e8c33c050a254ba0f0de1ed0ed87090327bb7723edcdf272a6,blinded-annotation-v2-shortrefs
C007,K001,2,labeled,2,labeled,2,labeled,True,False,PROVISIONAL_LLM_GOLD,"Baseline sleep mean 328.5 min (~5.5h), all nights <7h; window sleep mean 448.0 min (~7.5h), all nights >=7h. Age band 18-60.",Item recommends at least 7 hours for adults 18-60; observable condition is sleep below recommendation.,"Core direct explanation: baseline sleep was consistently below the age-specific CDC recommendation, and window sleep meets it. Necessary conditions fully supported by raw data.",qwen3.8-max,aa4bb0abcfad748205ad1a5a6519ae0bfef3715bca3f035bb4eeecefb01d6635,blinded-annotation-v2-shortrefs
C007,K002,0,labeled,0,labeled,0,labeled,True,False,PROVISIONAL_LLM_GOLD,Metadata age_band is 18-60.,Item applies to adults aged 61-64; non-applicable for other age groups.,Subject is 18-60. Item explicitly non-applicable.,qwen3.8-max,aa4bb0abcfad748205ad1a5a6519ae0bfef3715bca3f035bb4eeecefb01d6635,blinded-annotation-v2-shortrefs
C007,K003,0,labeled,0,labeled,0,labeled,True,False,PROVISIONAL_LLM_GOLD,Metadata age_band is 18-60.,Item applies to adults aged 65 and older; non-applicable if age below 65.,Age band contradicts applicability. Item explicitly non-applicable.,qwen3.8-max,aa4bb0abcfad748205ad1a5a6519ae0bfef3715bca3f035bb4eeecefb01d6635,blinded-annotation-v2-shortrefs
C007,K004,0,labeled,0,labeled,0,labeled,True,False,PROVISIONAL_LLM_GOLD,Metadata age_band is 18-60.,Item applies to teenagers aged 13-17; non-applicable for adults.,Subject is an adult. Item explicitly non-applicable.,qwen3.8-max,aa4bb0abcfad748205ad1a5a6519ae0bfef3715bca3f035bb4eeecefb01d6635,blinded-annotation-v2-shortrefs
C007,K005,0,labeled,1,labeled,0,labeled,False,False,PROVISIONAL_LLM_GOLD,"Current window sleep is ~448 min (~7.5h), meeting recommendations. No schedule constraint data.",Item requires repeatedly shortened sleep opportunity and a schedule constraint attribution.,Current sleep is longer and sufficient; no evidence of schedule-driven shortage. Historical baseline was short but current persistence differs from resolved historical change.,qwen3.8-max,aa4bb0abcfad748205ad1a5a6519ae0bfef3715bca3f035bb4eeecefb01d6635,blinded-annotation-v2-shortrefs
C007,K006,1,labeled,1,labeled,1,labeled,True,False,PROVISIONAL_LLM_GOLD,Baseline sleep consistently ~328 min (~5.5h) for 28 days with very low variance (28.4).,Item addresses consistently short sleep routines and warns they do not prove adaptation.,Supported contextual connection: baseline shows stable short sleep for 28 days. Item correctly notes routine stability does not prove sleep needs are met.,qwen3.8-max,aa4bb0abcfad748205ad1a5a6519ae0bfef3715bca3f035bb4eeecefb01d6635,blinded-annotation-v2-shortrefs
C007,K007,1,labeled,1,labeled,1,labeled,True,False,PROVISIONAL_LLM_GOLD,"Sleep duration recorded (baseline ~5.5h, window ~7.5h); no sleep-onset difficulty, awakenings, or refreshment data.",Item states recorded hours alone do not establish sleep quality; requires additional quality indicators.,"Supported contextual connection: correctly notes that available duration data does not establish sleep quality, which is relevant given only duration/timing are measured.",qwen3.8-max,aa4bb0abcfad748205ad1a5a6519ae0bfef3715bca3f035bb4eeecefb01d6635,blinded-annotation-v2-shortrefs
C007,K008,0,labeled,0,labeled,0,labeled,True,False,PROVISIONAL_LLM_GOLD,"Only sleep duration, start, and end times recorded; no awakening events in data.",Item requires awakening history or measured sleep continuity; non-applicable if only duration/timing available.,Awakenings not measured; only duration and timing available. Item explicitly non-applicable.,qwen3.8-max,aa4bb0abcfad748205ad1a5a6519ae0bfef3715bca3f035bb4eeecefb01d6635,blinded-annotation-v2-shortrefs
C007,K009,0,labeled,0,labeled,0,labeled,True,False,PROVISIONAL_LLM_GOLD,Window sleep mean 448 min (~7.5h); no subjective refreshment data recorded.,Item requires more than 8 hours sleep AND reported lack of refreshment.,Sleep is under 8h in most window nights and no refreshment report exists. Conditions not met.,qwen3.8-max,aa4bb0abcfad748205ad1a5a6519ae0bfef3715bca3f035bb4eeecefb01d6635,blinded-annotation-v2-shortrefs
C007,K010,0,labeled,0,labeled,0,labeled,True,False,PROVISIONAL_LLM_GOLD,"No cognitive symptoms, learning difficulties, or attention problems reported.",Item requires symptoms to claim actual cognitive impairment; non-applicable for diagnosing from wearable alone.,No symptoms reported; cannot establish cognitive impairment from wearable data alone.,qwen3.8-max,aa4bb0abcfad748205ad1a5a6519ae0bfef3715bca3f035bb4eeecefb01d6635,blinded-annotation-v2-shortrefs
C007,K011,0,labeled,0,labeled,0,labeled,True,False,PROVISIONAL_LLM_GOLD,"Current window sleep is ~448 min (~7.5h), increased from baseline. No performance data.",Item requires several nights of reduced sleep duration currently; non-applicable if no repeated sleep restriction.,"Current window shows increased sleep, not repeated sleep restriction. Resolved historical pattern differs from current persistence per instructions.",qwen3.8-max,aa4bb0abcfad748205ad1a5a6519ae0bfef3715bca3f035bb4eeecefb01d6635,blinded-annotation-v2-shortrefs
C007,K012,0,labeled,0,labeled,0,labeled,True,False,PROVISIONAL_LLM_GOLD,Current window sleep improved to ~7.5h; no infection or immune data recorded.,Item discusses ongoing sleep deficiency and immune function generally.,"Generic background fact; current sleep improved, no infection data. Cannot link individually.",qwen3.8-max,aa4bb0abcfad748205ad1a5a6519ae0bfef3715bca3f035bb4eeecefb01d6635,blinded-annotation-v2-shortrefs
C007,K013,0,labeled,0,labeled,0,labeled,True,False,PROVISIONAL_LLM_GOLD,"No food intake, appetite, or hunger data recorded.",Item requires food intake or appetite information for individual claims about hormone effects.,Appetite data absent; cannot link sleep to hunger hormones individually. Generic background.,qwen3.8-max,aa4bb0abcfad748205ad1a5a6519ae0bfef3715bca3f035bb4eeecefb01d6635,blinded-annotation-v2-shortrefs
C007,K014,0,labeled,0,labeled,0,labeled,True,False,PROVISIONAL_LLM_GOLD,No sleepiness reports or driving context recorded.,Item requires reported sleepiness and driving plans.,Sleepiness and driving context unknown; required conditions not met.,qwen3.8-max,aa4bb0abcfad748205ad1a5a6519ae0bfef3715bca3f035bb4eeecefb01d6635,blinded-annotation-v2-shortrefs
C007,K015,1,labeled,1,labeled,1,labeled,True,False,PROVISIONAL_LLM_GOLD,Baseline sleep ~5.5h consistently; window sleep ~7.5h. Individual experience not recorded.,Item notes sleep requirements vary among adults (7-9h average) and should consider individual experience.,"Supported contextual connection: relevant for interpreting the short baseline sleep duration, noting individual variation exists beyond population averages.",qwen3.8-max,aa4bb0abcfad748205ad1a5a6519ae0bfef3715bca3f035bb4eeecefb01d6635,blinded-annotation-v2-shortrefs
C007,K016,0,labeled,0,labeled,0,labeled,True,False,PROVISIONAL_LLM_GOLD,14-day window; no insomnia symptoms or months-long difficulty reported.,Item requires months-long sleeping difficulties or failed habit changes with daily-life impact.,Window too short; no insomnia symptoms reported. Cannot establish conditions.,qwen3.8-max,aa4bb0abcfad748205ad1a5a6519ae0bfef3715bca3f035bb4eeecefb01d6635,blinded-annotation-v2-shortrefs
C007,K017,0,labeled,0,labeled,0,labeled,True,False,PROVISIONAL_LLM_GOLD,Sleep end variance is 0.0 in both periods; sleep start variance ~28-29 min^2 within each period.,Item requires repeated variability in bedtime or wake time; non-applicable for stable schedules.,Schedule is highly consistent within each period. Item condition of problematic variability not met.,qwen3.8-max,aa4bb0abcfad748205ad1a5a6519ae0bfef3715bca3f035bb4eeecefb01d6635,blinded-annotation-v2-shortrefs
C007,K018,0,labeled,0,labeled,0,labeled,True,False,PROVISIONAL_LLM_GOLD,Sleep end is exactly 07:00:00 every single day in both periods; variance 0.0.,Item requires inconsistent wake time with reported sleeping difficulties.,Wake time is perfectly consistent at 07:00. No sleeping difficulties reported. Not applicable.,qwen3.8-max,aa4bb0abcfad748205ad1a5a6519ae0bfef3715bca3f035bb4eeecefb01d6635,blinded-annotation-v2-shortrefs
C007,K019,0,labeled,0,labeled,0,labeled,True,False,PROVISIONAL_LLM_GOLD,"Weekend vs weekday sleep duration difference <1 min baseline, ~1 min window; sleep start/end times similar.",Item requires substantial bedtime or wake time differences between weekdays and weekends.,No meaningful weekday-weekend difference observed. Condition not met.,qwen3.8-max,aa4bb0abcfad748205ad1a5a6519ae0bfef3715bca3f035bb4eeecefb01d6635,blinded-annotation-v2-shortrefs
C007,K020,0,labeled,0,labeled,0,labeled,True,False,PROVISIONAL_LLM_GOLD,Bedtime timestamps exist but pre-bed activity content is unknown.,Item requires information about pre-bed activities for targeted advice.,Bedtime routine content unknown; timestamps alone insufficient to apply quiet-time advice.,qwen3.8-max,aa4bb0abcfad748205ad1a5a6519ae0bfef3715bca3f035bb4eeecefb01d6635,blinded-annotation-v2-shortrefs
C007,K021,0,labeled,0,labeled,0,labeled,True,False,PROVISIONAL_LLM_GOLD,No screen or light exposure information recorded.,Item requires known bright-screen exposure shortly before bed.,Exposure unknown; required conditions not met.,qwen3.8-max,aa4bb0abcfad748205ad1a5a6519ae0bfef3715bca3f035bb4eeecefb01d6635,blinded-annotation-v2-shortrefs
C007,K022,0,labeled,0,labeled,0,labeled,True,False,PROVISIONAL_LLM_GOLD,No caffeine timing or intake data recorded.,Item requires known afternoon or evening caffeine use with sleeping difficulty.,Caffeine history unknown; required context not met.,qwen3.8-max,aa4bb0abcfad748205ad1a5a6519ae0bfef3715bca3f035bb4eeecefb01d6635,blinded-annotation-v2-shortrefs
C007,K023,0,labeled,0,labeled,0,labeled,True,False,PROVISIONAL_LLM_GOLD,No meal timing or size data recorded.,Item requires known large meal shortly before bed.,Meal information unknown; required context not met.,qwen3.8-max,aa4bb0abcfad748205ad1a5a6519ae0bfef3715bca3f035bb4eeecefb01d6635,blinded-annotation-v2-shortrefs
C007,K024,0,labeled,0,labeled,0,labeled,True,False,PROVISIONAL_LLM_GOLD,No alcohol intake or timing data recorded.,Item requires alcohol use near bedtime to be reported.,Alcohol exposure unknown; required conditions not met.,qwen3.8-max,aa4bb0abcfad748205ad1a5a6519ae0bfef3715bca3f035bb4eeecefb01d6635,blinded-annotation-v2-shortrefs
C007,K025,0,labeled,0,labeled,0,labeled,True,False,PROVISIONAL_LLM_GOLD,No nicotine use or smoking data recorded.,Item requires nicotine exposure to be established.,Nicotine use unknown; required conditions not met.,qwen3.8-max,aa4bb0abcfad748205ad1a5a6519ae0bfef3715bca3f035bb4eeecefb01d6635,blinded-annotation-v2-shortrefs
C007,K026,0,labeled,0,labeled,0,labeled,True,False,PROVISIONAL_LLM_GOLD,"No bedroom temperature, light, or noise data recorded.",Item requires known disruptive bedroom environment.,Environment unknown; required conditions not met.,qwen3.8-max,aa4bb0abcfad748205ad1a5a6519ae0bfef3715bca3f035bb4eeecefb01d6635,blinded-annotation-v2-shortrefs
C007,K027,0,labeled,0,labeled,0,labeled,True,False,PROVISIONAL_LLM_GOLD,No pre-bed routine or relaxation difficulty reported.,Item requires reported difficulty relaxing or request for routine options.,No relaxation context; generic optional advice not connected to observations.,qwen3.8-max,aa4bb0abcfad748205ad1a5a6519ae0bfef3715bca3f035bb4eeecefb01d6635,blinded-annotation-v2-shortrefs
C007,K028,0,labeled,0,labeled,0,labeled,True,False,PROVISIONAL_LLM_GOLD,No nap history recorded.,Item requires adult naps to be recorded or reported.,Nap history unknown; required conditions not met.,qwen3.8-max,aa4bb0abcfad748205ad1a5a6519ae0bfef3715bca3f035bb4eeecefb01d6635,blinded-annotation-v2-shortrefs
C007,K029,0,labeled,0,labeled,0,labeled,True,False,PROVISIONAL_LLM_GOLD,Sleep schedule is highly consistent within each period; no shift work indicated.,Item requires confirmed shift-work schedule and changing shifts.,No shift work or variable sleep within periods. Conditions not met.,qwen3.8-max,aa4bb0abcfad748205ad1a5a6519ae0bfef3715bca3f035bb4eeecefb01d6635,blinded-annotation-v2-shortrefs
C007,K030,0,labeled,0,labeled,0,labeled,True,False,PROVISIONAL_LLM_GOLD,No shift work schedule confirmed; sleep occurs overnight consistently.,Item requires established shift work.,No confirmed shift work. Item explicitly non-applicable.,qwen3.8-max,aa4bb0abcfad748205ad1a5a6519ae0bfef3715bca3f035bb4eeecefb01d6635,blinded-annotation-v2-shortrefs
C007,K031,0,labeled,0,labeled,0,labeled,True,False,PROVISIONAL_LLM_GOLD,No shift work or caffeine data recorded.,Item requires shift schedule and caffeine intake information.,Shift work and caffeine unknown; required conditions not met.,qwen3.8-max,aa4bb0abcfad748205ad1a5a6519ae0bfef3715bca3f035bb4eeecefb01d6635,blinded-annotation-v2-shortrefs
C007,K032,0,labeled,0,labeled,0,labeled,True,False,PROVISIONAL_LLM_GOLD,All sleep occurs overnight (ending 07:00); no daytime sleep or shift work indicated.,Item requires daytime sleep associated with confirmed shift work.,Sleep is nocturnal; shift work context not established. Item not applicable.,qwen3.8-max,aa4bb0abcfad748205ad1a5a6519ae0bfef3715bca3f035bb4eeecefb01d6635,blinded-annotation-v2-shortrefs
C007,K033,0,labeled,0,labeled,0,labeled,True,False,PROVISIONAL_LLM_GOLD,"Sleep pattern changed (timing and duration), but no awakenings or naps are recorded in the data schema.",Item requires awakenings and naps to need separate records if absent from data.,Pattern changed but no awakenings/naps recorded; generic diary advice without specific actionable connection to available data.,qwen3.8-max,aa4bb0abcfad748205ad1a5a6519ae0bfef3715bca3f035bb4eeecefb01d6635,blinded-annotation-v2-shortrefs
C007,K034,1,labeled,1,labeled,1,labeled,True,False,PROVISIONAL_LLM_GOLD,"28 consecutive baseline nights with sleep ~328 min (~5.5h), all below 7h recommendation.",Item explains regularly getting less sleep than needed adds up over time; duration and recurrence matter.,Supported contextual connection: 28 days of short baseline sleep matches accumulation condition. Current improvement does not quantify complete recovery per instructions.,qwen3.8-max,aa4bb0abcfad748205ad1a5a6519ae0bfef3715bca3f035bb4eeecefb01d6635,blinded-annotation-v2-shortrefs
C007,K035,0,labeled,0,labeled,0,labeled,True,False,PROVISIONAL_LLM_GOLD,Weekend baseline sleep mean 328.75 min vs weekday 328.35 min; window weekend 448.75 vs weekday 447.7.,Item requires longer sleep and later timing on days off compared to workdays.,No meaningful weekday/weekend sleep difference observed in either period. Condition not met.,qwen3.8-max,aa4bb0abcfad748205ad1a5a6519ae0bfef3715bca3f035bb4eeecefb01d6635,blinded-annotation-v2-shortrefs
C007,K036,0,labeled,0,labeled,0,labeled,True,False,PROVISIONAL_LLM_GOLD,No nap information recorded in the data.,Item requires recorded naps after shortened night-time sleep.,Nap information absent; required context not met.,qwen3.8-max,aa4bb0abcfad748205ad1a5a6519ae0bfef3715bca3f035bb4eeecefb01d6635,blinded-annotation-v2-shortrefs
C007,K037,0,labeled,0,labeled,0,labeled,True,False,PROVISIONAL_LLM_GOLD,No insomnia symptoms reported; sleep schedule is highly consistent (wake 07:00 daily).,Item requires recent bad night and reported sleeping difficulties/insomnia symptoms.,No insomnia symptoms; sleep is stable and improving. Item not applicable.,qwen3.8-max,aa4bb0abcfad748205ad1a5a6519ae0bfef3715bca3f035bb4eeecefb01d6635,blinded-annotation-v2-shortrefs
C007,K038,0,labeled,0,labeled,0,labeled,True,False,PROVISIONAL_LLM_GOLD,Only 14 days of window data available; no symptom history recorded.,Item requires symptom history and onset to categorize insomnia duration.,Cannot diagnose or categorize insomnia from wearable duration estimates alone without symptom history.,qwen3.8-max,aa4bb0abcfad748205ad1a5a6519ae0bfef3715bca3f035bb4eeecefb01d6635,blinded-annotation-v2-shortrefs
C007,K039,0,labeled,0,labeled,0,labeled,True,False,PROVISIONAL_LLM_GOLD,"Sleep start shifted ~2 hours earlier in window, but no travel history recorded.","Item requires confirmed travel, destination time zone, and trip duration.",Travel context unknown; sleep timing change cannot be linked to travel.,qwen3.8-max,aa4bb0abcfad748205ad1a5a6519ae0bfef3715bca3f035bb4eeecefb01d6635,blinded-annotation-v2-shortrefs
C007,K040,0,labeled,0,labeled,0,labeled,True,False,PROVISIONAL_LLM_GOLD,No travel context or trip duration recorded.,Item requires a short trip across time zones to be planned.,Travel context unknown; required conditions not met.,qwen3.8-max,aa4bb0abcfad748205ad1a5a6519ae0bfef3715bca3f035bb4eeecefb01d6635,blinded-annotation-v2-shortrefs
C007,K041,0,labeled,0,labeled,0,labeled,True,False,PROVISIONAL_LLM_GOLD,Activity duration stable; intensity unknown for all intervals.,Item requires intensity information to count recommended aerobic minutes.,Generic advice; intensity unknown so guideline relevance cannot be established. No activity decline to address.,qwen3.8-max,aa4bb0abcfad748205ad1a5a6519ae0bfef3715bca3f035bb4eeecefb01d6635,blinded-annotation-v2-shortrefs
C007,K042,0,labeled,0,labeled,0,labeled,True,False,PROVISIONAL_LLM_GOLD,Activity duration stable (~55 min/day) across both periods; no inactivity period observed.,Item requires recently low or reduced physical activity.,No evidence of recent inactivity or reduced activity. Activity is stable across periods.,qwen3.8-max,aa4bb0abcfad748205ad1a5a6519ae0bfef3715bca3f035bb4eeecefb01d6635,blinded-annotation-v2-shortrefs
C007,K043,0,labeled,0,labeled,0,labeled,True,False,PROVISIONAL_LLM_GOLD,All activity interval intensities are 'unknown'.,Item requires known activity intensity to determine if 150-min moderate target is met.,Intensity unknown; cannot determine guideline compliance per instructions.,qwen3.8-max,aa4bb0abcfad748205ad1a5a6519ae0bfef3715bca3f035bb4eeecefb01d6635,blinded-annotation-v2-shortrefs
C007,K044,0,labeled,0,labeled,0,labeled,True,False,PROVISIONAL_LLM_GOLD,All activity interval intensities are 'unknown'.,Item requires documented vigorous aerobic activity; non-applicable if intensity unknown.,Intensity unknown; cannot apply vigorous activity targets per instructions.,qwen3.8-max,aa4bb0abcfad748205ad1a5a6519ae0bfef3715bca3f035bb4eeecefb01d6635,blinded-annotation-v2-shortrefs
C007,K045,0,labeled,0,labeled,0,labeled,True,False,PROVISIONAL_LLM_GOLD,Activity duration stable; all intensities unknown.,"Item requires reduced activity or limited opportunities, plus known intensity for counting.",No activity reduction observed; intensity unknown. Generic advice not specifically tied to data.,qwen3.8-max,aa4bb0abcfad748205ad1a5a6519ae0bfef3715bca3f035bb4eeecefb01d6635,blinded-annotation-v2-shortrefs
C007,K046,0,labeled,0,labeled,0,labeled,True,False,PROVISIONAL_LLM_GOLD,"Only steps, activity duration, and low movement minutes available; no strengthening records.",Item requires strengthening activity records including days and muscle groups.,No strengthening data available; steps cannot assess this separate activity type.,qwen3.8-max,aa4bb0abcfad748205ad1a5a6519ae0bfef3715bca3f035bb4eeecefb01d6635,blinded-annotation-v2-shortrefs
C007,K047,0,labeled,0,labeled,0,labeled,True,False,PROVISIONAL_LLM_GOLD,Activity intensity unknown; weekly totals cannot be classified by intensity.,Item requires known intensity and weekly duration to verify guideline attainment.,Intensity unknown; cannot verify guideline attainment or additional benefits.,qwen3.8-max,aa4bb0abcfad748205ad1a5a6519ae0bfef3715bca3f035bb4eeecefb01d6635,blinded-annotation-v2-shortrefs
C007,K048,0,labeled,0,labeled,1,labeled,False,False,PROVISIONAL_LLM_GOLD,All activity intervals have intensity 'unknown'. Steps and active minutes are stable.,Item requires fitness or perceived effort to interpret relative intensity.,"Unknown activity intensity is not moderate exercise per instructions. Without fitness context, cannot assign relative intensity. Generic caution.",qwen3.8-max,aa4bb0abcfad748205ad1a5a6519ae0bfef3715bca3f035bb4eeecefb01d6635,blinded-annotation-v2-shortrefs
C007,K049,0,labeled,0,labeled,0,labeled,True,False,PROVISIONAL_LLM_GOLD,All activity interval intensities are 'unknown'; no breathing or talk-test observations.,Item requires observed effort during aerobic activity and breathing/talk-test observation.,Effort unrecorded; cannot apply talk test to unknown-intensity data.,qwen3.8-max,aa4bb0abcfad748205ad1a5a6519ae0bfef3715bca3f035bb4eeecefb01d6635,blinded-annotation-v2-shortrefs
C007,K050,0,labeled,1,labeled,0,labeled,False,False,PROVISIONAL_LLM_GOLD,"Steps baseline mean 8044, window mean 7963; activity duration baseline 55.1, window 55.4. Both stable.","Item applies when steps change while other activity may differ, requiring activity type context.",Steps and activity duration are both stable across periods. No evidence of missed non-step exercise or divergence.,qwen3.8-max,aa4bb0abcfad748205ad1a5a6519ae0bfef3715bca3f035bb4eeecefb01d6635,blinded-annotation-v2-shortrefs
C007,K051,0,labeled,0,labeled,0,labeled,True,False,PROVISIONAL_LLM_GOLD,Steps and activity duration stable across periods; no decline observed.,Item requires low or declining routine movement.,Movement is stable; no decline observed. Generic walking advice not specifically connected.,qwen3.8-max,aa4bb0abcfad748205ad1a5a6519ae0bfef3715bca3f035bb4eeecefb01d6635,blinded-annotation-v2-shortrefs
C007,K052,0,labeled,0,labeled,0,labeled,True,False,PROVISIONAL_LLM_GOLD,Activity duration stable (~55 min/day); no preference or maintenance difficulty data.,"Item requires activity habit to be low or difficult to maintain, plus personal preferences.",Activity is stable; no preference or maintenance difficulty data available.,qwen3.8-max,aa4bb0abcfad748205ad1a5a6519ae0bfef3715bca3f035bb4eeecefb01d6635,blinded-annotation-v2-shortrefs
C007,K053,0,labeled,0,labeled,0,labeled,True,False,PROVISIONAL_LLM_GOLD,Activity duration stable (~55 min/day); no social preferences or motivational barriers recorded.,Item requires social preferences or reported motivational barrier.,No evidence of motivational barrier; activity is stable across periods.,qwen3.8-max,aa4bb0abcfad748205ad1a5a6519ae0bfef3715bca3f035bb4eeecefb01d6635,blinded-annotation-v2-shortrefs
C007,K054,0,labeled,0,labeled,0,labeled,True,False,PROVISIONAL_LLM_GOLD,"Activity levels stable (~55 min/day, ~8000 steps); no time barrier reported.",Item requires low activity with a reported time barrier.,No evidence of low activity or reported time barrier in the wearable data.,qwen3.8-max,aa4bb0abcfad748205ad1a5a6519ae0bfef3715bca3f035bb4eeecefb01d6635,blinded-annotation-v2-shortrefs
C007,K055,0,labeled,0,labeled,0,labeled,True,False,PROVISIONAL_LLM_GOLD,Activity levels stable; no reported competing demands or schedule constraints.,Item requires reported competing demands that reduce activity.,Schedule reason unknown; activity is stable. No connection to observed data.,qwen3.8-max,aa4bb0abcfad748205ad1a5a6519ae0bfef3715bca3f035bb4eeecefb01d6635,blinded-annotation-v2-shortrefs
C007,K056,0,labeled,0,labeled,0,labeled,True,False,PROVISIONAL_LLM_GOLD,"No chronic conditions, disabilities, or special health needs recorded.",Item requires a relevant health condition and activity safety history.,Medical context unknown; required conditions not met.,qwen3.8-max,aa4bb0abcfad748205ad1a5a6519ae0bfef3715bca3f035bb4eeecefb01d6635,blinded-annotation-v2-shortrefs
C007,K057,0,labeled,0,labeled,1,labeled,False,False,PROVISIONAL_LLM_GOLD,"Low movement intervals of ~45 min each are recorded throughout daytime, but posture is not measured.",Item requires mobility and posture context for individual sitting claim; non-applicable if low movement due to non-wear or sleep.,Device low movement is not confirmed sitting per instructions. Posture context unavailable. Cannot apply directly.,qwen3.8-max,aa4bb0abcfad748205ad1a5a6519ae0bfef3715bca3f035bb4eeecefb01d6635,blinded-annotation-v2-shortrefs
C007,K058,0,labeled,0,labeled,1,labeled,False,False,PROVISIONAL_LLM_GOLD,Activity duration ~55 min/day coexists with ~450 min low movement; posture not confirmed.,Item requires sitting posture and known activity intensity for guideline claims.,Device low movement is not confirmed sitting per instructions. Intensity unknown. Cannot establish separate behaviors from these data.,qwen3.8-max,aa4bb0abcfad748205ad1a5a6519ae0bfef3715bca3f035bb4eeecefb01d6635,blinded-annotation-v2-shortrefs
C007,K059,0,labeled,0,labeled,0,labeled,True,False,PROVISIONAL_LLM_GOLD,"Low movement minutes stable (~448 baseline, ~450 window); posture not measured.",Item requires confirmed sitting for a specific sedentary-time conclusion.,Device low movement is not confirmed sitting per instructions. Cannot establish sedentary behavior from these data.,qwen3.8-max,aa4bb0abcfad748205ad1a5a6519ae0bfef3715bca3f035bb4eeecefb01d6635,blinded-annotation-v2-shortrefs
C007,K060,0,labeled,0,labeled,0,labeled,True,False,PROVISIONAL_LLM_GOLD,No commuting or transport data recorded.,Item requires established sedentary commuting and transport/mobility context.,Commute unknown; required context not met.,qwen3.8-max,aa4bb0abcfad748205ad1a5a6519ae0bfef3715bca3f035bb4eeecefb01d6635,blinded-annotation-v2-shortrefs
C007,K061,0,labeled,0,labeled,0,labeled,True,False,PROVISIONAL_LLM_GOLD,No workplace layout or desk work context recorded.,Item requires desk work with prolonged sitting and workplace context.,Work context unknown; required conditions not met.,qwen3.8-max,aa4bb0abcfad748205ad1a5a6519ae0bfef3715bca3f035bb4eeecefb01d6635,blinded-annotation-v2-shortrefs
C007,K062,0,labeled,0,labeled,0,labeled,True,False,PROVISIONAL_LLM_GOLD,"No workplace, meeting, or desk work context recorded.",Item requires meetings or desk work involving prolonged sitting.,Workplace context unknown; required conditions not met.,qwen3.8-max,aa4bb0abcfad748205ad1a5a6519ae0bfef3715bca3f035bb4eeecefb01d6635,blinded-annotation-v2-shortrefs
C007,K063,0,labeled,0,labeled,0,labeled,True,False,PROVISIONAL_LLM_GOLD,No television viewing or screen habits recorded.,Item requires prolonged sitting while watching television.,Screen habits unknown; required context not met.,qwen3.8-max,aa4bb0abcfad748205ad1a5a6519ae0bfef3715bca3f035bb4eeecefb01d6635,blinded-annotation-v2-shortrefs
C007,K064,0,labeled,0,labeled,0,labeled,True,False,PROVISIONAL_LLM_GOLD,"Low movement minutes stable (~448 baseline, ~450 window); no leisure context recorded.",Item requires substantial habitual seated leisure and routine context.,Leisure context unknown; device low movement is not confirmed sitting. Conditions not met.,qwen3.8-max,aa4bb0abcfad748205ad1a5a6519ae0bfef3715bca3f035bb4eeecefb01d6635,blinded-annotation-v2-shortrefs
C007,K065,0,labeled,1,labeled,0,labeled,False,False,PROVISIONAL_LLM_GOLD,"Baseline activity duration mean 55.1 min, window 55.4 min; steps ~8000 daily.",Item defines physical activity broadly but requires low everyday movement despite formal exercise for specific relevance.,Everyday movement is not low; generic definitional item with no specific connection to observed patterns.,qwen3.8-max,aa4bb0abcfad748205ad1a5a6519ae0bfef3715bca3f035bb4eeecefb01d6635,blinded-annotation-v2-shortrefs
C007,K066,0,labeled,0,labeled,0,labeled,True,False,PROVISIONAL_LLM_GOLD,No workday lunch-break context or mobility information recorded.,Item requires known workday lunch-break access and mobility.,Lunch-break context unknown; required conditions not met.,qwen3.8-max,aa4bb0abcfad748205ad1a5a6519ae0bfef3715bca3f035bb4eeecefb01d6635,blinded-annotation-v2-shortrefs
C007,K067,0,labeled,0,labeled,0,labeled,True,False,PROVISIONAL_LLM_GOLD,No stair access or mobility context recorded.,Item requires accessible stairs and safe mobility.,Context unknown; required conditions not met.,qwen3.8-max,aa4bb0abcfad748205ad1a5a6519ae0bfef3715bca3f035bb4eeecefb01d6635,blinded-annotation-v2-shortrefs
C007,K068,1,labeled,1,labeled,1,labeled,True,False,PROVISIONAL_LLM_GOLD,Low movement intervals of ~45 min recorded throughout daytime; device does not measure posture.,Item warns that low-movement estimate should not automatically be relabelled as confirmed sitting.,"Supported contextual connection: directly warns against relabeling device low movement as confirmed sitting, which aligns with instruction that device low movement is not confirmed sitting.",qwen3.8-max,aa4bb0abcfad748205ad1a5a6519ae0bfef3715bca3f035bb4eeecefb01d6635,blinded-annotation-v2-shortrefs
C007,K069,0,labeled,0,labeled,0,labeled,True,False,PROVISIONAL_LLM_GOLD,"Activity duration unchanged (baseline 55.1, window 55.4 min) while sleep increased by ~120 min.",Item notes general benefit of activity for sleep but warns against causal claims from paired observations.,Activity unchanged while sleep changed dramatically. Temporal co-occurrence does not imply causation per instructions. Generic benefit statement.,qwen3.8-max,aa4bb0abcfad748205ad1a5a6519ae0bfef3715bca3f035bb4eeecefb01d6635,blinded-annotation-v2-shortrefs
C007,K070,0,labeled,0,labeled,0,labeled,True,False,PROVISIONAL_LLM_GOLD,Activity duration stable (~55 min/day); no outdoor exposure data recorded.,"Item requires low daytime activity accompanying a changed sleep routine, plus outdoor access.",Activity is not low; outdoor exposure unknown. Generic routine advice without specific connection.,qwen3.8-max,aa4bb0abcfad748205ad1a5a6519ae0bfef3715bca3f035bb4eeecefb01d6635,blinded-annotation-v2-shortrefs
C007,K071,0,labeled,0,labeled,1,labeled,False,False,PROVISIONAL_LLM_GOLD,"Activity intervals occur 21:00-~22:00 daily; sleep starts ~01:15 baseline, ~23:15 window. All intensities are 'unknown'.",Item requires known intensity and actual timing relative to bedtime; non-applicable if assuming late movement is intense exercise.,Unknown activity intensity is not moderate/intense exercise per instructions. Cannot determine if late activity qualifies as intense exercise.,qwen3.8-max,aa4bb0abcfad748205ad1a5a6519ae0bfef3715bca3f035bb4eeecefb01d6635,blinded-annotation-v2-shortrefs
C007,K072,0,labeled,0,labeled,0,labeled,True,False,PROVISIONAL_LLM_GOLD,No insomnia symptoms reported; activity intensity is unknown.,Item requires reported sleeping difficulties and exercise near bedtime with known intensity.,Temporal adjacency of evening activity to sleep does not establish insomnia or causation. Conditions not met.,qwen3.8-max,aa4bb0abcfad748205ad1a5a6519ae0bfef3715bca3f035bb4eeecefb01d6635,blinded-annotation-v2-shortrefs
C007,K073,1,labeled,1,labeled,1,labeled,True,False,PROVISIONAL_LLM_GOLD,Activity intervals consistently occur 21:00-22:00; sleep start shifted from ~01:15 baseline to ~23:15 window.,Item advises recording exercise timing alongside sleep timing for temporal context review.,"Supported contextual connection: activity timing data exists alongside a major sleep timing shift, relevant for preserving temporal context per instructions that day t activity precedes sleep waking on t+1.",qwen3.8-max,aa4bb0abcfad748205ad1a5a6519ae0bfef3715bca3f035bb4eeecefb01d6635,blinded-annotation-v2-shortrefs
C007,K074,0,labeled,0,labeled,0,labeled,True,False,PROVISIONAL_LLM_GOLD,No emergency-response deployment context established.,Item requires confirmed emergency-response deployment context.,Deployment context unknown; item explicitly non-applicable.,qwen3.8-max,aa4bb0abcfad748205ad1a5a6519ae0bfef3715bca3f035bb4eeecefb01d6635,blinded-annotation-v2-shortrefs
C007,K075,0,labeled,0,labeled,0,labeled,True,False,PROVISIONAL_LLM_GOLD,No tiredness or subjective energy pattern recorded.,Item requires reported tiredness limiting activity and subjective energy pattern.,No tiredness history; required context not met.,qwen3.8-max,aa4bb0abcfad748205ad1a5a6519ae0bfef3715bca3f035bb4eeecefb01d6635,blinded-annotation-v2-shortrefs
C007,K076,0,labeled,0,labeled,0,labeled,True,False,PROVISIONAL_LLM_GOLD,"No substance, medication, caffeine, or alcohol records available.",Item requires substance and medication history for causal interpretation of sleep changes.,No substance or medication data available to contextualize the sleep change. Generic diary advice.,qwen3.8-max,aa4bb0abcfad748205ad1a5a6519ae0bfef3715bca3f035bb4eeecefb01d6635,blinded-annotation-v2-shortrefs
C007,K077,1,labeled,1,labeled,1,labeled,True,False,PROVISIONAL_LLM_GOLD,Daily RHR values recorded (range 55-57 bpm) during nighttime coverage periods.,"Item defines RHR as beats per minute while still and well rested, distinguishing from exercise HR.",Supported contextual connection: directly informative for interpreting what the recorded RHR values represent physiologically.,qwen3.8-max,aa4bb0abcfad748205ad1a5a6519ae0bfef3715bca3f035bb4eeecefb01d6635,blinded-annotation-v2-shortrefs
C007,K078,1,labeled,1,labeled,1,labeled,True,False,PROVISIONAL_LLM_GOLD,Daily RHR values (55-57 bpm) recorded; no separate sleeping heart rate metric in data.,Item distinguishes daily resting heart rate from sleeping heart rate measured throughout the night.,"Supported contextual connection: important distinction for interpreting the provided daily RHR values correctly, preventing conflation with sleeping HR.",qwen3.8-max,aa4bb0abcfad748205ad1a5a6519ae0bfef3715bca3f035bb4eeecefb01d6635,blinded-annotation-v2-shortrefs
C007,K079,0,labeled,0,labeled,1,labeled,False,False,PROVISIONAL_LLM_GOLD,"RHR stable: baseline mean 56.0, window mean 56.1, variance <1.0 in both periods.","Item applies when RHR changes relative to previous readings, requiring exposure info to attribute cause.",No meaningful RHR change observed. Item conditions not triggered.,qwen3.8-max,aa4bb0abcfad748205ad1a5a6519ae0bfef3715bca3f035bb4eeecefb01d6635,blinded-annotation-v2-shortrefs
C007,K080,1,labeled,1,labeled,1,labeled,True,False,PROVISIONAL_LLM_GOLD,Both resting_heart_rate_bpm (mean ~56) and hrv_rmssd_ms (mean ~45) recorded nightly.,"Item clarifies HRV measures variation between beats, distinct from average heart rate.","Supported contextual connection: both metrics are present in the data, and the item correctly distinguishes them as different physiological quantities.",qwen3.8-max,aa4bb0abcfad748205ad1a5a6519ae0bfef3715bca3f035bb4eeecefb01d6635,blinded-annotation-v2-shortrefs
C007,K081,1,labeled,1,labeled,1,labeled,True,False,PROVISIONAL_LLM_GOLD,"HRV RMSSD values range 43-47 ms across both periods; mean 45.5 baseline, 45.1 window.",Item states HRV varies between people and depends on personal context; warns against universal normal values.,"Supported contextual connection: cautions against treating the observed absolute HRV values as universal norms, relevant for interpreting the stable ~45ms readings.",qwen3.8-max,aa4bb0abcfad748205ad1a5a6519ae0bfef3715bca3f035bb4eeecefb01d6635,blinded-annotation-v2-shortrefs
C007,K082,1,labeled,1,labeled,1,labeled,True,False,PROVISIONAL_LLM_GOLD,28-day baseline provides personal history for all metrics; window comparison uses this baseline.,Item supports using up to 30 days of recent data as personal range context for trend monitoring.,"Supported contextual connection: the 28-day baseline serves as personal range context for evaluating the window changes, which is methodologically relevant.",qwen3.8-max,aa4bb0abcfad748205ad1a5a6519ae0bfef3715bca3f035bb4eeecefb01d6635,blinded-annotation-v2-shortrefs
C007,K083,1,labeled,1,labeled,1,labeled,True,False,PROVISIONAL_LLM_GOLD,"42 days of RHR data available (28 baseline + 14 window), range 55-57 bpm.",Item supports reviewing repeated RHR readings over weeks/months for trend context.,"Supported contextual connection: data spans 42 days, supporting trend review rather than single-reading interpretation.",qwen3.8-max,aa4bb0abcfad748205ad1a5a6519ae0bfef3715bca3f035bb4eeecefb01d6635,blinded-annotation-v2-shortrefs
C007,K084,1,labeled,1,labeled,1,labeled,True,False,PROVISIONAL_LLM_GOLD,HRV RMSSD data present (mean ~45 ms) across all 42 days.,"Item frames HRV as wellness observation, not intended to diagnose or treat medical conditions.","Supported contextual connection: correctly frames the observed HRV data as wellness information, preventing diagnostic overinterpretation per instructions.",qwen3.8-max,aa4bb0abcfad748205ad1a5a6519ae0bfef3715bca3f035bb4eeecefb01d6635,blinded-annotation-v2-shortrefs
C007,K085,0,labeled,1,labeled,0,labeled,False,False,PROVISIONAL_LLM_GOLD,Device is 'synthetic common wearable'; metric is hrv_rmssd_ms.,Item specifies Fitbit RMSSD formula; non-applicable for comparisons with unidentified HRV metric or non-Fitbit devices.,"Device is synthetic, not a commercial Fitbit. Brand-specific collection guidance is inapplicable despite matching metric name.",qwen3.8-max,aa4bb0abcfad748205ad1a5a6519ae0bfef3715bca3f035bb4eeecefb01d6635,blinded-annotation-v2-shortrefs
C007,K086,0,labeled,1,labeled,0,labeled,False,False,PROVISIONAL_LLM_GOLD,Device is 'synthetic common wearable'; all sleep durations exceed 3h.,Item describes Fitbit-specific HRV collection from longest sleep >3h; non-applicable to other devices.,"Item is Fitbit-specific collection guidance. Device is synthetic, making this brand-specific rule inapplicable.",qwen3.8-max,aa4bb0abcfad748205ad1a5a6519ae0bfef3715bca3f035bb4eeecefb01d6635,blinded-annotation-v2-shortrefs
C007,K087,0,labeled,0,labeled,0,labeled,True,False,PROVISIONAL_LLM_GOLD,Only sleep duration and timing metrics available; no sleep-stage data recorded.,Item requires sleep-stage measurements; non-applicable if only duration and timing available.,No sleep-stage data available. Item explicitly non-applicable.,qwen3.8-max,aa4bb0abcfad748205ad1a5a6519ae0bfef3715bca3f035bb4eeecefb01d6635,blinded-annotation-v2-shortrefs
C007,K088,0,labeled,0,labeled,0,labeled,True,False,PROVISIONAL_LLM_GOLD,No health concerns or symptoms reported in the data.,Item requires a person reporting concerns about a vital trend.,Generic background advice; no reported health concerns to trigger applicability.,qwen3.8-max,aa4bb0abcfad748205ad1a5a6519ae0bfef3715bca3f035bb4eeecefb01d6635,blinded-annotation-v2-shortrefs
C007,K089,0,labeled,0,labeled,0,labeled,True,False,PROVISIONAL_LLM_GOLD,RHR and HRV readings are stable with no gaps; no wear quality issues noted.,Item applies when heart-rate readings may be unreliable or wear quality changes.,No evidence of fit problems or unreliable readings. Conditions not triggered.,qwen3.8-max,aa4bb0abcfad748205ad1a5a6519ae0bfef3715bca3f035bb4eeecefb01d6635,blinded-annotation-v2-shortrefs
C007,K090,1,labeled,1,labeled,1,labeled,True,False,PROVISIONAL_LLM_GOLD,"Nighttime coverage ranges 342-358 min baseline, 462-477 min window; all exceed 180 min threshold.",Item requires separate night-time wear information to validate overnight vitals.,"Supported contextual connection: confirms adequate nighttime coverage for overnight vitals (RHR, HRV) in both periods, validating the recorded data.",qwen3.8-max,aa4bb0abcfad748205ad1a5a6519ae0bfef3715bca3f035bb4eeecefb01d6635,blinded-annotation-v2-shortrefs
C007,K091,0,labeled,0,labeled,0,labeled,True,False,PROVISIONAL_LLM_GOLD,"All vitals (RHR, HRV) present for all 42 days; missing_count is 0 for all metrics.",Item applies when a vital is missing with limited night-time data.,No missing vitals observed. Item conditions not triggered.,qwen3.8-max,aa4bb0abcfad748205ad1a5a6519ae0bfef3715bca3f035bb4eeecefb01d6635,blinded-annotation-v2-shortrefs
C007,K092,0,labeled,0,labeled,0,labeled,True,False,PROVISIONAL_LLM_GOLD,All metrics have missing_count=0 across all 42 days; data complete.,Item applies when vitals are missing or delayed.,No missing data; item conditions not met.,qwen3.8-max,aa4bb0abcfad748205ad1a5a6519ae0bfef3715bca3f035bb4eeecefb01d6635,blinded-annotation-v2-shortrefs
C007,K093,0,labeled,0,labeled,0,labeled,True,False,PROVISIONAL_LLM_GOLD,Single synthetic device used throughout all 42 days; no device switch indicated.,Item applies when heart-rate series involve a device or algorithm change.,No device change occurred. Item conditions not met.,qwen3.8-max,aa4bb0abcfad748205ad1a5a6519ae0bfef3715bca3f035bb4eeecefb01d6635,blinded-annotation-v2-shortrefs
C007,K094,1,labeled,1,labeled,1,labeled,True,False,PROVISIONAL_LLM_GOLD,"Sleep duration metrics are device-estimated (e.g., baseline mean 328.5 min, window mean 448.0 min).",Item clarifies estimated time asleep differs from full sleep period boundaries.,"Supported contextual connection: clarifies that the observed sleep duration values are estimates from classified portions, not necessarily the full sleep opportunity.",qwen3.8-max,aa4bb0abcfad748205ad1a5a6519ae0bfef3715bca3f035bb4eeecefb01d6635,blinded-annotation-v2-shortrefs
C007,K095,1,labeled,1,labeled,1,labeled,True,False,PROVISIONAL_LLM_GOLD,Nighttime coverage >=342 min every night; sleep records present for all 42 days.,"Item supports that worn device produces valid sleep records; unworn nights should be missing, not zero.","Supported contextual connection: confirms observed sleep durations are valid measurements from worn device, consistent with instruction that null observations are missing, never zero.",qwen3.8-max,aa4bb0abcfad748205ad1a5a6519ae0bfef3715bca3f035bb4eeecefb01d6635,blinded-annotation-v2-shortrefs
C007,K096,0,labeled,1,labeled,0,labeled,False,False,PROVISIONAL_LLM_GOLD,"Steps stable (baseline mean 8044, window mean 7963); no measurement limitation changes noted.",Item applies when step readings change with possible measurement limitations.,Steps are stable across periods. No evidence of measurement limitation changes affecting counts.,qwen3.8-max,aa4bb0abcfad748205ad1a5a6519ae0bfef3715bca3f035bb4eeecefb01d6635,blinded-annotation-v2-shortrefs
C008,K001,2,labeled,2,labeled,2,labeled,True,False,PROVISIONAL_LLM_GOLD,Mean sleep ~470 min (~7.8h) in both periods; metadata age_band 18-60.,Requires age band 18-60 and sleep duration below recommendation.,Core reference confirming observed ~7.8h sleep meets the CDC adult recommendation for this age group.,qwen3.8-max,93fcd2d199877fe2fdd270713d11473940ae6b5f59acee6c49d834fc9e00a432,blinded-annotation-v2-shortrefs
C008,K002,0,labeled,0,labeled,0,labeled,True,False,PROVISIONAL_LLM_GOLD,Metadata age_band is 18-60.,Requires age 61 to 64.,Age band does not match. Condition contradicted.,qwen3.8-max,93fcd2d199877fe2fdd270713d11473940ae6b5f59acee6c49d834fc9e00a432,blinded-annotation-v2-shortrefs
C008,K003,0,labeled,0,labeled,0,labeled,True,False,PROVISIONAL_LLM_GOLD,Metadata age_band is 18-60.,Requires age at least 65.,Age band explicitly excludes 65+. Item not applicable.,qwen3.8-max,93fcd2d199877fe2fdd270713d11473940ae6b5f59acee6c49d834fc9e00a432,blinded-annotation-v2-shortrefs
C008,K004,0,labeled,0,labeled,0,labeled,True,False,PROVISIONAL_LLM_GOLD,Metadata age_band is 18-60.,Requires teenage age group 13-17.,Age band explicitly excludes teenagers. Item not applicable.,qwen3.8-max,93fcd2d199877fe2fdd270713d11473940ae6b5f59acee6c49d834fc9e00a432,blinded-annotation-v2-shortrefs
C008,K005,0,labeled,0,labeled,0,labeled,True,False,PROVISIONAL_LLM_GOLD,Sleep duration stable ~470 min/night; no schedule constraint data.,Requires repeatedly shortened sleep opportunity and a schedule constraint.,No evidence of insufficient or squeezed sleep. Condition not met.,qwen3.8-max,93fcd2d199877fe2fdd270713d11473940ae6b5f59acee6c49d834fc9e00a432,blinded-annotation-v2-shortrefs
C008,K006,0,labeled,0,labeled,0,labeled,True,False,PROVISIONAL_LLM_GOLD,Sleep ~470 min meets CDC recommendation for age 18-60.,Requires consistently short sleep even without new decline; non-applicable if sufficient.,Sleep duration is sufficient. Item explicitly non-applicable per its own conditions.,qwen3.8-max,93fcd2d199877fe2fdd270713d11473940ae6b5f59acee6c49d834fc9e00a432,blinded-annotation-v2-shortrefs
C008,K007,1,labeled,1,labeled,1,labeled,True,False,PROVISIONAL_LLM_GOLD,"Only sleep_duration_minutes, sleep_start_at, and sleep_end_at are recorded; no awakenings or refreshment data.","Requires sleep-onset difficulty, awakenings, or subjective refreshment to establish quality concern.",Supported contextual connection: clarifies that available duration data does not establish sleep quality.,qwen3.8-max,93fcd2d199877fe2fdd270713d11473940ae6b5f59acee6c49d834fc9e00a432,blinded-annotation-v2-shortrefs
C008,K008,0,labeled,0,labeled,0,labeled,True,False,PROVISIONAL_LLM_GOLD,No awakening history or sleep continuity metrics recorded.,Requires repeated awakenings documented.,Awakening history unavailable. Item not applicable.,qwen3.8-max,93fcd2d199877fe2fdd270713d11473940ae6b5f59acee6c49d834fc9e00a432,blinded-annotation-v2-shortrefs
C008,K009,0,labeled,0,labeled,0,labeled,True,False,PROVISIONAL_LLM_GOLD,Sleep ~470 min (<8h); no subjective refreshment data recorded.,Requires more than 8h sleep with reported lack of refreshment.,Sleep under 8h and refreshment status unknown. Required conditions absent.,qwen3.8-max,93fcd2d199877fe2fdd270713d11473940ae6b5f59acee6c49d834fc9e00a432,blinded-annotation-v2-shortrefs
C008,K010,0,labeled,0,labeled,0,labeled,True,False,PROVISIONAL_LLM_GOLD,Sleep ~470 min/night; no cognitive symptoms reported.,Requires repeatedly shortened sleep and symptoms to claim impairment.,Sleep is adequate and no cognitive symptoms reported. Condition not met.,qwen3.8-max,93fcd2d199877fe2fdd270713d11473940ae6b5f59acee6c49d834fc9e00a432,blinded-annotation-v2-shortrefs
C008,K011,0,labeled,0,labeled,0,labeled,True,False,PROVISIONAL_LLM_GOLD,Sleep duration stable ~470 min; no nights below 463 min.,Requires several nights of reduced sleep duration.,No sleep restriction present. Condition contradicted.,qwen3.8-max,93fcd2d199877fe2fdd270713d11473940ae6b5f59acee6c49d834fc9e00a432,blinded-annotation-v2-shortrefs
C008,K012,0,labeled,0,labeled,0,labeled,True,False,PROVISIONAL_LLM_GOLD,Mean sleep ~470 min (~7.8h) in both periods; meets adult recommendation.,Requires ongoing insufficient sleep.,Sleep is sufficient and stable. Condition contradicted.,qwen3.8-max,93fcd2d199877fe2fdd270713d11473940ae6b5f59acee6c49d834fc9e00a432,blinded-annotation-v2-shortrefs
C008,K013,0,labeled,0,labeled,0,labeled,True,False,PROVISIONAL_LLM_GOLD,"Baseline mean sleep 469.5 min, window 469.9 min; no appetite data recorded.",Requires repeated insufficient sleep and food intake information.,Sleep is sufficient and stable; no appetite data exists. Conditions not met.,qwen3.8-max,93fcd2d199877fe2fdd270713d11473940ae6b5f59acee6c49d834fc9e00a432,blinded-annotation-v2-shortrefs
C008,K014,0,labeled,0,labeled,0,labeled,True,False,PROVISIONAL_LLM_GOLD,No sleepiness reports or driving context recorded.,Requires reported sleepiness and driving plans.,Sleepiness and driving context unknown. Item not applicable.,qwen3.8-max,93fcd2d199877fe2fdd270713d11473940ae6b5f59acee6c49d834fc9e00a432,blinded-annotation-v2-shortrefs
C008,K015,1,labeled,1,labeled,1,labeled,True,False,PROVISIONAL_LLM_GOLD,Sleep ~470 min (~7.8h); NHS notes adults average 7-9h with individual variation.,Requires adult sleep duration being reviewed alongside individual experience.,Supported contextual connection: contextualizes evaluating this person's sleep against population averages.,qwen3.8-max,93fcd2d199877fe2fdd270713d11473940ae6b5f59acee6c49d834fc9e00a432,blinded-annotation-v2-shortrefs
C008,K016,0,labeled,0,labeled,0,labeled,True,False,PROVISIONAL_LLM_GOLD,14-day window; no reported sleeping difficulties or insomnia symptoms.,Requires months-long sleeping difficulties or failed habit changes.,Brief window without reported problems. Item not applicable.,qwen3.8-max,93fcd2d199877fe2fdd270713d11473940ae6b5f59acee6c49d834fc9e00a432,blinded-annotation-v2-shortrefs
C008,K017,0,labeled,0,labeled,1,labeled,False,False,PROVISIONAL_LLM_GOLD,Sleep start variance <20 min; sleep end variance 0.0 min across all 42 days.,Requires repeated variability in bedtime or wake time.,Schedule is highly consistent. Condition contradicted.,qwen3.8-max,93fcd2d199877fe2fdd270713d11473940ae6b5f59acee6c49d834fc9e00a432,blinded-annotation-v2-shortrefs
C008,K018,0,labeled,0,labeled,0,labeled,True,False,PROVISIONAL_LLM_GOLD,Sleep end variance 0.0 min; wake time exactly 07:00 every day. No insomnia reported.,Requires inconsistent wake time with reported sleeping difficulties.,Wake time perfectly consistent and no insomnia reported. Item not applicable.,qwen3.8-max,93fcd2d199877fe2fdd270713d11473940ae6b5f59acee6c49d834fc9e00a432,blinded-annotation-v2-shortrefs
C008,K019,0,labeled,0,labeled,1,labeled,False,False,PROVISIONAL_LLM_GOLD,"Sleep start variance baseline 19.4 min, window 15.2 min; sleep end variance 0.0 in both periods.",Requires bedtime or wake time differing substantially between weekdays and weekends.,Weekday and weekend sleep times are nearly identical. Condition contradicted.,qwen3.8-max,93fcd2d199877fe2fdd270713d11473940ae6b5f59acee6c49d834fc9e00a432,blinded-annotation-v2-shortrefs
C008,K020,0,labeled,0,labeled,0,labeled,True,False,PROVISIONAL_LLM_GOLD,No pre-bed activity information recorded beyond wearable movement intervals.,Requires information about pre-bed activities.,Pre-bed activities unknown. Item not applicable.,qwen3.8-max,93fcd2d199877fe2fdd270713d11473940ae6b5f59acee6c49d834fc9e00a432,blinded-annotation-v2-shortrefs
C008,K021,0,labeled,0,labeled,0,labeled,True,False,PROVISIONAL_LLM_GOLD,No screen or light exposure information recorded.,Requires known bright-screen exposure shortly before bed.,Exposure unknown. Item not applicable.,qwen3.8-max,93fcd2d199877fe2fdd270713d11473940ae6b5f59acee6c49d834fc9e00a432,blinded-annotation-v2-shortrefs
C008,K022,0,labeled,0,labeled,0,labeled,True,False,PROVISIONAL_LLM_GOLD,No caffeine timing or intake recorded.,Requires known afternoon or evening caffeine use.,Caffeine history absent. Item not applicable.,qwen3.8-max,93fcd2d199877fe2fdd270713d11473940ae6b5f59acee6c49d834fc9e00a432,blinded-annotation-v2-shortrefs
C008,K023,0,labeled,0,labeled,0,labeled,True,False,PROVISIONAL_LLM_GOLD,No meal timing or size information recorded.,Requires known large meal shortly before bed.,Meal information unknown. Item not applicable.,qwen3.8-max,93fcd2d199877fe2fdd270713d11473940ae6b5f59acee6c49d834fc9e00a432,blinded-annotation-v2-shortrefs
C008,K024,0,labeled,0,labeled,0,labeled,True,False,PROVISIONAL_LLM_GOLD,No alcohol intake or timing recorded.,Requires alcohol intake and timing near bedtime.,Alcohol exposure unknown. Item not applicable.,qwen3.8-max,93fcd2d199877fe2fdd270713d11473940ae6b5f59acee6c49d834fc9e00a432,blinded-annotation-v2-shortrefs
C008,K025,0,labeled,0,labeled,0,labeled,True,False,PROVISIONAL_LLM_GOLD,No nicotine use information recorded in the data.,Requires established nicotine exposure.,Nicotine use unknown. Item not applicable.,qwen3.8-max,93fcd2d199877fe2fdd270713d11473940ae6b5f59acee6c49d834fc9e00a432,blinded-annotation-v2-shortrefs
C008,K026,0,labeled,0,labeled,0,labeled,True,False,PROVISIONAL_LLM_GOLD,"No bedroom light, noise, or temperature data recorded.",Requires known disruptive bedroom environment.,Environment unknown. Item not applicable.,qwen3.8-max,93fcd2d199877fe2fdd270713d11473940ae6b5f59acee6c49d834fc9e00a432,blinded-annotation-v2-shortrefs
C008,K027,0,labeled,0,labeled,0,labeled,True,False,PROVISIONAL_LLM_GOLD,No sleep timing shift or reported relaxation difficulty.,Requires reported difficulty relaxing or request for routine options.,No stress or relaxation data. Generic advice with no concrete connection.,qwen3.8-max,93fcd2d199877fe2fdd270713d11473940ae6b5f59acee6c49d834fc9e00a432,blinded-annotation-v2-shortrefs
C008,K028,0,labeled,0,labeled,0,labeled,True,False,PROVISIONAL_LLM_GOLD,No nap history recorded.,Requires adult naps recorded or reported.,Nap history unknown. Item not applicable.,qwen3.8-max,93fcd2d199877fe2fdd270713d11473940ae6b5f59acee6c49d834fc9e00a432,blinded-annotation-v2-shortrefs
C008,K029,0,labeled,0,labeled,0,labeled,True,False,PROVISIONAL_LLM_GOLD,No shift work schedule recorded.,Requires confirmed shift-work schedule.,Shift work unknown. Item not applicable.,qwen3.8-max,93fcd2d199877fe2fdd270713d11473940ae6b5f59acee6c49d834fc9e00a432,blinded-annotation-v2-shortrefs
C008,K030,0,labeled,0,labeled,0,labeled,True,False,PROVISIONAL_LLM_GOLD,No shift work schedule recorded.,Requires established shift work.,Shift work unknown. Item not applicable.,qwen3.8-max,93fcd2d199877fe2fdd270713d11473940ae6b5f59acee6c49d834fc9e00a432,blinded-annotation-v2-shortrefs
C008,K031,0,labeled,0,labeled,0,labeled,True,False,PROVISIONAL_LLM_GOLD,No shift work or caffeine intake recorded.,Requires shift schedule and caffeine intake.,Both conditions unknown. Item not applicable.,qwen3.8-max,93fcd2d199877fe2fdd270713d11473940ae6b5f59acee6c49d834fc9e00a432,blinded-annotation-v2-shortrefs
C008,K032,0,labeled,0,labeled,0,labeled,True,False,PROVISIONAL_LLM_GOLD,All sleep occurs overnight (~22:45-07:00); no daytime sleep or shift work.,Requires daytime sleep associated with shift work.,Only ordinary overnight sleep recorded. Item not applicable.,qwen3.8-max,93fcd2d199877fe2fdd270713d11473940ae6b5f59acee6c49d834fc9e00a432,blinded-annotation-v2-shortrefs
C008,K033,0,labeled,0,labeled,0,labeled,True,False,PROVISIONAL_LLM_GOLD,Sleep pattern is highly consistent (variance <20 min); no variable pattern needing review.,Requires a changed or variable sleep pattern needing review.,"Sleep pattern is stable, not variable. Generic diary advice with no concrete connection.",qwen3.8-max,93fcd2d199877fe2fdd270713d11473940ae6b5f59acee6c49d834fc9e00a432,blinded-annotation-v2-shortrefs
C008,K034,0,labeled,0,labeled,0,labeled,True,False,PROVISIONAL_LLM_GOLD,Sleep duration stable ~470 min; no shortened nights observed.,Requires several shortened nights rather than a single isolated reading.,Sleep duration is stable and adequate. No repeated sleep loss observed.,qwen3.8-max,93fcd2d199877fe2fdd270713d11473940ae6b5f59acee6c49d834fc9e00a432,blinded-annotation-v2-shortrefs
C008,K035,0,labeled,0,labeled,0,labeled,True,False,PROVISIONAL_LLM_GOLD,Weekend sleep mean 470.5 min vs weekday 469.7 min in window; baseline both 469.5 min.,Requires longer sleep on days off indicating insufficient workday sleep.,No meaningful weekend sleep extension observed. Condition contradicted.,qwen3.8-max,93fcd2d199877fe2fdd270713d11473940ae6b5f59acee6c49d834fc9e00a432,blinded-annotation-v2-shortrefs
C008,K036,0,labeled,0,labeled,0,labeled,True,False,PROVISIONAL_LLM_GOLD,No nap information recorded in the data.,Requires recorded naps after shortened night-time sleep.,Nap information absent. Item not applicable.,qwen3.8-max,93fcd2d199877fe2fdd270713d11473940ae6b5f59acee6c49d834fc9e00a432,blinded-annotation-v2-shortrefs
C008,K037,0,labeled,0,labeled,0,labeled,True,False,PROVISIONAL_LLM_GOLD,No reported bad night or insomnia symptoms; sleep stable.,Requires recent bad night and reported sleeping difficulties.,No sleeping difficulty reported. Item not applicable.,qwen3.8-max,93fcd2d199877fe2fdd270713d11473940ae6b5f59acee6c49d834fc9e00a432,blinded-annotation-v2-shortrefs
C008,K038,0,labeled,0,labeled,0,labeled,True,False,PROVISIONAL_LLM_GOLD,No symptom history or reported sleeping difficulties.,Requires symptom history and onset for insomnia categorization.,No reported sleeping difficulties. Cannot diagnose insomnia from estimated hours alone.,qwen3.8-max,93fcd2d199877fe2fdd270713d11473940ae6b5f59acee6c49d834fc9e00a432,blinded-annotation-v2-shortrefs
C008,K039,0,labeled,0,labeled,0,labeled,True,False,PROVISIONAL_LLM_GOLD,No travel history or destination time zone recorded.,"Requires confirmed travel, destination time zone, and trip duration.",Travel context unknown. Item not applicable.,qwen3.8-max,93fcd2d199877fe2fdd270713d11473940ae6b5f59acee6c49d834fc9e00a432,blinded-annotation-v2-shortrefs
C008,K040,0,labeled,0,labeled,0,labeled,True,False,PROVISIONAL_LLM_GOLD,No travel history or time-zone change recorded in the data.,Requires a short trip across time zones to be planned.,Travel context unknown. Item not applicable.,qwen3.8-max,93fcd2d199877fe2fdd270713d11473940ae6b5f59acee6c49d834fc9e00a432,blinded-annotation-v2-shortrefs
C008,K041,0,labeled,0,labeled,0,labeled,True,False,PROVISIONAL_LLM_GOLD,Activity intensity 'unknown'; steps dropped but duration stable.,Requires intensity information to count recommended aerobic minutes.,Unknown intensity prevents connecting general advice to observed data.,qwen3.8-max,93fcd2d199877fe2fdd270713d11473940ae6b5f59acee6c49d834fc9e00a432,blinded-annotation-v2-shortrefs
C008,K042,0,labeled,0,labeled,0,labeled,True,False,PROVISIONAL_LLM_GOLD,Activity minutes stable; step drop doesn't confirm inactivity without intensity context.,Requires recently low or reduced physical activity and health context.,Activity didn't cease. Generic advice without specific prescription basis.,qwen3.8-max,93fcd2d199877fe2fdd270713d11473940ae6b5f59acee6c49d834fc9e00a432,blinded-annotation-v2-shortrefs
C008,K043,0,labeled,0,labeled,0,labeled,True,False,PROVISIONAL_LLM_GOLD,All activity interval intensities are 'unknown'.,Requires known activity intensity.,Intensity unknown. Item not applicable.,qwen3.8-max,93fcd2d199877fe2fdd270713d11473940ae6b5f59acee6c49d834fc9e00a432,blinded-annotation-v2-shortrefs
C008,K044,0,labeled,0,labeled,0,labeled,True,False,PROVISIONAL_LLM_GOLD,All activity interval intensities are 'unknown'.,Requires known vigorous intensity.,Intensity unknown. Item not applicable.,qwen3.8-max,93fcd2d199877fe2fdd270713d11473940ae6b5f59acee6c49d834fc9e00a432,blinded-annotation-v2-shortrefs
C008,K045,0,labeled,0,labeled,0,labeled,True,False,PROVISIONAL_LLM_GOLD,Activity intensity is 'unknown' for all intervals; activity duration stable ~53-55 min.,Requires known intensity for counting guideline minutes.,Intensity unknown prevents applying chunking advice to observed active minutes.,qwen3.8-max,93fcd2d199877fe2fdd270713d11473940ae6b5f59acee6c49d834fc9e00a432,blinded-annotation-v2-shortrefs
C008,K046,0,labeled,0,labeled,0,labeled,True,False,PROVISIONAL_LLM_GOLD,No muscle-strengthening activity records available.,Requires strengthening activity records including days and muscle groups.,No muscle-strengthening records available. Item not applicable.,qwen3.8-max,93fcd2d199877fe2fdd270713d11473940ae6b5f59acee6c49d834fc9e00a432,blinded-annotation-v2-shortrefs
C008,K047,0,labeled,0,labeled,0,labeled,True,False,PROVISIONAL_LLM_GOLD,Activity intensity 'unknown'; weekly duration target unverifiable.,Requires known intensity and weekly duration.,Intensity unknown. Cannot assess additional benefit eligibility.,qwen3.8-max,93fcd2d199877fe2fdd270713d11473940ae6b5f59acee6c49d834fc9e00a432,blinded-annotation-v2-shortrefs
C008,K048,0,labeled,0,labeled,1,labeled,False,False,PROVISIONAL_LLM_GOLD,Activity intensity 'unknown'; no fitness or perceived effort data.,Requires fitness or perceived effort for intensity interpretation.,Intensity and fitness unknown. Item not applicable.,qwen3.8-max,93fcd2d199877fe2fdd270713d11473940ae6b5f59acee6c49d834fc9e00a432,blinded-annotation-v2-shortrefs
C008,K049,0,labeled,0,labeled,0,labeled,True,False,PROVISIONAL_LLM_GOLD,All activity interval intensities are 'unknown'; no breathing/talk-test observations.,Requires an aerobic activity and breathing or talk-test observation.,Effort unrecorded. Item not applicable.,qwen3.8-max,93fcd2d199877fe2fdd270713d11473940ae6b5f59acee6c49d834fc9e00a432,blinded-annotation-v2-shortrefs
C008,K050,2,labeled,2,labeled,2,labeled,True,False,PROVISIONAL_LLM_GOLD,Steps dropped from mean 9552 to 6433 (-33%) while activity_duration_minutes remained ~55 to ~53 min.,Requires steps changing while other activity may differ.,Core directly explains why large step drop coexists with stable activity minutes; steps may miss non-step exercise intensity.,qwen3.8-max,93fcd2d199877fe2fdd270713d11473940ae6b5f59acee6c49d834fc9e00a432,blinded-annotation-v2-shortrefs
C008,K051,0,labeled,0,labeled,1,labeled,False,False,PROVISIONAL_LLM_GOLD,Steps declined ~33% but transport/mobility context unknown.,Requires mobility and transport context for specific options.,Transport context unknown. Generic advice without concrete connection to observed step decline.,qwen3.8-max,93fcd2d199877fe2fdd270713d11473940ae6b5f59acee6c49d834fc9e00a432,blinded-annotation-v2-shortrefs
C008,K052,0,labeled,0,labeled,0,labeled,True,False,PROVISIONAL_LLM_GOLD,No personal preferences or availability data recorded.,Requires personal preferences and availability for choosing individualized options.,Preferences unknown. Generic advice without connection.,qwen3.8-max,93fcd2d199877fe2fdd270713d11473940ae6b5f59acee6c49d834fc9e00a432,blinded-annotation-v2-shortrefs
C008,K053,0,labeled,0,labeled,0,labeled,True,False,PROVISIONAL_LLM_GOLD,No social preferences or motivational barriers recorded.,Requires social preferences or reported motivational barrier.,No evidence of social barrier. Generic advice with no concrete connection.,qwen3.8-max,93fcd2d199877fe2fdd270713d11473940ae6b5f59acee6c49d834fc9e00a432,blinded-annotation-v2-shortrefs
C008,K054,0,labeled,0,labeled,0,labeled,True,False,PROVISIONAL_LLM_GOLD,Steps declined but activity_duration stable; no reported time barrier.,Requires low activity with a reported time barrier.,Time barrier unknown. Item not applicable.,qwen3.8-max,93fcd2d199877fe2fdd270713d11473940ae6b5f59acee6c49d834fc9e00a432,blinded-annotation-v2-shortrefs
C008,K055,0,labeled,0,labeled,0,labeled,True,False,PROVISIONAL_LLM_GOLD,No schedule constraints or reported competing demands recorded.,Requires reported competing demands reducing activity.,Schedule reason unknown. Item not applicable.,qwen3.8-max,93fcd2d199877fe2fdd270713d11473940ae6b5f59acee6c49d834fc9e00a432,blinded-annotation-v2-shortrefs
C008,K056,0,labeled,0,labeled,0,labeled,True,False,PROVISIONAL_LLM_GOLD,"No chronic condition, disability, or special need recorded.",Requires relevant health condition and activity safety history.,Medical context unknown. Item not applicable.,qwen3.8-max,93fcd2d199877fe2fdd270713d11473940ae6b5f59acee6c49d834fc9e00a432,blinded-annotation-v2-shortrefs
C008,K057,0,labeled,0,labeled,0,labeled,True,False,PROVISIONAL_LLM_GOLD,Low_movement_intervals present daily but posture is not measured by the device.,Requires long uninterrupted daytime low-movement intervals with confirmed posture context.,Posture unconfirmed. Cannot establish actual sitting behavior from low-movement intervals alone.,qwen3.8-max,93fcd2d199877fe2fdd270713d11473940ae6b5f59acee6c49d834fc9e00a432,blinded-annotation-v2-shortrefs
C008,K058,0,labeled,0,labeled,0,labeled,True,False,PROVISIONAL_LLM_GOLD,Low movement intervals present but posture unconfirmed; activity intensity unknown.,Requires confirmed sitting posture and known activity intensity for guideline claims.,Cannot confirm sitting or guideline attainment. Item conditions not met.,qwen3.8-max,93fcd2d199877fe2fdd270713d11473940ae6b5f59acee6c49d834fc9e00a432,blinded-annotation-v2-shortrefs
C008,K059,0,labeled,0,labeled,0,labeled,True,False,PROVISIONAL_LLM_GOLD,"Low_movement_minutes mean 447.8 baseline, 450.6 window; posture not measured.",Requires confirmed sitting for a specific sedentary-time conclusion.,Cannot confirm sitting from low-movement data alone. Item conditions not fully met.,qwen3.8-max,93fcd2d199877fe2fdd270713d11473940ae6b5f59acee6c49d834fc9e00a432,blinded-annotation-v2-shortrefs
C008,K060,0,labeled,0,labeled,0,labeled,True,False,PROVISIONAL_LLM_GOLD,No commuting or transport context recorded.,Requires sedentary commuting to be established.,Commute unknown. Item not applicable.,qwen3.8-max,93fcd2d199877fe2fdd270713d11473940ae6b5f59acee6c49d834fc9e00a432,blinded-annotation-v2-shortrefs
C008,K061,0,labeled,0,labeled,0,labeled,True,False,PROVISIONAL_LLM_GOLD,No workplace layout or desk work context recorded.,Requires desk work with prolonged sitting and workplace context.,Work context unknown. Item not applicable.,qwen3.8-max,93fcd2d199877fe2fdd270713d11473940ae6b5f59acee6c49d834fc9e00a432,blinded-annotation-v2-shortrefs
C008,K062,0,labeled,0,labeled,0,labeled,True,False,PROVISIONAL_LLM_GOLD,No workplace or meeting context recorded.,Requires meetings or desk work involving prolonged sitting.,Workplace context unknown. Item not applicable.,qwen3.8-max,93fcd2d199877fe2fdd270713d11473940ae6b5f59acee6c49d834fc9e00a432,blinded-annotation-v2-shortrefs
C008,K063,0,labeled,0,labeled,0,labeled,True,False,PROVISIONAL_LLM_GOLD,No television viewing or screen habits recorded.,Requires prolonged sitting while watching television.,Screen habits unknown. Item not applicable.,qwen3.8-max,93fcd2d199877fe2fdd270713d11473940ae6b5f59acee6c49d834fc9e00a432,blinded-annotation-v2-shortrefs
C008,K064,0,labeled,0,labeled,0,labeled,True,False,PROVISIONAL_LLM_GOLD,No leisure routine or seated leisure context recorded.,Requires substantial habitual seated leisure and routine context.,Leisure context unknown. Item not applicable.,qwen3.8-max,93fcd2d199877fe2fdd270713d11473940ae6b5f59acee6c49d834fc9e00a432,blinded-annotation-v2-shortrefs
C008,K065,1,labeled,1,labeled,1,labeled,True,False,PROVISIONAL_LLM_GOLD,Steps dropped ~3119/day while activity_duration_minutes remained stable (~55 vs ~53 min).,Observable condition: low everyday movement despite possible formal exercise.,Supported specific connection: distinguishes step-based movement from total activity when steps dropped but duration did not.,qwen3.8-max,93fcd2d199877fe2fdd270713d11473940ae6b5f59acee6c49d834fc9e00a432,blinded-annotation-v2-shortrefs
C008,K066,0,labeled,0,labeled,0,labeled,True,False,PROVISIONAL_LLM_GOLD,No workday lunch-break context recorded.,Requires workday lunch-break access and mobility.,Lunch-break context unknown. Item not applicable.,qwen3.8-max,93fcd2d199877fe2fdd270713d11473940ae6b5f59acee6c49d834fc9e00a432,blinded-annotation-v2-shortrefs
C008,K067,0,labeled,0,labeled,0,labeled,True,False,PROVISIONAL_LLM_GOLD,No stair access or mobility context recorded.,Requires stair access and safe mobility.,Mobility context unknown. Generic advice without connection.,qwen3.8-max,93fcd2d199877fe2fdd270713d11473940ae6b5f59acee6c49d834fc9e00a432,blinded-annotation-v2-shortrefs
C008,K068,1,labeled,1,labeled,1,labeled,True,False,PROVISIONAL_LLM_GOLD,Low_movement_intervals recorded daily (~440-462 min) without posture measurement.,Requires low-movement intervals available without posture measurement.,Supported contextual connection: directly warns against treating observed low-movement intervals as confirmed sitting.,qwen3.8-max,93fcd2d199877fe2fdd270713d11473940ae6b5f59acee6c49d834fc9e00a432,blinded-annotation-v2-shortrefs
C008,K069,0,labeled,0,labeled,0,labeled,True,False,PROVISIONAL_LLM_GOLD,Sleep remained stable (~470 min) while steps dropped ~3119/day.,Requires joint review of activity and sleep patterns.,Generic benefit statement. Sleep stable despite activity drop; cannot declare causal relationship from these observations.,qwen3.8-max,93fcd2d199877fe2fdd270713d11473940ae6b5f59acee6c49d834fc9e00a432,blinded-annotation-v2-shortrefs
C008,K070,0,labeled,0,labeled,0,labeled,True,False,PROVISIONAL_LLM_GOLD,No outdoor exposure data; movement counts cannot infer outdoor time.,Requires outdoor access and mobility for a specific plan.,Cannot infer outdoor exposure from movement counts. Generic advice without connection.,qwen3.8-max,93fcd2d199877fe2fdd270713d11473940ae6b5f59acee6c49d834fc9e00a432,blinded-annotation-v2-shortrefs
C008,K071,1,labeled,1,labeled,1,labeled,True,False,PROVISIONAL_LLM_GOLD,"Activity intervals consistently occur 21:00-~22:00, near sleep_start ~22:45-22:57; intensity is 'unknown'.",Requires activity close to bedtime with known intensity.,"Supported contextual connection: late activity observed before bed, but unknown intensity prevents direct application of intense-exercise advice.",qwen3.8-max,93fcd2d199877fe2fdd270713d11473940ae6b5f59acee6c49d834fc9e00a432,blinded-annotation-v2-shortrefs
C008,K072,0,labeled,0,labeled,0,labeled,True,False,PROVISIONAL_LLM_GOLD,No insomnia symptoms reported; activity occurs ~21:00-22:00.,Requires exercise near bedtime with reported insomnia symptoms.,No insomnia reported. Temporal adjacency alone doesn't establish condition.,qwen3.8-max,93fcd2d199877fe2fdd270713d11473940ae6b5f59acee6c49d834fc9e00a432,blinded-annotation-v2-shortrefs
C008,K073,1,labeled,1,labeled,1,labeled,True,False,PROVISIONAL_LLM_GOLD,Activity intervals ~21:00-22:00; sleep_start ~22:45-22:57 on same calendar date.,Requires activity intervals needed for timing comparisons with subsequent sleep.,Supported contextual connection: supports comparing observed evening activity timing with following sleep onset.,qwen3.8-max,93fcd2d199877fe2fdd270713d11473940ae6b5f59acee6c49d834fc9e00a432,blinded-annotation-v2-shortrefs
C008,K074,0,labeled,0,labeled,0,labeled,True,False,PROVISIONAL_LLM_GOLD,No emergency-response deployment context recorded.,Requires confirmed emergency-response deployment context.,Deployment context unknown. Item not applicable.,qwen3.8-max,93fcd2d199877fe2fdd270713d11473940ae6b5f59acee6c49d834fc9e00a432,blinded-annotation-v2-shortrefs
C008,K075,0,labeled,0,labeled,0,labeled,True,False,PROVISIONAL_LLM_GOLD,No subjective tiredness or energy history recorded.,Requires reported tiredness limiting activity and subjective energy pattern.,Energy history unknown. Item not applicable.,qwen3.8-max,93fcd2d199877fe2fdd270713d11473940ae6b5f59acee6c49d834fc9e00a432,blinded-annotation-v2-shortrefs
C008,K076,0,labeled,0,labeled,0,labeled,True,False,PROVISIONAL_LLM_GOLD,No substance or medication history recorded.,Requires substance and medication history for causal interpretation.,Exposures unrecorded. Item not applicable.,qwen3.8-max,93fcd2d199877fe2fdd270713d11473940ae6b5f59acee6c49d834fc9e00a432,blinded-annotation-v2-shortrefs
C008,K077,1,labeled,1,labeled,1,labeled,True,False,PROVISIONAL_LLM_GOLD,resting_heart_rate_bpm recorded daily; defined as beats per minute while still and well rested.,Requires resting heart rate observations available.,Supported contextual connection: defines what the recorded RHR metric represents in this dataset.,qwen3.8-max,93fcd2d199877fe2fdd270713d11473940ae6b5f59acee6c49d834fc9e00a432,blinded-annotation-v2-shortrefs
C008,K078,1,labeled,1,labeled,1,labeled,True,False,PROVISIONAL_LLM_GOLD,Dataset reports resting_heart_rate_bpm; no sleeping heart rate series provided.,Requires the heart-rate measure and collection context to be known.,Supported contextual connection: clarifies daily RHR should not be conflated with sleeping heart rate in this dataset.,qwen3.8-max,93fcd2d199877fe2fdd270713d11473940ae6b5f59acee6c49d834fc9e00a432,blinded-annotation-v2-shortrefs
C008,K079,0,labeled,0,labeled,1,labeled,False,False,PROVISIONAL_LLM_GOLD,"RHR mean 56.1 baseline, 56.3 window; essentially unchanged. No exposures recorded.",Requires RHR changes relative to previous readings and exposure info to attribute cause.,RHR essentially unchanged; no exposures recorded. Generic background with no concrete connection.,qwen3.8-max,93fcd2d199877fe2fdd270713d11473940ae6b5f59acee6c49d834fc9e00a432,blinded-annotation-v2-shortrefs
C008,K080,1,labeled,1,labeled,1,labeled,True,False,PROVISIONAL_LLM_GOLD,Data reports both resting_heart_rate_bpm (~56) and hrv_rmssd_ms (~45) as separate metrics.,Requires HRV and heart-rate estimates being interpreted together.,Supported contextual connection: clarifies RHR and HRV RMSSD are different quantities in this dataset.,qwen3.8-max,93fcd2d199877fe2fdd270713d11473940ae6b5f59acee6c49d834fc9e00a432,blinded-annotation-v2-shortrefs
C008,K081,1,labeled,1,labeled,1,labeled,True,False,PROVISIONAL_LLM_GOLD,"HRV RMSSD mean 45.2 ms baseline, 45.5 ms window; variance low throughout.",Requires an HRV level or trend being reviewed with personal history.,Supported contextual connection: clarifies stable HRV should be interpreted within personal context.,qwen3.8-max,93fcd2d199877fe2fdd270713d11473940ae6b5f59acee6c49d834fc9e00a432,blinded-annotation-v2-shortrefs
C008,K082,1,labeled,1,labeled,1,labeled,True,False,PROVISIONAL_LLM_GOLD,28-day baseline period provides personal history for all metrics compared against 14-day window.,Requires sufficient same-metric personal history for trend comparison.,Supported contextual connection: baseline enables personal-range comparison for window observations.,qwen3.8-max,93fcd2d199877fe2fdd270713d11473940ae6b5f59acee6c49d834fc9e00a432,blinded-annotation-v2-shortrefs
C008,K083,1,labeled,1,labeled,1,labeled,True,False,PROVISIONAL_LLM_GOLD,RHR recorded over 42 days (28 baseline + 14 window); mean ~56 bpm throughout.,Requires repeated resting heart-rate readings or a recent change.,Supported contextual connection: supports interpreting the multi-day RHR series rather than isolated values.,qwen3.8-max,93fcd2d199877fe2fdd270713d11473940ae6b5f59acee6c49d834fc9e00a432,blinded-annotation-v2-shortrefs
C008,K084,1,labeled,1,labeled,1,labeled,True,False,PROVISIONAL_LLM_GOLD,HRV RMSSD stable ~45 ms across both periods; wellness monitoring context.,Requires an HRV trend available for wellness monitoring.,"Supported contextual connection: clarifies stable HRV is a wellness observation, not diagnostic of any condition.",qwen3.8-max,93fcd2d199877fe2fdd270713d11473940ae6b5f59acee6c49d834fc9e00a432,blinded-annotation-v2-shortrefs
C008,K085,2,labeled,2,labeled,2,labeled,True,False,PROVISIONAL_LLM_GOLD,Data field is hrv_rmssd_ms; metadata notes 'night RMSSD'.,Requires HRV records identifying RMSSD as their metric.,"Core directly confirms the HRV metric definition used in all observations, essential for interpretation.",qwen3.8-max,93fcd2d199877fe2fdd270713d11473940ae6b5f59acee6c49d834fc9e00a432,blinded-annotation-v2-shortrefs
C008,K086,1,labeled,1,labeled,1,labeled,True,False,PROVISIONAL_LLM_GOLD,All nightly sleep durations exceed 460 min (>3 hours); nighttime coverage >480 min every night.,Requires compatible device and sleep coverage exceeding 3 hours.,Supported contextual connection: confirms sleep periods exceed threshold needed for valid overnight HRV collection.,qwen3.8-max,93fcd2d199877fe2fdd270713d11473940ae6b5f59acee6c49d834fc9e00a432,blinded-annotation-v2-shortrefs
C008,K087,0,labeled,0,labeled,0,labeled,True,False,PROVISIONAL_LLM_GOLD,No sleep-stage data recorded; only duration and timing available.,Requires sleep-stage measurements.,No sleep-stage data available. Condition not met.,qwen3.8-max,93fcd2d199877fe2fdd270713d11473940ae6b5f59acee6c49d834fc9e00a432,blinded-annotation-v2-shortrefs
C008,K088,0,labeled,0,labeled,0,labeled,True,False,PROVISIONAL_LLM_GOLD,No health concerns or symptoms reported in the data.,Requires reported health concerns or symptoms.,No reported concerns. Generic disclaimer without specific connection.,qwen3.8-max,93fcd2d199877fe2fdd270713d11473940ae6b5f59acee6c49d834fc9e00a432,blinded-annotation-v2-shortrefs
C008,K089,0,labeled,0,labeled,0,labeled,True,False,PROVISIONAL_LLM_GOLD,No evidence of fit problems or wear quality changes; RHR/HRV stable.,Requires heart-rate readings may be unreliable or wear quality changes.,No evidence of fit problems. Condition not met.,qwen3.8-max,93fcd2d199877fe2fdd270713d11473940ae6b5f59acee6c49d834fc9e00a432,blinded-annotation-v2-shortrefs
C008,K090,1,labeled,1,labeled,1,labeled,True,False,PROVISIONAL_LLM_GOLD,Apr 7 daytime_wear=360 min but nighttime_coverage=486 min; RHR/HRV present that night.,Requires separate night-time wear information when overnight vitals are reviewed.,Supported contextual connection: confirms night coverage validity for Apr 7 despite insufficient daytime wear.,qwen3.8-max,93fcd2d199877fe2fdd270713d11473940ae6b5f59acee6c49d834fc9e00a432,blinded-annotation-v2-shortrefs
C008,K091,1,labeled,1,labeled,1,labeled,True,False,PROVISIONAL_LLM_GOLD,Apr 7 daytime metrics null due to 'insufficient_coverage'; nighttime metrics present.,Requires a vital missing with limited data and compatible device.,"Supported contextual connection: explains Apr 7 missing daytime metrics reflect insufficient coverage, not zero activity.",qwen3.8-max,93fcd2d199877fe2fdd270713d11473940ae6b5f59acee6c49d834fc9e00a432,blinded-annotation-v2-shortrefs
C008,K092,1,labeled,1,labeled,1,labeled,True,False,PROVISIONAL_LLM_GOLD,Apr 7 steps/activity/low_movement are null with missing_reason 'insufficient_coverage'.,Requires vitals missing or delayed due to device support/sync.,"Supported contextual connection: explains Apr 7 missing day metrics as data availability issue, not physiological change.",qwen3.8-max,93fcd2d199877fe2fdd270713d11473940ae6b5f59acee6c49d834fc9e00a432,blinded-annotation-v2-shortrefs
C008,K093,0,labeled,0,labeled,0,labeled,True,False,PROVISIONAL_LLM_GOLD,Single synthetic device used throughout; no device switch recorded.,Requires heart-rate series involving a device or algorithm change.,Same device throughout. Condition not met.,qwen3.8-max,93fcd2d199877fe2fdd270713d11473940ae6b5f59acee6c49d834fc9e00a432,blinded-annotation-v2-shortrefs
C008,K094,1,labeled,1,labeled,1,labeled,True,False,PROVISIONAL_LLM_GOLD,sleep_duration_minutes recorded nightly; metadata notes synthetic wearable estimation.,Requires device-estimated sleep duration and boundaries available.,"Supported contextual connection: clarifies recorded sleep_duration_minutes is an estimate, not clinical measurement.",qwen3.8-max,93fcd2d199877fe2fdd270713d11473940ae6b5f59acee6c49d834fc9e00a432,blinded-annotation-v2-shortrefs
C008,K095,1,labeled,1,labeled,1,labeled,True,False,PROVISIONAL_LLM_GOLD,Nighttime coverage >480 min every night; sleep detected consistently.,Requires night-time wear record supporting sleep detection.,Supported contextual connection: confirms device was worn overnight supporting valid sleep detection.,qwen3.8-max,93fcd2d199877fe2fdd270713d11473940ae6b5f59acee6c49d834fc9e00a432,blinded-annotation-v2-shortrefs
C008,K096,2,labeled,2,labeled,2,labeled,True,False,PROVISIONAL_LLM_GOLD,Steps dropped ~3119/day while activity_duration_minutes remained stable; device uses accelerometer for steps.,Requires step readings changing with possible measurement limitations.,Core directly explains step count mechanism: arm swing sensing means step drop can occur without actual activity decline.,qwen3.8-max,93fcd2d199877fe2fdd270713d11473940ae6b5f59acee6c49d834fc9e00a432,blinded-annotation-v2-shortrefs
C009,K001,2,labeled,2,labeled,1,labeled,False,False,PROVISIONAL_LLM_GOLD,Sleep duration mean 470.6 min (baseline) and 471.7 min (window); age band 18-60.,CDC recommends at least 7 hours (420 min) for adults 18-60; item directly applies when sleep duration is available for this age band.,Directly confirms observed sleep (~7.8h) meets the 7+ hour CDC recommendation for this specific age band. Core reference standard for evaluating the sleep data.,qwen3.8-max,22de6ed1b88750ca1791b17c13325263b86dabdc4aca4537da95001aeab4dd74,blinded-annotation-v2-shortrefs
C009,K002,0,labeled,0,labeled,0,labeled,True,False,PROVISIONAL_LLM_GOLD,Age band is 18-60 per metadata.,Item explicitly for adults aged 61-64; non-applicable for other age groups.,"Age group contradicts applicability. Person is in 18-60 band, not 61-64.",qwen3.8-max,22de6ed1b88750ca1791b17c13325263b86dabdc4aca4537da95001aeab4dd74,blinded-annotation-v2-shortrefs
C009,K003,0,labeled,0,labeled,0,labeled,True,False,PROVISIONAL_LLM_GOLD,Age band is 18-60 per metadata.,Item explicitly for adults 65+; non-applicable for age below 65.,Age group contradicts applicability. Person is in 18-60 band.,qwen3.8-max,22de6ed1b88750ca1791b17c13325263b86dabdc4aca4537da95001aeab4dd74,blinded-annotation-v2-shortrefs
C009,K004,0,labeled,0,labeled,0,labeled,True,False,PROVISIONAL_LLM_GOLD,Age band is 18-60 per metadata.,Item explicitly for teenagers 13-17; non-applicable for adults.,"Age group contradicts applicability. Person is an adult, not a teenager.",qwen3.8-max,22de6ed1b88750ca1791b17c13325263b86dabdc4aca4537da95001aeab4dd74,blinded-annotation-v2-shortrefs
C009,K005,0,labeled,0,labeled,0,labeled,True,False,PROVISIONAL_LLM_GOLD,"Sleep duration stable ~470 min/night, meeting recommendations.",Item requires repeatedly shortened sleep opportunity; non-applicable without evidence of insufficient sleep.,No evidence of insufficient sleep or schedule constraint squeezing out sleep.,qwen3.8-max,22de6ed1b88750ca1791b17c13325263b86dabdc4aca4537da95001aeab4dd74,blinded-annotation-v2-shortrefs
C009,K006,0,labeled,0,labeled,0,labeled,True,False,PROVISIONAL_LLM_GOLD,Sleep duration ~470 min/night meets CDC 7+ hour recommendation for age 18-60.,Item applies when sleep is consistently short; non-applicable when duration is sufficient for age group.,"Sleep duration is adequate per guidelines, not short. Item explicitly non-applicable.",qwen3.8-max,22de6ed1b88750ca1791b17c13325263b86dabdc4aca4537da95001aeab4dd74,blinded-annotation-v2-shortrefs
C009,K007,1,labeled,1,labeled,1,labeled,True,False,PROVISIONAL_LLM_GOLD,"Sleep duration recorded (~471 min mean) but no quality metrics (awakenings, refreshment).",Item applies when sleep duration is recorded but quality may be unknown; notes duration alone doesn't establish quality.,Important caveat: recorded sleep hours do not establish sleep quality. No awakenings or subjective refreshment data available.,qwen3.8-max,22de6ed1b88750ca1791b17c13325263b86dabdc4aca4537da95001aeab4dd74,blinded-annotation-v2-shortrefs
C009,K008,0,labeled,0,labeled,0,labeled,True,False,PROVISIONAL_LLM_GOLD,"Only sleep duration, start, and end recorded; no awakening data.",Item requires repeated awakenings documented; non-applicable when only duration and timing available.,Awakenings not measured. Duration alone cannot indicate them.,qwen3.8-max,22de6ed1b88750ca1791b17c13325263b86dabdc4aca4537da95001aeab4dd74,blinded-annotation-v2-shortrefs
C009,K009,0,labeled,0,labeled,0,labeled,True,False,PROVISIONAL_LLM_GOLD,Sleep duration mean ~471 min (~7.85 hours); no subjective refreshment data.,Item requires more than 8 hours sleep with reported lack of refreshment; non-applicable without feeling rested info.,Sleep is under 8 hours and no refreshment report exists. Conditions not met.,qwen3.8-max,22de6ed1b88750ca1791b17c13325263b86dabdc4aca4537da95001aeab4dd74,blinded-annotation-v2-shortrefs
C009,K010,0,labeled,0,labeled,0,labeled,True,False,PROVISIONAL_LLM_GOLD,Sleep duration adequate and stable; no cognitive symptoms reported.,Item requires repeatedly shortened sleep; non-applicable for diagnosing impairment from wearable data alone.,No sleep restriction observed. Cannot infer cognitive effects.,qwen3.8-max,22de6ed1b88750ca1791b17c13325263b86dabdc4aca4537da95001aeab4dd74,blinded-annotation-v2-shortrefs
C009,K011,0,labeled,0,labeled,0,labeled,True,False,PROVISIONAL_LLM_GOLD,Sleep duration adequate and stable across all nights.,Item requires several nights of reduced sleep duration; non-applicable without repeated sleep restriction.,No repeated sleep restriction observed.,qwen3.8-max,22de6ed1b88750ca1791b17c13325263b86dabdc4aca4537da95001aeab4dd74,blinded-annotation-v2-shortrefs
C009,K012,0,labeled,0,labeled,0,labeled,True,False,PROVISIONAL_LLM_GOLD,Sleep duration adequate (~471 min mean) throughout.,Item requires ongoing insufficient sleep; non-applicable for inferring infection from HR changes.,No sleep deficiency present. General immune information not applicable.,qwen3.8-max,22de6ed1b88750ca1791b17c13325263b86dabdc4aca4537da95001aeab4dd74,blinded-annotation-v2-shortrefs
C009,K013,0,labeled,0,labeled,0,labeled,True,False,PROVISIONAL_LLM_GOLD,Sleep adequate; no appetite or food intake data.,Item requires repeated insufficient sleep; non-applicable for diagnosing metabolic disorder from wearable data.,No sleep insufficiency observed. No appetite data to connect.,qwen3.8-max,22de6ed1b88750ca1791b17c13325263b86dabdc4aca4537da95001aeab4dd74,blinded-annotation-v2-shortrefs
C009,K014,0,labeled,0,labeled,0,labeled,True,False,PROVISIONAL_LLM_GOLD,No sleepiness reports or driving context recorded.,Item requires reported sleepiness and driving plans; non-applicable when sleepiness or driving unknown.,Neither sleepiness nor driving context established.,qwen3.8-max,22de6ed1b88750ca1791b17c13325263b86dabdc4aca4537da95001aeab4dd74,blinded-annotation-v2-shortrefs
C009,K015,1,labeled,1,labeled,1,labeled,True,False,PROVISIONAL_LLM_GOLD,"Baseline mean sleep 470.6 min, window mean 471.7 min (~7.8-7.9 hours).",Item applies when adult sleep duration is being reviewed; notes individual variation around 7-9 hour average.,"Provides contextual framework for interpreting observed ~7.8h sleep duration against population averages, noting individual needs vary.",qwen3.8-max,22de6ed1b88750ca1791b17c13325263b86dabdc4aca4537da95001aeab4dd74,blinded-annotation-v2-shortrefs
C009,K016,0,labeled,0,labeled,0,labeled,True,False,PROVISIONAL_LLM_GOLD,14-day window with stable sleep; no insomnia symptoms reported.,Item requires months-long sleeping difficulties or failed habit changes; non-applicable with brief duration record without reported problems.,Only 14-day window without reported problems. Conditions not met.,qwen3.8-max,22de6ed1b88750ca1791b17c13325263b86dabdc4aca4537da95001aeab4dd74,blinded-annotation-v2-shortrefs
C009,K017,0,labeled,1,labeled,0,labeled,False,False,PROVISIONAL_LLM_GOLD,Sleep start variance ~22-23 min² across both periods; sleep end variance 0 (all 07:00).,Item applies when repeated variability in bedtime or wake time; non-applicable for stable schedule.,Schedule is highly consistent. Wake time has zero variance. Item explicitly non-applicable for stable schedules.,qwen3.8-max,22de6ed1b88750ca1791b17c13325263b86dabdc4aca4537da95001aeab4dd74,blinded-annotation-v2-shortrefs
C009,K018,0,labeled,0,labeled,0,labeled,True,False,PROVISIONAL_LLM_GOLD,Wake time is exactly 07:00 every day (variance 0).,Item requires inconsistent wake time with reported sleeping difficulties; non-applicable without insomnia evidence.,Wake time is perfectly consistent. No insomnia symptoms reported.,qwen3.8-max,22de6ed1b88750ca1791b17c13325263b86dabdc4aca4537da95001aeab4dd74,blinded-annotation-v2-shortrefs
C009,K019,0,labeled,1,labeled,0,labeled,False,False,PROVISIONAL_LLM_GOLD,"Weekday sleep start mean 648.7 min, weekend 647.25 min in window; difference <2 min.",Item applies when bedtime/wake time differs substantially between weekdays and weekends; non-applicable when similar.,Sleep schedules are nearly identical between weekdays and weekends. Item explicitly non-applicable for similar schedules.,qwen3.8-max,22de6ed1b88750ca1791b17c13325263b86dabdc4aca4537da95001aeab4dd74,blinded-annotation-v2-shortrefs
C009,K020,0,labeled,0,labeled,0,labeled,True,False,PROVISIONAL_LLM_GOLD,Pre-bedtime activities not recorded; only sleep start timestamps available.,Item requires information about pre-bed activities; non-applicable when assuming missing routine from timestamps.,Bedtime routine content unknown. Timestamps alone do not reveal quiet-time behavior.,qwen3.8-max,22de6ed1b88750ca1791b17c13325263b86dabdc4aca4537da95001aeab4dd74,blinded-annotation-v2-shortrefs
C009,K021,0,labeled,0,labeled,0,labeled,True,False,PROVISIONAL_LLM_GOLD,Screen or light exposure before bedtime is not recorded.,Item requires known bright-screen exposure shortly before bed; non-applicable when exposure unknown.,Cannot attribute any sleep patterns to screen exposure without that data.,qwen3.8-max,22de6ed1b88750ca1791b17c13325263b86dabdc4aca4537da95001aeab4dd74,blinded-annotation-v2-shortrefs
C009,K022,0,labeled,0,labeled,0,labeled,True,False,PROVISIONAL_LLM_GOLD,Caffeine intake and timing not recorded.,Item requires known afternoon/evening caffeine use with sleeping difficulty; non-applicable without caffeine history.,Caffeine history unknown. Cannot connect to observed patterns.,qwen3.8-max,22de6ed1b88750ca1791b17c13325263b86dabdc4aca4537da95001aeab4dd74,blinded-annotation-v2-shortrefs
C009,K023,0,labeled,0,labeled,0,labeled,True,False,PROVISIONAL_LLM_GOLD,Meal timing and size are not recorded in wearable data.,Item requires known large meal shortly before bed; non-applicable when meal information unknown.,No meal data available to connect to sleep observations.,qwen3.8-max,22de6ed1b88750ca1791b17c13325263b86dabdc4aca4537da95001aeab4dd74,blinded-annotation-v2-shortrefs
C009,K024,0,labeled,0,labeled,0,labeled,True,False,PROVISIONAL_LLM_GOLD,Alcohol intake not recorded.,Item requires alcohol intake and timing reported; non-applicable when alcohol exposure unknown.,No alcohol data to connect to sleep observations.,qwen3.8-max,22de6ed1b88750ca1791b17c13325263b86dabdc4aca4537da95001aeab4dd74,blinded-annotation-v2-shortrefs
C009,K025,0,labeled,0,labeled,0,labeled,True,False,PROVISIONAL_LLM_GOLD,Nicotine use not recorded.,Item requires nicotine exposure established; non-applicable when nicotine use unknown.,No nicotine data to connect to sleep observations.,qwen3.8-max,22de6ed1b88750ca1791b17c13325263b86dabdc4aca4537da95001aeab4dd74,blinded-annotation-v2-shortrefs
C009,K026,0,labeled,0,labeled,0,labeled,True,False,PROVISIONAL_LLM_GOLD,Bedroom environment conditions not recorded.,Item requires known disruptive bedroom environment; non-applicable when environment unknown.,"No data about bedroom light, noise, or temperature.",qwen3.8-max,22de6ed1b88750ca1791b17c13325263b86dabdc4aca4537da95001aeab4dd74,blinded-annotation-v2-shortrefs
C009,K027,0,labeled,0,labeled,0,labeled,True,False,PROVISIONAL_LLM_GOLD,No relaxation issues or pre-bed routine data recorded.,Item requires reported difficulty relaxing or request for routine options; non-applicable when inferring stress from signals.,Generic routine suggestion without specific connection to observed data.,qwen3.8-max,22de6ed1b88750ca1791b17c13325263b86dabdc4aca4537da95001aeab4dd74,blinded-annotation-v2-shortrefs
C009,K028,0,labeled,0,labeled,0,labeled,True,False,PROVISIONAL_LLM_GOLD,No nap data recorded in the wearable observations.,Item requires adult naps recorded or reported; non-applicable when nap history unknown.,Nap information is absent from the data.,qwen3.8-max,22de6ed1b88750ca1791b17c13325263b86dabdc4aca4537da95001aeab4dd74,blinded-annotation-v2-shortrefs
C009,K029,0,labeled,0,labeled,0,labeled,True,False,PROVISIONAL_LLM_GOLD,"Sleep start times consistent (mean ~649 min from noon, variance ~22-23); no shift work indicated.",Item requires confirmed shift-work schedule; non-applicable when shift work unknown.,No evidence of shift work. Sleep timing is stable throughout both periods.,qwen3.8-max,22de6ed1b88750ca1791b17c13325263b86dabdc4aca4537da95001aeab4dd74,blinded-annotation-v2-shortrefs
C009,K030,0,labeled,0,labeled,0,labeled,True,False,PROVISIONAL_LLM_GOLD,No shift work established.,Item requires shift work established; non-applicable without confirmed shift work.,Shift work unknown. Lighting advice not applicable.,qwen3.8-max,22de6ed1b88750ca1791b17c13325263b86dabdc4aca4537da95001aeab4dd74,blinded-annotation-v2-shortrefs
C009,K031,0,labeled,0,labeled,0,labeled,True,False,PROVISIONAL_LLM_GOLD,No shift work schedule or caffeine intake data recorded.,Item requires confirmed shift worker using caffeine; non-applicable when shift work or caffeine unknown.,Neither shift work nor caffeine use is established in the data.,qwen3.8-max,22de6ed1b88750ca1791b17c13325263b86dabdc4aca4537da95001aeab4dd74,blinded-annotation-v2-shortrefs
C009,K032,0,labeled,0,labeled,0,labeled,True,False,PROVISIONAL_LLM_GOLD,"Only overnight sleep recorded (sleep_start ~22:42-22:58, sleep_end 07:00).",Item requires daytime sleep associated with shift work; non-applicable when only ordinary overnight sleep recorded.,No daytime sleep or shift work established.,qwen3.8-max,22de6ed1b88750ca1791b17c13325263b86dabdc4aca4537da95001aeab4dd74,blinded-annotation-v2-shortrefs
C009,K033,1,labeled,1,labeled,1,labeled,True,False,PROVISIONAL_LLM_GOLD,"Sleep timing and duration recorded but awakenings, naps, substances not captured.","Item recommends diary recording bedtimes, awakenings, waking times, and naps to preserve sequence of changes.","Highlights that current wearable data lacks diary-level detail (awakenings, naps) needed for comprehensive sleep pattern review.",qwen3.8-max,22de6ed1b88750ca1791b17c13325263b86dabdc4aca4537da95001aeab4dd74,blinded-annotation-v2-shortrefs
C009,K034,0,labeled,0,labeled,0,labeled,True,False,PROVISIONAL_LLM_GOLD,"Sleep consistently ~470 min/night, meeting recommendations.",Item requires several shortened nights; non-applicable when claiming fixed recovery nights.,No sleep loss accumulation present. Sleep is consistently adequate.,qwen3.8-max,22de6ed1b88750ca1791b17c13325263b86dabdc4aca4537da95001aeab4dd74,blinded-annotation-v2-shortrefs
C009,K035,0,labeled,0,labeled,0,labeled,True,False,PROVISIONAL_LLM_GOLD,Weekend sleep mean 472.75 min vs weekday 471.3 min in window; difference <2 min.,Item requires longer sleep and later timing on days off; non-applicable when assuming every weekend is a day off.,No substantial weekend sleep extension observed. Sleep duration is nearly identical between weekdays and weekends.,qwen3.8-max,22de6ed1b88750ca1791b17c13325263b86dabdc4aca4537da95001aeab4dd74,blinded-annotation-v2-shortrefs
C009,K036,0,labeled,0,labeled,0,labeled,True,False,PROVISIONAL_LLM_GOLD,No nap data recorded.,Item requires recorded naps after shortened night-time sleep; non-applicable without nap information.,Nap data absent. Sleep duration is adequate without needing compensation.,qwen3.8-max,22de6ed1b88750ca1791b17c13325263b86dabdc4aca4537da95001aeab4dd74,blinded-annotation-v2-shortrefs
C009,K037,0,labeled,0,labeled,0,labeled,True,False,PROVISIONAL_LLM_GOLD,No bad nights or sleeping difficulties reported; sleep duration stable ~470 min.,Item requires reported bad sleep or insomnia symptoms; non-applicable with only device estimate without reported difficulty.,No evidence of sleeping difficulties. Item targets insomnia management which is not indicated here.,qwen3.8-max,22de6ed1b88750ca1791b17c13325263b86dabdc4aca4537da95001aeab4dd74,blinded-annotation-v2-shortrefs
C009,K038,0,labeled,0,labeled,0,labeled,True,False,PROVISIONAL_LLM_GOLD,Sleep duration stable at ~470 min/night across both periods with no reported symptoms.,Item requires symptom history and onset to categorize insomnia; non-applicable for diagnosing from estimated hours.,No insomnia symptoms reported; sleep duration is stable and adequate. Cannot diagnose insomnia from device estimates alone.,qwen3.8-max,22de6ed1b88750ca1791b17c13325263b86dabdc4aca4537da95001aeab4dd74,blinded-annotation-v2-shortrefs
C009,K039,0,labeled,0,labeled,0,labeled,True,False,PROVISIONAL_LLM_GOLD,No travel history recorded; sleep timing stable across periods.,Item requires confirmed travel across time zones; non-applicable without travel history.,No travel context. Sleep timing is consistent throughout observation.,qwen3.8-max,22de6ed1b88750ca1791b17c13325263b86dabdc4aca4537da95001aeab4dd74,blinded-annotation-v2-shortrefs
C009,K040,0,labeled,0,labeled,0,labeled,True,False,PROVISIONAL_LLM_GOLD,No travel recorded.,Item requires short trip across time zones planned; non-applicable when travel context unknown.,Travel context unknown. Sleep timing stable throughout.,qwen3.8-max,22de6ed1b88750ca1791b17c13325263b86dabdc4aca4537da95001aeab4dd74,blinded-annotation-v2-shortrefs
C009,K041,0,labeled,0,labeled,0,labeled,True,False,PROVISIONAL_LLM_GOLD,Activity intensity unknown; steps ~7900/day stable.,Item requires intensity information to count recommended aerobic minutes; non-applicable when equating steps with compliance.,Generic encouragement. Intensity unknown prevents guideline assessment.,qwen3.8-max,22de6ed1b88750ca1791b17c13325263b86dabdc4aca4537da95001aeab4dd74,blinded-annotation-v2-shortrefs
C009,K042,0,labeled,0,labeled,0,labeled,True,False,PROVISIONAL_LLM_GOLD,"Activity levels stable: steps mean 7938 (baseline) vs 7923 (window), activity duration similar.",Item requires recently low or reduced physical activity; non-applicable for prescribing intense programs from wearable data.,No evidence of recent inactivity or reduced activity. Levels are consistent across periods.,qwen3.8-max,22de6ed1b88750ca1791b17c13325263b86dabdc4aca4537da95001aeab4dd74,blinded-annotation-v2-shortrefs
C009,K043,0,labeled,0,labeled,0,labeled,True,False,PROVISIONAL_LLM_GOLD,Activity intensity is 'unknown' for all intervals.,Item requires known activity intensity to determine moderate-intensity minutes; non-applicable with only unspecified active minutes.,Unknown intensity prevents determining if 150-min weekly moderate target is met.,qwen3.8-max,22de6ed1b88750ca1791b17c13325263b86dabdc4aca4537da95001aeab4dd74,blinded-annotation-v2-shortrefs
C009,K044,0,labeled,0,labeled,0,labeled,True,False,PROVISIONAL_LLM_GOLD,Activity intensity 'unknown' for all intervals.,Item requires known vigorous intensity; non-applicable when intensity unknown.,Cannot apply vigorous activity target without intensity data.,qwen3.8-max,22de6ed1b88750ca1791b17c13325263b86dabdc4aca4537da95001aeab4dd74,blinded-annotation-v2-shortrefs
C009,K045,0,labeled,0,labeled,0,labeled,True,False,PROVISIONAL_LLM_GOLD,No evidence of reduced activity or session limitations.,Item requires reduced activity or limited opportunities; non-applicable when assuming every active minute is moderate.,Activity levels are stable. Cannot assume recorded minutes are moderate intensity.,qwen3.8-max,22de6ed1b88750ca1791b17c13325263b86dabdc4aca4537da95001aeab4dd74,blinded-annotation-v2-shortrefs
C009,K046,0,labeled,0,labeled,0,labeled,True,False,PROVISIONAL_LLM_GOLD,"Only steps, activity duration, and low movement recorded; no strengthening data.",Item requires strengthening activity records including days and muscle groups; non-applicable with only step/movement counts.,No muscle-strengthening information available in wearable data.,qwen3.8-max,22de6ed1b88750ca1791b17c13325263b86dabdc4aca4537da95001aeab4dd74,blinded-annotation-v2-shortrefs
C009,K047,0,labeled,0,labeled,0,labeled,True,False,PROVISIONAL_LLM_GOLD,Activity intensity is 'unknown' for all recorded intervals.,Item requires documented aerobic activity reaching guideline levels with known intensity; non-applicable when intensity unverified.,Cannot verify guideline attainment because activity intensity is unknown throughout.,qwen3.8-max,22de6ed1b88750ca1791b17c13325263b86dabdc4aca4537da95001aeab4dd74,blinded-annotation-v2-shortrefs
C009,K048,0,labeled,0,labeled,0,labeled,True,False,PROVISIONAL_LLM_GOLD,All activity intervals have intensity='unknown'.,Item requires fitness or perceived effort to interpret intensity; non-applicable when inferring intensity from steps alone.,Activity intensity cannot be assigned from movement totals alone. All intensities are unknown.,qwen3.8-max,22de6ed1b88750ca1791b17c13325263b86dabdc4aca4537da95001aeab4dd74,blinded-annotation-v2-shortrefs
C009,K049,0,labeled,0,labeled,0,labeled,True,False,PROVISIONAL_LLM_GOLD,Activity intensity 'unknown'; no breathing or talk-test observations.,Item requires observed effort during aerobic activity; non-applicable when effort unrecorded.,Effort and aerobic context unrecorded. Intensity unknown.,qwen3.8-max,22de6ed1b88750ca1791b17c13325263b86dabdc4aca4537da95001aeab4dd74,blinded-annotation-v2-shortrefs
C009,K050,1,labeled,1,labeled,1,labeled,True,False,PROVISIONAL_LLM_GOLD,"Steps stable (mean 7938 baseline, 7923 window); activity types unknown.",Item notes steps may not reflect intensity during activities like spinning or yoga.,Relevant caution: stable step counts do not rule out changes in non-step exercise types or intensities.,qwen3.8-max,22de6ed1b88750ca1791b17c13325263b86dabdc4aca4537da95001aeab4dd74,blinded-annotation-v2-shortrefs
C009,K051,0,labeled,0,labeled,0,labeled,True,False,PROVISIONAL_LLM_GOLD,Steps and activity duration stable across periods.,Item applies when low or declining routine movement; non-applicable when assuming everyone can walk/cycle safely.,"Movement is stable, not declining. Transport context unknown.",qwen3.8-max,22de6ed1b88750ca1791b17c13325263b86dabdc4aca4537da95001aeab4dd74,blinded-annotation-v2-shortrefs
C009,K052,0,labeled,0,labeled,0,labeled,True,False,PROVISIONAL_LLM_GOLD,Activity levels stable across periods; no maintenance difficulty indicated.,Item applies when activity habit is low or difficult to maintain; non-applicable without context of preferences.,No evidence of activity maintenance difficulty.,qwen3.8-max,22de6ed1b88750ca1791b17c13325263b86dabdc4aca4537da95001aeab4dd74,blinded-annotation-v2-shortrefs
C009,K053,0,labeled,0,labeled,0,labeled,True,False,PROVISIONAL_LLM_GOLD,Activity levels stable; no motivational barriers reported.,Item applies when person wants support maintaining activity; non-applicable without evidence of motivational barrier.,No evidence of social or motivational barriers to activity.,qwen3.8-max,22de6ed1b88750ca1791b17c13325263b86dabdc4aca4537da95001aeab4dd74,blinded-annotation-v2-shortrefs
C009,K054,0,labeled,0,labeled,0,labeled,True,False,PROVISIONAL_LLM_GOLD,Activity levels stable; no time barrier reported.,Item requires low activity with reported time barrier; non-applicable when assuming time barrier from low steps.,No evidence of time-limited activity.,qwen3.8-max,22de6ed1b88750ca1791b17c13325263b86dabdc4aca4537da95001aeab4dd74,blinded-annotation-v2-shortrefs
C009,K055,0,labeled,0,labeled,0,labeled,True,False,PROVISIONAL_LLM_GOLD,No schedule constraints limiting activity reported.,Item requires reported competing demands reducing activity; non-applicable when schedule reason unknown.,No evidence of schedule constraints affecting activity.,qwen3.8-max,22de6ed1b88750ca1791b17c13325263b86dabdc4aca4537da95001aeab4dd74,blinded-annotation-v2-shortrefs
C009,K056,0,labeled,0,labeled,0,labeled,True,False,PROVISIONAL_LLM_GOLD,No chronic conditions or disabilities recorded.,Item requires established chronic condition or special need; non-applicable when medical context unknown.,Medical context unknown. Cannot apply health-condition-specific activity planning.,qwen3.8-max,22de6ed1b88750ca1791b17c13325263b86dabdc4aca4537da95001aeab4dd74,blinded-annotation-v2-shortrefs
C009,K057,0,labeled,0,labeled,0,labeled,True,False,PROVISIONAL_LLM_GOLD,Low movement intervals present but posture not measured.,Item requires long uninterrupted daytime low-movement intervals with mobility/posture context; non-applicable when low movement due to non-wear or sleep.,Device low movement is not confirmed sitting. Cannot apply sedentary interruption advice.,qwen3.8-max,22de6ed1b88750ca1791b17c13325263b86dabdc4aca4537da95001aeab4dd74,blinded-annotation-v2-shortrefs
C009,K058,0,labeled,0,labeled,0,labeled,True,False,PROVISIONAL_LLM_GOLD,Low movement minutes recorded (~450/day) but posture not measured; activity intensity unknown.,Item requires recorded activity coexisting with substantial low-movement periods; non-applicable when assuming low-movement proves sitting.,Device low movement is not confirmed sitting per annotation rules. Cannot apply sedentary behavior guidance.,qwen3.8-max,22de6ed1b88750ca1791b17c13325263b86dabdc4aca4537da95001aeab4dd74,blinded-annotation-v2-shortrefs
C009,K059,0,labeled,0,labeled,0,labeled,True,False,PROVISIONAL_LLM_GOLD,Low movement minutes ~450/day but posture not confirmed.,Item requires confirmed sitting for sedentary-time conclusion; non-applicable when non-wear recorded as no movement.,Device low movement is not confirmed sitting per annotation rules.,qwen3.8-max,22de6ed1b88750ca1791b17c13325263b86dabdc4aca4537da95001aeab4dd74,blinded-annotation-v2-shortrefs
C009,K060,0,labeled,0,labeled,0,labeled,True,False,PROVISIONAL_LLM_GOLD,Commute information not recorded.,Item requires sedentary commuting established; non-applicable when commute unknown.,Commute context unknown.,qwen3.8-max,22de6ed1b88750ca1791b17c13325263b86dabdc4aca4537da95001aeab4dd74,blinded-annotation-v2-shortrefs
C009,K061,0,labeled,0,labeled,0,labeled,True,False,PROVISIONAL_LLM_GOLD,Workplace context unknown.,Item requires desk work with prolonged sitting; non-applicable when work context unknown.,No workplace information available to apply this suggestion.,qwen3.8-max,22de6ed1b88750ca1791b17c13325263b86dabdc4aca4537da95001aeab4dd74,blinded-annotation-v2-shortrefs
C009,K062,0,labeled,0,labeled,0,labeled,True,False,PROVISIONAL_LLM_GOLD,No workplace or meeting information available.,Item requires meetings or desk work involving prolonged sitting; non-applicable without workplace info.,Workplace context unknown.,qwen3.8-max,22de6ed1b88750ca1791b17c13325263b86dabdc4aca4537da95001aeab4dd74,blinded-annotation-v2-shortrefs
C009,K063,0,labeled,0,labeled,0,labeled,True,False,PROVISIONAL_LLM_GOLD,Screen habits and television viewing are not recorded in the wearable data.,Item requires actual screen-related sitting; non-applicable when screen habits unknown.,No evidence of television viewing or screen-related sitting in the data. Low movement intervals do not confirm TV watching.,qwen3.8-max,22de6ed1b88750ca1791b17c13325263b86dabdc4aca4537da95001aeab4dd74,blinded-annotation-v2-shortrefs
C009,K064,0,labeled,0,labeled,0,labeled,True,False,PROVISIONAL_LLM_GOLD,Low movement intervals recorded but leisure context and seated posture are unknown.,Item requires substantial habitual seated leisure; non-applicable without leisure context.,No information about leisure activities or seated posture. Device low movement does not confirm sitting.,qwen3.8-max,22de6ed1b88750ca1791b17c13325263b86dabdc4aca4537da95001aeab4dd74,blinded-annotation-v2-shortrefs
C009,K065,1,labeled,1,labeled,1,labeled,True,False,PROVISIONAL_LLM_GOLD,Activity duration mean 54.7 min (baseline) and 56.2 min (window); steps ~7900/day.,"Item defines physical activity broadly as body movement using muscles, separate from planned exercise.",Provides relevant context that recorded activity metrics capture everyday movement beyond formal exercise sessions.,qwen3.8-max,22de6ed1b88750ca1791b17c13325263b86dabdc4aca4537da95001aeab4dd74,blinded-annotation-v2-shortrefs
C009,K066,0,labeled,0,labeled,0,labeled,True,False,PROVISIONAL_LLM_GOLD,Work schedule and lunch break access unknown.,Item requires daytime low movement with known workday lunch-break context; non-applicable when context unknown.,No workday or lunch-break context available.,qwen3.8-max,22de6ed1b88750ca1791b17c13325263b86dabdc4aca4537da95001aeab4dd74,blinded-annotation-v2-shortrefs
C009,K067,0,labeled,0,labeled,0,labeled,True,False,PROVISIONAL_LLM_GOLD,Stair access and mobility context unknown.,Item requires accessible stairs and safe mobility; non-applicable when context unknown.,Generic suggestion not tied to specific observations.,qwen3.8-max,22de6ed1b88750ca1791b17c13325263b86dabdc4aca4537da95001aeab4dd74,blinded-annotation-v2-shortrefs
C009,K068,1,labeled,1,labeled,1,labeled,True,False,PROVISIONAL_LLM_GOLD,"Low movement intervals ~45-46 min each, 10 per day, totaling ~450 min/day.",Item cautions that low-movement estimates should not automatically be relabelled as confirmed sitting.,Directly supports the annotation rule that device low movement is not confirmed sitting. Relevant methodological caveat for interpreting the abundant low_movement_minutes data.,qwen3.8-max,22de6ed1b88750ca1791b17c13325263b86dabdc4aca4537da95001aeab4dd74,blinded-annotation-v2-shortrefs
C009,K069,0,labeled,0,labeled,0,labeled,True,False,PROVISIONAL_LLM_GOLD,"Activity and sleep both recorded; activity stable, sleep stable.",Item is general benefit statement; non-applicable for declaring causal effect from paired observations.,General benefit statement. Temporal co-occurrence does not imply causation per annotation rules.,qwen3.8-max,22de6ed1b88750ca1791b17c13325263b86dabdc4aca4537da95001aeab4dd74,blinded-annotation-v2-shortrefs
C009,K070,0,labeled,0,labeled,0,labeled,True,False,PROVISIONAL_LLM_GOLD,Activity levels stable; outdoor exposure not recorded.,Item requires low daytime activity accompanying changed sleep routine; non-applicable when inferring outdoor exposure from movement.,Activity is not low and no outdoor context available. General advice without specific connection.,qwen3.8-max,22de6ed1b88750ca1791b17c13325263b86dabdc4aca4537da95001aeab4dd74,blinded-annotation-v2-shortrefs
C009,K071,0,labeled,0,labeled,0,labeled,True,False,PROVISIONAL_LLM_GOLD,Activity intervals at 21:00-22:00 with intensity='unknown'.,Item requires known intensity and timing relative to bedtime; non-applicable when assuming late movement is intense.,Intensity unknown. Cannot determine if late activity qualifies as intense exercise.,qwen3.8-max,22de6ed1b88750ca1791b17c13325263b86dabdc4aca4537da95001aeab4dd74,blinded-annotation-v2-shortrefs
C009,K072,0,labeled,0,labeled,0,labeled,True,False,PROVISIONAL_LLM_GOLD,Activity intervals at 21:00-22:00 with unknown intensity; no insomnia symptoms reported.,Item requires exercise near bedtime with reported insomnia symptoms; non-applicable with only timestamps known.,No sleeping difficulties reported. Temporal adjacency alone insufficient to apply insomnia-specific exercise timing advice.,qwen3.8-max,22de6ed1b88750ca1791b17c13325263b86dabdc4aca4537da95001aeab4dd74,blinded-annotation-v2-shortrefs
C009,K073,1,labeled,1,labeled,1,labeled,True,False,PROVISIONAL_LLM_GOLD,Activity intervals at 21:00-22:00 precede sleep start at ~22:42-22:58 on same calendar date.,Item recommends recording exercise timing alongside sleep timing for temporal context.,Supports recording exercise timing alongside sleep for proper temporal analysis. Activity occurs ~1-1.5 hours before sleep start.,qwen3.8-max,22de6ed1b88750ca1791b17c13325263b86dabdc4aca4537da95001aeab4dd74,blinded-annotation-v2-shortrefs
C009,K074,0,labeled,0,labeled,0,labeled,True,False,PROVISIONAL_LLM_GOLD,No emergency response deployment context recorded.,Item requires confirmed emergency-response deployment context; non-applicable when unknown.,Deployment context unknown. Not applicable to general observations.,qwen3.8-max,22de6ed1b88750ca1791b17c13325263b86dabdc4aca4537da95001aeab4dd74,blinded-annotation-v2-shortrefs
C009,K075,0,labeled,0,labeled,0,labeled,True,False,PROVISIONAL_LLM_GOLD,No tiredness or energy level history recorded.,Item requires reported tiredness limiting activity; non-applicable without tiredness history.,No tiredness history available to connect scheduling advice.,qwen3.8-max,22de6ed1b88750ca1791b17c13325263b86dabdc4aca4537da95001aeab4dd74,blinded-annotation-v2-shortrefs
C009,K076,1,labeled,1,labeled,1,labeled,True,False,PROVISIONAL_LLM_GOLD,RHR changed significantly (+10 bpm) but substance/medication data not recorded.,"Item recommends recording alcohol, caffeine, and medications alongside sleep to avoid misattribution.","Highlights critical missing context: substance and medication history needed to interpret the RHR elevation, preventing misattribution to adjacent activity.",qwen3.8-max,22de6ed1b88750ca1791b17c13325263b86dabdc4aca4537da95001aeab4dd74,blinded-annotation-v2-shortrefs
C009,K077,2,labeled,2,labeled,1,labeled,False,False,PROVISIONAL_LLM_GOLD,"Daily resting_heart_rate_bpm recorded: baseline 51-53, window 61-63.","Item defines RHR as beats per minute while still and well rested, distinct from exercise HR.",Core definitional context for interpreting the observed RHR metric. Directly establishes what the measured values represent and distinguishes them from instantaneous exercise heart rate.,qwen3.8-max,22de6ed1b88750ca1791b17c13325263b86dabdc4aca4537da95001aeab4dd74,blinded-annotation-v2-shortrefs
C009,K078,1,labeled,1,labeled,1,labeled,True,False,PROVISIONAL_LLM_GOLD,Daily resting_heart_rate_bpm recorded showing sustained elevation from 51-53 to 61-63 bpm.,Item distinguishes daily resting HR from sleeping HR; trends should compare same measure.,Important distinction for correctly interpreting the reported RHR values. Ensures the observed trend compares the same metric type.,qwen3.8-max,22de6ed1b88750ca1791b17c13325263b86dabdc4aca4537da95001aeab4dd74,blinded-annotation-v2-shortrefs
C009,K079,2,labeled,2,labeled,2,labeled,True,False,PROVISIONAL_LLM_GOLD,RHR increased from baseline mean 51.8 bpm to window mean 61.7 bpm (+9.9 bpm difference).,Item directly applies when RHR changes relative to previous readings; lists multiple possible causes without identifying one.,"Core explanation for the observed ~10 bpm RHR elevation: multiple factors (caffeine, stress, fever, medications, etc.) can influence RHR, and a rise alone does not identify its cause.",qwen3.8-max,22de6ed1b88750ca1791b17c13325263b86dabdc4aca4537da95001aeab4dd74,blinded-annotation-v2-shortrefs
C009,K080,1,labeled,1,labeled,1,labeled,True,False,PROVISIONAL_LLM_GOLD,RHR increased ~10 bpm while HRV RMSSD remained stable (~45 ms).,"Item explains HRV measures beat-to-beat variation, distinct from average heart rate.",Core definitional context explaining why RHR and HRV can diverge: they measure fundamentally different physiological quantities.,qwen3.8-max,22de6ed1b88750ca1791b17c13325263b86dabdc4aca4537da95001aeab4dd74,blinded-annotation-v2-shortrefs
C009,K081,1,labeled,1,labeled,1,labeled,True,False,PROVISIONAL_LLM_GOLD,HRV RMSSD stable at ~45 ms across both periods despite RHR change.,Item notes HRV differs between people and requires personal history context; non-applicable for universal diagnosis.,"Relevant context: stable HRV should be interpreted against personal baseline rather than universal norms, especially alongside changing RHR.",qwen3.8-max,22de6ed1b88750ca1791b17c13325263b86dabdc4aca4537da95001aeab4dd74,blinded-annotation-v2-shortrefs
C009,K082,2,labeled,2,labeled,2,labeled,True,False,PROVISIONAL_LLM_GOLD,28-day baseline provides personal RHR range (51-53 bpm) against which window values (61-63 bpm) differ.,Item explains personal ranges use up to 30 days of recent data to monitor trends vs personal history.,Directly explains how the 28-day baseline provides personal range context for interpreting the significant RHR shift. Core methodological framework.,qwen3.8-max,22de6ed1b88750ca1791b17c13325263b86dabdc4aca4537da95001aeab4dd74,blinded-annotation-v2-shortrefs
C009,K083,2,labeled,2,labeled,2,labeled,True,False,PROVISIONAL_LLM_GOLD,RHR sustained at 61-63 bpm across all 14 window days vs 51-53 bpm across 28 baseline days.,Item supports reviewing repeated RHR readings over weeks/months to preserve trend context.,"Core methodological context: the sustained multi-day RHR elevation should be reviewed as a trend rather than isolated readings, which this 28-day baseline + 14-day window enables.",qwen3.8-max,22de6ed1b88750ca1791b17c13325263b86dabdc4aca4537da95001aeab4dd74,blinded-annotation-v2-shortrefs
C009,K084,1,labeled,1,labeled,1,labeled,True,False,PROVISIONAL_LLM_GOLD,HRV RMSSD stable across periods; RHR elevated.,"Item states HRV features provide wellness information, not intended to diagnose medical conditions.","Important caveat: stable HRV is a wellness observation, not diagnostic. Prevents overinterpretation of HRV stability alongside RHR change.",qwen3.8-max,22de6ed1b88750ca1791b17c13325263b86dabdc4aca4537da95001aeab4dd74,blinded-annotation-v2-shortrefs
C009,K085,2,labeled,2,labeled,1,labeled,False,False,PROVISIONAL_LLM_GOLD,"HRV reported as hrv_rmssd_ms; baseline mean 44.8 ms, window mean 45.1 ms (stable).",Item confirms Fitbit uses RMSSD formula for HRV; comparisons should preserve metric definition.,Directly confirms the HRV metric definition used in the data. Essential for correctly interpreting stable RMSSD alongside rising RHR as measuring different physiological quantities.,qwen3.8-max,22de6ed1b88750ca1791b17c13325263b86dabdc4aca4537da95001aeab4dd74,blinded-annotation-v2-shortrefs
C009,K086,1,labeled,1,labeled,1,labeled,True,False,PROVISIONAL_LLM_GOLD,"All nighttime coverage values range 482-498 minutes, well exceeding 3 hours (180 min).",Item requires compatible Fitbit collection definition and sleep coverage >3 hours for HRV validity.,Confirms methodological validity: all sleep periods exceed the 3-hour minimum required for overnight HRV estimation.,qwen3.8-max,22de6ed1b88750ca1791b17c13325263b86dabdc4aca4537da95001aeab4dd74,blinded-annotation-v2-shortrefs
C009,K087,0,labeled,0,labeled,0,labeled,True,False,PROVISIONAL_LLM_GOLD,"Only sleep duration, start, and end times recorded; no sleep stage data.",Item requires sleep-stage measurements; non-applicable when only duration and timing available.,Sleep-stage data absent. Item non-applicable.,qwen3.8-max,22de6ed1b88750ca1791b17c13325263b86dabdc4aca4537da95001aeab4dd74,blinded-annotation-v2-shortrefs
C009,K088,0,labeled,0,labeled,1,labeled,False,False,PROVISIONAL_LLM_GOLD,No health concerns or symptoms reported in the data.,Item requires reported health concerns about vital trends; non-applicable for declaring emergency from relative trend without clinical context.,No reported concerns. Generic advisory without specific connection to observed data.,qwen3.8-max,22de6ed1b88750ca1791b17c13325263b86dabdc4aca4537da95001aeab4dd74,blinded-annotation-v2-shortrefs
C009,K089,1,labeled,1,labeled,1,labeled,True,False,PROVISIONAL_LLM_GOLD,RHR increased ~10 bpm while HRV remained stable; device fit information not recorded.,Item notes heart-rate accuracy depends on placement and physiology; poor fit can affect apparent change.,"Supported contextual possibility: sensor fit changes could theoretically contribute to RHR measurement differences, though no direct evidence of fit problems exists.",qwen3.8-max,22de6ed1b88750ca1791b17c13325263b86dabdc4aca4537da95001aeab4dd74,blinded-annotation-v2-shortrefs
C009,K090,1,labeled,1,labeled,1,labeled,True,False,PROVISIONAL_LLM_GOLD,Nighttime coverage 482-498 min across all nights; daytime wear 720 min daily.,Item requires separate night-time wear information to validate overnight vitals.,Confirms overnight vitals are valid: nighttime coverage is separately documented and adequate throughout both periods.,qwen3.8-max,22de6ed1b88750ca1791b17c13325263b86dabdc4aca4537da95001aeab4dd74,blinded-annotation-v2-shortrefs
C009,K091,0,labeled,0,labeled,1,labeled,False,False,PROVISIONAL_LLM_GOLD,All vitals present with adequate nighttime coverage (482-498 min).,Item applies when vital is missing with limited night-time data; non-applicable for interpreting missing as zero.,No missing vitals to explain. All data present with adequate coverage.,qwen3.8-max,22de6ed1b88750ca1791b17c13325263b86dabdc4aca4537da95001aeab4dd74,blinded-annotation-v2-shortrefs
C009,K092,0,labeled,0,labeled,0,labeled,True,False,PROVISIONAL_LLM_GOLD,All daily observations have valid_count matching period length with missing_count=0 for all metrics.,Item applies when vitals are missing or delayed; non-applicable when treating unsupported metrics as zeros.,No missing vitals in the dataset. All metrics present throughout baseline and window periods.,qwen3.8-max,22de6ed1b88750ca1791b17c13325263b86dabdc4aca4537da95001aeab4dd74,blinded-annotation-v2-shortrefs
C009,K093,0,labeled,0,labeled,0,labeled,True,False,PROVISIONAL_LLM_GOLD,Same synthetic wearable device used throughout both periods.,Item applies when heart-rate series involve device or algorithm change; non-applicable for same-device series.,No device switch occurred. Same device throughout observation.,qwen3.8-max,22de6ed1b88750ca1791b17c13325263b86dabdc4aca4537da95001aeab4dd74,blinded-annotation-v2-shortrefs
C009,K094,1,labeled,1,labeled,1,labeled,True,False,PROVISIONAL_LLM_GOLD,Sleep duration estimated by device (462-478 min range).,Item clarifies estimated time asleep differs from full sleep period; applies when device-estimated duration available.,"Relevant methodological context: reported sleep duration is a device estimate from classified sleep portions, not total time in bed.",qwen3.8-max,22de6ed1b88750ca1791b17c13325263b86dabdc4aca4537da95001aeab4dd74,blinded-annotation-v2-shortrefs
C009,K095,1,labeled,1,labeled,1,labeled,True,False,PROVISIONAL_LLM_GOLD,Nighttime coverage 482-498 min every night; no missing sleep records.,"Item confirms wrist devices detect sleep when worn to bed; unworn nights should remain missing, not zero.",Confirms device was worn overnight supporting valid sleep detection. All nights have adequate coverage.,qwen3.8-max,22de6ed1b88750ca1791b17c13325263b86dabdc4aca4537da95001aeab4dd74,blinded-annotation-v2-shortrefs
C009,K096,1,labeled,1,labeled,1,labeled,True,False,PROVISIONAL_LLM_GOLD,Steps recorded via accelerometer; arm swing context unknown.,Item explains step counting depends on accelerometer and arm swing; wear context affects readings.,Relevant background on step measurement methodology. Informs interpretation of step count data even when stable.,qwen3.8-max,22de6ed1b88750ca1791b17c13325263b86dabdc4aca4537da95001aeab4dd74,blinded-annotation-v2-shortrefs
C010,K001,2,labeled,2,labeled,2,labeled,True,False,PROVISIONAL_LLM_GOLD,"Sleep duration mean 470.8 min (~7.85h) baseline, 469.1 min (~7.82h) window; age_band 18-60.",CDC recommends >=7 hours for adults 18-60; observable when sleep below recommendation.,Core reference standard directly confirming observed sleep consistently meets CDC adult recommendation for this age band.,qwen3.8-max,8a3cf7a4df100953ba15e94ee13b3ae80277768b6ed93a0c13e8f46071d1695b,blinded-annotation-v2-shortrefs
C010,K002,0,labeled,0,labeled,0,labeled,True,False,PROVISIONAL_LLM_GOLD,Metadata age_band is 18-60.,Applies to adults aged 61-64; non-applicable for other age groups.,"Age condition contradicted; item targets 61-64, user is 18-60.",qwen3.8-max,8a3cf7a4df100953ba15e94ee13b3ae80277768b6ed93a0c13e8f46071d1695b,blinded-annotation-v2-shortrefs
C010,K003,0,labeled,0,labeled,0,labeled,True,False,PROVISIONAL_LLM_GOLD,Metadata age_band is 18-60.,Applies to adults aged 65+; non-applicable for age below 65.,"Age condition contradicted; item targets 65+, user is 18-60.",qwen3.8-max,8a3cf7a4df100953ba15e94ee13b3ae80277768b6ed93a0c13e8f46071d1695b,blinded-annotation-v2-shortrefs
C010,K004,0,labeled,0,labeled,0,labeled,True,False,PROVISIONAL_LLM_GOLD,Metadata age_band is 18-60.,Applies to teenagers aged 13-17; non-applicable for adults.,"Age condition contradicted; item targets teenagers, user is adult 18-60.",qwen3.8-max,8a3cf7a4df100953ba15e94ee13b3ae80277768b6ed93a0c13e8f46071d1695b,blinded-annotation-v2-shortrefs
C010,K005,0,labeled,0,labeled,0,labeled,True,False,PROVISIONAL_LLM_GOLD,Sleep duration consistently ~7.8h; no schedule constraint data.,Requires repeatedly shortened sleep opportunity and schedule constraint attribution.,No evidence of insufficient sleep or schedule-driven shortage.,qwen3.8-max,8a3cf7a4df100953ba15e94ee13b3ae80277768b6ed93a0c13e8f46071d1695b,blinded-annotation-v2-shortrefs
C010,K006,0,labeled,0,labeled,0,labeled,True,False,PROVISIONAL_LLM_GOLD,"Sleep duration mean 470.8 min (~7.85h) baseline, 469.1 min (~7.82h) window; meets >=7h recommendation.",Non-applicable when sleep duration is sufficient for the applicable age group.,Sleep duration is adequate for age band; not a short-sleep scenario.,qwen3.8-max,8a3cf7a4df100953ba15e94ee13b3ae80277768b6ed93a0c13e8f46071d1695b,blinded-annotation-v2-shortrefs
C010,K007,1,labeled,1,labeled,1,labeled,True,False,PROVISIONAL_LLM_GOLD,Sleep duration recorded nightly (mean ~470 min) but no quality metrics like awakenings or subjective refreshment.,"Recorded hours alone do not establish sleep quality; requires onset difficulty, awakenings, or refreshment data.",Directly clarifies that available duration data does not establish overall sleep quality. Supported contextual connection.,qwen3.8-max,8a3cf7a4df100953ba15e94ee13b3ae80277768b6ed93a0c13e8f46071d1695b,blinded-annotation-v2-shortrefs
C010,K008,0,labeled,0,labeled,0,labeled,True,False,PROVISIONAL_LLM_GOLD,"Only sleep_duration_minutes, sleep_start_at, sleep_end_at available; no awakening data.",Requires awakening history or measured sleep continuity; non-applicable when only duration and boundaries available.,Awakening data unavailable; total duration alone cannot indicate awakenings.,qwen3.8-max,8a3cf7a4df100953ba15e94ee13b3ae80277768b6ed93a0c13e8f46071d1695b,blinded-annotation-v2-shortrefs
C010,K009,0,labeled,0,labeled,0,labeled,True,False,PROVISIONAL_LLM_GOLD,Sleep duration mean ~7.8h (<8h); no subjective refreshment data.,Requires more than 8 hours sleep with reported lack of refreshment.,Sleep is under 8 hours and no subjective refreshment reports exist.,qwen3.8-max,8a3cf7a4df100953ba15e94ee13b3ae80277768b6ed93a0c13e8f46071d1695b,blinded-annotation-v2-shortrefs
C010,K010,0,labeled,0,labeled,0,labeled,True,False,PROVISIONAL_LLM_GOLD,Sleep consistently ~7.8h; no cognitive or performance symptom data.,Requires repeatedly shortened sleep and symptoms to claim actual cognitive impairment.,Sleep is adequate and no symptoms reported; conditions not met.,qwen3.8-max,8a3cf7a4df100953ba15e94ee13b3ae80277768b6ed93a0c13e8f46071d1695b,blinded-annotation-v2-shortrefs
C010,K011,0,labeled,0,labeled,0,labeled,True,False,PROVISIONAL_LLM_GOLD,Sleep duration consistently 462-478 min (~7.7-8.0h); no performance or symptom data.,Requires several nights of reduced sleep duration and actual performance/symptoms to claim impairment.,No repeated sleep restriction observed; durations are consistently near 7.8 hours.,qwen3.8-max,8a3cf7a4df100953ba15e94ee13b3ae80277768b6ed93a0c13e8f46071d1695b,blinded-annotation-v2-shortrefs
C010,K012,0,labeled,0,labeled,0,labeled,True,False,PROVISIONAL_LLM_GOLD,Sleep duration mean ~7.8h; no infection or immune data.,Requires ongoing insufficient sleep; non-applicable for inferring infection from sleep/HR changes.,Sleep is adequate; no deficiency to link to immune function.,qwen3.8-max,8a3cf7a4df100953ba15e94ee13b3ae80277768b6ed93a0c13e8f46071d1695b,blinded-annotation-v2-shortrefs
C010,K013,0,labeled,0,labeled,0,labeled,True,False,PROVISIONAL_LLM_GOLD,Sleep duration consistently ~7.8h; no food intake or appetite data.,Requires repeated insufficient sleep and food intake/appetite information for individual claims.,Sleep is sufficient and appetite data absent; conditions not met.,qwen3.8-max,8a3cf7a4df100953ba15e94ee13b3ae80277768b6ed93a0c13e8f46071d1695b,blinded-annotation-v2-shortrefs
C010,K014,0,labeled,0,labeled,0,labeled,True,False,PROVISIONAL_LLM_GOLD,No sleepiness reports or driving context in observations.,Requires sleepiness and driving plans.,Neither sleepiness nor driving context available; safety advice not applicable.,qwen3.8-max,8a3cf7a4df100953ba15e94ee13b3ae80277768b6ed93a0c13e8f46071d1695b,blinded-annotation-v2-shortrefs
C010,K015,1,labeled,1,labeled,1,labeled,True,False,PROVISIONAL_LLM_GOLD,"Sleep duration mean 470.8 min (~7.85h) baseline, 469.1 min (~7.82h) window; range 462-478 min.",Adults average 7-9 hours; duration should be considered alongside individual experience.,Contextualizes observed ~7.8h sleep within normal individual variation for adults. Supported contextual connection.,qwen3.8-max,8a3cf7a4df100953ba15e94ee13b3ae80277768b6ed93a0c13e8f46071d1695b,blinded-annotation-v2-shortrefs
C010,K016,0,labeled,0,labeled,0,labeled,True,False,PROVISIONAL_LLM_GOLD,14-day window only; no reported sleeping difficulties or months-long history.,Requires months-long sleeping difficulties or failed habit changes with daily-life impact.,No insomnia symptoms reported and observation window too short for these criteria.,qwen3.8-max,8a3cf7a4df100953ba15e94ee13b3ae80277768b6ed93a0c13e8f46071d1695b,blinded-annotation-v2-shortrefs
C010,K017,1,labeled,1,labeled,1,labeled,True,False,PROVISIONAL_LLM_GOLD,Sleep end time exactly 07:00:00 daily (variance 0.0); sleep start variance small (14.78-39.36 min^2).,Recommends consistent bed/wake times; non-applicable when schedule is already stable.,Data shows highly consistent schedule; item explains why this stability is appropriate. Supported contextual connection.,qwen3.8-max,8a3cf7a4df100953ba15e94ee13b3ae80277768b6ed93a0c13e8f46071d1695b,blinded-annotation-v2-shortrefs
C010,K018,0,labeled,0,labeled,0,labeled,True,False,PROVISIONAL_LLM_GOLD,Sleep end time is exactly 07:00:00 every single day (variance 0.0); no sleeping difficulties reported.,Requires inconsistent wake time with reported sleeping difficulties.,Wake time is perfectly consistent and no insomnia symptoms are reported.,qwen3.8-max,8a3cf7a4df100953ba15e94ee13b3ae80277768b6ed93a0c13e8f46071d1695b,blinded-annotation-v2-shortrefs
C010,K019,1,labeled,1,labeled,1,labeled,True,False,PROVISIONAL_LLM_GOLD,"Sleep start variance: baseline weekday 15.39, weekend 39.36; window weekday 8.81, weekend 28.5. Sleep end variance 0.0 throughout.",Advises keeping weeknight/weekend differences around an hour or less.,"Data shows weekday/weekend sleep schedules are nearly identical (wake time constant at 07:00, start times within ~16 min). Confirms this guidance is already met. Supported contextual connection.",qwen3.8-max,8a3cf7a4df100953ba15e94ee13b3ae80277768b6ed93a0c13e8f46071d1695b,blinded-annotation-v2-shortrefs
C010,K020,0,labeled,0,labeled,0,labeled,True,False,PROVISIONAL_LLM_GOLD,"Sleep start times recorded (e.g., 22:48-22:57) but no pre-bed activity information.",Requires information about pre-bed activities; non-applicable for assuming missing routine from timestamps.,Timestamps show bedtime but do not reveal what occurred during the quiet period before bed.,qwen3.8-max,8a3cf7a4df100953ba15e94ee13b3ae80277768b6ed93a0c13e8f46071d1695b,blinded-annotation-v2-shortrefs
C010,K021,0,labeled,0,labeled,0,labeled,True,False,PROVISIONAL_LLM_GOLD,No screen or light exposure data in observations.,Requires known bright-screen exposure shortly before bed.,Exposure unknown; cannot attribute sleep patterns to screens.,qwen3.8-max,8a3cf7a4df100953ba15e94ee13b3ae80277768b6ed93a0c13e8f46071d1695b,blinded-annotation-v2-shortrefs
C010,K022,0,labeled,0,labeled,0,labeled,True,False,PROVISIONAL_LLM_GOLD,No caffeine timing or intake data in observations.,Requires caffeine timing and intake information.,Caffeine history unknown; condition not met.,qwen3.8-max,8a3cf7a4df100953ba15e94ee13b3ae80277768b6ed93a0c13e8f46071d1695b,blinded-annotation-v2-shortrefs
C010,K023,0,labeled,0,labeled,0,labeled,True,False,PROVISIONAL_LLM_GOLD,No meal timing or size data in observations.,Requires meal timing and size information.,Meal information completely unknown; condition not met.,qwen3.8-max,8a3cf7a4df100953ba15e94ee13b3ae80277768b6ed93a0c13e8f46071d1695b,blinded-annotation-v2-shortrefs
C010,K024,0,labeled,0,labeled,0,labeled,True,False,PROVISIONAL_LLM_GOLD,No alcohol intake data in observations.,Requires alcohol intake and timing information.,Alcohol exposure unknown; cannot apply pre-bed alcohol advice.,qwen3.8-max,8a3cf7a4df100953ba15e94ee13b3ae80277768b6ed93a0c13e8f46071d1695b,blinded-annotation-v2-shortrefs
C010,K025,0,labeled,0,labeled,0,labeled,True,False,PROVISIONAL_LLM_GOLD,No nicotine use data in observations.,Requires nicotine exposure to link to sleep pattern changes.,Nicotine use is unknown; condition cannot be verified.,qwen3.8-max,8a3cf7a4df100953ba15e94ee13b3ae80277768b6ed93a0c13e8f46071d1695b,blinded-annotation-v2-shortrefs
C010,K026,0,labeled,0,labeled,0,labeled,True,False,PROVISIONAL_LLM_GOLD,"No bedroom environment data (light, noise, temperature) in observations.",Requires known disruptive bedroom environment.,Environment unknown; cannot assess bedroom conditions from wearable.,qwen3.8-max,8a3cf7a4df100953ba15e94ee13b3ae80277768b6ed93a0c13e8f46071d1695b,blinded-annotation-v2-shortrefs
C010,K027,0,labeled,0,labeled,0,labeled,True,False,PROVISIONAL_LLM_GOLD,No pre-bed routine or relaxation data in observations.,Requires reported difficulty relaxing or request for routine options.,Generic advice with no connection to observed data patterns.,qwen3.8-max,8a3cf7a4df100953ba15e94ee13b3ae80277768b6ed93a0c13e8f46071d1695b,blinded-annotation-v2-shortrefs
C010,K028,0,labeled,0,labeled,0,labeled,True,False,PROVISIONAL_LLM_GOLD,No nap data recorded in observations.,Requires nap duration or nap history.,Nap history unknown; cannot apply nap duration or timing advice.,qwen3.8-max,8a3cf7a4df100953ba15e94ee13b3ae80277768b6ed93a0c13e8f46071d1695b,blinded-annotation-v2-shortrefs
C010,K029,0,labeled,0,labeled,0,labeled,True,False,PROVISIONAL_LLM_GOLD,"Sleep timing highly consistent (sleep_end variance 0.0, sleep_start variance small); no shift work data.",Requires confirmed shift-work schedule.,Shift work unknown; stable sleep timing does not suggest rotating shifts.,qwen3.8-max,8a3cf7a4df100953ba15e94ee13b3ae80277768b6ed93a0c13e8f46071d1695b,blinded-annotation-v2-shortrefs
C010,K030,0,labeled,0,labeled,0,labeled,True,False,PROVISIONAL_LLM_GOLD,No shift work data in observations.,Requires confirmed shift work and work lighting context.,Shift work unknown; item not applicable.,qwen3.8-max,8a3cf7a4df100953ba15e94ee13b3ae80277768b6ed93a0c13e8f46071d1695b,blinded-annotation-v2-shortrefs
C010,K031,0,labeled,0,labeled,0,labeled,True,False,PROVISIONAL_LLM_GOLD,No shift work or caffeine data in observations.,Requires shift schedule and caffeine intake.,Shift work and caffeine use both unknown.,qwen3.8-max,8a3cf7a4df100953ba15e94ee13b3ae80277768b6ed93a0c13e8f46071d1695b,blinded-annotation-v2-shortrefs
C010,K032,0,labeled,0,labeled,0,labeled,True,False,PROVISIONAL_LLM_GOLD,"All sleep periods are overnight (start ~22:42-22:58, end 07:00); no shift work indicated.",Requires daytime sleep associated with shift work.,Only ordinary overnight sleep observed; shift work context absent.,qwen3.8-max,8a3cf7a4df100953ba15e94ee13b3ae80277768b6ed93a0c13e8f46071d1695b,blinded-annotation-v2-shortrefs
C010,K033,0,labeled,0,labeled,0,labeled,True,False,PROVISIONAL_LLM_GOLD,"Sleep pattern is highly stable: sleep_end variance 0.0, sleep_duration variance 14.78 in window.",Requires a changed or variable sleep pattern needing review.,No variable sleep pattern needing diary review; data is stable.,qwen3.8-max,8a3cf7a4df100953ba15e94ee13b3ae80277768b6ed93a0c13e8f46071d1695b,blinded-annotation-v2-shortrefs
C010,K034,0,labeled,0,labeled,0,labeled,True,False,PROVISIONAL_LLM_GOLD,"Sleep duration consistently 462-478 min (~7.7-8.0h), above 7h recommendation.",Requires several shortened nights rather than a single isolated reading.,No repeated sleep loss observed; durations consistently near recommended amounts.,qwen3.8-max,8a3cf7a4df100953ba15e94ee13b3ae80277768b6ed93a0c13e8f46071d1695b,blinded-annotation-v2-shortrefs
C010,K035,0,labeled,0,labeled,0,labeled,True,False,PROVISIONAL_LLM_GOLD,Weekend sleep mean 470.0 min vs weekday 468.7 min in window; baseline weekend 470.125 vs weekday 471.1.,Requires longer sleep and later timing on days off; actual workdays unknown.,No substantial weekend sleep increase observed; workday context unknown. Conditions not met.,qwen3.8-max,8a3cf7a4df100953ba15e94ee13b3ae80277768b6ed93a0c13e8f46071d1695b,blinded-annotation-v2-shortrefs
C010,K036,0,labeled,0,labeled,0,labeled,True,False,PROVISIONAL_LLM_GOLD,No nap data in observations.,Requires recorded naps after shortened night-time sleep.,Nap data absent; condition not met.,qwen3.8-max,8a3cf7a4df100953ba15e94ee13b3ae80277768b6ed93a0c13e8f46071d1695b,blinded-annotation-v2-shortrefs
C010,K037,0,labeled,0,labeled,0,labeled,True,False,PROVISIONAL_LLM_GOLD,No bad nights or insomnia symptoms; sleep duration stable 462-478 min.,Requires recent bad night and reported sleeping difficulties.,No bad nights or insomnia; stable schedule does not trigger this advice.,qwen3.8-max,8a3cf7a4df100953ba15e94ee13b3ae80277768b6ed93a0c13e8f46071d1695b,blinded-annotation-v2-shortrefs
C010,K038,0,labeled,0,labeled,0,labeled,True,False,PROVISIONAL_LLM_GOLD,Observation window is 14 days (2026-03-30 to 2026-04-12); no symptom history recorded.,Requires symptom history and onset; non-applicable for diagnosing insomnia from estimated sleep hours.,Cannot diagnose or categorize insomnia from 14 days of duration estimates alone.,qwen3.8-max,8a3cf7a4df100953ba15e94ee13b3ae80277768b6ed93a0c13e8f46071d1695b,blinded-annotation-v2-shortrefs
C010,K039,0,labeled,0,labeled,0,labeled,True,False,PROVISIONAL_LLM_GOLD,No travel history; timezone Asia/Shanghai constant; sleep timing stable.,"Requires confirmed travel, destination time zone, and trip duration.",Travel context unknown; sleep timing stable suggests no jet lag scenario.,qwen3.8-max,8a3cf7a4df100953ba15e94ee13b3ae80277768b6ed93a0c13e8f46071d1695b,blinded-annotation-v2-shortrefs
C010,K040,0,labeled,0,labeled,0,labeled,True,False,PROVISIONAL_LLM_GOLD,No travel data in observations.,Requires trip duration and time-zone change.,Travel context unknown; item not applicable.,qwen3.8-max,8a3cf7a4df100953ba15e94ee13b3ae80277768b6ed93a0c13e8f46071d1695b,blinded-annotation-v2-shortrefs
C010,K041,0,labeled,0,labeled,0,labeled,True,False,PROVISIONAL_LLM_GOLD,Steps increased substantially; activity duration stable. All intensity 'unknown'.,Requires intensity information to count recommended aerobic minutes; non-applicable for equating steps with guideline compliance.,Cannot equate steps directly with guideline compliance without intensity. Movement was not declining.,qwen3.8-max,8a3cf7a4df100953ba15e94ee13b3ae80277768b6ed93a0c13e8f46071d1695b,blinded-annotation-v2-shortrefs
C010,K042,0,labeled,0,labeled,0,labeled,True,False,PROVISIONAL_LLM_GOLD,Baseline activity_duration_minutes mean 56.2; window mean 55.3. Steps increased sharply.,Requires recently low or reduced physical activity.,Activity was already present in baseline and steps increased sharply; not a gradual build from inactivity.,qwen3.8-max,8a3cf7a4df100953ba15e94ee13b3ae80277768b6ed93a0c13e8f46071d1695b,blinded-annotation-v2-shortrefs
C010,K043,0,labeled,0,labeled,0,labeled,True,False,PROVISIONAL_LLM_GOLD,"All activity intervals have intensity 'unknown'; activity_duration_minutes mean 55.3 in window, 56.2 in baseline.",Requires known moderate-intensity aerobic minutes; non-applicable when only steps or unspecified active minutes available.,Unknown activity intensity is not moderate exercise. Cannot apply the 150-minute target.,qwen3.8-max,8a3cf7a4df100953ba15e94ee13b3ae80277768b6ed93a0c13e8f46071d1695b,blinded-annotation-v2-shortrefs
C010,K044,0,labeled,0,labeled,0,labeled,True,False,PROVISIONAL_LLM_GOLD,All activity intensity 'unknown'.,Requires known vigorous intensity; non-applicable when intensity unknown.,Intensity unknown prevents applying vigorous activity targets.,qwen3.8-max,8a3cf7a4df100953ba15e94ee13b3ae80277768b6ed93a0c13e8f46071d1695b,blinded-annotation-v2-shortrefs
C010,K045,0,labeled,0,labeled,0,labeled,True,False,PROVISIONAL_LLM_GOLD,All activity intensity 'unknown'; no long-session barrier shown.,Requires intensity for counting guideline minutes; non-applicable for assuming every active minute is moderate.,Cannot apply splitting advice when intensity is unknown and no long-session barrier shown.,qwen3.8-max,8a3cf7a4df100953ba15e94ee13b3ae80277768b6ed93a0c13e8f46071d1695b,blinded-annotation-v2-shortrefs
C010,K046,0,labeled,0,labeled,0,labeled,True,False,PROVISIONAL_LLM_GOLD,"Only steps, activity_duration_minutes, and low_movement_minutes available; no strengthening records.",Requires strengthening activity records including days and muscle groups; non-applicable with only step/movement counts.,Only step/movement counts available; cannot assess strengthening compliance.,qwen3.8-max,8a3cf7a4df100953ba15e94ee13b3ae80277768b6ed93a0c13e8f46071d1695b,blinded-annotation-v2-shortrefs
C010,K047,0,labeled,0,labeled,0,labeled,True,False,PROVISIONAL_LLM_GOLD,All activity intensity 'unknown'; cannot verify guideline attainment.,Requires documented aerobic activity reaching guideline with known intensity.,Unknown intensity prevents assessing whether additional benefits apply.,qwen3.8-max,8a3cf7a4df100953ba15e94ee13b3ae80277768b6ed93a0c13e8f46071d1695b,blinded-annotation-v2-shortrefs
C010,K048,0,labeled,0,labeled,1,labeled,False,False,PROVISIONAL_LLM_GOLD,All activity intensity 'unknown'; steps increased from 2818 to 7927 mean. No fitness level data.,Requires fitness or perceived effort; non-applicable for inferring intensity from steps alone.,Cannot infer intensity from steps or activity duration alone. Unknown activity intensity is not moderate exercise per rules.,qwen3.8-max,8a3cf7a4df100953ba15e94ee13b3ae80277768b6ed93a0c13e8f46071d1695b,blinded-annotation-v2-shortrefs
C010,K049,0,labeled,0,labeled,0,labeled,True,False,PROVISIONAL_LLM_GOLD,All activity intervals have intensity 'unknown'; no breathing or talk-test observations.,Requires an aerobic activity and breathing or talk-test observation.,Effort unrecorded; cannot classify intensity using talk test criteria.,qwen3.8-max,8a3cf7a4df100953ba15e94ee13b3ae80277768b6ed93a0c13e8f46071d1695b,blinded-annotation-v2-shortrefs
C010,K050,2,labeled,2,labeled,2,labeled,True,False,PROVISIONAL_LLM_GOLD,Steps mean 2817.7 baseline vs 7926.9 window; activity_duration_minutes 56.2 vs 55.3. All activity intensity 'unknown'.,Steps may not reflect intensity during activities like spinning or yoga; lower steps don't establish all activity decreased.,Core explanation for step-duration dissociation: steps miss non-step exercise intensity differences. Directly explains why steps changed dramatically without activity duration changing.,qwen3.8-max,8a3cf7a4df100953ba15e94ee13b3ae80277768b6ed93a0c13e8f46071d1695b,blinded-annotation-v2-shortrefs
C010,K051,0,labeled,0,labeled,0,labeled,True,False,PROVISIONAL_LLM_GOLD,Steps increased from mean 2818 to 7927; activity duration stable ~55-56 min. No decline observed.,Requires low or declining routine movement.,Movement was stable in baseline then increased; no decline to address.,qwen3.8-max,8a3cf7a4df100953ba15e94ee13b3ae80277768b6ed93a0c13e8f46071d1695b,blinded-annotation-v2-shortrefs
C010,K052,0,labeled,0,labeled,0,labeled,True,False,PROVISIONAL_LLM_GOLD,No personal preferences or availability data recorded.,Requires personal preferences and availability for choosing individualized options.,Preferences unknown; generic planning advice without specific data connection.,qwen3.8-max,8a3cf7a4df100953ba15e94ee13b3ae80277768b6ed93a0c13e8f46071d1695b,blinded-annotation-v2-shortrefs
C010,K053,0,labeled,0,labeled,0,labeled,True,False,PROVISIONAL_LLM_GOLD,No evidence of motivational or social barrier in data; steps increased from ~2818 to ~7927 mean.,Requires social preferences or reported motivational barrier.,No evidence of a motivational or social barrier to activity.,qwen3.8-max,8a3cf7a4df100953ba15e94ee13b3ae80277768b6ed93a0c13e8f46071d1695b,blinded-annotation-v2-shortrefs
C010,K054,0,labeled,0,labeled,0,labeled,True,False,PROVISIONAL_LLM_GOLD,Steps mean 7927 in window; no reported time barrier.,Requires low activity with a reported time barrier.,No time barrier reported; activity was maintained throughout.,qwen3.8-max,8a3cf7a4df100953ba15e94ee13b3ae80277768b6ed93a0c13e8f46071d1695b,blinded-annotation-v2-shortrefs
C010,K055,0,labeled,0,labeled,0,labeled,True,False,PROVISIONAL_LLM_GOLD,No schedule constraints or competing demands data; steps actually increased in window.,Requires reported competing demands reducing activity.,Schedule constraints unknown; activity was maintained without apparent barriers.,qwen3.8-max,8a3cf7a4df100953ba15e94ee13b3ae80277768b6ed93a0c13e8f46071d1695b,blinded-annotation-v2-shortrefs
C010,K056,0,labeled,0,labeled,0,labeled,True,False,PROVISIONAL_LLM_GOLD,"No chronic condition, disability, or special health need data.",Requires relevant health condition and activity safety history.,Medical context unknown; cannot modify activity planning based on conditions.,qwen3.8-max,8a3cf7a4df100953ba15e94ee13b3ae80277768b6ed93a0c13e8f46071d1695b,blinded-annotation-v2-shortrefs
C010,K057,0,labeled,0,labeled,1,labeled,False,False,PROVISIONAL_LLM_GOLD,"Low movement intervals are ~45 min blocks separated by 5-min gaps (e.g., 10:00-10:45, 10:50-11:35). Metadata: 'low movement not posture'.",Requires long uninterrupted daytime low-movement intervals; non-applicable for low movement due to non-wear or sleep. Device low movement is not confirmed sitting per rules.,"Intervals are broken into ~45 min blocks, not truly prolonged uninterrupted periods. Low movement is not confirmed sitting per adjudication rules.",qwen3.8-max,8a3cf7a4df100953ba15e94ee13b3ae80277768b6ed93a0c13e8f46071d1695b,blinded-annotation-v2-shortrefs
C010,K058,0,labeled,0,labeled,1,labeled,False,False,PROVISIONAL_LLM_GOLD,Activity duration ~55-56 min daily coexists with ~447-451 low movement minutes daily. Intensity unknown. Posture unconfirmed.,Requires sitting posture and known activity intensity for guideline claims; non-applicable for assuming low-movement estimates prove sitting.,"Cannot confirm sitting or intensity from device low-movement data alone. Per rules, device low movement is not confirmed sitting.",qwen3.8-max,8a3cf7a4df100953ba15e94ee13b3ae80277768b6ed93a0c13e8f46071d1695b,blinded-annotation-v2-shortrefs
C010,K059,0,labeled,0,labeled,1,labeled,False,False,PROVISIONAL_LLM_GOLD,"Low movement minutes mean 450.7 baseline, 446.7 window; low_movement_intervals show ~45-min blocks separated by 5-min gaps.",Requires confirmed sitting for sedentary-time conclusion; non-applicable if non-wear recorded as no movement.,Device low movement is not confirmed sitting per adjudication rules. Cannot confirm sitting from low-movement data alone.,qwen3.8-max,8a3cf7a4df100953ba15e94ee13b3ae80277768b6ed93a0c13e8f46071d1695b,blinded-annotation-v2-shortrefs
C010,K060,0,labeled,0,labeled,0,labeled,True,False,PROVISIONAL_LLM_GOLD,No commute or transport data in observations.,"Requires transport, mobility, and safety context.",Commute unknown; cannot apply standing/walking transit suggestions.,qwen3.8-max,8a3cf7a4df100953ba15e94ee13b3ae80277768b6ed93a0c13e8f46071d1695b,blinded-annotation-v2-shortrefs
C010,K061,0,labeled,0,labeled,0,labeled,True,False,PROVISIONAL_LLM_GOLD,No workplace layout or colleague interaction data.,Requires workplace layout and ability to walk.,Work context unknown; cannot apply colleague-walking suggestion.,qwen3.8-max,8a3cf7a4df100953ba15e94ee13b3ae80277768b6ed93a0c13e8f46071d1695b,blinded-annotation-v2-shortrefs
C010,K062,0,labeled,0,labeled,0,labeled,True,False,PROVISIONAL_LLM_GOLD,No workplace or meeting information in raw data.,Requires meetings or desk work involving prolonged sitting; workplace context needed.,Workplace context unknown; conditions not met.,qwen3.8-max,8a3cf7a4df100953ba15e94ee13b3ae80277768b6ed93a0c13e8f46071d1695b,blinded-annotation-v2-shortrefs
C010,K063,0,labeled,0,labeled,0,labeled,True,False,PROVISIONAL_LLM_GOLD,No screen habits or television viewing data in observations.,Requires television-viewing context; non-applicable when screen habits unknown.,Screen habits unknown; low movement does not confirm TV watching.,qwen3.8-max,8a3cf7a4df100953ba15e94ee13b3ae80277768b6ed93a0c13e8f46071d1695b,blinded-annotation-v2-shortrefs
C010,K064,0,labeled,0,labeled,0,labeled,True,False,PROVISIONAL_LLM_GOLD,No leisure context or seated leisure data in observations.,Requires substantial habitual seated leisure context.,Leisure context unknown; cannot apply seated leisure replacement advice.,qwen3.8-max,8a3cf7a4df100953ba15e94ee13b3ae80277768b6ed93a0c13e8f46071d1695b,blinded-annotation-v2-shortrefs
C010,K065,1,labeled,1,labeled,1,labeled,True,False,PROVISIONAL_LLM_GOLD,Steps increased dramatically (mean 2818 to 7927) while activity_duration_minutes remained stable (56.2 to 55.3).,Everyday movement can be considered separately from planned exercise sessions.,"Supports distinguishing formal activity minutes from total daily movement like steps, relevant to the step-duration dissociation observed.",qwen3.8-max,8a3cf7a4df100953ba15e94ee13b3ae80277768b6ed93a0c13e8f46071d1695b,blinded-annotation-v2-shortrefs
C010,K066,0,labeled,0,labeled,0,labeled,True,False,PROVISIONAL_LLM_GOLD,No workday lunch-break context in observations.,Requires workday lunch-break access and mobility.,Work context unknown; cannot apply lunch-break walking suggestion.,qwen3.8-max,8a3cf7a4df100953ba15e94ee13b3ae80277768b6ed93a0c13e8f46071d1695b,blinded-annotation-v2-shortrefs
C010,K067,0,labeled,0,labeled,0,labeled,True,False,PROVISIONAL_LLM_GOLD,No stair access or mobility context in data.,Requires stair access and safe mobility.,Context unknown; generic suggestion with no data connection.,qwen3.8-max,8a3cf7a4df100953ba15e94ee13b3ae80277768b6ed93a0c13e8f46071d1695b,blinded-annotation-v2-shortrefs
C010,K068,1,labeled,1,labeled,1,labeled,True,False,PROVISIONAL_LLM_GOLD,Low movement intervals present daily (~450 min) without posture measurement; metadata states 'low movement not posture'.,Low-movement estimate should not be relabelled as confirmed sitting; requires posture and waking context.,Directly warns against relabeling observed low movement as confirmed sitting behavior. Supported contextual connection given abundant low-movement intervals.,qwen3.8-max,8a3cf7a4df100953ba15e94ee13b3ae80277768b6ed93a0c13e8f46071d1695b,blinded-annotation-v2-shortrefs
C010,K069,0,labeled,0,labeled,1,labeled,False,False,PROVISIONAL_LLM_GOLD,Steps increased in window; sleep duration remained stable (mean diff -1.75 min). Pearson r between activity and next-day sleep is -0.095 in window.,General benefit statement; non-applicable for declaring causal effect from paired observations.,General benefit statement; cannot establish that activity caused sleep changes here. Temporal co-occurrence does not imply causation per rules.,qwen3.8-max,8a3cf7a4df100953ba15e94ee13b3ae80277768b6ed93a0c13e8f46071d1695b,blinded-annotation-v2-shortrefs
C010,K070,0,labeled,0,labeled,0,labeled,True,False,PROVISIONAL_LLM_GOLD,Activity duration stable ~55-56 min; sleep timing stable. No outdoor exposure data.,Non-applicable for inferring outdoor exposure from movement counts.,Activity was not low and sleep routine did not change meaningfully; general advice without specific connection.,qwen3.8-max,8a3cf7a4df100953ba15e94ee13b3ae80277768b6ed93a0c13e8f46071d1695b,blinded-annotation-v2-shortrefs
C010,K071,0,labeled,0,labeled,1,labeled,False,False,PROVISIONAL_LLM_GOLD,Activity intervals occur 21:00-~22:00 daily; sleep starts ~22:42-22:58. All intensity 'unknown'.,Requires known intensity and actual timing relative to bedtime; non-applicable for assuming every late movement is intense.,"Intensity unknown; cannot assume late movement is intense exercise. Per rules, unknown activity intensity is not moderate exercise.",qwen3.8-max,8a3cf7a4df100953ba15e94ee13b3ae80277768b6ed93a0c13e8f46071d1695b,blinded-annotation-v2-shortrefs
C010,K072,0,labeled,0,labeled,0,labeled,True,False,PROVISIONAL_LLM_GOLD,"No insomnia symptoms reported; activity intensity 'unknown'; activity occurs ~21:00-22:00, sleep starts ~22:42-22:58.",Requires exercise near bedtime with reported insomnia symptoms; non-applicable with only movement and sleep timestamps.,No insomnia reported and intensity unknown; targeted advice not applicable.,qwen3.8-max,8a3cf7a4df100953ba15e94ee13b3ae80277768b6ed93a0c13e8f46071d1695b,blinded-annotation-v2-shortrefs
C010,K073,1,labeled,1,labeled,1,labeled,True,False,PROVISIONAL_LLM_GOLD,Activity intervals recorded 21:00-~22:00; sleep_start_at ~22:42-22:58 on same calendar dates.,Recording both exercise and sleep timing helps preserve temporal context when reviewing sleep changes.,Supports comparing recorded evening activity timing with subsequent sleep onset. Relevant for correctly aligning the temporal relationship in the data.,qwen3.8-max,8a3cf7a4df100953ba15e94ee13b3ae80277768b6ed93a0c13e8f46071d1695b,blinded-annotation-v2-shortrefs
C010,K074,0,labeled,0,labeled,0,labeled,True,False,PROVISIONAL_LLM_GOLD,No emergency-response deployment context in data.,Requires confirmed emergency-response deployment context.,Deployment context unknown; population-specific item not applicable.,qwen3.8-max,8a3cf7a4df100953ba15e94ee13b3ae80277768b6ed93a0c13e8f46071d1695b,blinded-annotation-v2-shortrefs
C010,K075,0,labeled,0,labeled,0,labeled,True,False,PROVISIONAL_LLM_GOLD,No tiredness or subjective energy data in observations.,Requires subjective energy pattern and availability.,Tiredness unknown; cannot match activity scheduling to energy levels.,qwen3.8-max,8a3cf7a4df100953ba15e94ee13b3ae80277768b6ed93a0c13e8f46071d1695b,blinded-annotation-v2-shortrefs
C010,K076,0,labeled,0,labeled,0,labeled,True,False,PROVISIONAL_LLM_GOLD,"No substance, alcohol, caffeine, or medication data in observations.",Requires substance and medication history for causal interpretation.,Exposures unknown; cannot contextualize temporal relationships with substances.,qwen3.8-max,8a3cf7a4df100953ba15e94ee13b3ae80277768b6ed93a0c13e8f46071d1695b,blinded-annotation-v2-shortrefs
C010,K077,2,labeled,2,labeled,1,labeled,False,False,PROVISIONAL_LLM_GOLD,"resting_heart_rate_bpm recorded daily (range 55-57 bpm, mean 56.2 baseline, 55.9 window).",Resting heart rate is beats per minute while still and well rested; different from instantaneous exercise HR.,Directly defines how the observed RHR metric should be interpreted in its collection context. Core methodological grounding for the available RHR data.,qwen3.8-max,8a3cf7a4df100953ba15e94ee13b3ae80277768b6ed93a0c13e8f46071d1695b,blinded-annotation-v2-shortrefs
C010,K078,1,labeled,1,labeled,1,labeled,True,False,PROVISIONAL_LLM_GOLD,"resting_heart_rate_bpm recorded daily (mean 56.2 baseline, 55.9 window); no sleeping heart rate metric present.",Sleeping heart rate differs from daily resting estimate; trends should compare same measure.,Clarifies distinction between available RHR metric and unmeasured sleeping heart rate. Supported contextual connection.,qwen3.8-max,8a3cf7a4df100953ba15e94ee13b3ae80277768b6ed93a0c13e8f46071d1695b,blinded-annotation-v2-shortrefs
C010,K079,1,labeled,1,labeled,1,labeled,True,False,PROVISIONAL_LLM_GOLD,"RHR mean 56.2 baseline, 55.9 window; variance <0.7 in both periods. Range 55-57 bpm throughout.",A rise has several possible explanations; non-applicable for inferring stress/infection/medication from rise alone.,"RHR is stable; item provides context that even if changes occurred, multiple factors could explain them. Supported contextual connection.",qwen3.8-max,8a3cf7a4df100953ba15e94ee13b3ae80277768b6ed93a0c13e8f46071d1695b,blinded-annotation-v2-shortrefs
C010,K080,1,labeled,1,labeled,1,labeled,True,False,PROVISIONAL_LLM_GOLD,"Both hrv_rmssd_ms (mean 44.9 baseline, 45.0 window) and resting_heart_rate_bpm (mean 56.2, 55.9) co-reported.","HRV is variation between beats, not average heart rate, even when reported for same sleep period.",Directly relevant since both metrics are co-reported; clarifies they measure different things. Supported contextual connection.,qwen3.8-max,8a3cf7a4df100953ba15e94ee13b3ae80277768b6ed93a0c13e8f46071d1695b,blinded-annotation-v2-shortrefs
C010,K081,1,labeled,1,labeled,1,labeled,True,False,PROVISIONAL_LLM_GOLD,"HRV RMSSD mean 44.9 baseline, 45.0 window; variance 1.60 and 1.86 respectively. Stable across 42 days.","HRV differs between people; influenced by age, sleep, circadian rhythm, lifestyle. Non-applicable for universal diagnosis.","Provides context that stable HRV values should be interpreted against personal range, which data shows. Supported contextual connection.",qwen3.8-max,8a3cf7a4df100953ba15e94ee13b3ae80277768b6ed93a0c13e8f46071d1695b,blinded-annotation-v2-shortrefs
C010,K082,2,labeled,2,labeled,2,labeled,True,False,PROVISIONAL_LLM_GOLD,"28-day baseline provides personal ranges (e.g., steps mean 2817.7, sleep mean 470.8); 14-day window shows step mean 7926.9.",Personal range uses up to 30 days of recent data to monitor trends.,Data directly provides multi-week personal baselines enabling trend comparison as described. Core explanation for interpreting the step change against personal history.,qwen3.8-max,8a3cf7a4df100953ba15e94ee13b3ae80277768b6ed93a0c13e8f46071d1695b,blinded-annotation-v2-shortrefs
C010,K083,1,labeled,1,labeled,1,labeled,True,False,PROVISIONAL_LLM_GOLD,RHR recorded over 42 consecutive days (28 baseline + 14 window) with mean 56.2 and 55.9 respectively.,Reviewing repeated readings preserves trend context that a single daily estimate cannot provide.,Supports interpreting the multi-week RHR series as a trend rather than isolated readings. Supported contextual connection.,qwen3.8-max,8a3cf7a4df100953ba15e94ee13b3ae80277768b6ed93a0c13e8f46071d1695b,blinded-annotation-v2-shortrefs
C010,K084,1,labeled,1,labeled,1,labeled,True,False,PROVISIONAL_LLM_GOLD,HRV RMSSD stable (mean 44.9-45.0 ms) and RHR stable (55-57 bpm) across 42 days.,"HRV provides wellness information; non-applicable for diagnosing stress, anxiety, infection, or disease from HRV.","Directly establishes that observed stable HRV/RHR are wellness data, not diagnostic indicators. Supported contextual connection.",qwen3.8-max,8a3cf7a4df100953ba15e94ee13b3ae80277768b6ed93a0c13e8f46071d1695b,blinded-annotation-v2-shortrefs
C010,K085,2,labeled,2,labeled,2,labeled,True,False,PROVISIONAL_LLM_GOLD,Metric key is hrv_rmssd_ms; metadata states 'night RMSSD'.,Fitbit HRV uses RMSSD formula; comparisons should preserve metric definition.,Directly confirms the specific HRV metric definition (RMSSD) used in the raw data observations.,qwen3.8-max,8a3cf7a4df100953ba15e94ee13b3ae80277768b6ed93a0c13e8f46071d1695b,blinded-annotation-v2-shortrefs
C010,K086,1,labeled,1,labeled,1,labeled,True,False,PROVISIONAL_LLM_GOLD,"All nightly sleep durations range 462-478 min (>3h); hrv_rmssd_ms present every night with valid_count=28 baseline, 14 window.",Fitbit HRV from longest sleep period >3 hours; device-specific collection guidance.,Confirms all sleep periods exceed the 3-hour minimum for valid overnight HRV collection per Fitbit rules. Supported contextual connection.,qwen3.8-max,8a3cf7a4df100953ba15e94ee13b3ae80277768b6ed93a0c13e8f46071d1695b,blinded-annotation-v2-shortrefs
C010,K087,0,labeled,0,labeled,0,labeled,True,False,PROVISIONAL_LLM_GOLD,No sleep-stage data in observations; only duration and timing metrics.,Requires sleep-stage measurements; non-applicable when only duration and timing available.,Sleep stage data absent; item conditions explicitly not met.,qwen3.8-max,8a3cf7a4df100953ba15e94ee13b3ae80277768b6ed93a0c13e8f46071d1695b,blinded-annotation-v2-shortrefs
C010,K088,0,labeled,0,labeled,0,labeled,True,False,PROVISIONAL_LLM_GOLD,No health concerns or symptoms reported in data.,Requires reported health concerns or symptoms.,No concerns reported; general disclaimer without specific data connection.,qwen3.8-max,8a3cf7a4df100953ba15e94ee13b3ae80277768b6ed93a0c13e8f46071d1695b,blinded-annotation-v2-shortrefs
C010,K089,0,labeled,0,labeled,0,labeled,True,False,PROVISIONAL_LLM_GOLD,"RHR variance is minimal (0.53 baseline, 0.69 window); no wear quality change indicators.",Requires device placement and contact information suggesting fit problems.,No evidence of sensor fit problems or unreliable readings in the data.,qwen3.8-max,8a3cf7a4df100953ba15e94ee13b3ae80277768b6ed93a0c13e8f46071d1695b,blinded-annotation-v2-shortrefs
C010,K090,1,labeled,1,labeled,1,labeled,True,False,PROVISIONAL_LLM_GOLD,Nighttime coverage minutes range 482-498 across all nights; daytime wear 720 min daily.,Daytime wear alone does not demonstrate overnight metric was captured; requires separate night-time wear info.,Confirms adequate night-time coverage exists independently supporting overnight metric validity. Supported contextual connection.,qwen3.8-max,8a3cf7a4df100953ba15e94ee13b3ae80277768b6ed93a0c13e8f46071d1695b,blinded-annotation-v2-shortrefs
C010,K091,0,labeled,1,labeled,0,labeled,False,False,PROVISIONAL_LLM_GOLD,All vitals present every day; missing_count=0 for all metrics; nighttime coverage 482-498 min (all >180 min).,Applies when a vital is missing with limited night-time data.,No missing data exists; all nights exceed quality thresholds. Condition not met.,qwen3.8-max,8a3cf7a4df100953ba15e94ee13b3ae80277768b6ed93a0c13e8f46071d1695b,blinded-annotation-v2-shortrefs
C010,K092,0,labeled,0,labeled,0,labeled,True,False,PROVISIONAL_LLM_GOLD,All metrics have valid_count matching expected days; missing_count=0 throughout.,Applies when vitals are missing or delayed.,No data gaps exist; syncing or support issues not applicable.,qwen3.8-max,8a3cf7a4df100953ba15e94ee13b3ae80277768b6ed93a0c13e8f46071d1695b,blinded-annotation-v2-shortrefs
C010,K093,0,labeled,0,labeled,0,labeled,True,False,PROVISIONAL_LLM_GOLD,Single synthetic device used across entire 42-day period; no device switch indicated.,Requires device or algorithm change affecting cross-device comparisons.,Same device used across entire observation period; no cross-device comparison needed.,qwen3.8-max,8a3cf7a4df100953ba15e94ee13b3ae80277768b6ed93a0c13e8f46071d1695b,blinded-annotation-v2-shortrefs
C010,K094,1,labeled,1,labeled,1,labeled,True,False,PROVISIONAL_LLM_GOLD,"sleep_duration_minutes recorded nightly (e.g., 469 min on 2026-04-12) with sleep_start_at and sleep_end_at timestamps.",Device-estimated sleep duration differs from full sleep period boundaries.,"Clarifies that reported sleep_duration_minutes is a device estimate of time asleep, not total time in bed. Supported contextual connection.",qwen3.8-max,8a3cf7a4df100953ba15e94ee13b3ae80277768b6ed93a0c13e8f46071d1695b,blinded-annotation-v2-shortrefs
C010,K095,0,labeled,1,labeled,0,labeled,False,False,PROVISIONAL_LLM_GOLD,All 42 nights have valid sleep data with nighttime_coverage_minutes 482-498; missing_count=0 for sleep.,Non-applicable for treating non-wear as zero sleep; applies when sleep readings absent.,No missing sleep observations; device was worn every night with valid coverage.,qwen3.8-max,8a3cf7a4df100953ba15e94ee13b3ae80277768b6ed93a0c13e8f46071d1695b,blinded-annotation-v2-shortrefs
C010,K096,2,labeled,2,labeled,2,labeled,True,False,PROVISIONAL_LLM_GOLD,Steps mean increased from 2817.7 to 7926.9 (+181%) while activity_duration_minutes changed from 56.2 to 55.3 (-1.6%).,Step counts depend on accelerometer and arm swing; changes in wear or use affect recorded steps.,Core explanation for massive step increase without proportional activity duration change: arm-swing/measurement factors directly account for the dissociation.,qwen3.8-max,8a3cf7a4df100953ba15e94ee13b3ae80277768b6ed93a0c13e8f46071d1695b,blinded-annotation-v2-shortrefs
C011,K001,2,labeled,2,labeled,2,labeled,True,False,PROVISIONAL_LLM_GOLD,"Age band 18-60; sleep duration mean 470.6 min baseline, 471.7 min window (all >=462 min = 7.7 hours).",Applies to adults aged 18-60 with sleep duration observations.,Core directly explains observed sleep adequacy: age band matches and duration consistently meets 7+ hour recommendation.,qwen3.8-max,e8f8f69baa39d0417fab8c7214d7f47be39b29b3066c41c1007e4fdf76f1b821,blinded-annotation-v2-shortrefs
C011,K002,0,labeled,0,labeled,0,labeled,True,False,PROVISIONAL_LLM_GOLD,Age band 18-60 in metadata.,Requires age 61 to 64.,Age band 18-60 does not match the 61-64 requirement for this specific recommendation.,qwen3.8-max,e8f8f69baa39d0417fab8c7214d7f47be39b29b3066c41c1007e4fdf76f1b821,blinded-annotation-v2-shortrefs
C011,K003,0,labeled,0,labeled,0,labeled,True,False,PROVISIONAL_LLM_GOLD,Age band 18-60 in metadata.,Requires age at least 65.,Age band 18-60 explicitly contradicts the 65+ requirement for this recommendation.,qwen3.8-max,e8f8f69baa39d0417fab8c7214d7f47be39b29b3066c41c1007e4fdf76f1b821,blinded-annotation-v2-shortrefs
C011,K004,0,labeled,0,labeled,0,labeled,True,False,PROVISIONAL_LLM_GOLD,Age band 18-60 in metadata.,Requires teenage age group (13-17).,Age band 18-60 explicitly excludes teenagers; recommendation not applicable to this individual.,qwen3.8-max,e8f8f69baa39d0417fab8c7214d7f47be39b29b3066c41c1007e4fdf76f1b821,blinded-annotation-v2-shortrefs
C011,K005,0,labeled,0,labeled,0,labeled,True,False,PROVISIONAL_LLM_GOLD,Sleep duration mean ~471 min; meets 7+ hour recommendation for age 18-60.,Requires repeatedly shortened sleep opportunity or sleep duration.,Sleep duration consistently meets CDC recommendations; no evidence of insufficient sleep to trigger this advice.,qwen3.8-max,e8f8f69baa39d0417fab8c7214d7f47be39b29b3066c41c1007e4fdf76f1b821,blinded-annotation-v2-shortrefs
C011,K006,0,labeled,0,labeled,0,labeled,True,False,PROVISIONAL_LLM_GOLD,"Sleep duration mean ~471 min (~7.85 hours), meeting CDC 7+ hour recommendation for age 18-60.",Requires sleep to be consistently short even without a new decline.,Sleep duration sufficient for age band; not a short routine requiring adaptation concern.,qwen3.8-max,e8f8f69baa39d0417fab8c7214d7f47be39b29b3066c41c1007e4fdf76f1b821,blinded-annotation-v2-shortrefs
C011,K007,1,labeled,1,labeled,1,labeled,True,False,PROVISIONAL_LLM_GOLD,"Sleep duration recorded nightly; no awakenings, sleep onset latency, or refreshment data available.",Applies when sleep duration is recorded but sleep quality may be unknown.,"Duration is recorded without quality metrics, providing supported contextual connection about data limits.",qwen3.8-max,e8f8f69baa39d0417fab8c7214d7f47be39b29b3066c41c1007e4fdf76f1b821,blinded-annotation-v2-shortrefs
C011,K008,0,labeled,0,labeled,0,labeled,True,False,PROVISIONAL_LLM_GOLD,"Only sleep_start_at, sleep_end_at, and sleep_duration_minutes recorded; no awakening events.",Requires awakening history or measured sleep continuity.,Awakening data not captured by device; item conditions cannot be evaluated from available observations.,qwen3.8-max,e8f8f69baa39d0417fab8c7214d7f47be39b29b3066c41c1007e4fdf76f1b821,blinded-annotation-v2-shortrefs
C011,K009,0,labeled,0,labeled,0,labeled,True,False,PROVISIONAL_LLM_GOLD,Sleep duration mean ~471 min (~7.85 hours); no subjective refreshment data.,Requires more than eight hours of sleep with reported lack of refreshment.,Sleep under 8 hours and no refreshment reports; required conditions not met.,qwen3.8-max,e8f8f69baa39d0417fab8c7214d7f47be39b29b3066c41c1007e4fdf76f1b821,blinded-annotation-v2-shortrefs
C011,K010,0,labeled,0,labeled,0,labeled,True,False,PROVISIONAL_LLM_GOLD,Sleep duration adequate (mean ~471 min); no cognitive symptoms reported.,Requires repeatedly shortened sleep and symptoms to claim impairment.,Sleep not shortened; no cognitive symptoms reported. Generic background with no concrete connection.,qwen3.8-max,e8f8f69baa39d0417fab8c7214d7f47be39b29b3066c41c1007e4fdf76f1b821,blinded-annotation-v2-shortrefs
C011,K011,0,labeled,0,labeled,0,labeled,True,False,PROVISIONAL_LLM_GOLD,"Baseline mean sleep 470.6 min, window mean 471.7 min; all nights >=462 min.",Requires several nights of reduced sleep duration.,No repeated sleep restriction observed; durations consistently meet adult recommendations.,qwen3.8-max,e8f8f69baa39d0417fab8c7214d7f47be39b29b3066c41c1007e4fdf76f1b821,blinded-annotation-v2-shortrefs
C011,K012,0,labeled,0,labeled,0,labeled,True,False,PROVISIONAL_LLM_GOLD,Sleep duration adequate; RHR stable 61-63 bpm; HRV stable 43-47 ms.,Requires ongoing insufficient sleep.,Sleep not insufficient; RHR/HRV alone do not establish illness per instructions. No concrete connection.,qwen3.8-max,e8f8f69baa39d0417fab8c7214d7f47be39b29b3066c41c1007e4fdf76f1b821,blinded-annotation-v2-shortrefs
C011,K013,0,labeled,0,labeled,0,labeled,True,False,PROVISIONAL_LLM_GOLD,"Sleep duration mean 470.6 min baseline, 471.7 min window; no appetite data recorded.",Requires repeated insufficient sleep and food intake information.,Sleep meets adult recommendations; no appetite data. Generic background with no concrete connection.,qwen3.8-max,e8f8f69baa39d0417fab8c7214d7f47be39b29b3066c41c1007e4fdf76f1b821,blinded-annotation-v2-shortrefs
C011,K014,0,labeled,0,labeled,0,labeled,True,False,PROVISIONAL_LLM_GOLD,No sleepiness reports or driving context in data.,Requires reported sleepiness and driving plans.,Sleepiness and driving context completely unknown; safety advice cannot be connected to observations.,qwen3.8-max,e8f8f69baa39d0417fab8c7214d7f47be39b29b3066c41c1007e4fdf76f1b821,blinded-annotation-v2-shortrefs
C011,K015,1,labeled,1,labeled,1,labeled,True,False,PROVISIONAL_LLM_GOLD,Sleep duration mean ~471 min (~7.85 hours) across all observations for age band 18-60.,Applies when adult sleep duration is being reviewed.,Provides contextual framework for interpreting observed sleep duration alongside individual variation.,qwen3.8-max,e8f8f69baa39d0417fab8c7214d7f47be39b29b3066c41c1007e4fdf76f1b821,blinded-annotation-v2-shortrefs
C011,K016,0,labeled,0,labeled,0,labeled,True,False,PROVISIONAL_LLM_GOLD,14-day window only; no insomnia symptoms or sleeping difficulties reported.,Requires months-long sleeping difficulties or insomnia with failed habit changes.,No insomnia symptoms reported and window too short; conditions for professional review not established.,qwen3.8-max,e8f8f69baa39d0417fab8c7214d7f47be39b29b3066c41c1007e4fdf76f1b821,blinded-annotation-v2-shortrefs
C011,K017,0,labeled,0,labeled,1,labeled,False,False,PROVISIONAL_LLM_GOLD,Sleep end variance 0.0 (always 07:00); sleep start variance ~22-23 min across periods.,Requires repeated variability in bedtime or wake time.,Schedule is highly consistent; wake time perfectly stable. Non-applicable condition met as stable schedule does not establish a problem.,qwen3.8-max,e8f8f69baa39d0417fab8c7214d7f47be39b29b3066c41c1007e4fdf76f1b821,blinded-annotation-v2-shortrefs
C011,K018,0,labeled,0,labeled,0,labeled,True,False,PROVISIONAL_LLM_GOLD,"Wake time perfectly consistent (07:00 daily, variance 0.0); no sleeping difficulties reported.",Requires inconsistent wake time with reported sleeping difficulties.,Wake time perfectly consistent; no sleeping difficulties reported. Late stable sleep is not irregularity.,qwen3.8-max,e8f8f69baa39d0417fab8c7214d7f47be39b29b3066c41c1007e4fdf76f1b821,blinded-annotation-v2-shortrefs
C011,K019,0,labeled,0,labeled,1,labeled,False,False,PROVISIONAL_LLM_GOLD,"Weekday sleep start mean 649.2 min, weekend 650.0 min baseline; difference <1 min from noon.",Requires bedtime or wake time differing substantially between weekdays and weekends.,Weekday/weekend sleep timing nearly identical (<1 min difference); non-applicable condition met as schedules are similar.,qwen3.8-max,e8f8f69baa39d0417fab8c7214d7f47be39b29b3066c41c1007e4fdf76f1b821,blinded-annotation-v2-shortrefs
C011,K020,0,labeled,0,labeled,0,labeled,True,False,PROVISIONAL_LLM_GOLD,Bedtime recorded (~22:42-22:58) but no pre-bed activity data available.,Requires information about pre-bed activities for targeted advice.,Bedtime known but pre-bed activities unrecorded; cannot determine quiet time compliance.,qwen3.8-max,e8f8f69baa39d0417fab8c7214d7f47be39b29b3066c41c1007e4fdf76f1b821,blinded-annotation-v2-shortrefs
C011,K021,0,labeled,0,labeled,0,labeled,True,False,PROVISIONAL_LLM_GOLD,No screen or light exposure data recorded.,Requires known bright-screen exposure shortly before bed.,Screen exposure completely unknown; cannot attribute sleep timing to artificial light.,qwen3.8-max,e8f8f69baa39d0417fab8c7214d7f47be39b29b3066c41c1007e4fdf76f1b821,blinded-annotation-v2-shortrefs
C011,K022,0,labeled,0,labeled,0,labeled,True,False,PROVISIONAL_LLM_GOLD,No caffeine intake data recorded in wearable observations.,Requires known afternoon or evening caffeine use with sleeping difficulty.,Caffeine history completely absent; cannot connect this advice to observed sleep patterns.,qwen3.8-max,e8f8f69baa39d0417fab8c7214d7f47be39b29b3066c41c1007e4fdf76f1b821,blinded-annotation-v2-shortrefs
C011,K023,0,labeled,0,labeled,0,labeled,True,False,PROVISIONAL_LLM_GOLD,No meal timing or size data in wearable observations.,Requires known large meal shortly before bed.,Meal information entirely unknown; sleep timing alone cannot establish meal-related conditions.,qwen3.8-max,e8f8f69baa39d0417fab8c7214d7f47be39b29b3066c41c1007e4fdf76f1b821,blinded-annotation-v2-shortrefs
C011,K024,0,labeled,0,labeled,0,labeled,True,False,PROVISIONAL_LLM_GOLD,No alcohol intake data recorded in observations.,Requires alcohol intake and timing near bedtime.,Alcohol exposure completely unknown; item conditions cannot be verified from available data.,qwen3.8-max,e8f8f69baa39d0417fab8c7214d7f47be39b29b3066c41c1007e4fdf76f1b821,blinded-annotation-v2-shortrefs
C011,K025,0,labeled,0,labeled,0,labeled,True,False,PROVISIONAL_LLM_GOLD,No nicotine exposure data in wearable observations.,Requires nicotine exposure to be established.,Nicotine exposure completely unknown; cannot link to observed sleep patterns.,qwen3.8-max,e8f8f69baa39d0417fab8c7214d7f47be39b29b3066c41c1007e4fdf76f1b821,blinded-annotation-v2-shortrefs
C011,K026,0,labeled,0,labeled,0,labeled,True,False,PROVISIONAL_LLM_GOLD,"No bedroom environment data (light, noise, temperature) recorded.",Requires known disruptive bedroom environment.,Bedroom environment conditions completely unobserved; no data to connect to this advice.,qwen3.8-max,e8f8f69baa39d0417fab8c7214d7f47be39b29b3066c41c1007e4fdf76f1b821,blinded-annotation-v2-shortrefs
C011,K027,0,labeled,0,labeled,0,labeled,True,False,PROVISIONAL_LLM_GOLD,No relaxation issues or pre-bed routine data reported.,Requires reported difficulty relaxing or a request for routine options.,No relaxation issues reported; RHR/HRV alone do not establish stress per instructions.,qwen3.8-max,e8f8f69baa39d0417fab8c7214d7f47be39b29b3066c41c1007e4fdf76f1b821,blinded-annotation-v2-shortrefs
C011,K028,0,labeled,0,labeled,0,labeled,True,False,PROVISIONAL_LLM_GOLD,No nap data recorded in any observations.,Requires adult naps to be recorded or reported.,Nap history completely unknown; no daytime sleep episodes recorded to apply nap guidance.,qwen3.8-max,e8f8f69baa39d0417fab8c7214d7f47be39b29b3066c41c1007e4fdf76f1b821,blinded-annotation-v2-shortrefs
C011,K029,0,labeled,0,labeled,0,labeled,True,False,PROVISIONAL_LLM_GOLD,No shift work established; sleep timing stable across all days.,Requires confirmed shift-work schedule.,Shift work not established; variable sleep times alone do not prove rotating shifts per instructions.,qwen3.8-max,e8f8f69baa39d0417fab8c7214d7f47be39b29b3066c41c1007e4fdf76f1b821,blinded-annotation-v2-shortrefs
C011,K030,0,labeled,0,labeled,0,labeled,True,False,PROVISIONAL_LLM_GOLD,No shift work established; overnight sleep pattern consistent.,Requires shift work to be established.,Shift work not established; overnight sleep pattern contradicts shift-work lighting advice applicability.,qwen3.8-max,e8f8f69baa39d0417fab8c7214d7f47be39b29b3066c41c1007e4fdf76f1b821,blinded-annotation-v2-shortrefs
C011,K031,0,labeled,0,labeled,0,labeled,True,False,PROVISIONAL_LLM_GOLD,No shift work schedule or caffeine data in observations.,Requires shift worker using caffeine.,Neither shift work nor caffeine use established; item conditions completely unsupported.,qwen3.8-max,e8f8f69baa39d0417fab8c7214d7f47be39b29b3066c41c1007e4fdf76f1b821,blinded-annotation-v2-shortrefs
C011,K032,0,labeled,0,labeled,0,labeled,True,False,PROVISIONAL_LLM_GOLD,"All sleep periods are overnight (start ~22:42-22:58, end 07:00); no daytime sleep recorded.",Requires daytime sleep associated with shift work.,Only overnight sleep is recorded; shift work condition explicitly contradicted by data.,qwen3.8-max,e8f8f69baa39d0417fab8c7214d7f47be39b29b3066c41c1007e4fdf76f1b821,blinded-annotation-v2-shortrefs
C011,K033,0,labeled,0,labeled,1,labeled,False,False,PROVISIONAL_LLM_GOLD,Sleep timing relatively stable; no reported change or variable pattern requiring diary review.,Requires a changed or variable sleep pattern needing review.,No changed or variable sleep pattern observed; generic diary advice without concrete connection to current data.,qwen3.8-max,e8f8f69baa39d0417fab8c7214d7f47be39b29b3066c41c1007e4fdf76f1b821,blinded-annotation-v2-shortrefs
C011,K034,0,labeled,0,labeled,0,labeled,True,False,PROVISIONAL_LLM_GOLD,Sleep duration consistently >=462 min (~7.7 hours) across all 42 days.,Requires several shortened nights rather than a single isolated reading.,No shortened sleep pattern observed; durations consistently meet recommendations. Condition not triggered.,qwen3.8-max,e8f8f69baa39d0417fab8c7214d7f47be39b29b3066c41c1007e4fdf76f1b821,blinded-annotation-v2-shortrefs
C011,K035,0,labeled,0,labeled,0,labeled,True,False,PROVISIONAL_LLM_GOLD,"Weekday sleep mean 470.8 min, weekend 470.0 min baseline; nearly identical.",Requires longer sleep and later timing on days off.,Weekend/weekday sleep nearly identical; no extra sleep on potential days off to signal insufficiency.,qwen3.8-max,e8f8f69baa39d0417fab8c7214d7f47be39b29b3066c41c1007e4fdf76f1b821,blinded-annotation-v2-shortrefs
C011,K036,0,labeled,0,labeled,0,labeled,True,False,PROVISIONAL_LLM_GOLD,No nap data recorded in any observations.,Requires recorded naps after shortened night-time sleep.,Nap information completely absent from data; item conditions cannot be evaluated.,qwen3.8-max,e8f8f69baa39d0417fab8c7214d7f47be39b29b3066c41c1007e4fdf76f1b821,blinded-annotation-v2-shortrefs
C011,K037,0,labeled,0,labeled,0,labeled,True,False,PROVISIONAL_LLM_GOLD,No sleeping difficulties reported; wake time perfectly consistent at 07:00.,Requires recent bad night and reported sleeping difficulties.,No sleeping difficulties reported; stable late sleep is not irregularity per instructions.,qwen3.8-max,e8f8f69baa39d0417fab8c7214d7f47be39b29b3066c41c1007e4fdf76f1b821,blinded-annotation-v2-shortrefs
C011,K038,0,labeled,0,labeled,0,labeled,True,False,PROVISIONAL_LLM_GOLD,No insomnia symptoms reported; sleep duration adequate for age band.,Requires reported sleeping difficulties with known duration.,No insomnia symptoms reported; sleep duration adequate. Cannot diagnose from wearable estimates alone.,qwen3.8-max,e8f8f69baa39d0417fab8c7214d7f47be39b29b3066c41c1007e4fdf76f1b821,blinded-annotation-v2-shortrefs
C011,K039,0,labeled,0,labeled,0,labeled,True,False,PROVISIONAL_LLM_GOLD,No travel history; timezone constant Asia/Shanghai across all observations.,"Requires confirmed travel, destination time zone, and trip duration.",Travel context completely unknown; no timezone changes observed to suggest jet lag.,qwen3.8-max,e8f8f69baa39d0417fab8c7214d7f47be39b29b3066c41c1007e4fdf76f1b821,blinded-annotation-v2-shortrefs
C011,K040,0,labeled,0,labeled,0,labeled,True,False,PROVISIONAL_LLM_GOLD,Timezone Asia/Shanghai constant; no travel indicators in data.,Requires a short trip across time zones.,Travel context entirely unknown; consistent timezone suggests no travel occurred during observation period.,qwen3.8-max,e8f8f69baa39d0417fab8c7214d7f47be39b29b3066c41c1007e4fdf76f1b821,blinded-annotation-v2-shortrefs
C011,K041,0,labeled,0,labeled,0,labeled,True,False,PROVISIONAL_LLM_GOLD,Activity intensity labeled 'unknown' for all intervals; steps recorded but not equatable to guidelines.,Requires intensity information to count recommended aerobic minutes.,Intensity unknown; steps cannot be equated with guideline compliance per instructions. Generic advice.,qwen3.8-max,e8f8f69baa39d0417fab8c7214d7f47be39b29b3066c41c1007e4fdf76f1b821,blinded-annotation-v2-shortrefs
C011,K042,0,labeled,0,labeled,0,labeled,True,False,PROVISIONAL_LLM_GOLD,Activity duration stable (mean 54.7-56.2 min); no evidence of recent inactivity.,Requires recently low or reduced physical activity.,Activity levels are stable and consistent; no evidence of recent inactivity to trigger gradual build-up advice.,qwen3.8-max,e8f8f69baa39d0417fab8c7214d7f47be39b29b3066c41c1007e4fdf76f1b821,blinded-annotation-v2-shortrefs
C011,K043,0,labeled,0,labeled,0,labeled,True,False,PROVISIONAL_LLM_GOLD,All activity intervals have intensity 'unknown'; only steps and moving minutes recorded.,Requires known activity intensity to determine moderate-intensity aerobic minutes.,Intensity unknown per instructions; cannot determine if moderate-intensity aerobic target is met.,qwen3.8-max,e8f8f69baa39d0417fab8c7214d7f47be39b29b3066c41c1007e4fdf76f1b821,blinded-annotation-v2-shortrefs
C011,K044,0,labeled,0,labeled,0,labeled,True,False,PROVISIONAL_LLM_GOLD,All activity intervals have intensity 'unknown'.,Requires known vigorous intensity.,Intensity unknown across all data; cannot apply vigorous activity target per instructions.,qwen3.8-max,e8f8f69baa39d0417fab8c7214d7f47be39b29b3066c41c1007e4fdf76f1b821,blinded-annotation-v2-shortrefs
C011,K045,0,labeled,0,labeled,0,labeled,True,False,PROVISIONAL_LLM_GOLD,"Activity duration recorded daily (mean 54.7 baseline, 56.2 window) with intensity labeled 'unknown'.",Requires intensity information for counting guideline minutes.,Unknown intensity cannot be assumed moderate per instructions; cannot verify guideline accumulation.,qwen3.8-max,e8f8f69baa39d0417fab8c7214d7f47be39b29b3066c41c1007e4fdf76f1b821,blinded-annotation-v2-shortrefs
C011,K046,0,labeled,0,labeled,0,labeled,True,False,PROVISIONAL_LLM_GOLD,Only steps and activity_duration_minutes recorded; no strengthening activity data.,Requires strengthening activity records including days and muscle groups.,Only steps and active minutes available; no muscle-strengthening records to evaluate against this guideline.,qwen3.8-max,e8f8f69baa39d0417fab8c7214d7f47be39b29b3066c41c1007e4fdf76f1b821,blinded-annotation-v2-shortrefs
C011,K047,0,labeled,0,labeled,0,labeled,True,False,PROVISIONAL_LLM_GOLD,Activity intensity 'unknown' for all intervals; cannot verify guideline attainment.,Requires documented aerobic activity already reaching the adult guideline with known intensity.,Intensity unknown per instructions; cannot verify guideline attainment to assess additional benefits.,qwen3.8-max,e8f8f69baa39d0417fab8c7214d7f47be39b29b3066c41c1007e4fdf76f1b821,blinded-annotation-v2-shortrefs
C011,K048,0,labeled,0,labeled,1,labeled,False,False,PROVISIONAL_LLM_GOLD,All activity intervals have intensity 'unknown'; no fitness or effort data.,Requires fitness or perceived effort to interpret intensity.,"Generic educational statement about relative intensity; no specific observed pattern of intensity misclassification to explain. Unknown intensity is not moderate exercise per instructions, but this item does not directly explain a current observed pattern.",qwen3.8-max,e8f8f69baa39d0417fab8c7214d7f47be39b29b3066c41c1007e4fdf76f1b821,blinded-annotation-v2-shortrefs
C011,K049,0,labeled,0,labeled,0,labeled,True,False,PROVISIONAL_LLM_GOLD,All activity intervals have intensity 'unknown'; no breathing or talk-test data.,Requires an aerobic activity and breathing or talk-test observation.,Effort and aerobic context unrecorded; unknown intensity cannot be classified per instructions.,qwen3.8-max,e8f8f69baa39d0417fab8c7214d7f47be39b29b3066c41c1007e4fdf76f1b821,blinded-annotation-v2-shortrefs
C011,K050,1,labeled,1,labeled,1,labeled,True,False,PROVISIONAL_LLM_GOLD,Steps and activity_duration_minutes both recorded daily; intensity always 'unknown'.,Applies when steps change while other activity may differ.,"Steps and activity duration both recorded; intensity unknown, supporting contextual relevance about step limitations.",qwen3.8-max,e8f8f69baa39d0417fab8c7214d7f47be39b29b3066c41c1007e4fdf76f1b821,blinded-annotation-v2-shortrefs
C011,K051,0,labeled,0,labeled,0,labeled,True,False,PROVISIONAL_LLM_GOLD,"Steps mean ~7937 baseline, ~7923 window; activity stable, not declining.",Requires low or declining routine movement.,"Movement is stable, not declining; no evidence of reduced routine activity requiring intervention.",qwen3.8-max,e8f8f69baa39d0417fab8c7214d7f47be39b29b3066c41c1007e4fdf76f1b821,blinded-annotation-v2-shortrefs
C011,K052,0,labeled,0,labeled,0,labeled,True,False,PROVISIONAL_LLM_GOLD,Activity habit appears stable; no preferences or barriers recorded.,Requires activity habit being low or difficult to maintain.,Activity habit appears stable and maintained; no evidence of difficulty requiring preference-based planning.,qwen3.8-max,e8f8f69baa39d0417fab8c7214d7f47be39b29b3066c41c1007e4fdf76f1b821,blinded-annotation-v2-shortrefs
C011,K053,0,labeled,0,labeled,0,labeled,True,False,PROVISIONAL_LLM_GOLD,No social preferences or motivational barriers recorded in data.,Requires a person wanting support maintaining activity.,No evidence of activity decline or motivational issues; stable patterns suggest no support needed.,qwen3.8-max,e8f8f69baa39d0417fab8c7214d7f47be39b29b3066c41c1007e4fdf76f1b821,blinded-annotation-v2-shortrefs
C011,K054,0,labeled,0,labeled,0,labeled,True,False,PROVISIONAL_LLM_GOLD,Activity levels stable (mean 54.7-56.2 min); no time barrier reported.,Requires low activity with a reported time barrier.,Activity levels are stable and adequate; no time barrier reported to trigger diary recommendation.,qwen3.8-max,e8f8f69baa39d0417fab8c7214d7f47be39b29b3066c41c1007e4fdf76f1b821,blinded-annotation-v2-shortrefs
C011,K055,0,labeled,0,labeled,0,labeled,True,False,PROVISIONAL_LLM_GOLD,No schedule constraints or competing demands reported.,Requires reported competing demands reducing activity.,No evidence of schedule barriers affecting activity; stable daily activity suggests no crowding issue.,qwen3.8-max,e8f8f69baa39d0417fab8c7214d7f47be39b29b3066c41c1007e4fdf76f1b821,blinded-annotation-v2-shortrefs
C011,K056,0,labeled,0,labeled,0,labeled,True,False,PROVISIONAL_LLM_GOLD,No chronic conditions or special health needs recorded in data.,"Requires a chronic condition, disability, or special need to be established.",Medical context entirely unknown; no health conditions established to modify activity planning.,qwen3.8-max,e8f8f69baa39d0417fab8c7214d7f47be39b29b3066c41c1007e4fdf76f1b821,blinded-annotation-v2-shortrefs
C011,K057,0,labeled,0,labeled,0,labeled,True,False,PROVISIONAL_LLM_GOLD,Low movement intervals broken approximately every 45 min; metadata states low movement is not posture.,Requires long uninterrupted daytime low-movement intervals with confirmed sitting.,"Intervals are broken every ~45 min, not long uninterrupted periods, and low movement is not confirmed sitting.",qwen3.8-max,e8f8f69baa39d0417fab8c7214d7f47be39b29b3066c41c1007e4fdf76f1b821,blinded-annotation-v2-shortrefs
C011,K058,0,labeled,0,labeled,0,labeled,True,False,PROVISIONAL_LLM_GOLD,Activity duration mean 54.7-56.2 min; low movement intervals present but not confirmed sitting.,Requires confirmed sitting posture and known activity intensity.,Cannot confirm sitting or activity intensity from wearable data alone; conditions unsupported.,qwen3.8-max,e8f8f69baa39d0417fab8c7214d7f47be39b29b3066c41c1007e4fdf76f1b821,blinded-annotation-v2-shortrefs
C011,K059,0,labeled,0,labeled,0,labeled,True,False,PROVISIONAL_LLM_GOLD,Low movement minutes recorded but metadata states 'low movement not posture'.,Requires confirmed sitting for a specific sedentary-time conclusion.,Device low movement is not confirmed sitting per instructions; required context unsupported.,qwen3.8-max,e8f8f69baa39d0417fab8c7214d7f47be39b29b3066c41c1007e4fdf76f1b821,blinded-annotation-v2-shortrefs
C011,K060,0,labeled,0,labeled,0,labeled,True,False,PROVISIONAL_LLM_GOLD,No commute or transport context in wearable data.,Requires sedentary commuting to be established.,Commute context entirely unknown; cannot apply transport-related movement suggestions.,qwen3.8-max,e8f8f69baa39d0417fab8c7214d7f47be39b29b3066c41c1007e4fdf76f1b821,blinded-annotation-v2-shortrefs
C011,K061,0,labeled,0,labeled,0,labeled,True,False,PROVISIONAL_LLM_GOLD,No workplace layout or desk work context in data.,Requires desk work with prolonged sitting and workplace layout.,Work context entirely unknown; cannot apply workplace-specific movement advice.,qwen3.8-max,e8f8f69baa39d0417fab8c7214d7f47be39b29b3066c41c1007e4fdf76f1b821,blinded-annotation-v2-shortrefs
C011,K062,0,labeled,0,labeled,0,labeled,True,False,PROVISIONAL_LLM_GOLD,No workplace or meeting context in wearable data.,Requires meetings or desk work involving prolonged sitting.,Workplace context entirely unknown; cannot apply standing/walking meeting suggestions.,qwen3.8-max,e8f8f69baa39d0417fab8c7214d7f47be39b29b3066c41c1007e4fdf76f1b821,blinded-annotation-v2-shortrefs
C011,K063,0,labeled,0,labeled,0,labeled,True,False,PROVISIONAL_LLM_GOLD,No screen habits or television viewing data recorded.,Requires prolonged sitting while watching television.,Screen habits completely unknown; low movement is not confirmed sitting per instructions.,qwen3.8-max,e8f8f69baa39d0417fab8c7214d7f47be39b29b3066c41c1007e4fdf76f1b821,blinded-annotation-v2-shortrefs
C011,K064,0,labeled,0,labeled,0,labeled,True,False,PROVISIONAL_LLM_GOLD,Low movement intervals present but device low movement is not confirmed sitting per metadata.,Requires substantial habitual seated leisure context.,No leisure or sitting context available; device low movement cannot confirm seated leisure.,qwen3.8-max,e8f8f69baa39d0417fab8c7214d7f47be39b29b3066c41c1007e4fdf76f1b821,blinded-annotation-v2-shortrefs
C011,K065,1,labeled,1,labeled,1,labeled,True,False,PROVISIONAL_LLM_GOLD,Steps and activity_duration_minutes recorded separately from low_movement_minutes.,Applies when distinguishing everyday movement from formal exercise.,Supports distinguishing recorded active minutes from formal exercise; contextual connection to activity interpretation.,qwen3.8-max,e8f8f69baa39d0417fab8c7214d7f47be39b29b3066c41c1007e4fdf76f1b821,blinded-annotation-v2-shortrefs
C011,K066,0,labeled,0,labeled,0,labeled,True,False,PROVISIONAL_LLM_GOLD,No workday lunch-break context in wearable data.,Requires daytime low movement with known workday lunch-break context.,Workday and lunch-break context entirely unknown; cannot apply walking suggestion.,qwen3.8-max,e8f8f69baa39d0417fab8c7214d7f47be39b29b3066c41c1007e4fdf76f1b821,blinded-annotation-v2-shortrefs
C011,K067,0,labeled,0,labeled,0,labeled,True,False,PROVISIONAL_LLM_GOLD,No stair access or environmental context in wearable data.,Requires safe access and ability for stair use.,No environmental or mobility context in data to support stair-related advice.,qwen3.8-max,e8f8f69baa39d0417fab8c7214d7f47be39b29b3066c41c1007e4fdf76f1b821,blinded-annotation-v2-shortrefs
C011,K068,1,labeled,1,labeled,1,labeled,True,False,PROVISIONAL_LLM_GOLD,Low movement intervals recorded every ~45 min throughout daytime; metadata states 'low movement not posture'.,Applies when low-movement intervals are available without posture measurement.,Directly relevant constraint: device low movement cannot be relabeled as confirmed sitting per data definitions.,qwen3.8-max,e8f8f69baa39d0417fab8c7214d7f47be39b29b3066c41c1007e4fdf76f1b821,blinded-annotation-v2-shortrefs
C011,K069,0,labeled,0,labeled,1,labeled,False,False,PROVISIONAL_LLM_GOLD,Activity and sleep patterns both recorded; no specific sleep change to explain.,Applies when activity and sleep patterns are available for joint review.,Generic benefit statement; no specific sleep change or pattern to explain. Temporal co-occurrence does not imply causation per instructions.,qwen3.8-max,e8f8f69baa39d0417fab8c7214d7f47be39b29b3066c41c1007e4fdf76f1b821,blinded-annotation-v2-shortrefs
C011,K070,0,labeled,0,labeled,0,labeled,True,False,PROVISIONAL_LLM_GOLD,Activity stable; no outdoor exposure data recorded.,Requires low daytime activity accompanying a changed sleep routine.,Outdoor exposure cannot be inferred from step counts per instructions; no specific routine change observed.,qwen3.8-max,e8f8f69baa39d0417fab8c7214d7f47be39b29b3066c41c1007e4fdf76f1b821,blinded-annotation-v2-shortrefs
C011,K071,1,labeled,1,labeled,1,labeled,True,False,PROVISIONAL_LLM_GOLD,Activity intervals recorded 21:00-~22:00 daily; sleep start ~22:42-22:58; intensity always 'unknown'.,Applies when activity occurs close to bedtime with known intensity.,"Late activity timing matches observable condition, but unknown intensity prevents direct application of intense-exercise advice. Supported contextual connection.",qwen3.8-max,e8f8f69baa39d0417fab8c7214d7f47be39b29b3066c41c1007e4fdf76f1b821,blinded-annotation-v2-shortrefs
C011,K072,0,labeled,0,labeled,0,labeled,True,False,PROVISIONAL_LLM_GOLD,Activity recorded ~21:00 daily; no insomnia symptoms reported.,Requires exercise near bedtime with reported insomnia symptoms.,No insomnia symptoms reported; temporal adjacency alone does not establish insomnia per instructions.,qwen3.8-max,e8f8f69baa39d0417fab8c7214d7f47be39b29b3066c41c1007e4fdf76f1b821,blinded-annotation-v2-shortrefs
C011,K073,1,labeled,1,labeled,1,labeled,True,False,PROVISIONAL_LLM_GOLD,Activity intervals recorded daily around 21:00; sleep start times recorded nightly.,Applies when activity timing and subsequent sleep are being compared.,"Supports temporal context review where day t activity precedes t+1 waking, matching the data structure.",qwen3.8-max,e8f8f69baa39d0417fab8c7214d7f47be39b29b3066c41c1007e4fdf76f1b821,blinded-annotation-v2-shortrefs
C011,K074,0,labeled,0,labeled,0,labeled,True,False,PROVISIONAL_LLM_GOLD,No emergency response deployment context in data.,Requires confirmed emergency-response deployment context.,Deployment context completely unknown; item conditions not met by any available data.,qwen3.8-max,e8f8f69baa39d0417fab8c7214d7f47be39b29b3066c41c1007e4fdf76f1b821,blinded-annotation-v2-shortrefs
C011,K075,0,labeled,0,labeled,0,labeled,True,False,PROVISIONAL_LLM_GOLD,No tiredness or subjective energy data recorded.,Requires reported tiredness limiting activity.,Tiredness history completely unknown; wearable sleep hours do not establish energy patterns per instructions.,qwen3.8-max,e8f8f69baa39d0417fab8c7214d7f47be39b29b3066c41c1007e4fdf76f1b821,blinded-annotation-v2-shortrefs
C011,K076,0,labeled,0,labeled,0,labeled,True,False,PROVISIONAL_LLM_GOLD,"No substance, alcohol, caffeine, or medication data recorded.",Requires substance and medication history for causal interpretation.,Substance and medication history completely absent; cannot contextualize temporal relationships.,qwen3.8-max,e8f8f69baa39d0417fab8c7214d7f47be39b29b3066c41c1007e4fdf76f1b821,blinded-annotation-v2-shortrefs
C011,K077,2,labeled,2,labeled,1,labeled,False,False,PROVISIONAL_LLM_GOLD,"Daily resting_heart_rate_bpm recorded (mean 61.8 baseline, 61.7 window).",Applies when resting heart rate observations are available.,Core directly defines what the observed RHR metric represents in the context of the available data.,qwen3.8-max,e8f8f69baa39d0417fab8c7214d7f47be39b29b3066c41c1007e4fdf76f1b821,blinded-annotation-v2-shortrefs
C011,K078,1,labeled,1,labeled,1,labeled,True,False,PROVISIONAL_LLM_GOLD,"Daily RHR recorded (mean 61.8 baseline, 61.7 window); no sleeping HR metric present.",Applies when a daily resting heart-rate trend is being interpreted.,Provides supported contextual distinction between the observed daily RHR and sleeping HR which is not measured here.,qwen3.8-max,e8f8f69baa39d0417fab8c7214d7f47be39b29b3066c41c1007e4fdf76f1b821,blinded-annotation-v2-shortrefs
C011,K079,1,labeled,1,labeled,1,labeled,True,False,PROVISIONAL_LLM_GOLD,RHR ranges 61-63 bpm across both periods with small day-to-day variation.,Applies when resting heart rate changes relative to previous readings.,RHR stable but item correctly constrains causal attribution; contextual connection to interpreting RHR observations.,qwen3.8-max,e8f8f69baa39d0417fab8c7214d7f47be39b29b3066c41c1007e4fdf76f1b821,blinded-annotation-v2-shortrefs
C011,K080,2,labeled,2,labeled,1,labeled,False,False,PROVISIONAL_LLM_GOLD,Both resting_heart_rate_bpm and hrv_rmssd_ms recorded daily across all observations.,Applies when HRV and heart-rate estimates are being interpreted together.,Core directly distinguishes HRV from average HR; essential for correctly interpreting these concurrent observations.,qwen3.8-max,e8f8f69baa39d0417fab8c7214d7f47be39b29b3066c41c1007e4fdf76f1b821,blinded-annotation-v2-shortrefs
C011,K081,1,labeled,1,labeled,1,labeled,True,False,PROVISIONAL_LLM_GOLD,HRV RMSSD values range 43-47 ms across 42 days with personal baseline available.,Applies when an HRV level or trend is being reviewed.,Personal HRV range available; item correctly constrains against treating absolute values as universal norms.,qwen3.8-max,e8f8f69baa39d0417fab8c7214d7f47be39b29b3066c41c1007e4fdf76f1b821,blinded-annotation-v2-shortrefs
C011,K082,1,labeled,1,labeled,1,labeled,True,False,PROVISIONAL_LLM_GOLD,28-day baseline provides personal history for all metrics before 14-day window.,Applies when a vital has changed from a recent personal baseline with sufficient history.,Sufficient personal baseline exists; item provides framework for interpreting window changes against personal range.,qwen3.8-max,e8f8f69baa39d0417fab8c7214d7f47be39b29b3066c41c1007e4fdf76f1b821,blinded-annotation-v2-shortrefs
C011,K083,1,labeled,1,labeled,1,labeled,True,False,PROVISIONAL_LLM_GOLD,42 days of RHR data available (28 baseline + 14 window).,Applies when repeated resting heart-rate readings or a recent change are available.,Multiple days of RHR data available; item supports reviewing trend over time rather than isolated values.,qwen3.8-max,e8f8f69baa39d0417fab8c7214d7f47be39b29b3066c41c1007e4fdf76f1b821,blinded-annotation-v2-shortrefs
C011,K084,1,labeled,1,labeled,1,labeled,True,False,PROVISIONAL_LLM_GOLD,HRV RMSSD values recorded nightly across 42 days for wellness monitoring.,Applies when an HRV trend is available for wellness monitoring.,"Directly constrains interpretation of available HRV data as wellness observation, not diagnostic indicator.",qwen3.8-max,e8f8f69baa39d0417fab8c7214d7f47be39b29b3066c41c1007e4fdf76f1b821,blinded-annotation-v2-shortrefs
C011,K085,2,labeled,2,labeled,1,labeled,False,False,PROVISIONAL_LLM_GOLD,Metadata defines 'night RMSSD' and data reports hrv_rmssd_ms values (mean ~45 ms).,Applies when HRV records identify RMSSD as their metric.,Core directly explains the specific HRV metric definition used in the observations.,qwen3.8-max,e8f8f69baa39d0417fab8c7214d7f47be39b29b3066c41c1007e4fdf76f1b821,blinded-annotation-v2-shortrefs
C011,K086,2,labeled,2,labeled,1,labeled,False,False,PROVISIONAL_LLM_GOLD,"Nighttime coverage 482-498 min; sleep duration 462-478 min, all exceeding 3-hour threshold.",Applies when overnight HRV estimates or missing HRV are being compared.,Core directly explains how HRV is collected from longest sleep period; all nights exceed the 3-hour minimum requirement.,qwen3.8-max,e8f8f69baa39d0417fab8c7214d7f47be39b29b3066c41c1007e4fdf76f1b821,blinded-annotation-v2-shortrefs
C011,K087,0,labeled,0,labeled,0,labeled,True,False,PROVISIONAL_LLM_GOLD,Only sleep duration and timing recorded; no sleep stage data in observations.,Requires sleep-stage measurements.,Sleep stage data absent from observations; item conditions explicitly not met by available data.,qwen3.8-max,e8f8f69baa39d0417fab8c7214d7f47be39b29b3066c41c1007e4fdf76f1b821,blinded-annotation-v2-shortrefs
C011,K088,0,labeled,0,labeled,0,labeled,True,False,PROVISIONAL_LLM_GOLD,No health concerns or symptoms reported in data.,Requires reported health concerns or symptoms.,No health concerns reported; stable vitals do not trigger clinical conversation recommendation.,qwen3.8-max,e8f8f69baa39d0417fab8c7214d7f47be39b29b3066c41c1007e4fdf76f1b821,blinded-annotation-v2-shortrefs
C011,K089,0,labeled,0,labeled,0,labeled,True,False,PROVISIONAL_LLM_GOLD,RHR stable (variance 0.63-0.65); no wear quality issues flagged in missing_reasons.,Requires heart-rate readings may be unreliable or wear quality changes.,RHR readings are stable and consistent; no evidence of sensor fit problems to trigger this concern.,qwen3.8-max,e8f8f69baa39d0417fab8c7214d7f47be39b29b3066c41c1007e4fdf76f1b821,blinded-annotation-v2-shortrefs
C011,K090,1,labeled,1,labeled,1,labeled,True,False,PROVISIONAL_LLM_GOLD,"Nighttime coverage minutes range 482-498, all exceeding 180 min threshold.",Applies when overnight vitals have missing readings or uncertain coverage.,Nighttime coverage confirmed adequate for overnight vitals; supports validity of nocturnal RHR and HRV data.,qwen3.8-max,e8f8f69baa39d0417fab8c7214d7f47be39b29b3066c41c1007e4fdf76f1b821,blinded-annotation-v2-shortrefs
C011,K091,0,labeled,0,labeled,0,labeled,True,False,PROVISIONAL_LLM_GOLD,All vitals present across 42 days; nighttime coverage always >=482 min (>180 min threshold).,Applies when a vital is missing with limited night-time data.,No missing vitals observed; adequate nighttime coverage throughout. Item conditions not triggered.,qwen3.8-max,e8f8f69baa39d0417fab8c7214d7f47be39b29b3066c41c1007e4fdf76f1b821,blinded-annotation-v2-shortrefs
C011,K092,0,labeled,0,labeled,0,labeled,True,False,PROVISIONAL_LLM_GOLD,All vitals present across all 42 days; no missing data flags.,Applies when vitals are missing or delayed.,No missing data observed; item about data availability not triggered by complete observation record.,qwen3.8-max,e8f8f69baa39d0417fab8c7214d7f47be39b29b3066c41c1007e4fdf76f1b821,blinded-annotation-v2-shortrefs
C011,K093,0,labeled,0,labeled,0,labeled,True,False,PROVISIONAL_LLM_GOLD,Single synthetic wearable device used across all 42 days of observations.,Requires heart-rate series involving a device or algorithm change.,Same device used across all observations; no evidence of device switch to complicate comparisons.,qwen3.8-max,e8f8f69baa39d0417fab8c7214d7f47be39b29b3066c41c1007e4fdf76f1b821,blinded-annotation-v2-shortrefs
C011,K094,1,labeled,1,labeled,1,labeled,True,False,PROVISIONAL_LLM_GOLD,Sleep duration estimated from device; sleep boundaries recorded as timestamps.,Applies when device-estimated sleep duration and sleep boundaries are available.,Directly relevant to interpreting device-reported sleep duration versus actual time asleep in available data.,qwen3.8-max,e8f8f69baa39d0417fab8c7214d7f47be39b29b3066c41c1007e4fdf76f1b821,blinded-annotation-v2-shortrefs
C011,K095,1,labeled,1,labeled,1,labeled,True,False,PROVISIONAL_LLM_GOLD,Nighttime coverage 482-498 min across all nights; sleep detected consistently.,Applies when sleep readings are present with night-time wear.,Confirms valid overnight wear supporting sleep data completeness; contextual connection to data quality.,qwen3.8-max,e8f8f69baa39d0417fab8c7214d7f47be39b29b3066c41c1007e4fdf76f1b821,blinded-annotation-v2-shortrefs
C011,K096,1,labeled,1,labeled,1,labeled,True,False,PROVISIONAL_LLM_GOLD,Steps range 7589-8409 across both periods with day-to-day variability.,Applies when step readings change with possible measurement limitations.,"Steps are recorded via accelerometer; item provides supported context that arm swing affects counts, relevant to interpreting variability.",qwen3.8-max,e8f8f69baa39d0417fab8c7214d7f47be39b29b3066c41c1007e4fdf76f1b821,blinded-annotation-v2-shortrefs
C012,K001,2,labeled,2,labeled,2,labeled,True,False,PROVISIONAL_LLM_GOLD,Sleep duration mean is 470.3 min baseline and 470.6 min window (~7.8 hours); age band is 18-60.,Applies to adults aged 18-60 with sleep duration below >=7 hours recommendation.,Core directly explains the applicable sleep recommendation; data shows user consistently meets the >=7h threshold for their age band.,qwen3.8-max,c567e369ab67c84aff88e3ee20e844315fe39162561222e7611203c9cffb5c50,blinded-annotation-v2-shortrefs
C012,K002,0,labeled,0,labeled,0,labeled,True,False,PROVISIONAL_LLM_GOLD,Age band is 18-60.,Requires age 61 to 64.,Age band contradicts required population of 61-64.,qwen3.8-max,c567e369ab67c84aff88e3ee20e844315fe39162561222e7611203c9cffb5c50,blinded-annotation-v2-shortrefs
C012,K003,0,labeled,0,labeled,0,labeled,True,False,PROVISIONAL_LLM_GOLD,Age band is 18-60.,Requires age at least 65.,Age band contradicts required population of 65+.,qwen3.8-max,c567e369ab67c84aff88e3ee20e844315fe39162561222e7611203c9cffb5c50,blinded-annotation-v2-shortrefs
C012,K004,0,labeled,0,labeled,0,labeled,True,False,PROVISIONAL_LLM_GOLD,Age band is 18-60.,Requires teenage age group 13-17.,Age band contradicts required population of teenagers.,qwen3.8-max,c567e369ab67c84aff88e3ee20e844315fe39162561222e7611203c9cffb5c50,blinded-annotation-v2-shortrefs
C012,K005,0,labeled,0,labeled,0,labeled,True,False,PROVISIONAL_LLM_GOLD,Sleep duration is ~470 minutes nightly with no evidence of schedule constraints squeezing out sleep.,Requires repeatedly shortened sleep opportunity or schedule constraint.,No insufficient sleep or schedule constraints observed; item conditions not met.,qwen3.8-max,c567e369ab67c84aff88e3ee20e844315fe39162561222e7611203c9cffb5c50,blinded-annotation-v2-shortrefs
C012,K006,0,labeled,0,labeled,0,labeled,True,False,PROVISIONAL_LLM_GOLD,"Sleep duration mean is 470.3 min baseline and 470.6 min window (~7.8 hours), meeting adult recommendations.",Non-applicable when sleep duration is sufficient for the applicable age group.,Sleep duration is sufficient per CDC guidelines for adults 18-60; item condition explicitly non-applicable.,qwen3.8-max,c567e369ab67c84aff88e3ee20e844315fe39162561222e7611203c9cffb5c50,blinded-annotation-v2-shortrefs
C012,K007,1,labeled,1,labeled,1,labeled,True,False,PROVISIONAL_LLM_GOLD,Sleep duration is consistently recorded (~470 min/night) but no awakenings or subjective refreshment data exist.,Applies when sleep duration is recorded but quality may be unknown; requires difficulty/awakenings/refreshment to establish a specific concern.,"Supported contextual connection: duration alone does not establish sleep quality, which is relevant given only duration is recorded.",qwen3.8-max,c567e369ab67c84aff88e3ee20e844315fe39162561222e7611203c9cffb5c50,blinded-annotation-v2-shortrefs
C012,K008,1,labeled,1,labeled,0,labeled,False,False,PROVISIONAL_LLM_GOLD,"Total sleep duration is recorded nightly, but no awakening counts or sleep continuity metrics exist.",Applies when repeated awakenings are documented; non-applicable when only duration/start/end are available.,Supported contextual connection: data lacks awakening records needed to fully assess sleep quality beyond duration.,qwen3.8-max,c567e369ab67c84aff88e3ee20e844315fe39162561222e7611203c9cffb5c50,blinded-annotation-v2-shortrefs
C012,K009,0,labeled,0,labeled,0,labeled,True,False,PROVISIONAL_LLM_GOLD,Sleep duration mean is ~470 minutes (<8 hours); no subjective refreshment data is recorded.,Requires more than eight hours of night-time sleep with reported lack of refreshment.,Sleep is under 8 hours and refreshment unknown; item conditions not met.,qwen3.8-max,c567e369ab67c84aff88e3ee20e844315fe39162561222e7611203c9cffb5c50,blinded-annotation-v2-shortrefs
C012,K010,0,labeled,0,labeled,0,labeled,True,False,PROVISIONAL_LLM_GOLD,Sleep duration meets adult recommendations (~7.8h); no cognitive impairment symptoms are recorded.,Requires repeatedly shortened sleep and symptoms to claim actual impairment.,No repeated sleep restriction; cannot diagnose impairment from data alone.,qwen3.8-max,c567e369ab67c84aff88e3ee20e844315fe39162561222e7611203c9cffb5c50,blinded-annotation-v2-shortrefs
C012,K011,0,labeled,0,labeled,0,labeled,True,False,PROVISIONAL_LLM_GOLD,Sleep duration is adequate (~7.8h) every night; no repeated sleep loss is observed.,Requires several nights of reduced sleep duration and actual performance symptoms.,No repeated sleep restriction observed; sleep duration is adequate.,qwen3.8-max,c567e369ab67c84aff88e3ee20e844315fe39162561222e7611203c9cffb5c50,blinded-annotation-v2-shortrefs
C012,K012,0,labeled,0,labeled,0,labeled,True,False,PROVISIONAL_LLM_GOLD,"Sleep duration is consistently ~7.8 hours, meeting adult recommendations.",Requires ongoing insufficient sleep; non-applicable for inferring infection from sleep/HR changes.,No sleep deficiency observed; cannot infer infection from data.,qwen3.8-max,c567e369ab67c84aff88e3ee20e844315fe39162561222e7611203c9cffb5c50,blinded-annotation-v2-shortrefs
C012,K013,0,labeled,0,labeled,0,labeled,True,False,PROVISIONAL_LLM_GOLD,Sleep duration is sufficient (~7.8h); no food intake or appetite data is recorded.,Requires repeated insufficient sleep and food intake/appetite information.,Sleep is sufficient per guidelines; appetite data unknown. Conditions not met.,qwen3.8-max,c567e369ab67c84aff88e3ee20e844315fe39162561222e7611203c9cffb5c50,blinded-annotation-v2-shortrefs
C012,K014,0,labeled,0,labeled,0,labeled,True,False,PROVISIONAL_LLM_GOLD,No subjective sleepiness or driving plans are recorded.,Requires reported sleepiness and driving context.,Sleepiness and driving context unknown; item conditions not met.,qwen3.8-max,c567e369ab67c84aff88e3ee20e844315fe39162561222e7611203c9cffb5c50,blinded-annotation-v2-shortrefs
C012,K015,1,labeled,1,labeled,1,labeled,True,False,PROVISIONAL_LLM_GOLD,Sleep duration is consistently ~470 minutes (~7.8 hours) across all 42 days.,Applies when adult sleep duration is being reviewed; requires individual experience to assess adequacy.,Supported contextual connection for interpreting the stable ~7.8h sleep duration against individual needs rather than a universal target.,qwen3.8-max,c567e369ab67c84aff88e3ee20e844315fe39162561222e7611203c9cffb5c50,blinded-annotation-v2-shortrefs
C012,K016,0,labeled,0,labeled,0,labeled,True,False,PROVISIONAL_LLM_GOLD,Only 14-day window and 28-day baseline of device estimates; no reported sleeping difficulties or months-long history.,"Requires months-long sleeping difficulties, failed habit changes, or substantial daily-life impact.",Brief duration record without reported problems; conditions not met.,qwen3.8-max,c567e369ab67c84aff88e3ee20e844315fe39162561222e7611203c9cffb5c50,blinded-annotation-v2-shortrefs
C012,K017,1,labeled,1,labeled,1,labeled,True,False,PROVISIONAL_LLM_GOLD,Sleep end is exactly 07:00 daily (variance 0.0); sleep start varies within a 15-minute range (22:42-22:58).,Applies when repeated variability in bedtime or wake time is observed; non-applicable for a stable schedule.,"Supported contextual connection: data shows a highly consistent schedule, and item confirms stability itself is not a problem.",qwen3.8-max,c567e369ab67c84aff88e3ee20e844315fe39162561222e7611203c9cffb5c50,blinded-annotation-v2-shortrefs
C012,K018,0,labeled,0,labeled,0,labeled,True,False,PROVISIONAL_LLM_GOLD,"Sleep end time is exactly 07:00:00 every single day (variance 0.0, slope 0.0).",Requires inconsistent wake time with reported sleeping difficulties.,Wake time is perfectly consistent at 07:00; no sleeping difficulties reported. Conditions not met.,qwen3.8-max,c567e369ab67c84aff88e3ee20e844315fe39162561222e7611203c9cffb5c50,blinded-annotation-v2-shortrefs
C012,K019,1,labeled,1,labeled,0,labeled,False,False,PROVISIONAL_LLM_GOLD,"Sleep end is exactly 07:00 every day (variance 0.0); sleep start varies slightly (range 642-658 min from noon, variance ~25 min^2).",Applies when bedtime or wake time differs substantially between weekdays and weekends; non-applicable when similar.,"Supported contextual connection: wake time is identical and sleep start varies minimally, confirming weekday/weekend schedules are similar.",qwen3.8-max,c567e369ab67c84aff88e3ee20e844315fe39162561222e7611203c9cffb5c50,blinded-annotation-v2-shortrefs
C012,K020,0,labeled,0,labeled,0,labeled,True,False,PROVISIONAL_LLM_GOLD,Sleep start times are recorded (22:42-22:58) but pre-bed activities are unknown.,Requires information about pre-bed activities for targeted advice; non-applicable for assuming missing routine from timestamps.,Pre-bed activities unknown; timestamps alone do not reveal quiet time behavior.,qwen3.8-max,c567e369ab67c84aff88e3ee20e844315fe39162561222e7611203c9cffb5c50,blinded-annotation-v2-shortrefs
C012,K021,0,labeled,0,labeled,0,labeled,True,False,PROVISIONAL_LLM_GOLD,No screen or bright light exposure data is recorded.,Requires known bright-screen exposure shortly before bed.,Screen exposure unknown; item conditions not met.,qwen3.8-max,c567e369ab67c84aff88e3ee20e844315fe39162561222e7611203c9cffb5c50,blinded-annotation-v2-shortrefs
C012,K022,0,labeled,0,labeled,0,labeled,True,False,PROVISIONAL_LLM_GOLD,No caffeine timing or intake history is recorded.,Requires known afternoon or evening caffeine use with sleeping difficulty.,Caffeine history unknown; item conditions not met.,qwen3.8-max,c567e369ab67c84aff88e3ee20e844315fe39162561222e7611203c9cffb5c50,blinded-annotation-v2-shortrefs
C012,K023,0,labeled,0,labeled,0,labeled,True,False,PROVISIONAL_LLM_GOLD,No meal timing or size information is recorded.,Requires known large meal shortly before bed.,Meal information unknown; item conditions not met.,qwen3.8-max,c567e369ab67c84aff88e3ee20e844315fe39162561222e7611203c9cffb5c50,blinded-annotation-v2-shortrefs
C012,K024,0,labeled,0,labeled,0,labeled,True,False,PROVISIONAL_LLM_GOLD,No alcohol intake or timing is recorded.,Requires reported alcohol use near bedtime.,Alcohol exposure unknown; item conditions not met.,qwen3.8-max,c567e369ab67c84aff88e3ee20e844315fe39162561222e7611203c9cffb5c50,blinded-annotation-v2-shortrefs
C012,K025,0,labeled,0,labeled,0,labeled,True,False,PROVISIONAL_LLM_GOLD,No nicotine use or smoking history is recorded.,Requires established nicotine exposure.,Nicotine use unknown; item conditions not met.,qwen3.8-max,c567e369ab67c84aff88e3ee20e844315fe39162561222e7611203c9cffb5c50,blinded-annotation-v2-shortrefs
C012,K026,0,labeled,0,labeled,0,labeled,True,False,PROVISIONAL_LLM_GOLD,"No bedroom light, noise, or temperature data is recorded.",Requires known disruptive bedroom environment.,Bedroom environment unknown; item conditions not met.,qwen3.8-max,c567e369ab67c84aff88e3ee20e844315fe39162561222e7611203c9cffb5c50,blinded-annotation-v2-shortrefs
C012,K027,0,labeled,0,labeled,0,labeled,True,False,PROVISIONAL_LLM_GOLD,"No relaxation practices, stress reports, or pre-bed routine requests are recorded.",Requires reported difficulty relaxing or a request for routine options.,No relaxation context or request recorded; cannot infer stress from wearable signals.,qwen3.8-max,c567e369ab67c84aff88e3ee20e844315fe39162561222e7611203c9cffb5c50,blinded-annotation-v2-shortrefs
C012,K028,0,labeled,0,labeled,0,labeled,True,False,PROVISIONAL_LLM_GOLD,No nap durations or occurrences are recorded in the data.,Requires recorded or reported adult naps.,Nap history unknown; item conditions not met.,qwen3.8-max,c567e369ab67c84aff88e3ee20e844315fe39162561222e7611203c9cffb5c50,blinded-annotation-v2-shortrefs
C012,K029,0,labeled,0,labeled,0,labeled,True,False,PROVISIONAL_LLM_GOLD,No shift work schedule or rotating shifts are indicated.,Requires confirmed changing work shifts and disrupted sleep schedule.,Shift work context unknown; item conditions not met.,qwen3.8-max,c567e369ab67c84aff88e3ee20e844315fe39162561222e7611203c9cffb5c50,blinded-annotation-v2-shortrefs
C012,K030,0,labeled,0,labeled,0,labeled,True,False,PROVISIONAL_LLM_GOLD,No shift work schedule is indicated in the data.,Requires established shift work and lighting context.,Shift work unknown; item conditions not met.,qwen3.8-max,c567e369ab67c84aff88e3ee20e844315fe39162561222e7611203c9cffb5c50,blinded-annotation-v2-shortrefs
C012,K031,0,labeled,0,labeled,0,labeled,True,False,PROVISIONAL_LLM_GOLD,No shift work schedule or caffeine intake timing is recorded.,Requires shift worker using caffeine with known shift schedule.,Shift work and caffeine context unknown; item conditions not met.,qwen3.8-max,c567e369ab67c84aff88e3ee20e844315fe39162561222e7611203c9cffb5c50,blinded-annotation-v2-shortrefs
C012,K032,0,labeled,0,labeled,0,labeled,True,False,PROVISIONAL_LLM_GOLD,"All sleep periods are overnight (start ~22:50, end 07:00); no daytime sleep or shift work is recorded.",Requires daytime sleep associated with confirmed shift work.,Only ordinary overnight sleep recorded; no shift work context.,qwen3.8-max,c567e369ab67c84aff88e3ee20e844315fe39162561222e7611203c9cffb5c50,blinded-annotation-v2-shortrefs
C012,K033,0,labeled,0,labeled,0,labeled,True,False,PROVISIONAL_LLM_GOLD,"Sleep pattern is highly stable (duration variance ~25 min^2 baseline, ~16 min^2 window); no awakenings or naps recorded.",Requires a changed or variable sleep pattern needing review; non-applicable for inventing unrecorded events.,Sleep pattern is stable; no diary data or unrecorded events to track. Generic advice without specific connection.,qwen3.8-max,c567e369ab67c84aff88e3ee20e844315fe39162561222e7611203c9cffb5c50,blinded-annotation-v2-shortrefs
C012,K034,0,labeled,0,labeled,0,labeled,True,False,PROVISIONAL_LLM_GOLD,"Sleep duration is consistently ~470 minutes (~7.8h), meeting adult recommendations across all 42 days.",Requires several shortened nights rather than a single isolated reading.,No repeated sleep restriction observed; sleep is adequate. Conditions not met.,qwen3.8-max,c567e369ab67c84aff88e3ee20e844315fe39162561222e7611203c9cffb5c50,blinded-annotation-v2-shortrefs
C012,K035,0,labeled,0,labeled,0,labeled,True,False,PROVISIONAL_LLM_GOLD,"Weekend sleep duration mean is 468.25 min vs weekday 471.6 min in window; weekend is slightly shorter, not longer.",Requires longer sleep and later timing on days off compared to workdays.,Weekend sleep is actually slightly shorter in window; no extra sleep on days off observed. Condition contradicted.,qwen3.8-max,c567e369ab67c84aff88e3ee20e844315fe39162561222e7611203c9cffb5c50,blinded-annotation-v2-shortrefs
C012,K036,0,labeled,0,labeled,0,labeled,True,False,PROVISIONAL_LLM_GOLD,No nap durations or occurrences are recorded in the data.,Requires recorded naps after shortened night-time sleep.,Nap history unknown; item conditions not met.,qwen3.8-max,c567e369ab67c84aff88e3ee20e844315fe39162561222e7611203c9cffb5c50,blinded-annotation-v2-shortrefs
C012,K037,0,labeled,0,labeled,0,labeled,True,False,PROVISIONAL_LLM_GOLD,No reported bad nights or sleeping difficulties; wake time is perfectly consistent at 07:00.,Requires recent bad night and reported sleeping difficulties or insomnia symptoms.,Only device estimates available; no reported sleeping difficulty. Conditions not met.,qwen3.8-max,c567e369ab67c84aff88e3ee20e844315fe39162561222e7611203c9cffb5c50,blinded-annotation-v2-shortrefs
C012,K038,0,labeled,0,labeled,0,labeled,True,False,PROVISIONAL_LLM_GOLD,Only 14-day window and 28-day baseline of device sleep estimates; no symptom history or reported difficulties.,Requires reported sleeping difficulties with known duration and symptom history.,Cannot diagnose insomnia from estimated sleep hours alone; no symptoms reported.,qwen3.8-max,c567e369ab67c84aff88e3ee20e844315fe39162561222e7611203c9cffb5c50,blinded-annotation-v2-shortrefs
C012,K039,0,labeled,0,labeled,0,labeled,True,False,PROVISIONAL_LLM_GOLD,"No travel history, flights, or destination time zones are recorded.",Requires confirmed travel across time zones.,Travel context unknown; item conditions not met.,qwen3.8-max,c567e369ab67c84aff88e3ee20e844315fe39162561222e7611203c9cffb5c50,blinded-annotation-v2-shortrefs
C012,K040,0,labeled,0,labeled,0,labeled,True,False,PROVISIONAL_LLM_GOLD,"No travel, flight, or time-zone change context is recorded.",Requires a short trip across time zones.,Travel context unknown; item conditions not met.,qwen3.8-max,c567e369ab67c84aff88e3ee20e844315fe39162561222e7611203c9cffb5c50,blinded-annotation-v2-shortrefs
C012,K041,0,labeled,0,labeled,0,labeled,True,False,PROVISIONAL_LLM_GOLD,Steps and activity duration are stable; intensity is unknown for all intervals.,Requires low or declining movement; non-applicable for equating steps with guideline compliance.,Activity levels are stable and not low; generic guideline without specific connection to observed patterns.,qwen3.8-max,c567e369ab67c84aff88e3ee20e844315fe39162561222e7611203c9cffb5c50,blinded-annotation-v2-shortrefs
C012,K042,0,labeled,0,labeled,0,labeled,True,False,PROVISIONAL_LLM_GOLD,"Activity duration is stable (mean 55.2 min baseline, 57.8 min window); no inactivity observed.",Requires recently low or reduced physical activity.,No inactivity or reduced activity observed; item conditions not met.,qwen3.8-max,c567e369ab67c84aff88e3ee20e844315fe39162561222e7611203c9cffb5c50,blinded-annotation-v2-shortrefs
C012,K043,0,labeled,0,labeled,0,labeled,True,False,PROVISIONAL_LLM_GOLD,Activity duration is recorded (mean ~56 min/day) but all intensities are 'unknown'.,Requires known moderate-intensity aerobic minutes; non-applicable when only unspecified active minutes are available.,Intensity unknown across all observations; cannot determine if moderate-intensity target is met.,qwen3.8-max,c567e369ab67c84aff88e3ee20e844315fe39162561222e7611203c9cffb5c50,blinded-annotation-v2-shortrefs
C012,K044,0,labeled,0,labeled,0,labeled,True,False,PROVISIONAL_LLM_GOLD,All activity intervals have intensity 'unknown'.,Requires known vigorous intensity; non-applicable when intensity is unknown.,Intensity unknown; cannot apply vigorous activity targets.,qwen3.8-max,c567e369ab67c84aff88e3ee20e844315fe39162561222e7611203c9cffb5c50,blinded-annotation-v2-shortrefs
C012,K045,0,labeled,0,labeled,0,labeled,True,False,PROVISIONAL_LLM_GOLD,Activity duration is stable (mean ~56 min); no reduced activity or limited session opportunities are observed.,Requires reduced activity or limited opportunities for long sessions; non-applicable for assuming every active minute is moderate.,No reduced activity observed; cannot assume every recorded active minute is moderate intensity.,qwen3.8-max,c567e369ab67c84aff88e3ee20e844315fe39162561222e7611203c9cffb5c50,blinded-annotation-v2-shortrefs
C012,K046,1,labeled,1,labeled,0,labeled,False,False,PROVISIONAL_LLM_GOLD,Only steps and activity duration are recorded; no muscle-strengthening activity logs exist.,Applies when a strengthening routine is being reviewed; non-applicable when only step/movement counts are available.,"Supported contextual connection: step counts and active minutes do not show whether strengthening occurred, which is relevant given only these metrics exist.",qwen3.8-max,c567e369ab67c84aff88e3ee20e844315fe39162561222e7611203c9cffb5c50,blinded-annotation-v2-shortrefs
C012,K047,0,labeled,0,labeled,0,labeled,True,False,PROVISIONAL_LLM_GOLD,Activity intensity is 'unknown' for all intervals; weekly moderate/vigorous totals cannot be calculated.,Requires documented aerobic activity already reaching the adult guideline with known intensity.,Intensity unknown; guideline attainment unverified. Conditions not met.,qwen3.8-max,c567e369ab67c84aff88e3ee20e844315fe39162561222e7611203c9cffb5c50,blinded-annotation-v2-shortrefs
C012,K048,1,labeled,1,labeled,1,labeled,True,False,PROVISIONAL_LLM_GOLD,All activity intervals have intensity labeled 'unknown'; steps and active minutes are recorded without effort data.,Applies when activity intensity needs interpretation; non-applicable for inferring intensity from steps alone.,Supported contextual connection: directly explains why intensity cannot be assigned from the recorded movement totals with unknown intensity.,qwen3.8-max,c567e369ab67c84aff88e3ee20e844315fe39162561222e7611203c9cffb5c50,blinded-annotation-v2-shortrefs
C012,K049,0,labeled,0,labeled,0,labeled,True,False,PROVISIONAL_LLM_GOLD,All activity intervals have intensity 'unknown'; no breathing or talk-test observations exist.,Requires observed effort during aerobic activity.,Effort and aerobic context unrecorded; item conditions not met.,qwen3.8-max,c567e369ab67c84aff88e3ee20e844315fe39162561222e7611203c9cffb5c50,blinded-annotation-v2-shortrefs
C012,K050,1,labeled,1,labeled,1,labeled,True,False,PROVISIONAL_LLM_GOLD,Steps mean decreased slightly (-31.6) while activity duration mean increased (+2.6 min) from baseline to window.,Applies when steps change while other activity may differ; non-applicable for concluding total exercise from steps alone.,"Supported contextual connection: illustrates that steps alone may miss non-step exercise intensity, matching the divergent trends.",qwen3.8-max,c567e369ab67c84aff88e3ee20e844315fe39162561222e7611203c9cffb5c50,blinded-annotation-v2-shortrefs
C012,K051,0,labeled,0,labeled,0,labeled,True,False,PROVISIONAL_LLM_GOLD,"Steps are stable (baseline mean 8039, window mean 8008); activity duration slightly increased.",Requires low or declining routine movement; mobility context needed.,Movement is stable and not low or declining. Item conditions not met.,qwen3.8-max,c567e369ab67c84aff88e3ee20e844315fe39162561222e7611203c9cffb5c50,blinded-annotation-v2-shortrefs
C012,K052,0,labeled,0,labeled,0,labeled,True,False,PROVISIONAL_LLM_GOLD,"No personal preferences, locations, or availability constraints are recorded.",Requires personal preferences and availability for choosing individualized options.,Preferences and availability unknown; generic advice not specifically informative.,qwen3.8-max,c567e369ab67c84aff88e3ee20e844315fe39162561222e7611203c9cffb5c50,blinded-annotation-v2-shortrefs
C012,K053,0,labeled,0,labeled,0,labeled,True,False,PROVISIONAL_LLM_GOLD,"No social preferences, motivational barriers, or requests for support are recorded.",Requires social preferences or reported motivational barrier.,No evidence of motivational or social barrier; item conditions not met.,qwen3.8-max,c567e369ab67c84aff88e3ee20e844315fe39162561222e7611203c9cffb5c50,blinded-annotation-v2-shortrefs
C012,K054,0,labeled,0,labeled,0,labeled,True,False,PROVISIONAL_LLM_GOLD,Steps and activity are stable; no reported time barrier exists.,Requires low activity with a reported time barrier.,No time barrier reported; assuming one from stable data violates constraints.,qwen3.8-max,c567e369ab67c84aff88e3ee20e844315fe39162561222e7611203c9cffb5c50,blinded-annotation-v2-shortrefs
C012,K055,0,labeled,0,labeled,0,labeled,True,False,PROVISIONAL_LLM_GOLD,No schedule constraints or competing demands reducing activity are recorded.,Requires reported competing demands that reduce activity and known schedule constraints.,Schedule reason unknown; item conditions not met.,qwen3.8-max,c567e369ab67c84aff88e3ee20e844315fe39162561222e7611203c9cffb5c50,blinded-annotation-v2-shortrefs
C012,K056,0,labeled,0,labeled,0,labeled,True,False,PROVISIONAL_LLM_GOLD,"No chronic health problems, disabilities, or special needs are documented in the data.","Requires established chronic condition, disability, or special need.",Medical context unknown; item conditions not met.,qwen3.8-max,c567e369ab67c84aff88e3ee20e844315fe39162561222e7611203c9cffb5c50,blinded-annotation-v2-shortrefs
C012,K057,1,labeled,1,labeled,1,labeled,True,False,PROVISIONAL_LLM_GOLD,"Daytime low movement occurs in ~45-minute blocks separated by ~5-minute gaps (e.g., 10:00-10:46, 10:51-11:37) during 720 min wear.",Applies to long uninterrupted daytime low-movement intervals with adequate wear; non-applicable for sleep/non-wear.,"Supported contextual connection: data shows repeated daytime low-movement blocks interrupted by brief gaps, relevant for evaluating continuous periods.",qwen3.8-max,c567e369ab67c84aff88e3ee20e844315fe39162561222e7611203c9cffb5c50,blinded-annotation-v2-shortrefs
C012,K058,1,labeled,1,labeled,1,labeled,True,False,PROVISIONAL_LLM_GOLD,Daily activity duration (mean ~56 min) coexists with substantial low movement minutes (mean ~450 min) during 720 min daytime wear.,Applies when recorded activity coexists with substantial low-movement periods; non-applicable for assuming low-movement proves sitting.,"Supported contextual connection: activity coexists with substantial low-movement periods, illustrating they are separate behaviors.",qwen3.8-max,c567e369ab67c84aff88e3ee20e844315fe39162561222e7611203c9cffb5c50,blinded-annotation-v2-shortrefs
C012,K059,1,labeled,1,labeled,0,labeled,False,False,PROVISIONAL_LLM_GOLD,Daily low movement minutes average ~450 min out of 720 min daytime wear across all 42 days.,Applies to substantial or increasing daily low movement; non-applicable for non-wear recorded as no movement.,"Supported contextual connection: substantial daily low movement is observed, making total sedentary-reduction advice contextually relevant even without confirmed sitting.",qwen3.8-max,c567e369ab67c84aff88e3ee20e844315fe39162561222e7611203c9cffb5c50,blinded-annotation-v2-shortrefs
C012,K060,0,labeled,0,labeled,0,labeled,True,False,PROVISIONAL_LLM_GOLD,"No commuting, transport, or journey context is recorded.",Requires established sedentary commuting with transport and safety context.,Commute context unknown; item conditions not met.,qwen3.8-max,c567e369ab67c84aff88e3ee20e844315fe39162561222e7611203c9cffb5c50,blinded-annotation-v2-shortrefs
C012,K061,0,labeled,0,labeled,0,labeled,True,False,PROVISIONAL_LLM_GOLD,"No workplace layout, desk work, or colleague interaction context is recorded.",Requires desk work with prolonged sitting and workplace ability to walk.,Work context unknown; item conditions not met.,qwen3.8-max,c567e369ab67c84aff88e3ee20e844315fe39162561222e7611203c9cffb5c50,blinded-annotation-v2-shortrefs
C012,K062,0,labeled,0,labeled,0,labeled,True,False,PROVISIONAL_LLM_GOLD,"No workplace, meeting, or desk work context is recorded.",Requires meetings or desk work involving prolonged sitting with workplace context.,Workplace context unknown; item conditions not met.,qwen3.8-max,c567e369ab67c84aff88e3ee20e844315fe39162561222e7611203c9cffb5c50,blinded-annotation-v2-shortrefs
C012,K063,0,labeled,0,labeled,0,labeled,True,False,PROVISIONAL_LLM_GOLD,No television viewing or screen-related sitting habits are recorded.,Requires prolonged sitting while watching television.,Screen habits unknown; item conditions not met.,qwen3.8-max,c567e369ab67c84aff88e3ee20e844315fe39162561222e7611203c9cffb5c50,blinded-annotation-v2-shortrefs
C012,K064,0,labeled,0,labeled,0,labeled,True,False,PROVISIONAL_LLM_GOLD,"No leisure context, preferences, or seated habits are recorded beyond device low-movement intervals.",Requires substantial habitual seated leisure and routine context.,Leisure context unknown; item conditions not met.,qwen3.8-max,c567e369ab67c84aff88e3ee20e844315fe39162561222e7611203c9cffb5c50,blinded-annotation-v2-shortrefs
C012,K065,1,labeled,1,labeled,1,labeled,True,False,PROVISIONAL_LLM_GOLD,Daily steps (mean ~8000) and activity duration (mean ~56 min) are recorded alongside low movement minutes (mean ~450 min).,Applies when low everyday movement despite possible formal exercise is observable; non-applicable for counting unworn periods.,Supported contextual connection distinguishing recorded active minutes/steps from general everyday movement and low-movement periods.,qwen3.8-max,c567e369ab67c84aff88e3ee20e844315fe39162561222e7611203c9cffb5c50,blinded-annotation-v2-shortrefs
C012,K066,0,labeled,0,labeled,0,labeled,True,False,PROVISIONAL_LLM_GOLD,No workday lunch-break context or schedule is recorded.,Requires daytime low movement with known workday lunch-break context.,Workday and lunch-break context unknown; item conditions not met.,qwen3.8-max,c567e369ab67c84aff88e3ee20e844315fe39162561222e7611203c9cffb5c50,blinded-annotation-v2-shortrefs
C012,K067,0,labeled,0,labeled,0,labeled,True,False,PROVISIONAL_LLM_GOLD,"No stair access, mobility, or incidental movement context is recorded.",Requires low incidental movement with accessible stairs and safe mobility.,Stair and mobility context unknown; item conditions not met.,qwen3.8-max,c567e369ab67c84aff88e3ee20e844315fe39162561222e7611203c9cffb5c50,blinded-annotation-v2-shortrefs
C012,K068,2,labeled,2,labeled,2,labeled,True,False,PROVISIONAL_LLM_GOLD,"Low movement minutes are recorded daily (mean ~450 min) in ~45-min blocks, but posture is not measured.",Applies when low-movement intervals are available without posture measurement; non-applicable for treating them as confirmed sitting.,Core directly explains that the recorded low-movement estimates should not be relabelled as confirmed sedentary sitting.,qwen3.8-max,c567e369ab67c84aff88e3ee20e844315fe39162561222e7611203c9cffb5c50,blinded-annotation-v2-shortrefs
C012,K069,1,labeled,1,labeled,0,labeled,False,False,PROVISIONAL_LLM_GOLD,"Activity duration and sleep duration are both recorded daily; paired correlation is weak (r=0.17 baseline, r=-0.14 window).",Applies when activity and sleep patterns are available for joint review; non-applicable for declaring causal effects.,"Supported contextual connection for joint review of activity and sleep, though causation cannot be declared from these observations.",qwen3.8-max,c567e369ab67c84aff88e3ee20e844315fe39162561222e7611203c9cffb5c50,blinded-annotation-v2-shortrefs
C012,K070,0,labeled,0,labeled,0,labeled,True,False,PROVISIONAL_LLM_GOLD,"Activity duration is stable (baseline mean 55.2 min, window mean 57.8 min); sleep start varies within a narrow range.",Requires low daytime activity accompanying a changed sleep routine; outdoor access context unknown.,No low activity or changed sleep routine observed. Generic advice with no specific connection to the data.,qwen3.8-max,c567e369ab67c84aff88e3ee20e844315fe39162561222e7611203c9cffb5c50,blinded-annotation-v2-shortrefs
C012,K071,1,labeled,1,labeled,1,labeled,True,False,PROVISIONAL_LLM_GOLD,"Activity intervals consistently occur 21:00-22:00, approximately 1-2 hours before sleep start (22:42-22:58); intensity is 'unknown'.",Applies when activity occurs close to bedtime; requires known intensity to apply intense-exercise advice directly.,"Supported contextual connection: late activity occurs near bedtime, but unknown intensity prevents direct application of intense-exercise advice.",qwen3.8-max,c567e369ab67c84aff88e3ee20e844315fe39162561222e7611203c9cffb5c50,blinded-annotation-v2-shortrefs
C012,K072,0,labeled,0,labeled,0,labeled,True,False,PROVISIONAL_LLM_GOLD,Only movement timestamps and sleep start times are recorded; no insomnia symptoms are reported.,Requires exercise near bedtime with reported insomnia symptoms and exercise/insomnia history.,No insomnia symptoms reported; temporal adjacency alone does not meet conditions.,qwen3.8-max,c567e369ab67c84aff88e3ee20e844315fe39162561222e7611203c9cffb5c50,blinded-annotation-v2-shortrefs
C012,K073,1,labeled,1,labeled,1,labeled,True,False,PROVISIONAL_LLM_GOLD,Activity intervals occur at 21:00-22:00 and sleep starts between 22:42 and 22:58 daily.,Applies when activity timing and subsequent sleep are being compared; requires activity intervals for timing comparisons.,"Supported contextual connection: data includes both late activity intervals and sleep start times, enabling temporal comparison.",qwen3.8-max,c567e369ab67c84aff88e3ee20e844315fe39162561222e7611203c9cffb5c50,blinded-annotation-v2-shortrefs
C012,K074,0,labeled,0,labeled,0,labeled,True,False,PROVISIONAL_LLM_GOLD,No emergency-response deployment context is indicated in the data.,Requires confirmed emergency-response deployment context.,Deployment context unknown; item explicitly non-applicable.,qwen3.8-max,c567e369ab67c84aff88e3ee20e844315fe39162561222e7611203c9cffb5c50,blinded-annotation-v2-shortrefs
C012,K075,0,labeled,0,labeled,0,labeled,True,False,PROVISIONAL_LLM_GOLD,No subjective tiredness or energy history is recorded in the wearable data.,Requires reported tiredness limiting activity and subjective energy pattern.,Tiredness and energy context unknown; item conditions not met.,qwen3.8-max,c567e369ab67c84aff88e3ee20e844315fe39162561222e7611203c9cffb5c50,blinded-annotation-v2-shortrefs
C012,K076,0,labeled,0,labeled,0,labeled,True,False,PROVISIONAL_LLM_GOLD,"No alcohol, caffeine, or medication records exist in the data.",Requires substance and medication history for causal interpretation of sleep/activity relationships.,Substance and medication context unknown; cannot assume unrecorded exposures occurred.,qwen3.8-max,c567e369ab67c84aff88e3ee20e844315fe39162561222e7611203c9cffb5c50,blinded-annotation-v2-shortrefs
C012,K077,2,labeled,2,labeled,1,labeled,False,False,PROVISIONAL_LLM_GOLD,"Daily resting heart rate is recorded (mean ~56 bpm, variance <1 bpm^2) across all 42 days.",Applies when resting heart rate observations are available; defines RHR as beats per minute while still and well rested.,Core directly explains the specific RHR metric definition applied to the consistently observed resting heart rate data.,qwen3.8-max,c567e369ab67c84aff88e3ee20e844315fe39162561222e7611203c9cffb5c50,blinded-annotation-v2-shortrefs
C012,K078,2,labeled,2,labeled,1,labeled,False,False,PROVISIONAL_LLM_GOLD,Daily resting heart rate (mean ~56 bpm) is recorded; no separate sleeping heart rate metric is provided.,Applies when a daily resting heart-rate trend is being interpreted; non-applicable for mixing sleeping and resting series.,"Core directly explains the distinction between the recorded daily RHR metric and sleeping heart rate, preventing misinterpretation.",qwen3.8-max,c567e369ab67c84aff88e3ee20e844315fe39162561222e7611203c9cffb5c50,blinded-annotation-v2-shortrefs
C012,K079,1,labeled,1,labeled,1,labeled,True,False,PROVISIONAL_LLM_GOLD,"RHR alternates between 55, 56, and 57 bpm daily with no exposure or symptom data to attribute cause.",Applies when RHR changes relative to previous readings; non-applicable for inferring stress/infection from rise alone.,"Supported contextual connection explaining multiple factors influence RHR, preventing single-cause inference from the minor fluctuations.",qwen3.8-max,c567e369ab67c84aff88e3ee20e844315fe39162561222e7611203c9cffb5c50,blinded-annotation-v2-shortrefs
C012,K080,2,labeled,2,labeled,1,labeled,False,False,PROVISIONAL_LLM_GOLD,Both HRV RMSSD (mean 40.0 ms both periods) and RHR (mean ~56 bpm) are recorded nightly for the same sleep periods.,Applies when HRV and heart-rate estimates are being interpreted together; non-applicable if treating HRV as average heart rate.,Core directly explains that the two distinct metrics present in the data (RMSSD and RHR) measure different physiological quantities.,qwen3.8-max,c567e369ab67c84aff88e3ee20e844315fe39162561222e7611203c9cffb5c50,blinded-annotation-v2-shortrefs
C012,K081,2,labeled,2,labeled,1,labeled,False,False,PROVISIONAL_LLM_GOLD,HRV RMSSD fluctuates daily (26-54 ms) with adjacent mean absolute delta of ~13 ms baseline and ~12 ms window.,Applies when an HRV level or trend is being reviewed; explains HRV differs between people and is influenced by multiple factors.,Core directly explains why the observed absolute HRV values fluctuate and should not be universally judged as abnormal.,qwen3.8-max,c567e369ab67c84aff88e3ee20e844315fe39162561222e7611203c9cffb5c50,blinded-annotation-v2-shortrefs
C012,K082,2,labeled,2,labeled,1,labeled,False,False,PROVISIONAL_LLM_GOLD,"Derived statistics use a 28-day baseline to compute means, variances, and slopes compared against a 14-day window.",Applies when a vital has changed from a recent personal baseline; requires sufficient same-metric personal history.,Core directly explains the personal range methodology underlying the derived baseline-to-window comparison statistics.,qwen3.8-max,c567e369ab67c84aff88e3ee20e844315fe39162561222e7611203c9cffb5c50,blinded-annotation-v2-shortrefs
C012,K083,2,labeled,2,labeled,1,labeled,False,False,PROVISIONAL_LLM_GOLD,"RHR is recorded daily for 42 consecutive days (mean ~56 bpm, variance <1 bpm^2), enabling multi-week trend review.",Applies when repeated resting heart-rate readings or a recent change are available; non-applicable for single readings.,Core directly explains the value of reviewing the available multi-week RHR series as a trend rather than isolated daily values.,qwen3.8-max,c567e369ab67c84aff88e3ee20e844315fe39162561222e7611203c9cffb5c50,blinded-annotation-v2-shortrefs
C012,K084,2,labeled,2,labeled,2,labeled,True,False,PROVISIONAL_LLM_GOLD,HRV RMSSD values range 26-54 ms across baseline and window with no missing nights.,Applies when an HRV trend is available for wellness monitoring; non-applicable for diagnosing conditions from HRV.,"Core directly explains that the observed HRV RMSSD data are wellness observations, not diagnostic indicators.",qwen3.8-max,c567e369ab67c84aff88e3ee20e844315fe39162561222e7611203c9cffb5c50,blinded-annotation-v2-shortrefs
C012,K085,2,labeled,2,labeled,2,labeled,True,False,PROVISIONAL_LLM_GOLD,The HRV metric recorded is explicitly 'hrv_rmssd_ms' with metadata noting 'night RMSSD'.,Applies when HRV records identify RMSSD as their metric; requires metric formula established.,Core directly explains the specific RMSSD metric definition used in the recorded HRV observations.,qwen3.8-max,c567e369ab67c84aff88e3ee20e844315fe39162561222e7611203c9cffb5c50,blinded-annotation-v2-shortrefs
C012,K086,2,labeled,2,labeled,2,labeled,True,False,PROVISIONAL_LLM_GOLD,Nighttime coverage is 482-498 minutes (>3 hours) every night; HRV RMSSD is recorded for all 42 days with 0 missing.,Applies when overnight HRV estimates are compared; requires compatible collection definition and sleep coverage >3 hours.,Core directly explains the device-specific collection rule matching the observed adequate nightly coverage producing complete HRV data.,qwen3.8-max,c567e369ab67c84aff88e3ee20e844315fe39162561222e7611203c9cffb5c50,blinded-annotation-v2-shortrefs
C012,K087,0,labeled,0,labeled,0,labeled,True,False,PROVISIONAL_LLM_GOLD,"Only sleep duration, start, and end times are recorded; no sleep-stage data exists.",Requires sleep-stage measurements varying between nights.,Only duration and timing available; no stage data to review. Conditions not met.,qwen3.8-max,c567e369ab67c84aff88e3ee20e844315fe39162561222e7611203c9cffb5c50,blinded-annotation-v2-shortrefs
C012,K088,0,labeled,0,labeled,0,labeled,True,False,PROVISIONAL_LLM_GOLD,No health concerns or symptoms are reported in the data.,Requires reported health concerns or symptoms about a vital trend.,No health concerns reported; generic guidance without specific connection.,qwen3.8-max,c567e369ab67c84aff88e3ee20e844315fe39162561222e7611203c9cffb5c50,blinded-annotation-v2-shortrefs
C012,K089,0,labeled,0,labeled,0,labeled,True,False,PROVISIONAL_LLM_GOLD,RHR and HRV are recorded consistently every day with no gaps or erratic jumps suggesting fit problems.,Requires heart-rate readings that may be unreliable or wear quality changes.,No evidence of fit problems or unreliable readings; item conditions not triggered.,qwen3.8-max,c567e369ab67c84aff88e3ee20e844315fe39162561222e7611203c9cffb5c50,blinded-annotation-v2-shortrefs
C012,K090,1,labeled,1,labeled,1,labeled,True,False,PROVISIONAL_LLM_GOLD,Daytime wear is exactly 720 minutes and nighttime coverage is 482-498 minutes every day.,Applies when overnight vitals have missing readings or uncertain coverage; requires separate night-time wear info.,Supported contextual connection confirming that both daytime and nighttime coverage requirements are met for valid overnight vitals.,qwen3.8-max,c567e369ab67c84aff88e3ee20e844315fe39162561222e7611203c9cffb5c50,blinded-annotation-v2-shortrefs
C012,K091,0,labeled,0,labeled,1,labeled,False,False,PROVISIONAL_LLM_GOLD,"All vitals have missing_count=0; nighttime coverage exceeds 480 minutes every night, well above 3 hours.",Applies when a vital is missing with limited night-time data.,No missing measurements; coverage is adequate throughout. Item conditions not triggered.,qwen3.8-max,c567e369ab67c84aff88e3ee20e844315fe39162561222e7611203c9cffb5c50,blinded-annotation-v2-shortrefs
C012,K092,0,labeled,0,labeled,0,labeled,True,False,PROVISIONAL_LLM_GOLD,All metrics have valid_count equal to period length with missing_count 0 throughout baseline and window.,Applies when vitals are missing or delayed due to device support/sync issues.,Data is complete with no missing vitals; item conditions not triggered.,qwen3.8-max,c567e369ab67c84aff88e3ee20e844315fe39162561222e7611203c9cffb5c50,blinded-annotation-v2-shortrefs
C012,K093,0,labeled,0,labeled,0,labeled,True,False,PROVISIONAL_LLM_GOLD,Metadata indicates a single 'synthetic common wearable' throughout; no device switch is documented.,Requires heart-rate series involving a device or algorithm change.,Same-device series documented; no device switch assumed. Conditions not met.,qwen3.8-max,c567e369ab67c84aff88e3ee20e844315fe39162561222e7611203c9cffb5c50,blinded-annotation-v2-shortrefs
C012,K094,2,labeled,2,labeled,1,labeled,False,False,PROVISIONAL_LLM_GOLD,Sleep duration (mean ~470 min) is estimated while nighttime coverage (mean ~490 min) represents the full recorded opportunity.,Applies when device-estimated sleep duration and sleep boundaries are available; explains estimated time asleep vs full period.,"Core directly explains that the recorded sleep duration is an estimate from classified sleep, distinct from the total coverage period.",qwen3.8-max,c567e369ab67c84aff88e3ee20e844315fe39162561222e7611203c9cffb5c50,blinded-annotation-v2-shortrefs
C012,K095,1,labeled,1,labeled,1,labeled,True,False,PROVISIONAL_LLM_GOLD,Nighttime coverage is 482-498 minutes every night with zero missing counts for sleep metrics.,Applies when sleep readings are absent with non-wear; non-applicable for treating non-wear as zero sleep.,Supported contextual connection confirming that complete overnight wear produced valid sleep records rather than missing data.,qwen3.8-max,c567e369ab67c84aff88e3ee20e844315fe39162561222e7611203c9cffb5c50,blinded-annotation-v2-shortrefs
C012,K096,1,labeled,1,labeled,1,labeled,True,False,PROVISIONAL_LLM_GOLD,Steps are recorded daily (mean ~8000) by a synthetic common wearable using accelerometer-based counting.,Applies when step readings change with possible measurement limitations; requires wear context and activity type.,Supported contextual connection explaining how step counts depend on device sensing and arm motion for this wearable.,qwen3.8-max,c567e369ab67c84aff88e3ee20e844315fe39162561222e7611203c9cffb5c50,blinded-annotation-v2-shortrefs
C013,K001,2,labeled,2,labeled,2,labeled,True,False,PROVISIONAL_LLM_GOLD,"Age band 18-60; sleep duration mean 469.7 min (7.8h) baseline, 478.2 min (8.0h) window.",Adults aged 18 to 60; sleep duration below recommendation triggers review.,"Core directly applies the correct age-specific sleep recommendation to the observed durations, confirming they meet the >=7h target.",qwen3.8-max,b8b36e3be76f9df43dd4fecf7913865223e057cc104db774b680e91214b382f1,blinded-annotation-v2-shortrefs
C013,K002,0,labeled,0,labeled,0,labeled,True,False,PROVISIONAL_LLM_GOLD,Age band is 18-60.,Requires age 61 to 64 established.,Subject age band 18-60 does not match the 61-64 target population.,qwen3.8-max,b8b36e3be76f9df43dd4fecf7913865223e057cc104db774b680e91214b382f1,blinded-annotation-v2-shortrefs
C013,K003,0,labeled,0,labeled,0,labeled,True,False,PROVISIONAL_LLM_GOLD,Age band is 18-60.,Requires age at least 65 established.,Subject age band 18-60 explicitly below the 65+ target population.,qwen3.8-max,b8b36e3be76f9df43dd4fecf7913865223e057cc104db774b680e91214b382f1,blinded-annotation-v2-shortrefs
C013,K004,0,labeled,0,labeled,0,labeled,True,False,PROVISIONAL_LLM_GOLD,"Age band is 18-60, not 13-17.",Requires teenage age group established.,"Subject is adult 18-60, explicitly outside the item's target population.",qwen3.8-max,b8b36e3be76f9df43dd4fecf7913865223e057cc104db774b680e91214b382f1,blinded-annotation-v2-shortrefs
C013,K005,0,labeled,0,labeled,0,labeled,True,False,PROVISIONAL_LLM_GOLD,Sleep duration is adequate (mean ~7.8-8.0h); no evidence of schedule constraint causing insufficient sleep.,Requires repeatedly shortened sleep opportunity or sleep duration; schedule constraint needed.,Sleep is not shortened. No evidence of schedule constraint causing insufficient sleep.,qwen3.8-max,b8b36e3be76f9df43dd4fecf7913865223e057cc104db774b680e91214b382f1,blinded-annotation-v2-shortrefs
C013,K006,0,labeled,0,labeled,0,labeled,True,False,PROVISIONAL_LLM_GOLD,Sleep duration mean ~7.8-8.0 hours; sufficient for age band 18-60.,Requires consistently short sleep even without new decline.,Sleep duration is sufficient and increased in window. Item explicitly non-applicable.,qwen3.8-max,b8b36e3be76f9df43dd4fecf7913865223e057cc104db774b680e91214b382f1,blinded-annotation-v2-shortrefs
C013,K007,1,labeled,1,labeled,1,labeled,True,False,PROVISIONAL_LLM_GOLD,"Sleep duration recorded nightly, but no sleep-onset difficulty, awakenings, or subjective refreshment data.",Sleep duration is recorded but sleep quality may be unknown; requires quality indicators to establish concern.,Directly relevant caution that observed duration data does not prove sleep quality.,qwen3.8-max,b8b36e3be76f9df43dd4fecf7913865223e057cc104db774b680e91214b382f1,blinded-annotation-v2-shortrefs
C013,K008,0,labeled,0,labeled,0,labeled,True,False,PROVISIONAL_LLM_GOLD,"Only sleep duration, start, and end are available; no awakening data.",Requires repeated awakenings documented or measured sleep continuity.,Awakening history unavailable. Item condition explicitly not met by current data.,qwen3.8-max,b8b36e3be76f9df43dd4fecf7913865223e057cc104db774b680e91214b382f1,blinded-annotation-v2-shortrefs
C013,K009,0,labeled,0,labeled,0,labeled,True,False,PROVISIONAL_LLM_GOLD,Sleep duration mean <8 hours; no subjective refreshment data recorded.,Requires more than eight hours of night-time sleep with reported lack of refreshment.,Conditions explicitly unmet. No refreshment complaints and sleep under 8h.,qwen3.8-max,b8b36e3be76f9df43dd4fecf7913865223e057cc104db774b680e91214b382f1,blinded-annotation-v2-shortrefs
C013,K010,0,labeled,0,labeled,0,labeled,True,False,PROVISIONAL_LLM_GOLD,Sleep is adequate (mean ~7.8-8.0h); no cognitive symptoms reported.,Requires repeatedly shortened sleep and symptoms to claim impairment.,Sleep not restricted; no symptoms reported. Conditions unmet.,qwen3.8-max,b8b36e3be76f9df43dd4fecf7913865223e057cc104db774b680e91214b382f1,blinded-annotation-v2-shortrefs
C013,K011,0,labeled,0,labeled,0,labeled,True,False,PROVISIONAL_LLM_GOLD,Sleep duration meets recommendations throughout both periods (min 462 min).,Requires several nights of reduced sleep duration.,No repeated sleep restriction observed. Sleep meets recommendations throughout.,qwen3.8-max,b8b36e3be76f9df43dd4fecf7913865223e057cc104db774b680e91214b382f1,blinded-annotation-v2-shortrefs
C013,K012,0,labeled,0,labeled,0,labeled,True,False,PROVISIONAL_LLM_GOLD,"Sleep duration mean 469.7 min baseline, 478.2 min window; meets adult recommendations.",Requires ongoing insufficient sleep.,No sleep deficiency observed. Conditions unmet.,qwen3.8-max,b8b36e3be76f9df43dd4fecf7913865223e057cc104db774b680e91214b382f1,blinded-annotation-v2-shortrefs
C013,K013,0,labeled,0,labeled,0,labeled,True,False,PROVISIONAL_LLM_GOLD,Sleep meets recommendations; no appetite or food intake data.,Requires repeated insufficient sleep and food intake information.,Sleep not insufficient; no appetite data. Conditions unmet.,qwen3.8-max,b8b36e3be76f9df43dd4fecf7913865223e057cc104db774b680e91214b382f1,blinded-annotation-v2-shortrefs
C013,K014,0,labeled,0,labeled,0,labeled,True,False,PROVISIONAL_LLM_GOLD,Sleepiness and driving context are both unknown.,Requires reported sleepiness and driving plans.,Safety advice depends on actual sleepiness and driving context. Not applicable.,qwen3.8-max,b8b36e3be76f9df43dd4fecf7913865223e057cc104db774b680e91214b382f1,blinded-annotation-v2-shortrefs
C013,K015,1,labeled,1,labeled,2,labeled,False,False,PROVISIONAL_LLM_GOLD,"Sleep duration mean 469.7 min (~7.8h) baseline, 478.2 min (~8.0h) window.",Adult sleep duration is being reviewed; individual experience needed to assess adequacy.,"Supported contextual connection for evaluating whether observed durations are adequate, though subjective experience is unknown.",qwen3.8-max,b8b36e3be76f9df43dd4fecf7913865223e057cc104db774b680e91214b382f1,blinded-annotation-v2-shortrefs
C013,K016,0,labeled,0,labeled,0,labeled,True,False,PROVISIONAL_LLM_GOLD,Two-week wearable window without reported sleeping difficulties.,Requires months-long sleeping difficulties or failed habit changes.,Brief record without reported problems. Explicitly non-applicable per item conditions.,qwen3.8-max,b8b36e3be76f9df43dd4fecf7913865223e057cc104db774b680e91214b382f1,blinded-annotation-v2-shortrefs
C013,K017,2,labeled,2,labeled,2,labeled,True,False,PROVISIONAL_LLM_GOLD,Sleep start variance increased from 17.9 to 5582.7; sleep end variance from 0 to 5625 in the window.,Repeated variability in bedtime or wake time is a reason to review routine consistency.,Core directly explains the dramatic increase in sleep timing variability observed in the window.,qwen3.8-max,b8b36e3be76f9df43dd4fecf7913865223e057cc104db774b680e91214b382f1,blinded-annotation-v2-shortrefs
C013,K018,0,labeled,0,labeled,0,labeled,True,False,PROVISIONAL_LLM_GOLD,"Wake times became variable in window, but no sleeping difficulties are reported.",Requires inconsistent wake time with reported sleeping difficulties.,Late stable/variable sleep pattern present but no reported sleeping difficulties. Conditions unmet.,qwen3.8-max,b8b36e3be76f9df43dd4fecf7913865223e057cc104db774b680e91214b382f1,blinded-annotation-v2-shortrefs
C013,K019,1,labeled,1,labeled,1,labeled,True,False,PROVISIONAL_LLM_GOLD,Sleep start variance increased from 17.9 (baseline) to 5582.7 (window); sleep end variance from 0 to 5625.,Bedtime or wake time differs substantially; calendar grouping does not itself establish workdays.,"Supported contextual connection regarding observed schedule variability, though actual workdays are unknown.",qwen3.8-max,b8b36e3be76f9df43dd4fecf7913865223e057cc104db774b680e91214b382f1,blinded-annotation-v2-shortrefs
C013,K020,0,labeled,0,labeled,0,labeled,True,False,PROVISIONAL_LLM_GOLD,Pre-bed activities are unknown; only timestamps recorded.,Requires information about pre-bed activities.,Timestamps alone do not reveal what someone did before bed. Conditions unmet.,qwen3.8-max,b8b36e3be76f9df43dd4fecf7913865223e057cc104db774b680e91214b382f1,blinded-annotation-v2-shortrefs
C013,K021,0,labeled,0,labeled,0,labeled,True,False,PROVISIONAL_LLM_GOLD,Screen exposure is unknown.,Requires known bright-screen exposure shortly before bed.,Screen exposure unknown. Cannot attribute sleep timing change to screens.,qwen3.8-max,b8b36e3be76f9df43dd4fecf7913865223e057cc104db774b680e91214b382f1,blinded-annotation-v2-shortrefs
C013,K022,0,labeled,0,labeled,0,labeled,True,False,PROVISIONAL_LLM_GOLD,Caffeine history is completely unknown.,Requires known afternoon or evening caffeine use with sleeping difficulty.,Caffeine history unknown. Cannot link to sleep timing observations.,qwen3.8-max,b8b36e3be76f9df43dd4fecf7913865223e057cc104db774b680e91214b382f1,blinded-annotation-v2-shortrefs
C013,K023,0,labeled,0,labeled,0,labeled,True,False,PROVISIONAL_LLM_GOLD,Meal timing and size are completely unknown.,Requires known large meal shortly before bed.,Meal information unknown. Cannot link to sleep observations.,qwen3.8-max,b8b36e3be76f9df43dd4fecf7913865223e057cc104db774b680e91214b382f1,blinded-annotation-v2-shortrefs
C013,K024,0,labeled,0,labeled,0,labeled,True,False,PROVISIONAL_LLM_GOLD,Alcohol exposure is unknown.,Requires alcohol use near bedtime reported.,Alcohol exposure unknown. Cannot link to sleep observations.,qwen3.8-max,b8b36e3be76f9df43dd4fecf7913865223e057cc104db774b680e91214b382f1,blinded-annotation-v2-shortrefs
C013,K025,0,labeled,0,labeled,0,labeled,True,False,PROVISIONAL_LLM_GOLD,Nicotine use is unknown.,Requires nicotine exposure established.,Nicotine use unknown. Cannot link stimulant effects to sleep observations.,qwen3.8-max,b8b36e3be76f9df43dd4fecf7913865223e057cc104db774b680e91214b382f1,blinded-annotation-v2-shortrefs
C013,K026,0,labeled,0,labeled,0,labeled,True,False,PROVISIONAL_LLM_GOLD,"Bedroom light, noise, and temperature are unknown.",Requires known disruptive bedroom environment.,Wearable data cannot establish bedroom conditions. Not applicable.,qwen3.8-max,b8b36e3be76f9df43dd4fecf7913865223e057cc104db774b680e91214b382f1,blinded-annotation-v2-shortrefs
C013,K027,0,labeled,0,labeled,0,labeled,True,False,PROVISIONAL_LLM_GOLD,No evidence of relaxation issues or request for routine options.,Requires reported difficulty relaxing or a request for routine options.,Optional routine advice has no concrete connection to observations.,qwen3.8-max,b8b36e3be76f9df43dd4fecf7913865223e057cc104db774b680e91214b382f1,blinded-annotation-v2-shortrefs
C013,K028,0,labeled,0,labeled,0,labeled,True,False,PROVISIONAL_LLM_GOLD,Nap history is unknown; no daytime sleep episodes recorded.,Requires nap duration or night-time sleep-onset difficulty.,Nap history unknown. Conditions unmet.,qwen3.8-max,b8b36e3be76f9df43dd4fecf7913865223e057cc104db774b680e91214b382f1,blinded-annotation-v2-shortrefs
C013,K029,0,labeled,0,labeled,0,labeled,True,False,PROVISIONAL_LLM_GOLD,"Variable sleep times in window, but shift work is unknown.",Requires confirmed shift-work schedule.,Variable sleep times alone do not prove rotating shifts. Conditions unmet.,qwen3.8-max,b8b36e3be76f9df43dd4fecf7913865223e057cc104db774b680e91214b382f1,blinded-annotation-v2-shortrefs
C013,K030,0,labeled,0,labeled,0,labeled,True,False,PROVISIONAL_LLM_GOLD,Shift work is not established in the data.,Requires shift work established.,Shift work unknown. Explicitly non-applicable.,qwen3.8-max,b8b36e3be76f9df43dd4fecf7913865223e057cc104db774b680e91214b382f1,blinded-annotation-v2-shortrefs
C013,K031,0,labeled,0,labeled,0,labeled,True,False,PROVISIONAL_LLM_GOLD,Shift work and caffeine use are unknown.,Requires shift worker using caffeine.,Required context absent. Not applicable.,qwen3.8-max,b8b36e3be76f9df43dd4fecf7913865223e057cc104db774b680e91214b382f1,blinded-annotation-v2-shortrefs
C013,K032,0,labeled,0,labeled,0,labeled,True,False,PROVISIONAL_LLM_GOLD,Only ordinary overnight/early morning sleep recorded; shift work not established.,Requires daytime sleep associated with shift work.,Only overnight sleep recorded. Shift work not established. Non-applicable.,qwen3.8-max,b8b36e3be76f9df43dd4fecf7913865223e057cc104db774b680e91214b382f1,blinded-annotation-v2-shortrefs
C013,K033,1,labeled,1,labeled,1,labeled,True,False,PROVISIONAL_LLM_GOLD,Sleep timing became highly variable in the window (variance increased dramatically).,A changed or variable sleep pattern needs review; awakenings and naps need separate records.,Supported contextual connection: variable sleep pattern makes diary advice relevant for tracking changes.,qwen3.8-max,b8b36e3be76f9df43dd4fecf7913865223e057cc104db774b680e91214b382f1,blinded-annotation-v2-shortrefs
C013,K034,0,labeled,0,labeled,0,labeled,True,False,PROVISIONAL_LLM_GOLD,Sleep duration meets recommendations throughout both periods (mean >460 min).,Requires several shortened nights rather than a single isolated reading.,No repeated sleep loss observed. Conditions unmet.,qwen3.8-max,b8b36e3be76f9df43dd4fecf7913865223e057cc104db774b680e91214b382f1,blinded-annotation-v2-shortrefs
C013,K035,0,labeled,0,labeled,0,labeled,True,False,PROVISIONAL_LLM_GOLD,Weekday vs weekend sleep duration difference is minimal (~3.5 min in window); actual workdays unknown.,Requires longer sleep and later timing on days off; actual workdays needed.,Calendar grouping does not establish workdays. Difference is minimal. Not meaningfully supported.,qwen3.8-max,b8b36e3be76f9df43dd4fecf7913865223e057cc104db774b680e91214b382f1,blinded-annotation-v2-shortrefs
C013,K036,0,labeled,0,labeled,0,labeled,True,False,PROVISIONAL_LLM_GOLD,Nap information is absent from the data.,Requires recorded naps after shortened night-time sleep.,Nap information absent. Item conditions cannot be evaluated.,qwen3.8-max,b8b36e3be76f9df43dd4fecf7913865223e057cc104db774b680e91214b382f1,blinded-annotation-v2-shortrefs
C013,K037,0,labeled,0,labeled,0,labeled,True,False,PROVISIONAL_LLM_GOLD,No reported sleeping difficulty or bad night; only device estimates.,Requires recent bad night and reported sleeping difficulties.,No reported sleeping difficulty. Device estimates alone insufficient per instructions.,qwen3.8-max,b8b36e3be76f9df43dd4fecf7913865223e057cc104db774b680e91214b382f1,blinded-annotation-v2-shortrefs
C013,K038,0,labeled,0,labeled,0,labeled,True,False,PROVISIONAL_LLM_GOLD,Only 14 days of device estimates; no symptom history.,Requires reported sleeping difficulties with known duration and symptom history.,Cannot diagnose insomnia from estimated sleep hours alone. Conditions unmet.,qwen3.8-max,b8b36e3be76f9df43dd4fecf7913865223e057cc104db774b680e91214b382f1,blinded-annotation-v2-shortrefs
C013,K039,0,labeled,0,labeled,0,labeled,True,False,PROVISIONAL_LLM_GOLD,Travel history is unknown; timezone is Asia/Shanghai throughout.,"Requires confirmed travel, destination time zone, and trip duration.",Timing change alone does not establish jet lag. Travel context unknown.,qwen3.8-max,b8b36e3be76f9df43dd4fecf7913865223e057cc104db774b680e91214b382f1,blinded-annotation-v2-shortrefs
C013,K040,0,labeled,0,labeled,0,labeled,True,False,PROVISIONAL_LLM_GOLD,Travel context is completely unknown.,Requires a short trip across time zones planned.,Travel context unknown. Conditions unmet.,qwen3.8-max,b8b36e3be76f9df43dd4fecf7913865223e057cc104db774b680e91214b382f1,blinded-annotation-v2-shortrefs
C013,K041,0,labeled,0,labeled,0,labeled,True,False,PROVISIONAL_LLM_GOLD,Activity duration is stable (~53 min/day); intensity is unknown.,Requires low or declining movement giving opportunity to add activity; intensity needed for guidelines.,Unknown activity intensity prevents applying guideline-related advice. Movement is stable.,qwen3.8-max,b8b36e3be76f9df43dd4fecf7913865223e057cc104db774b680e91214b382f1,blinded-annotation-v2-shortrefs
C013,K042,0,labeled,0,labeled,0,labeled,True,False,PROVISIONAL_LLM_GOLD,"Activity duration is consistent (~53 min/day), not recently low or reduced.",Requires recently low or reduced physical activity.,"Activity is consistent, not recently low or reduced. Conditions unmet.",qwen3.8-max,b8b36e3be76f9df43dd4fecf7913865223e057cc104db774b680e91214b382f1,blinded-annotation-v2-shortrefs
C013,K043,0,labeled,0,labeled,0,labeled,True,False,PROVISIONAL_LLM_GOLD,"Activity duration mean ~53 min/day, but all intensities are 'unknown'.",Requires moderate-intensity aerobic minutes documented.,Unknown activity intensity prevents applying guideline. Non-applicable per conditions.,qwen3.8-max,b8b36e3be76f9df43dd4fecf7913865223e057cc104db774b680e91214b382f1,blinded-annotation-v2-shortrefs
C013,K044,0,labeled,0,labeled,0,labeled,True,False,PROVISIONAL_LLM_GOLD,All activity intensities are 'unknown'.,Requires vigorous aerobic activity documented.,Intensity unknown. Explicitly non-applicable when intensity is unrecorded.,qwen3.8-max,b8b36e3be76f9df43dd4fecf7913865223e057cc104db774b680e91214b382f1,blinded-annotation-v2-shortrefs
C013,K045,0,labeled,0,labeled,0,labeled,True,False,PROVISIONAL_LLM_GOLD,Activity levels are stable; intensity is unknown.,Requires reduced activity or limited opportunities; intensity required for counting guideline minutes.,Intensity unknown prevents applying guideline-minute advice. Activity is stable.,qwen3.8-max,b8b36e3be76f9df43dd4fecf7913865223e057cc104db774b680e91214b382f1,blinded-annotation-v2-shortrefs
C013,K046,0,labeled,0,labeled,0,labeled,True,False,PROVISIONAL_LLM_GOLD,Only step and generic movement counts available; no strengthening records.,Requires strengthening activity records including days and muscle groups.,Only step/movement counts available. Item explicitly non-applicable.,qwen3.8-max,b8b36e3be76f9df43dd4fecf7913865223e057cc104db774b680e91214b382f1,blinded-annotation-v2-shortrefs
C013,K047,0,labeled,0,labeled,0,labeled,True,False,PROVISIONAL_LLM_GOLD,Activity intensity is unknown throughout the record.,Requires documented aerobic activity reaching adult guideline with known intensity.,Unknown intensity prevents verifying guideline attainment. Conditions unmet.,qwen3.8-max,b8b36e3be76f9df43dd4fecf7913865223e057cc104db774b680e91214b382f1,blinded-annotation-v2-shortrefs
C013,K048,0,labeled,0,labeled,0,labeled,True,False,PROVISIONAL_LLM_GOLD,Fitness level and perceived effort are unknown.,Requires fitness or perceived effort to assign relative intensity.,Intensity cannot be assigned from daily movement totals alone. Conditions unmet.,qwen3.8-max,b8b36e3be76f9df43dd4fecf7913865223e057cc104db774b680e91214b382f1,blinded-annotation-v2-shortrefs
C013,K049,0,labeled,0,labeled,0,labeled,True,False,PROVISIONAL_LLM_GOLD,Effort and aerobic context are unrecorded; all activity intensities are 'unknown'.,Requires an aerobic activity and breathing or talk-test observation.,Cannot apply talk test to unknown intensity. Conditions unmet.,qwen3.8-max,b8b36e3be76f9df43dd4fecf7913865223e057cc104db774b680e91214b382f1,blinded-annotation-v2-shortrefs
C013,K050,1,labeled,1,labeled,1,labeled,True,False,PROVISIONAL_LLM_GOLD,"Steps recorded daily (mean ~7940 baseline, ~8052 window) alongside activity duration with unknown intensity.",Steps change while other activity may differ; activity type needed for interpreting non-step exercise.,Supported contextual caution since steps and activity are recorded but intensity is unknown.,qwen3.8-max,b8b36e3be76f9df43dd4fecf7913865223e057cc104db774b680e91214b382f1,blinded-annotation-v2-shortrefs
C013,K051,0,labeled,0,labeled,0,labeled,True,False,PROVISIONAL_LLM_GOLD,Movement is stable (steps mean ~7940 to ~8052); transport context unknown.,Requires low or declining routine movement; mobility and transport context needed.,"Movement is stable, not declining. Transport context unknown.",qwen3.8-max,b8b36e3be76f9df43dd4fecf7913865223e057cc104db774b680e91214b382f1,blinded-annotation-v2-shortrefs
C013,K052,0,labeled,0,labeled,0,labeled,True,False,PROVISIONAL_LLM_GOLD,No evidence of difficulty maintaining activity; preferences unknown.,Requires activity habit low or difficult to maintain; personal preferences needed.,Preferences unknown. No evidence of difficulty maintaining activity.,qwen3.8-max,b8b36e3be76f9df43dd4fecf7913865223e057cc104db774b680e91214b382f1,blinded-annotation-v2-shortrefs
C013,K053,0,labeled,0,labeled,0,labeled,True,False,PROVISIONAL_LLM_GOLD,No evidence of motivational or social barrier in the data.,Requires social preferences or reported motivational barrier.,Generic suggestion without connection to observations.,qwen3.8-max,b8b36e3be76f9df43dd4fecf7913865223e057cc104db774b680e91214b382f1,blinded-annotation-v2-shortrefs
C013,K054,0,labeled,0,labeled,0,labeled,True,False,PROVISIONAL_LLM_GOLD,Activity levels are stable (mean ~53 min/day); no time barrier reported.,Requires low activity with a reported time barrier.,No time barrier reported. Activity levels are stable.,qwen3.8-max,b8b36e3be76f9df43dd4fecf7913865223e057cc104db774b680e91214b382f1,blinded-annotation-v2-shortrefs
C013,K055,0,labeled,0,labeled,0,labeled,True,False,PROVISIONAL_LLM_GOLD,Schedule reason unknown; activity is stable suggesting no crowding-out issue.,Requires reported competing demands reducing activity.,Schedule reason unknown. Activity is stable.,qwen3.8-max,b8b36e3be76f9df43dd4fecf7913865223e057cc104db774b680e91214b382f1,blinded-annotation-v2-shortrefs
C013,K056,0,labeled,0,labeled,0,labeled,True,False,PROVISIONAL_LLM_GOLD,"No chronic condition, disability, or special need is established in the data.",Requires relevant health condition and activity safety history.,Medical context unknown. Conditions unmet.,qwen3.8-max,b8b36e3be76f9df43dd4fecf7913865223e057cc104db774b680e91214b382f1,blinded-annotation-v2-shortrefs
C013,K057,0,labeled,0,labeled,0,labeled,True,False,PROVISIONAL_LLM_GOLD,"Low movement intervals are regularly broken by brief gaps (e.g., 5-min breaks between 45-min blocks); device low movement is not confirmed sitting.",Requires long uninterrupted daytime low-movement intervals with adequate wear coverage; mobility/posture context needed.,Intervals are regularly broken by brief gaps; device low movement is not confirmed sitting. Conditions unmet.,qwen3.8-max,b8b36e3be76f9df43dd4fecf7913865223e057cc104db774b680e91214b382f1,blinded-annotation-v2-shortrefs
C013,K058,0,labeled,0,labeled,0,labeled,True,False,PROVISIONAL_LLM_GOLD,Low movement is not confirmed sitting; activity intensity is unknown.,Requires sitting posture and known activity intensity for guideline claims.,Device low movement is not confirmed sitting. Required conditions unmet.,qwen3.8-max,b8b36e3be76f9df43dd4fecf7913865223e057cc104db774b680e91214b382f1,blinded-annotation-v2-shortrefs
C013,K059,0,labeled,0,labeled,0,labeled,True,False,PROVISIONAL_LLM_GOLD,"Low movement minutes mean ~451 baseline, ~449 window. Device low movement is not confirmed sitting.",Requires confirmed sitting for a specific sedentary-time conclusion.,Device low movement is not confirmed sitting. Required context missing.,qwen3.8-max,b8b36e3be76f9df43dd4fecf7913865223e057cc104db774b680e91214b382f1,blinded-annotation-v2-shortrefs
C013,K060,0,labeled,0,labeled,0,labeled,True,False,PROVISIONAL_LLM_GOLD,Commute context is entirely unknown.,Requires sedentary commuting established.,Commute unknown. Conditions unmet.,qwen3.8-max,b8b36e3be76f9df43dd4fecf7913865223e057cc104db774b680e91214b382f1,blinded-annotation-v2-shortrefs
C013,K061,0,labeled,0,labeled,0,labeled,True,False,PROVISIONAL_LLM_GOLD,Work context is unknown.,Requires desk work with prolonged sitting and workplace layout.,Work context unknown. Cannot apply workplace-specific movement suggestion.,qwen3.8-max,b8b36e3be76f9df43dd4fecf7913865223e057cc104db774b680e91214b382f1,blinded-annotation-v2-shortrefs
C013,K062,0,labeled,0,labeled,0,labeled,True,False,PROVISIONAL_LLM_GOLD,Workplace and mobility context are unknown.,Requires meetings or desk work involving prolonged sitting.,Workplace context unknown. Conditions unmet.,qwen3.8-max,b8b36e3be76f9df43dd4fecf7913865223e057cc104db774b680e91214b382f1,blinded-annotation-v2-shortrefs
C013,K063,0,labeled,0,labeled,0,labeled,True,False,PROVISIONAL_LLM_GOLD,Screen habits and television viewing are unknown.,Requires prolonged sitting while watching television.,Screen habits unknown. Cannot apply TV-specific movement advice.,qwen3.8-max,b8b36e3be76f9df43dd4fecf7913865223e057cc104db774b680e91214b382f1,blinded-annotation-v2-shortrefs
C013,K064,0,labeled,0,labeled,0,labeled,True,False,PROVISIONAL_LLM_GOLD,Device low movement is not confirmed sitting; leisure context unknown.,Requires substantial habitual seated leisure; routine and mobility needed.,Device low movement is not confirmed sitting. Leisure context unknown.,qwen3.8-max,b8b36e3be76f9df43dd4fecf7913865223e057cc104db774b680e91214b382f1,blinded-annotation-v2-shortrefs
C013,K065,1,labeled,1,labeled,1,labeled,True,False,PROVISIONAL_LLM_GOLD,Steps and activity duration recorded daily alongside low movement minutes.,Low everyday movement despite possible formal exercise; counts unobserved periods excluded.,Supported general distinction between formal activity and total movement relevant to interpreting metrics.,qwen3.8-max,b8b36e3be76f9df43dd4fecf7913865223e057cc104db774b680e91214b382f1,blinded-annotation-v2-shortrefs
C013,K066,0,labeled,0,labeled,0,labeled,True,False,PROVISIONAL_LLM_GOLD,Workday lunch-break context is unknown.,Requires daytime low movement with known workday lunch-break context.,Workday context unknown. Cannot apply lunch-break walking suggestion.,qwen3.8-max,b8b36e3be76f9df43dd4fecf7913865223e057cc104db774b680e91214b382f1,blinded-annotation-v2-shortrefs
C013,K067,0,labeled,0,labeled,0,labeled,True,False,PROVISIONAL_LLM_GOLD,Stair access and safe mobility context are unknown.,Requires low incidental movement with accessible stairs and safe mobility.,Context unknown. Generic suggestion with no concrete connection to observations.,qwen3.8-max,b8b36e3be76f9df43dd4fecf7913865223e057cc104db774b680e91214b382f1,blinded-annotation-v2-shortrefs
C013,K068,2,labeled,2,labeled,1,labeled,False,False,PROVISIONAL_LLM_GOLD,"Low movement intervals recorded throughout daytime (e.g., 10:00-18:27) without posture measurement.",Low-movement intervals available without posture measurement; should not be relabelled as confirmed sitting.,Core directly explains how to interpret the low_movement_minutes metric present in the raw data.,qwen3.8-max,b8b36e3be76f9df43dd4fecf7913865223e057cc104db774b680e91214b382f1,blinded-annotation-v2-shortrefs
C013,K069,0,labeled,0,labeled,0,labeled,True,False,PROVISIONAL_LLM_GOLD,"Activity and sleep patterns available, but temporal co-occurrence does not imply causation.",General benefit statement; cannot declare causal effect from paired observations.,Generic background. Temporal co-occurrence does not imply causation per instructions.,qwen3.8-max,b8b36e3be76f9df43dd4fecf7913865223e057cc104db774b680e91214b382f1,blinded-annotation-v2-shortrefs
C013,K070,0,labeled,0,labeled,0,labeled,True,False,PROVISIONAL_LLM_GOLD,Outdoor exposure cannot be inferred from movement counts.,Requires outdoor access and mobility for a specific plan.,Generic advice without concrete connection to observations.,qwen3.8-max,b8b36e3be76f9df43dd4fecf7913865223e057cc104db774b680e91214b382f1,blinded-annotation-v2-shortrefs
C013,K071,0,labeled,0,labeled,0,labeled,True,False,PROVISIONAL_LLM_GOLD,"Late activity intervals exist (e.g., 21:00-21:52) but all have intensity 'unknown'.",Requires known intense exercise during the hour before bedtime.,Intensity is unknown; cannot assume late movement is intense exercise. Conditions unmet.,qwen3.8-max,b8b36e3be76f9df43dd4fecf7913865223e057cc104db774b680e91214b382f1,blinded-annotation-v2-shortrefs
C013,K072,0,labeled,0,labeled,0,labeled,True,False,PROVISIONAL_LLM_GOLD,No insomnia symptoms reported; activity intensity is unknown.,Requires reported sleeping difficulties and exercise near bedtime with known insomnia.,Temporal adjacency alone does not establish insomnia. Conditions unmet.,qwen3.8-max,b8b36e3be76f9df43dd4fecf7913865223e057cc104db774b680e91214b382f1,blinded-annotation-v2-shortrefs
C013,K073,1,labeled,1,labeled,1,labeled,True,False,PROVISIONAL_LLM_GOLD,"Activity intervals recorded daily (e.g., 21:00-22:00) alongside sleep start times that became highly variable in the window.",Activity timing and subsequent sleep are being compared; activity intervals needed for timing comparisons.,"Supported contextual connection: data includes both activity timing and sleep timing for comparison, though intensity is unknown.",qwen3.8-max,b8b36e3be76f9df43dd4fecf7913865223e057cc104db774b680e91214b382f1,blinded-annotation-v2-shortrefs
C013,K074,0,labeled,0,labeled,0,labeled,True,False,PROVISIONAL_LLM_GOLD,Emergency-response deployment context is unknown.,Requires confirmed emergency-response deployment context.,Deployment context unknown. Explicitly non-applicable.,qwen3.8-max,b8b36e3be76f9df43dd4fecf7913865223e057cc104db774b680e91214b382f1,blinded-annotation-v2-shortrefs
C013,K075,0,labeled,0,labeled,0,labeled,True,False,PROVISIONAL_LLM_GOLD,No tiredness or energy history reported.,Requires subjective energy pattern and availability.,Wearable sleep hours do not establish preferred energy times. Conditions unmet.,qwen3.8-max,b8b36e3be76f9df43dd4fecf7913865223e057cc104db774b680e91214b382f1,blinded-annotation-v2-shortrefs
C013,K076,0,labeled,0,labeled,0,labeled,True,False,PROVISIONAL_LLM_GOLD,"Alcohol, caffeine, and medication exposures are unrecorded.",Requires substance and medication history for causal interpretation.,Exposures unrecorded. Cannot apply substance-tracking advice to current data.,qwen3.8-max,b8b36e3be76f9df43dd4fecf7913865223e057cc104db774b680e91214b382f1,blinded-annotation-v2-shortrefs
C013,K077,2,labeled,2,labeled,1,labeled,False,False,PROVISIONAL_LLM_GOLD,"Daily resting_heart_rate_bpm recorded (mean 55.75 baseline, 56.36 window).",Resting heart rate observations are available; defines RHR as beats per minute while still and well rested.,Broad educational item directly informative: core defines the RHR metric observed in the data.,qwen3.8-max,b8b36e3be76f9df43dd4fecf7913865223e057cc104db774b680e91214b382f1,blinded-annotation-v2-shortrefs
C013,K078,1,labeled,1,labeled,1,labeled,True,False,PROVISIONAL_LLM_GOLD,"Daily resting_heart_rate_bpm recorded (mean 55.75 baseline, 56.36 window).",A daily resting heart-rate trend is being interpreted; measure and context known.,Supported contextual connection: distinguishes daily RHR from sleeping HR for proper interpretation of the observed metric.,qwen3.8-max,b8b36e3be76f9df43dd4fecf7913865223e057cc104db774b680e91214b382f1,blinded-annotation-v2-shortrefs
C013,K079,1,labeled,1,labeled,1,labeled,True,False,PROVISIONAL_LLM_GOLD,RHR mean increased slightly from 55.75 to 56.36 bpm between periods.,Resting heart rate changes relative to previous readings; rise has several possible explanations.,"Supported contextual connection: correctly notes multiple influences on RHR, preventing single-cause attribution.",qwen3.8-max,b8b36e3be76f9df43dd4fecf7913865223e057cc104db774b680e91214b382f1,blinded-annotation-v2-shortrefs
C013,K080,1,labeled,1,labeled,1,labeled,True,False,PROVISIONAL_LLM_GOLD,Both resting_heart_rate_bpm and hrv_rmssd_ms are recorded nightly.,"HRV and heart-rate estimates are being interpreted together; HRV is variation between beats, not average HR.",Supported definitional distinction relevant to correctly interpreting both cardiac metrics present in observations.,qwen3.8-max,b8b36e3be76f9df43dd4fecf7913865223e057cc104db774b680e91214b382f1,blinded-annotation-v2-shortrefs
C013,K081,1,labeled,1,labeled,1,labeled,True,False,PROVISIONAL_LLM_GOLD,"HRV RMSSD recorded nightly (mean 44.2 baseline, 45.0 window).",An HRV level or trend is being reviewed; personal history needed.,Supported contextual connection: emphasizes using personal history rather than universal norms for HRV.,qwen3.8-max,b8b36e3be76f9df43dd4fecf7913865223e057cc104db774b680e91214b382f1,blinded-annotation-v2-shortrefs
C013,K082,1,labeled,1,labeled,1,labeled,True,False,PROVISIONAL_LLM_GOLD,"28-day baseline provides personal range for RHR, HRV, sleep, and steps before the 14-day window.",A vital has changed from a recent personal baseline; sufficient same-metric personal history needed.,Supported contextual connection: baseline provides personal range context for observed changes.,qwen3.8-max,b8b36e3be76f9df43dd4fecf7913865223e057cc104db774b680e91214b382f1,blinded-annotation-v2-shortrefs
C013,K083,1,labeled,1,labeled,1,labeled,True,False,PROVISIONAL_LLM_GOLD,RHR recorded over 28 baseline days and 14 window days (mean 55.75 to 56.36).,Repeated resting heart-rate readings or a recent change.,Supported contextual connection: multi-day RHR data enables trend review as described.,qwen3.8-max,b8b36e3be76f9df43dd4fecf7913865223e057cc104db774b680e91214b382f1,blinded-annotation-v2-shortrefs
C013,K084,2,labeled,2,labeled,1,labeled,False,False,PROVISIONAL_LLM_GOLD,"HRV RMSSD recorded nightly (mean 44.2 baseline, 45.0 window).",An HRV trend is available for wellness monitoring; not intended to diagnose or treat.,"Directly informative boundary for interpreting the HRV data present in observations as wellness, not diagnosis.",qwen3.8-max,b8b36e3be76f9df43dd4fecf7913865223e057cc104db774b680e91214b382f1,blinded-annotation-v2-shortrefs
C013,K085,2,labeled,2,labeled,2,labeled,True,False,PROVISIONAL_LLM_GOLD,Data records hrv_rmssd_ms nightly; metadata states 'night RMSSD'.,HRV records identify RMSSD as their metric; formula established.,Core directly confirms the HRV metric definition used matches the data's RMSSD recording.,qwen3.8-max,b8b36e3be76f9df43dd4fecf7913865223e057cc104db774b680e91214b382f1,blinded-annotation-v2-shortrefs
C013,K086,0,labeled,0,labeled,1,labeled,False,False,PROVISIONAL_LLM_GOLD,"Device is explicitly 'synthetic common wearable, not a commercial device export'.",Requires compatible Fitbit collection definition and sleep coverage.,Device is explicitly not a Fitbit. Item's device-specific rule does not apply.,qwen3.8-max,b8b36e3be76f9df43dd4fecf7913865223e057cc104db774b680e91214b382f1,blinded-annotation-v2-shortrefs
C013,K087,0,labeled,0,labeled,0,labeled,True,False,PROVISIONAL_LLM_GOLD,Only sleep duration and timing are available; no sleep-stage data.,Requires sleep-stage measurements.,Item explicitly non-applicable when only sleep duration and timing are available.,qwen3.8-max,b8b36e3be76f9df43dd4fecf7913865223e057cc104db774b680e91214b382f1,blinded-annotation-v2-shortrefs
C013,K088,0,labeled,0,labeled,0,labeled,True,False,PROVISIONAL_LLM_GOLD,No health concerns or symptoms reported in the data.,Requires reported health concerns or symptoms.,Generic advisory with no concrete connection to observations.,qwen3.8-max,b8b36e3be76f9df43dd4fecf7913865223e057cc104db774b680e91214b382f1,blinded-annotation-v2-shortrefs
C013,K089,0,labeled,0,labeled,0,labeled,True,False,PROVISIONAL_LLM_GOLD,No evidence of fit problems or unreliable readings in the data.,Requires heart-rate readings may be unreliable or wear quality changes.,No evidence of fit problems. Conditions not met.,qwen3.8-max,b8b36e3be76f9df43dd4fecf7913865223e057cc104db774b680e91214b382f1,blinded-annotation-v2-shortrefs
C013,K090,0,labeled,0,labeled,0,labeled,True,False,PROVISIONAL_LLM_GOLD,Nighttime coverage >=482 min every night; no missing overnight vitals.,Requires overnight vitals having missing readings or uncertain coverage.,Full nighttime coverage achieved. No missing overnight data to troubleshoot.,qwen3.8-max,b8b36e3be76f9df43dd4fecf7913865223e057cc104db774b680e91214b382f1,blinded-annotation-v2-shortrefs
C013,K091,0,labeled,0,labeled,0,labeled,True,False,PROVISIONAL_LLM_GOLD,Nighttime coverage >=482 min every night; no vitals are missing.,Requires a vital missing with limited night-time data.,No missing vitals observed. Item not applicable.,qwen3.8-max,b8b36e3be76f9df43dd4fecf7913865223e057cc104db774b680e91214b382f1,blinded-annotation-v2-shortrefs
C013,K092,0,labeled,0,labeled,0,labeled,True,False,PROVISIONAL_LLM_GOLD,All vitals present with valid_count equal to period length; no missing data.,Requires vitals missing or delayed.,No missing data observed. Item not applicable.,qwen3.8-max,b8b36e3be76f9df43dd4fecf7913865223e057cc104db774b680e91214b382f1,blinded-annotation-v2-shortrefs
C013,K093,0,labeled,0,labeled,0,labeled,True,False,PROVISIONAL_LLM_GOLD,Same synthetic device used throughout the 42-day record.,Requires heart-rate series involve a device or algorithm change.,Same device throughout. No cross-device comparison issue present.,qwen3.8-max,b8b36e3be76f9df43dd4fecf7913865223e057cc104db774b680e91214b382f1,blinded-annotation-v2-shortrefs
C013,K094,1,labeled,1,labeled,1,labeled,True,False,PROVISIONAL_LLM_GOLD,Device-estimated sleep_duration_minutes recorded alongside sleep_start_at and sleep_end_at.,Device-estimated sleep duration and sleep boundaries are available.,Relevant methodological note for interpreting the sleep duration metric relative to boundaries in the data.,qwen3.8-max,b8b36e3be76f9df43dd4fecf7913865223e057cc104db774b680e91214b382f1,blinded-annotation-v2-shortrefs
C013,K095,0,labeled,0,labeled,0,labeled,True,False,PROVISIONAL_LLM_GOLD,Nighttime coverage >=482 min every night; no missing sleep observations.,Requires sleep readings absent with non-wear or incomplete night-time coverage.,Full coverage achieved. No missing sleep data to explain via non-wear.,qwen3.8-max,b8b36e3be76f9df43dd4fecf7913865223e057cc104db774b680e91214b382f1,blinded-annotation-v2-shortrefs
C013,K096,1,labeled,1,labeled,1,labeled,True,False,PROVISIONAL_LLM_GOLD,"Steps recorded daily (mean ~7940 baseline, ~8052 window) via synthetic common wearable.",Step readings change with possible measurement limitations; arm swing needed during walking/running.,Relevant methodological context for interpreting the step count data recorded by the device.,qwen3.8-max,b8b36e3be76f9df43dd4fecf7913865223e057cc104db774b680e91214b382f1,blinded-annotation-v2-shortrefs
C014,K001,2,labeled,1,labeled,2,labeled,False,False,PROVISIONAL_LLM_GOLD,"Baseline mean sleep 470.5 min (~7.84h), window mean 469.4 min (~7.82h); age band 18-60.",Requires sleep duration below recommendation for adults aged 18-60 (at least 7 hours).,Core direct explanation: observed sleep consistently meets the age-specific CDC recommendation of 7+ hours for the 18-60 age band throughout both periods.,qwen3.8-max,13455508faec65f754df1c04483332e145681b917892a739e139dcb5775003b2,blinded-annotation-v2-shortrefs
C014,K002,0,labeled,0,labeled,0,labeled,True,False,PROVISIONAL_LLM_GOLD,"Age band is 18-60, not 61-64.",Requires age 61 to 64 to be established.,Age band contradicts required population; item not applicable.,qwen3.8-max,13455508faec65f754df1c04483332e145681b917892a739e139dcb5775003b2,blinded-annotation-v2-shortrefs
C014,K003,0,labeled,0,labeled,0,labeled,True,False,PROVISIONAL_LLM_GOLD,"Age band is 18-60, not 65+.",Requires age at least 65 to be established.,Age band contradicts required population; item not applicable.,qwen3.8-max,13455508faec65f754df1c04483332e145681b917892a739e139dcb5775003b2,blinded-annotation-v2-shortrefs
C014,K004,0,labeled,0,labeled,0,labeled,True,False,PROVISIONAL_LLM_GOLD,"Age band is 18-60, not 13-17.",Requires teenage age group to be established.,Age band contradicts required population; item not applicable to adults.,qwen3.8-max,13455508faec65f754df1c04483332e145681b917892a739e139dcb5775003b2,blinded-annotation-v2-shortrefs
C014,K005,0,labeled,0,labeled,0,labeled,True,False,PROVISIONAL_LLM_GOLD,Sleep duration is consistently ~7.8h; no schedule constraint squeezing out sleep is evident.,Requires repeatedly shortened sleep opportunity or sleep duration.,No evidence of insufficient sleep or busy schedule causing shortage.,qwen3.8-max,13455508faec65f754df1c04483332e145681b917892a739e139dcb5775003b2,blinded-annotation-v2-shortrefs
C014,K006,0,labeled,0,labeled,0,labeled,True,False,PROVISIONAL_LLM_GOLD,"Sleep duration is ~7.8h, meeting the 7+ hour recommendation for 18-60 age group.",Requires sleep to be consistently short even without a new decline.,Sleep duration is sufficient for 18-60 age group; conditions not met.,qwen3.8-max,13455508faec65f754df1c04483332e145681b917892a739e139dcb5775003b2,blinded-annotation-v2-shortrefs
C014,K007,1,labeled,1,labeled,1,labeled,True,False,PROVISIONAL_LLM_GOLD,"Sleep duration is ~7.8h nightly; no sleep quality metrics (awakenings, refreshment) are recorded.",Requires sleep duration to be recorded but sleep quality to be possibly unknown.,Important caveat: observed adequate duration does not confirm sleep quality without additional measures like awakenings or subjective refreshment.,qwen3.8-max,13455508faec65f754df1c04483332e145681b917892a739e139dcb5775003b2,blinded-annotation-v2-shortrefs
C014,K008,0,labeled,0,labeled,0,labeled,True,False,PROVISIONAL_LLM_GOLD,"Only sleep duration, start, and end are recorded; no awakening data exists.",Requires repeated awakenings to be documented.,Only duration and timing available; cannot assess night awakenings.,qwen3.8-max,13455508faec65f754df1c04483332e145681b917892a739e139dcb5775003b2,blinded-annotation-v2-shortrefs
C014,K009,0,labeled,0,labeled,0,labeled,True,False,PROVISIONAL_LLM_GOLD,Sleep is ~7.8h (under 8h); no refreshment data reported.,Requires more than eight hours of night-time sleep with reported lack of refreshment.,Sleep under 8h and no refreshment info; conditions not met.,qwen3.8-max,13455508faec65f754df1c04483332e145681b917892a739e139dcb5775003b2,blinded-annotation-v2-shortrefs
C014,K010,0,labeled,0,labeled,0,labeled,True,False,PROVISIONAL_LLM_GOLD,Sleep is adequate (~7.8h); no cognitive symptoms reported.,Requires repeatedly shortened sleep and symptoms to claim impairment.,Sleep not restricted; no symptoms reported; generic background.,qwen3.8-max,13455508faec65f754df1c04483332e145681b917892a739e139dcb5775003b2,blinded-annotation-v2-shortrefs
C014,K011,0,labeled,0,labeled,0,labeled,True,False,PROVISIONAL_LLM_GOLD,Sleep duration is consistently ~7.8h; no repeated sleep restriction occurred.,Requires several nights of reduced sleep duration.,No repeated sleep restriction in the data; conditions not met.,qwen3.8-max,13455508faec65f754df1c04483332e145681b917892a739e139dcb5775003b2,blinded-annotation-v2-shortrefs
C014,K012,0,labeled,0,labeled,0,labeled,True,False,PROVISIONAL_LLM_GOLD,Sleep duration is consistently ~7.8h (adequate); no infection indicators exist.,Requires ongoing insufficient sleep.,No sleep deficiency observed; generic background with no concrete connection.,qwen3.8-max,13455508faec65f754df1c04483332e145681b917892a739e139dcb5775003b2,blinded-annotation-v2-shortrefs
C014,K013,0,labeled,0,labeled,0,labeled,True,False,PROVISIONAL_LLM_GOLD,Sleep is consistently ~7.8h (adequate); no appetite data recorded.,Requires repeated insufficient sleep.,Sleep not insufficient; no appetite data; generic background.,qwen3.8-max,13455508faec65f754df1c04483332e145681b917892a739e139dcb5775003b2,blinded-annotation-v2-shortrefs
C014,K014,0,labeled,0,labeled,0,labeled,True,False,PROVISIONAL_LLM_GOLD,No sleepiness reports or driving context recorded.,Requires reported sleepiness and driving plans.,Sleepiness and driving context unknown; purely generic safety advice.,qwen3.8-max,13455508faec65f754df1c04483332e145681b917892a739e139dcb5775003b2,blinded-annotation-v2-shortrefs
C014,K015,1,labeled,1,labeled,1,labeled,True,False,PROVISIONAL_LLM_GOLD,Sleep duration ranges 462-478 min across all days; individual variation exists around ~7.8h mean.,Requires adult sleep duration to be under review.,Contextualizes the observed ~7.8h sleep within normal individual variation for adults. Duration alone is not diagnostic.,qwen3.8-max,13455508faec65f754df1c04483332e145681b917892a739e139dcb5775003b2,blinded-annotation-v2-shortrefs
C014,K016,0,labeled,0,labeled,0,labeled,True,False,PROVISIONAL_LLM_GOLD,Only 14-day window of device data; no reported sleeping difficulties.,Requires months-long sleeping difficulties or reported insomnia symptoms.,Only brief record without reported problems; conditions not met.,qwen3.8-max,13455508faec65f754df1c04483332e145681b917892a739e139dcb5775003b2,blinded-annotation-v2-shortrefs
C014,K017,1,labeled,1,labeled,1,labeled,True,False,PROVISIONAL_LLM_GOLD,Sleep start varies only 642-658 min from noon; wake time is exactly 07:00 every day.,Requires repeated variability in bedtime or wake time to trigger review; stable schedule is noted as not establishing a problem.,Confirms the observed highly consistent sleep schedule aligns with recommended consistency. Stable schedule does not establish a problem.,qwen3.8-max,13455508faec65f754df1c04483332e145681b917892a739e139dcb5775003b2,blinded-annotation-v2-shortrefs
C014,K018,0,labeled,0,labeled,0,labeled,True,False,PROVISIONAL_LLM_GOLD,Wake time is exactly 07:00 every single day; no insomnia reported.,Requires inconsistent wake time with reported sleeping difficulties.,Wake time is consistent and no insomnia symptoms reported; conditions not met.,qwen3.8-max,13455508faec65f754df1c04483332e145681b917892a739e139dcb5775003b2,blinded-annotation-v2-shortrefs
C014,K019,0,labeled,0,labeled,1,labeled,False,False,PROVISIONAL_LLM_GOLD,Weekday/weekend sleep start means are identical (649.5 min) in baseline; wake times are all 07:00.,Requires bedtime or wake time to differ substantially between weekdays and weekends.,Weekday and weekend sleep times are similar (identical means in baseline). The non-applicable condition is explicitly met.,qwen3.8-max,13455508faec65f754df1c04483332e145681b917892a739e139dcb5775003b2,blinded-annotation-v2-shortrefs
C014,K020,0,labeled,0,labeled,0,labeled,True,False,PROVISIONAL_LLM_GOLD,"Sleep start times are recorded (e.g., 22:50), but no pre-bed activity data exists.",Requires information about pre-bed activities for targeted advice.,Pre-bed activities are unknown from wearable data alone; cannot apply quiet-time advice specifically.,qwen3.8-max,13455508faec65f754df1c04483332e145681b917892a739e139dcb5775003b2,blinded-annotation-v2-shortrefs
C014,K021,0,labeled,0,labeled,0,labeled,True,False,PROVISIONAL_LLM_GOLD,No screen or light exposure data is recorded.,Requires known bright-screen exposure shortly before bed.,Screen exposure is unknown; cannot attribute any observed pattern to screens.,qwen3.8-max,13455508faec65f754df1c04483332e145681b917892a739e139dcb5775003b2,blinded-annotation-v2-shortrefs
C014,K022,0,labeled,0,labeled,0,labeled,True,False,PROVISIONAL_LLM_GOLD,No caffeine intake data is recorded.,Requires known afternoon or evening caffeine use with sleeping difficulty.,Caffeine history unknown; conditions not met.,qwen3.8-max,13455508faec65f754df1c04483332e145681b917892a739e139dcb5775003b2,blinded-annotation-v2-shortrefs
C014,K023,0,labeled,0,labeled,0,labeled,True,False,PROVISIONAL_LLM_GOLD,No meal timing or size data is recorded.,Requires known large meal shortly before bed.,Meal information unknown; conditions not met.,qwen3.8-max,13455508faec65f754df1c04483332e145681b917892a739e139dcb5775003b2,blinded-annotation-v2-shortrefs
C014,K024,0,labeled,0,labeled,0,labeled,True,False,PROVISIONAL_LLM_GOLD,No alcohol intake data is recorded.,Requires alcohol use near bedtime to be reported.,Alcohol exposure unknown; cannot link to any sleep observation.,qwen3.8-max,13455508faec65f754df1c04483332e145681b917892a739e139dcb5775003b2,blinded-annotation-v2-shortrefs
C014,K025,0,labeled,0,labeled,0,labeled,True,False,PROVISIONAL_LLM_GOLD,No nicotine use data is recorded.,Requires nicotine exposure to be established.,Nicotine use unknown; cannot link to sleep pattern.,qwen3.8-max,13455508faec65f754df1c04483332e145681b917892a739e139dcb5775003b2,blinded-annotation-v2-shortrefs
C014,K026,0,labeled,0,labeled,0,labeled,True,False,PROVISIONAL_LLM_GOLD,"No bedroom environment data (light, noise, temperature) is recorded.",Requires known disruptive bedroom environment.,Environment unknown; wearable data cannot establish bedroom conditions.,qwen3.8-max,13455508faec65f754df1c04483332e145681b917892a739e139dcb5775003b2,blinded-annotation-v2-shortrefs
C014,K027,0,labeled,0,labeled,0,labeled,True,False,PROVISIONAL_LLM_GOLD,No relaxation issues or stress indicators reported; RHR/HRV stable.,Requires reported difficulty relaxing or request for routine options.,Generic optional practice; no connection to observed data patterns. RHR/HRV alone do not establish stress.,qwen3.8-max,13455508faec65f754df1c04483332e145681b917892a739e139dcb5775003b2,blinded-annotation-v2-shortrefs
C014,K028,0,labeled,0,labeled,0,labeled,True,False,PROVISIONAL_LLM_GOLD,No nap data is recorded in the wearable observations.,Requires nap history to be known.,Nap history is unknown; item conditions not met.,qwen3.8-max,13455508faec65f754df1c04483332e145681b917892a739e139dcb5775003b2,blinded-annotation-v2-shortrefs
C014,K029,0,labeled,0,labeled,0,labeled,True,False,PROVISIONAL_LLM_GOLD,No shift work confirmed; sleep timing is stable.,Requires confirmed shift-work schedule.,"Shift work unknown and sleep timing is stable, not variable.",qwen3.8-max,13455508faec65f754df1c04483332e145681b917892a739e139dcb5775003b2,blinded-annotation-v2-shortrefs
C014,K030,0,labeled,0,labeled,0,labeled,True,False,PROVISIONAL_LLM_GOLD,No shift work is confirmed; sleep is exclusively overnight.,Requires shift work to be established.,No confirmed shift work; item specific to shift workers.,qwen3.8-max,13455508faec65f754df1c04483332e145681b917892a739e139dcb5775003b2,blinded-annotation-v2-shortrefs
C014,K031,0,labeled,0,labeled,0,labeled,True,False,PROVISIONAL_LLM_GOLD,No shift work or caffeine data recorded.,Requires shift schedule and caffeine intake.,Shift work and caffeine use unknown; conditions not met.,qwen3.8-max,13455508faec65f754df1c04483332e145681b917892a739e139dcb5775003b2,blinded-annotation-v2-shortrefs
C014,K032,0,labeled,0,labeled,0,labeled,True,False,PROVISIONAL_LLM_GOLD,"All sleep periods are overnight (start ~22:42-22:58, end 07:00); no shift work indicated.",Requires daytime sleep associated with shift work.,Only ordinary overnight sleep is recorded; shift work is unknown. Item not applicable.,qwen3.8-max,13455508faec65f754df1c04483332e145681b917892a739e139dcb5775003b2,blinded-annotation-v2-shortrefs
C014,K033,0,labeled,0,labeled,0,labeled,True,False,PROVISIONAL_LLM_GOLD,Sleep pattern is stable; no awakenings or naps recorded.,Requires a changed or variable sleep pattern needing review.,"Sleep pattern is stable, not changed or variable; conditions not met.",qwen3.8-max,13455508faec65f754df1c04483332e145681b917892a739e139dcb5775003b2,blinded-annotation-v2-shortrefs
C014,K034,0,labeled,0,labeled,0,labeled,True,False,PROVISIONAL_LLM_GOLD,Sleep duration remains ~7.8h throughout both periods; no shortened nights.,Requires several shortened nights rather than a single isolated reading.,No repeated lost sleep observed; sleep duration is consistently adequate.,qwen3.8-max,13455508faec65f754df1c04483332e145681b917892a739e139dcb5775003b2,blinded-annotation-v2-shortrefs
C014,K035,0,labeled,0,labeled,0,labeled,True,False,PROVISIONAL_LLM_GOLD,Weekday/weekend sleep duration means are identical (470.5 min) in baseline; sleep start means identical.,Requires longer sleep and later timing on days off.,No difference between weekend and weekday sleep; conditions not met.,qwen3.8-max,13455508faec65f754df1c04483332e145681b917892a739e139dcb5775003b2,blinded-annotation-v2-shortrefs
C014,K036,0,labeled,0,labeled,0,labeled,True,False,PROVISIONAL_LLM_GOLD,No nap data is recorded; sleep duration is adequate (~7.8h).,Requires recorded naps after shortened night-time sleep.,Nap history unknown; sleep is not shortened. Item conditions not met.,qwen3.8-max,13455508faec65f754df1c04483332e145681b917892a739e139dcb5775003b2,blinded-annotation-v2-shortrefs
C014,K037,0,labeled,0,labeled,0,labeled,True,False,PROVISIONAL_LLM_GOLD,Wake time is exactly 07:00 every day; no insomnia symptoms reported.,Requires recent bad night and sleeping difficulties to be reported.,No reported sleeping difficulty; wake time is perfectly regular. Item not applicable.,qwen3.8-max,13455508faec65f754df1c04483332e145681b917892a739e139dcb5775003b2,blinded-annotation-v2-shortrefs
C014,K038,0,labeled,0,labeled,0,labeled,True,False,PROVISIONAL_LLM_GOLD,No insomnia symptoms reported; sleep duration is adequate.,Requires reported sleeping difficulties with known duration.,No insomnia symptoms; cannot diagnose from estimated sleep hours alone.,qwen3.8-max,13455508faec65f754df1c04483332e145681b917892a739e139dcb5775003b2,blinded-annotation-v2-shortrefs
C014,K039,0,labeled,0,labeled,0,labeled,True,False,PROVISIONAL_LLM_GOLD,No travel history is recorded; sleep timing did not change significantly.,"Requires confirmed travel, destination time zone, and trip duration.",Travel context unknown; sleep timing did not change.,qwen3.8-max,13455508faec65f754df1c04483332e145681b917892a739e139dcb5775003b2,blinded-annotation-v2-shortrefs
C014,K040,0,labeled,0,labeled,0,labeled,True,False,PROVISIONAL_LLM_GOLD,No travel context is recorded.,Requires a short trip across time zones to be planned.,Travel context unknown; conditions not met.,qwen3.8-max,13455508faec65f754df1c04483332e145681b917892a739e139dcb5775003b2,blinded-annotation-v2-shortrefs
C014,K041,1,labeled,1,labeled,1,labeled,True,False,PROVISIONAL_LLM_GOLD,Window steps dropped to mean 2321 from baseline 7998; activity duration dropped to mean 4.86 min from 55.2 min.,Observable condition: low or declining movement gives opportunity to add activity.,Severe activity decline observed in window period. The general principle that some activity is better than none provides supported contextual connection to this pattern.,qwen3.8-max,13455508faec65f754df1c04483332e145681b917892a739e139dcb5775003b2,blinded-annotation-v2-shortrefs
C014,K042,1,labeled,1,labeled,1,labeled,True,False,PROVISIONAL_LLM_GOLD,Activity duration dropped from baseline mean 55.2 min to window mean 4.86 min; steps from 7998 to 2321.,Observable condition: recently low or reduced physical activity.,The sharp activity decline in the window satisfies the observable condition of recently reduced physical activity. Gradual buildup advice is contextually relevant.,qwen3.8-max,13455508faec65f754df1c04483332e145681b917892a739e139dcb5775003b2,blinded-annotation-v2-shortrefs
C014,K043,0,labeled,0,labeled,0,labeled,True,False,PROVISIONAL_LLM_GOLD,All activity intervals have intensity 'unknown'; no moderate-intensity classification available.,Requires known activity intensity to determine moderate-intensity aerobic minutes.,Intensity unknown throughout; cannot determine moderate-intensity aerobic minutes.,qwen3.8-max,13455508faec65f754df1c04483332e145681b917892a739e139dcb5775003b2,blinded-annotation-v2-shortrefs
C014,K044,0,labeled,0,labeled,0,labeled,True,False,PROVISIONAL_LLM_GOLD,Activity intensity is unknown throughout all observations.,Requires known vigorous intensity.,Intensity unknown; cannot assume vigorous activity from movement time.,qwen3.8-max,13455508faec65f754df1c04483332e145681b917892a739e139dcb5775003b2,blinded-annotation-v2-shortrefs
C014,K045,0,labeled,0,labeled,0,labeled,True,False,PROVISIONAL_LLM_GOLD,Activity intensity is unknown; window activity is minimal (0-10 min).,Requires intensity to be known for counting guideline minutes.,Cannot apply splitting advice when intensity is unknown and activity is minimal.,qwen3.8-max,13455508faec65f754df1c04483332e145681b917892a739e139dcb5775003b2,blinded-annotation-v2-shortrefs
C014,K046,0,labeled,0,labeled,0,labeled,True,False,PROVISIONAL_LLM_GOLD,Only step counts and activity duration are recorded; no muscle-strengthening data.,Requires strengthening activity records including days and muscle groups.,Only step/movement counts available; cannot assess muscle-strengthening.,qwen3.8-max,13455508faec65f754df1c04483332e145681b917892a739e139dcb5775003b2,blinded-annotation-v2-shortrefs
C014,K047,0,labeled,0,labeled,0,labeled,True,False,PROVISIONAL_LLM_GOLD,Activity intensity is unknown throughout; window activity is minimal (mean 4.86 min).,Requires documented aerobic activity already reaching the adult guideline.,Intensity unknown and activity far below guidelines; conditions not met.,qwen3.8-max,13455508faec65f754df1c04483332e145681b917892a739e139dcb5775003b2,blinded-annotation-v2-shortrefs
C014,K048,0,labeled,0,labeled,0,labeled,True,False,PROVISIONAL_LLM_GOLD,All activity intervals have intensity labeled 'unknown'.,Requires fitness or perceived effort context to interpret intensity.,Cannot assign intensity from daily movement totals; intensity unknown throughout.,qwen3.8-max,13455508faec65f754df1c04483332e145681b917892a739e139dcb5775003b2,blinded-annotation-v2-shortrefs
C014,K049,0,labeled,0,labeled,0,labeled,True,False,PROVISIONAL_LLM_GOLD,All activity intensities are 'unknown'; no breathing or talk-test observations exist.,Requires an aerobic activity and breathing or talk-test observation.,Effort context unrecorded; cannot apply talk test to unknown intensity data.,qwen3.8-max,13455508faec65f754df1c04483332e145681b917892a739e139dcb5775003b2,blinded-annotation-v2-shortrefs
C014,K050,1,labeled,1,labeled,1,labeled,True,False,PROVISIONAL_LLM_GOLD,Steps dropped ~71% (7998 to 2321) and activity minutes dropped ~91% (55.2 to 4.86).,Requires steps change while other activity may differ; cautions against concluding total exercise from steps alone.,"Relevant caveat: step count drop might not capture all activity types, though active minutes also declined sharply. Provides important measurement context.",qwen3.8-max,13455508faec65f754df1c04483332e145681b917892a739e139dcb5775003b2,blinded-annotation-v2-shortrefs
C014,K051,1,labeled,1,labeled,1,labeled,True,False,PROVISIONAL_LLM_GOLD,Steps dropped from mean 7998 to 2321; activity from 55.2 to 4.86 min.,Requires low or declining routine movement.,Directly relevant to observed severe step decline; walking as routine option is applicable context for restoring movement.,qwen3.8-max,13455508faec65f754df1c04483332e145681b917892a739e139dcb5775003b2,blinded-annotation-v2-shortrefs
C014,K052,0,labeled,0,labeled,0,labeled,True,False,PROVISIONAL_LLM_GOLD,No personal preferences or availability data is recorded.,Requires personal preferences and availability for choosing individualized options.,Preferences unknown; generic planning advice without data connection.,qwen3.8-max,13455508faec65f754df1c04483332e145681b917892a739e139dcb5775003b2,blinded-annotation-v2-shortrefs
C014,K053,0,labeled,0,labeled,0,labeled,True,False,PROVISIONAL_LLM_GOLD,No motivational or social barriers are evidenced in the data.,Requires social preferences or reported motivational barrier.,No evidence of a motivational or social barrier; generic suggestion.,qwen3.8-max,13455508faec65f754df1c04483332e145681b917892a739e139dcb5775003b2,blinded-annotation-v2-shortrefs
C014,K054,0,labeled,0,labeled,0,labeled,True,False,PROVISIONAL_LLM_GOLD,No time barrier is reported.,Requires low activity with a reported time barrier.,No reported time barrier; assuming one from low steps is explicitly non-applicable.,qwen3.8-max,13455508faec65f754df1c04483332e145681b917892a739e139dcb5775003b2,blinded-annotation-v2-shortrefs
C014,K055,0,labeled,0,labeled,0,labeled,True,False,PROVISIONAL_LLM_GOLD,No schedule constraints or competing demands are reported.,Requires reported competing demands reducing activity.,Schedule reason unknown; cannot attribute activity drop to calendar issues.,qwen3.8-max,13455508faec65f754df1c04483332e145681b917892a739e139dcb5775003b2,blinded-annotation-v2-shortrefs
C014,K056,0,labeled,0,labeled,0,labeled,True,False,PROVISIONAL_LLM_GOLD,No chronic health conditions or disabilities are recorded.,"Requires a chronic condition, disability, or special need to be established.",Medical context unknown; generic advice not connected to observations.,qwen3.8-max,13455508faec65f754df1c04483332e145681b917892a739e139dcb5775003b2,blinded-annotation-v2-shortrefs
C014,K057,1,labeled,1,labeled,1,labeled,True,False,PROVISIONAL_LLM_GOLD,Daytime low-movement intervals span ~10:00-18:25 daily in ~45-min blocks; 720 min daytime wear confirmed.,Requires long uninterrupted daytime low-movement intervals with adequate wear coverage.,"Relevant to observed pattern of prolonged daytime low-movement blocks during full wear coverage. However, posture is unconfirmed per rules.",qwen3.8-max,13455508faec65f754df1c04483332e145681b917892a739e139dcb5775003b2,blinded-annotation-v2-shortrefs
C014,K058,1,labeled,1,labeled,1,labeled,True,False,PROVISIONAL_LLM_GOLD,Baseline has ~55 min activity alongside ~450 min low movement daily; window has ~5 min activity with ~448 min low movement.,Requires recorded activity coexisting with substantial low-movement periods.,"Relevant: even with adequate baseline activity, substantial low-movement periods persisted. Exercise and prolonged sitting are separate behaviors.",qwen3.8-max,13455508faec65f754df1c04483332e145681b917892a739e139dcb5775003b2,blinded-annotation-v2-shortrefs
C014,K059,1,labeled,1,labeled,1,labeled,True,False,PROVISIONAL_LLM_GOLD,Daily low-movement minutes average 450.5 (baseline) and 447.5 (window) with 720 min wear.,Requires substantial or increasing daily low movement.,"Relevant to observed high daily low-movement minutes alongside very low activity in window. However, confirmed sitting posture is lacking per rules.",qwen3.8-max,13455508faec65f754df1c04483332e145681b917892a739e139dcb5775003b2,blinded-annotation-v2-shortrefs
C014,K060,0,labeled,0,labeled,0,labeled,True,False,PROVISIONAL_LLM_GOLD,No commute or transport data is recorded in the wearable observations.,Requires established sedentary commuting and transport/mobility context.,Commute context is completely unknown; generic suggestion with no data connection.,qwen3.8-max,13455508faec65f754df1c04483332e145681b917892a739e139dcb5775003b2,blinded-annotation-v2-shortrefs
C014,K061,0,labeled,0,labeled,0,labeled,True,False,PROVISIONAL_LLM_GOLD,No workplace context is recorded.,Requires desk work with prolonged sitting and workplace layout.,Work context unknown; generic workplace suggestion.,qwen3.8-max,13455508faec65f754df1c04483332e145681b917892a739e139dcb5775003b2,blinded-annotation-v2-shortrefs
C014,K062,0,labeled,0,labeled,0,labeled,True,False,PROVISIONAL_LLM_GOLD,No workplace or meeting context is recorded.,Requires meetings or desk work involving prolonged sitting with workplace context.,No workplace context; generic suggestion with no connection to observations.,qwen3.8-max,13455508faec65f754df1c04483332e145681b917892a739e139dcb5775003b2,blinded-annotation-v2-shortrefs
C014,K063,0,labeled,0,labeled,0,labeled,True,False,PROVISIONAL_LLM_GOLD,No television viewing data is recorded.,Requires prolonged sitting while watching television to be established.,Screen habits are unknown; conditions not met.,qwen3.8-max,13455508faec65f754df1c04483332e145681b917892a739e139dcb5775003b2,blinded-annotation-v2-shortrefs
C014,K064,0,labeled,0,labeled,0,labeled,True,False,PROVISIONAL_LLM_GOLD,No leisure context or seated leisure data is recorded.,Requires substantial habitual seated leisure to be established.,Leisure context unknown; generic suggestion without data connection.,qwen3.8-max,13455508faec65f754df1c04483332e145681b917892a739e139dcb5775003b2,blinded-annotation-v2-shortrefs
C014,K065,1,labeled,1,labeled,1,labeled,True,False,PROVISIONAL_LLM_GOLD,Low-movement minutes persist (~448-451 min) even as formal activity drops from 55 to 5 min.,Requires low everyday movement despite possible formal exercise.,Distinguishes everyday movement from planned exercise. Relevant to understanding that low-movement minutes persisted despite the activity drop.,qwen3.8-max,13455508faec65f754df1c04483332e145681b917892a739e139dcb5775003b2,blinded-annotation-v2-shortrefs
C014,K066,0,labeled,0,labeled,0,labeled,True,False,PROVISIONAL_LLM_GOLD,No workday lunch-break context is recorded.,Requires daytime low movement with known workday lunch-break context.,Workday and lunch-break context unknown; cannot apply.,qwen3.8-max,13455508faec65f754df1c04483332e145681b917892a739e139dcb5775003b2,blinded-annotation-v2-shortrefs
C014,K067,0,labeled,0,labeled,0,labeled,True,False,PROVISIONAL_LLM_GOLD,No stair access or mobility context is recorded.,Requires stair access and safe mobility.,Mobility limitations and context unknown; generic suggestion.,qwen3.8-max,13455508faec65f754df1c04483332e145681b917892a739e139dcb5775003b2,blinded-annotation-v2-shortrefs
C014,K068,1,labeled,1,labeled,1,labeled,True,False,PROVISIONAL_LLM_GOLD,Low-movement intervals span ~8h daily; metadata states 'low movement not posture'.,Requires low-movement intervals without posture measurement.,Directly relevant: confirms low-movement estimate should not be relabelled as confirmed sitting. Device low movement is not confirmed sitting per rules.,qwen3.8-max,13455508faec65f754df1c04483332e145681b917892a739e139dcb5775003b2,blinded-annotation-v2-shortrefs
C014,K069,0,labeled,0,labeled,0,labeled,True,False,PROVISIONAL_LLM_GOLD,Sleep remained stable (mean 470.5 to 469.4 min) despite massive activity drop (55.2 to 4.86 min).,Requires activity and sleep patterns available for joint review.,Sleep stable despite activity drop; item warns against causal claims but doesn't explain the observed pattern. Temporal co-occurrence does not imply causation.,qwen3.8-max,13455508faec65f754df1c04483332e145681b917892a739e139dcb5775003b2,blinded-annotation-v2-shortrefs
C014,K070,0,labeled,0,labeled,0,labeled,True,False,PROVISIONAL_LLM_GOLD,Sleep routine did not change; outdoor exposure cannot be inferred from step counts.,Requires low daytime activity accompanying a changed sleep routine.,Outdoor exposure cannot be inferred from movement counts; sleep routine did not change. Generic advice.,qwen3.8-max,13455508faec65f754df1c04483332e145681b917892a739e139dcb5775003b2,blinded-annotation-v2-shortrefs
C014,K071,0,labeled,0,labeled,0,labeled,True,False,PROVISIONAL_LLM_GOLD,Activity intervals at 21:00 have intensity 'unknown'; sleep starts ~22:44-22:58.,Requires intensity and actual timing relative to bedtime to be known.,Intensity unknown; cannot assume late movement is intense exercise before bed.,qwen3.8-max,13455508faec65f754df1c04483332e145681b917892a739e139dcb5775003b2,blinded-annotation-v2-shortrefs
C014,K072,0,labeled,0,labeled,0,labeled,True,False,PROVISIONAL_LLM_GOLD,No insomnia symptoms reported; activity occurs at 21:00 with sleep starting ~22:44-22:58.,Requires exercise near bedtime with reported insomnia symptoms.,No insomnia symptoms reported; temporal adjacency alone does not establish insomnia.,qwen3.8-max,13455508faec65f754df1c04483332e145681b917892a739e139dcb5775003b2,blinded-annotation-v2-shortrefs
C014,K073,1,labeled,1,labeled,1,labeled,True,False,PROVISIONAL_LLM_GOLD,Activity intervals recorded at ~21:00 each baseline day; sleep starts ~22:44-22:58.,Requires activity intervals for timing comparisons with subsequent sleep.,"Data contains both activity timing and sleep timing, enabling the temporal context comparison the item describes. Supported contextual connection.",qwen3.8-max,13455508faec65f754df1c04483332e145681b917892a739e139dcb5775003b2,blinded-annotation-v2-shortrefs
C014,K074,0,labeled,0,labeled,0,labeled,True,False,PROVISIONAL_LLM_GOLD,No emergency response deployment context is recorded.,Requires confirmed emergency-response deployment context.,Deployment context is unknown; item specific to deployed emergency responders.,qwen3.8-max,13455508faec65f754df1c04483332e145681b917892a739e139dcb5775003b2,blinded-annotation-v2-shortrefs
C014,K075,0,labeled,0,labeled,0,labeled,True,False,PROVISIONAL_LLM_GOLD,No subjective tiredness or energy data is recorded.,Requires reported tiredness limiting activity and subjective energy pattern.,Tiredness and energy context unknown; generic advice not grounded in observed data.,qwen3.8-max,13455508faec65f754df1c04483332e145681b917892a739e139dcb5775003b2,blinded-annotation-v2-shortrefs
C014,K076,0,labeled,0,labeled,0,labeled,True,False,PROVISIONAL_LLM_GOLD,No substance or medication records exist in the data.,Requires substance and medication history for causal interpretation.,Substance history unknown; cannot contextualize temporal relationships.,qwen3.8-max,13455508faec65f754df1c04483332e145681b917892a739e139dcb5775003b2,blinded-annotation-v2-shortrefs
C014,K077,1,labeled,1,labeled,1,labeled,True,False,PROVISIONAL_LLM_GOLD,Daily RHR values reported (55-57 bpm) distinct from any exercise heart rate.,Requires resting heart rate observations to be available.,"Clarifies the definition of the reported RHR metric as measured while still and well-rested, relevant for interpreting the stable values.",qwen3.8-max,13455508faec65f754df1c04483332e145681b917892a739e139dcb5775003b2,blinded-annotation-v2-shortrefs
C014,K078,1,labeled,1,labeled,1,labeled,True,False,PROVISIONAL_LLM_GOLD,Daily RHR values (55-57 bpm) are reported; no sleeping heart rate metric is separately provided.,Requires a daily resting heart-rate trend to be interpreted.,"Clarifies that the reported RHR metric is distinct from sleeping HR, relevant for correct interpretation of the daily values.",qwen3.8-max,13455508faec65f754df1c04483332e145681b917892a739e139dcb5775003b2,blinded-annotation-v2-shortrefs
C014,K079,1,labeled,1,labeled,1,labeled,True,False,PROVISIONAL_LLM_GOLD,RHR is stable at 55-57 bpm across all 42 days with variance <1 bpm.,Requires resting heart rate changes relative to previous readings.,Contextualizes RHR stability; reminds that minor fluctuations have multiple possible explanations. Relevant for interpreting the stable RHR pattern.,qwen3.8-max,13455508faec65f754df1c04483332e145681b917892a739e139dcb5775003b2,blinded-annotation-v2-shortrefs
C014,K080,1,labeled,1,labeled,1,labeled,True,False,PROVISIONAL_LLM_GOLD,Both RHR (mean 56.1-56.3 bpm) and HRV RMSSD (mean 44.8-45.3 ms) are reported simultaneously.,Requires HRV and heart-rate estimates to be interpreted together.,Directly clarifies that the two simultaneously reported metrics measure different physiological quantities.,qwen3.8-max,13455508faec65f754df1c04483332e145681b917892a739e139dcb5775003b2,blinded-annotation-v2-shortrefs
C014,K081,1,labeled,1,labeled,1,labeled,True,False,PROVISIONAL_LLM_GOLD,HRV RMSSD stable at 43-47 ms across 42 days for this individual.,Requires an HRV level or trend to be under review.,"Provides context that stable HRV should be compared to personal baseline, not universal norms. Relevant for interpretation.",qwen3.8-max,13455508faec65f754df1c04483332e145681b917892a739e139dcb5775003b2,blinded-annotation-v2-shortrefs
C014,K082,1,labeled,1,labeled,1,labeled,True,False,PROVISIONAL_LLM_GOLD,28-day baseline provides personal range context; window shows sharp step/activity decline against this baseline.,Requires a vital to have changed from a recent personal baseline with sufficient history.,Relevant for interpreting window metrics against the established 28-day personal baseline. Steps changed dramatically from personal history.,qwen3.8-max,13455508faec65f754df1c04483332e145681b917892a739e139dcb5775003b2,blinded-annotation-v2-shortrefs
C014,K083,1,labeled,1,labeled,1,labeled,True,False,PROVISIONAL_LLM_GOLD,RHR recorded over 42 consecutive days (28 baseline + 14 window) showing stable 55-57 bpm range.,Requires repeated resting heart-rate readings or a recent change.,Supports interpreting the stable multi-week RHR trend rather than focusing on any single daily value.,qwen3.8-max,13455508faec65f754df1c04483332e145681b917892a739e139dcb5775003b2,blinded-annotation-v2-shortrefs
C014,K084,1,labeled,1,labeled,1,labeled,True,False,PROVISIONAL_LLM_GOLD,HRV RMSSD stable at 43-47 ms across 42 days.,Requires an HRV trend to be available for wellness monitoring.,"Important boundary context: stable HRV is a wellness observation, not a diagnostic indicator. RHR/HRV alone do not establish diagnosis.",qwen3.8-max,13455508faec65f754df1c04483332e145681b917892a739e139dcb5775003b2,blinded-annotation-v2-shortrefs
C014,K085,2,labeled,1,labeled,2,labeled,False,False,PROVISIONAL_LLM_GOLD,HRV metric is explicitly labeled hrv_rmssd_ms with values 43-47 ms.,Requires HRV records to identify RMSSD as their metric.,"Core direct match: observed metric is explicitly RMSSD, confirming the measurement definition used in the data.",qwen3.8-max,13455508faec65f754df1c04483332e145681b917892a739e139dcb5775003b2,blinded-annotation-v2-shortrefs
C014,K086,1,labeled,1,labeled,1,labeled,True,False,PROVISIONAL_LLM_GOLD,Nighttime coverage ranges 482-498 min (>3h) on all nights; HRV RMSSD is reported daily.,Requires compatible collection definition and sleep coverage for overnight HRV.,Confirms the data meets the >3h sleep requirement for valid overnight HRV estimation. Contextualizes how the observed HRV metric is collected.,qwen3.8-max,13455508faec65f754df1c04483332e145681b917892a739e139dcb5775003b2,blinded-annotation-v2-shortrefs
C014,K087,0,labeled,0,labeled,0,labeled,True,False,PROVISIONAL_LLM_GOLD,Only sleep duration and timing are recorded; no sleep-stage data exists.,Requires sleep-stage measurements to be available.,Only duration and timing available; no sleep-stage data to apply this guidance.,qwen3.8-max,13455508faec65f754df1c04483332e145681b917892a739e139dcb5775003b2,blinded-annotation-v2-shortrefs
C014,K088,0,labeled,0,labeled,0,labeled,True,False,PROVISIONAL_LLM_GOLD,No health concerns are reported by the user.,Requires reported health concerns or symptoms.,Generic background advice; no reported concerns to connect to.,qwen3.8-max,13455508faec65f754df1c04483332e145681b917892a739e139dcb5775003b2,blinded-annotation-v2-shortrefs
C014,K089,0,labeled,0,labeled,0,labeled,True,False,PROVISIONAL_LLM_GOLD,RHR readings are stable (variance <1 bpm); wear coverage is complete at 720 min/day.,Requires heart-rate readings to be unreliable or wear quality to change.,No evidence of fit problems; RHR readings appear stable and reliable throughout.,qwen3.8-max,13455508faec65f754df1c04483332e145681b917892a739e139dcb5775003b2,blinded-annotation-v2-shortrefs
C014,K090,0,labeled,0,labeled,1,labeled,False,False,PROVISIONAL_LLM_GOLD,Nighttime coverage is 482-498 min on all nights; all overnight vitals are present.,Requires overnight vitals to have missing readings or uncertain coverage.,Overnight coverage is complete and vitals are present; no troubleshooting needed.,qwen3.8-max,13455508faec65f754df1c04483332e145681b917892a739e139dcb5775003b2,blinded-annotation-v2-shortrefs
C014,K091,0,labeled,0,labeled,0,labeled,True,False,PROVISIONAL_LLM_GOLD,"All vitals (RHR, HRV, sleep) are present for all 42 days with adequate coverage.",Requires a vital to be missing with limited night-time data.,No missing vitals observed; conditions not met.,qwen3.8-max,13455508faec65f754df1c04483332e145681b917892a739e139dcb5775003b2,blinded-annotation-v2-shortrefs
C014,K092,0,labeled,0,labeled,0,labeled,True,False,PROVISIONAL_LLM_GOLD,All vitals present for all 42 days; no missing data.,Requires vitals to be missing or delayed.,No missing vitals observed; conditions not met.,qwen3.8-max,13455508faec65f754df1c04483332e145681b917892a739e139dcb5775003b2,blinded-annotation-v2-shortrefs
C014,K093,0,labeled,0,labeled,0,labeled,True,False,PROVISIONAL_LLM_GOLD,Single synthetic device used throughout; no device switch recorded.,Requires heart-rate series to involve a device or algorithm change.,No device switch in this same-device series; conditions not met.,qwen3.8-max,13455508faec65f754df1c04483332e145681b917892a739e139dcb5775003b2,blinded-annotation-v2-shortrefs
C014,K094,1,labeled,1,labeled,1,labeled,True,False,PROVISIONAL_LLM_GOLD,"Sleep duration values (e.g., 470 min) are reported alongside sleep start/end timestamps defining a longer period.",Requires device-estimated sleep duration and sleep boundaries to be available.,Both estimated sleep duration and sleep boundaries are present in the data. This item correctly explains that the duration metric differs from the full sleep period.,qwen3.8-max,13455508faec65f754df1c04483332e145681b917892a739e139dcb5775003b2,blinded-annotation-v2-shortrefs
C014,K095,0,labeled,0,labeled,1,labeled,False,False,PROVISIONAL_LLM_GOLD,All nights have valid coverage (482-498 min) and sleep records present.,Requires sleep readings to be absent with non-wear or incomplete coverage.,All nights have valid coverage and sleep records; no missing observations to explain.,qwen3.8-max,13455508faec65f754df1c04483332e145681b917892a739e139dcb5775003b2,blinded-annotation-v2-shortrefs
C014,K096,1,labeled,1,labeled,1,labeled,True,False,PROVISIONAL_LLM_GOLD,Steps dropped from mean 7998 to 2321; arm swing requirements may affect counting accuracy.,Requires step readings to change with possible measurement limitations.,"Relevant context: arm swing requirements may affect step counting accuracy during activity changes. Both steps and activity minutes declined, but measurement factors remain relevant.",qwen3.8-max,13455508faec65f754df1c04483332e145681b917892a739e139dcb5775003b2,blinded-annotation-v2-shortrefs
C015,K001,2,labeled,2,labeled,2,labeled,True,False,PROVISIONAL_LLM_GOLD,"Age band 18-60; window weekday sleep mean 389.9 min (~6.5h), below 7h recommendation.",Item requires age 18-60 and sleep duration below recommendation.,The subject's age and consistently short weekday sleep directly trigger this age-specific sleep duration recommendation.,qwen3.8-max,1e5a01647c6c8052cb99171474938bdc9d8c73b7147bb9891f7af4450dd30094,blinded-annotation-v2-shortrefs
C015,K002,0,labeled,0,labeled,0,labeled,True,False,PROVISIONAL_LLM_GOLD,Age band is 18-60.,Item applies to adults aged 61 to 64; non-applicable for other age groups.,Subject's age band does not match the 61-64 category.,qwen3.8-max,1e5a01647c6c8052cb99171474938bdc9d8c73b7147bb9891f7af4450dd30094,blinded-annotation-v2-shortrefs
C015,K003,0,labeled,0,labeled,0,labeled,True,False,PROVISIONAL_LLM_GOLD,Age band is 18-60.,Item applies to adults aged 65 and older; non-applicable for age below 65.,Subject's age band excludes the 65+ category.,qwen3.8-max,1e5a01647c6c8052cb99171474938bdc9d8c73b7147bb9891f7af4450dd30094,blinded-annotation-v2-shortrefs
C015,K004,0,labeled,0,labeled,0,labeled,True,False,PROVISIONAL_LLM_GOLD,Age band is 18-60.,Item applies to teenagers aged 13-17; non-applicable for adults.,"Subject is an adult, so teenage sleep recommendations do not apply.",qwen3.8-max,1e5a01647c6c8052cb99171474938bdc9d8c73b7147bb9891f7af4450dd30094,blinded-annotation-v2-shortrefs
C015,K005,1,labeled,1,labeled,1,labeled,True,False,PROVISIONAL_LLM_GOLD,Window weekday sleep is 386-393 min vs baseline 462-477 min.,Item requires repeatedly shortened sleep opportunity; needs schedule constraint to attribute shortage to busyness.,"Shortened sleep is clearly observed, but the cause (busy schedule vs. other factors) is not established in the data.",qwen3.8-max,1e5a01647c6c8052cb99171474938bdc9d8c73b7147bb9891f7af4450dd30094,blinded-annotation-v2-shortrefs
C015,K006,1,labeled,1,labeled,1,labeled,True,False,PROVISIONAL_LLM_GOLD,Baseline sleep was stable at 462-477 min; window weekday sleep dropped to 386-393 min.,Item applies when sleep is consistently short even without a new decline.,"Baseline sleep was adequate, so the myth about adapting to short sleep does not apply to the prior stable period, but the item provides relevant context for evaluating the current short sleep.",qwen3.8-max,1e5a01647c6c8052cb99171474938bdc9d8c73b7147bb9891f7af4450dd30094,blinded-annotation-v2-shortrefs
C015,K007,1,labeled,1,labeled,1,labeled,True,False,PROVISIONAL_LLM_GOLD,"Sleep duration is recorded but no awakenings, onset latency, or subjective refreshment data exists.","Item requires sleep-onset difficulty, awakenings, or subjective refreshment to establish quality concern.","Important context for interpreting the observed sleep durations, as quality indicators are absent from the data.",qwen3.8-max,1e5a01647c6c8052cb99171474938bdc9d8c73b7147bb9891f7af4450dd30094,blinded-annotation-v2-shortrefs
C015,K008,0,labeled,0,labeled,0,labeled,True,False,PROVISIONAL_LLM_GOLD,"Only sleep duration, start, and end are recorded; no awakening data exists.",Item requires documented repeated awakenings or measured sleep continuity.,Night awakenings are not documented in the wearable observations.,qwen3.8-max,1e5a01647c6c8052cb99171474938bdc9d8c73b7147bb9891f7af4450dd30094,blinded-annotation-v2-shortrefs
C015,K009,0,labeled,0,labeled,0,labeled,True,False,PROVISIONAL_LLM_GOLD,Weekend sleep is 565-575 min (>8h) but no subjective restfulness is reported.,Item requires more than eight hours of sleep with reported lack of refreshment.,Feeling unrefreshed is not reported; cannot infer from duration alone.,qwen3.8-max,1e5a01647c6c8052cb99171474938bdc9d8c73b7147bb9891f7af4450dd30094,blinded-annotation-v2-shortrefs
C015,K010,1,labeled,1,labeled,1,labeled,True,False,PROVISIONAL_LLM_GOLD,"Window weekday sleep durations are 386-393 min (~6.5h), well below baseline ~469 min.",Item requires repeatedly shortened sleep; notes symptoms needed to claim actual cognitive impairment.,"Repeatedly shortened weekday sleep is observed, making this educational context relevant while noting impairment cannot be diagnosed from wearable data alone.",qwen3.8-max,1e5a01647c6c8052cb99171474938bdc9d8c73b7147bb9891f7af4450dd30094,blinded-annotation-v2-shortrefs
C015,K011,2,labeled,2,labeled,1,labeled,False,False,PROVISIONAL_LLM_GOLD,"Window weekdays show 10 consecutive nights of 386-393 min sleep, down from baseline 462-477 min.",Item requires several nights of reduced sleep duration; notes actual performance needed to claim individual impairment.,Ten consecutive shortened weekday sleep nights directly match the item's condition about repeated sleep loss affecting daytime performance.,qwen3.8-max,1e5a01647c6c8052cb99171474938bdc9d8c73b7147bb9891f7af4450dd30094,blinded-annotation-v2-shortrefs
C015,K012,1,labeled,1,labeled,0,labeled,False,False,PROVISIONAL_LLM_GOLD,Window weekday sleep is 386-393 min for 10 consecutive nights.,Item requires ongoing insufficient sleep; notes it does not allow diagnosing infection.,"Ongoing sleep deficiency is observed on weekdays, making immune function context educationally relevant without implying infection.",qwen3.8-max,1e5a01647c6c8052cb99171474938bdc9d8c73b7147bb9891f7af4450dd30094,blinded-annotation-v2-shortrefs
C015,K013,1,labeled,1,labeled,0,labeled,False,False,PROVISIONAL_LLM_GOLD,"Window weekday sleep is consistently 386-393 min, below the 7h recommendation.",Item requires repeated insufficient sleep; notes food intake info needed for individual claims.,"Repeated short sleep is observed, providing contextual relevance for appetite regulation mechanisms, though individual appetite change cannot be inferred.",qwen3.8-max,1e5a01647c6c8052cb99171474938bdc9d8c73b7147bb9891f7af4450dd30094,blinded-annotation-v2-shortrefs
C015,K014,0,labeled,0,labeled,0,labeled,True,False,PROVISIONAL_LLM_GOLD,No sleepiness reports or driving context is recorded.,Item requires reported sleepiness and driving plans.,"Sleepiness and driving context are both absent, making this safety advice inapplicable.",qwen3.8-max,1e5a01647c6c8052cb99171474938bdc9d8c73b7147bb9891f7af4450dd30094,blinded-annotation-v2-shortrefs
C015,K015,1,labeled,1,labeled,1,labeled,True,False,PROVISIONAL_LLM_GOLD,Window weekday sleep mean 389.9 min (~6.5h) is below typical 7-9h range.,Item applies when adult sleep duration is being reviewed; notes individual experience needed.,Provides general context for evaluating the observed short weekday sleep durations against population norms.,qwen3.8-max,1e5a01647c6c8052cb99171474938bdc9d8c73b7147bb9891f7af4450dd30094,blinded-annotation-v2-shortrefs
C015,K016,0,labeled,0,labeled,0,labeled,True,False,PROVISIONAL_LLM_GOLD,Only 14 days of window data; no symptom reports.,Item requires months-long sleeping difficulties or failed habit changes.,Two-week window cannot establish months-long insomnia conditions.,qwen3.8-max,1e5a01647c6c8052cb99171474938bdc9d8c73b7147bb9891f7af4450dd30094,blinded-annotation-v2-shortrefs
C015,K017,2,labeled,2,labeled,2,labeled,True,False,PROVISIONAL_LLM_GOLD,"Window sleep start variance 745.9 vs baseline 21.8; weekday starts ~00:07-00:14, weekend starts ~01:05-01:15.",Item requires repeated variability in bedtime or wake time.,The dramatic increase in sleep timing variability between weekdays and weekends directly triggers this consistency recommendation.,qwen3.8-max,1e5a01647c6c8052cb99171474938bdc9d8c73b7147bb9891f7af4450dd30094,blinded-annotation-v2-shortrefs
C015,K018,0,labeled,0,labeled,0,labeled,True,False,PROVISIONAL_LLM_GOLD,Weekend wake time is consistently 11:00; weekday wake time is consistently 07:00. No insomnia symptoms reported.,Item requires inconsistent wake time with reported sleeping difficulties.,Late stable weekend sleep is not irregularity; no insomnia reported.,qwen3.8-max,1e5a01647c6c8052cb99171474938bdc9d8c73b7147bb9891f7af4450dd30094,blinded-annotation-v2-shortrefs
C015,K019,2,labeled,2,labeled,2,labeled,True,False,PROVISIONAL_LLM_GOLD,"Window weekday sleep start mean 730.1 min from noon (~00:10), weekend mean 790.25 min (~01:10); difference ~60 min. Sleep end weekday 07:00, weekend 11:00; difference 4 hours.","Item requires bedtime or wake time differing substantially between weekdays and weekends, advising limit to ~1 hour.",The >1 hour weekday-weekend sleep schedule difference in both start and end times directly triggers this item's core advisory condition.,qwen3.8-max,1e5a01647c6c8052cb99171474938bdc9d8c73b7147bb9891f7af4450dd30094,blinded-annotation-v2-shortrefs
C015,K020,0,labeled,0,labeled,0,labeled,True,False,PROVISIONAL_LLM_GOLD,Sleep start times are recorded but pre-bed activities are not captured.,Item requires information about pre-bed activities for targeted advice.,No pre-bed activity data to connect this quiet-time advice to.,qwen3.8-max,1e5a01647c6c8052cb99171474938bdc9d8c73b7147bb9891f7af4450dd30094,blinded-annotation-v2-shortrefs
C015,K021,0,labeled,0,labeled,0,labeled,True,False,PROVISIONAL_LLM_GOLD,No screen or light exposure data is recorded.,Item requires known bright-screen exposure shortly before bed.,Screen exposure is unknown; item conditions not met.,qwen3.8-max,1e5a01647c6c8052cb99171474938bdc9d8c73b7147bb9891f7af4450dd30094,blinded-annotation-v2-shortrefs
C015,K022,0,labeled,0,labeled,0,labeled,True,False,PROVISIONAL_LLM_GOLD,No caffeine intake data is recorded.,Item requires known afternoon or evening caffeine use with sleeping difficulty.,Caffeine history is unknown; item conditions not met.,qwen3.8-max,1e5a01647c6c8052cb99171474938bdc9d8c73b7147bb9891f7af4450dd30094,blinded-annotation-v2-shortrefs
C015,K023,0,labeled,0,labeled,0,labeled,True,False,PROVISIONAL_LLM_GOLD,No meal timing or size data is recorded.,Item requires known large meal shortly before bed.,Meal information is unknown; item conditions not met.,qwen3.8-max,1e5a01647c6c8052cb99171474938bdc9d8c73b7147bb9891f7af4450dd30094,blinded-annotation-v2-shortrefs
C015,K024,0,labeled,0,labeled,0,labeled,True,False,PROVISIONAL_LLM_GOLD,No alcohol intake data is recorded.,Item requires reported alcohol use near bedtime.,Alcohol exposure is unknown; item conditions not met.,qwen3.8-max,1e5a01647c6c8052cb99171474938bdc9d8c73b7147bb9891f7af4450dd30094,blinded-annotation-v2-shortrefs
C015,K025,0,labeled,0,labeled,0,labeled,True,False,PROVISIONAL_LLM_GOLD,No nicotine use is documented.,Item requires established nicotine exposure.,Nicotine exposure is unknown; cannot link to sleep patterns.,qwen3.8-max,1e5a01647c6c8052cb99171474938bdc9d8c73b7147bb9891f7af4450dd30094,blinded-annotation-v2-shortrefs
C015,K026,0,labeled,0,labeled,0,labeled,True,False,PROVISIONAL_LLM_GOLD,No bedroom environment data is recorded.,Item requires known disruptive bedroom environment.,Environment is unknown; item conditions not met.,qwen3.8-max,1e5a01647c6c8052cb99171474938bdc9d8c73b7147bb9891f7af4450dd30094,blinded-annotation-v2-shortrefs
C015,K027,0,labeled,0,labeled,0,labeled,True,False,PROVISIONAL_LLM_GOLD,No relaxation practices or difficulty relaxing is reported.,Item requires reported difficulty relaxing or request for routine options.,No reported difficulty relaxing; item conditions not met.,qwen3.8-max,1e5a01647c6c8052cb99171474938bdc9d8c73b7147bb9891f7af4450dd30094,blinded-annotation-v2-shortrefs
C015,K028,0,labeled,0,labeled,0,labeled,True,False,PROVISIONAL_LLM_GOLD,No nap data is recorded in the wearable observations.,Item requires adult naps to be recorded or reported.,Nap history is unknown; item conditions not met.,qwen3.8-max,1e5a01647c6c8052cb99171474938bdc9d8c73b7147bb9891f7af4450dd30094,blinded-annotation-v2-shortrefs
C015,K029,0,labeled,0,labeled,0,labeled,True,False,PROVISIONAL_LLM_GOLD,"Sleep pattern shows regular weekday/weekend structure, not rotating shifts.",Item requires confirmed shift-work schedule.,Shift work is unknown; item conditions not met.,qwen3.8-max,1e5a01647c6c8052cb99171474938bdc9d8c73b7147bb9891f7af4450dd30094,blinded-annotation-v2-shortrefs
C015,K030,0,labeled,0,labeled,0,labeled,True,False,PROVISIONAL_LLM_GOLD,No shift work is documented.,Item requires confirmed shift work.,No confirmed shift work; item explicitly non-applicable.,qwen3.8-max,1e5a01647c6c8052cb99171474938bdc9d8c73b7147bb9891f7af4450dd30094,blinded-annotation-v2-shortrefs
C015,K031,0,labeled,0,labeled,0,labeled,True,False,PROVISIONAL_LLM_GOLD,No shift work or caffeine use is documented.,Item requires shift worker using caffeine with known shift schedule.,"Neither shift work nor caffeine use is established, making this item inapplicable.",qwen3.8-max,1e5a01647c6c8052cb99171474938bdc9d8c73b7147bb9891f7af4450dd30094,blinded-annotation-v2-shortrefs
C015,K032,0,labeled,0,labeled,0,labeled,True,False,PROVISIONAL_LLM_GOLD,"All sleep occurs overnight (earliest start 00:07, latest end 11:00 on weekends); no shift work indicated.",Item requires daytime sleep associated with shift work.,No daytime sleep or shift work observed in the data.,qwen3.8-max,1e5a01647c6c8052cb99171474938bdc9d8c73b7147bb9891f7af4450dd30094,blinded-annotation-v2-shortrefs
C015,K033,1,labeled,1,labeled,1,labeled,True,False,PROVISIONAL_LLM_GOLD,Sleep duration variance increased from 21.8 (baseline) to 6608.8 (window); sleep start variance from 21.8 to 745.9.,Item requires a changed or variable sleep pattern needing review.,"The increased sleep variability supports the value of diary tracking, though the item itself is methodological advice.",qwen3.8-max,1e5a01647c6c8052cb99171474938bdc9d8c73b7147bb9891f7af4450dd30094,blinded-annotation-v2-shortrefs
C015,K034,2,labeled,2,labeled,2,labeled,True,False,PROVISIONAL_LLM_GOLD,"Window weekdays (Mar 31-Apr 10) show 10 consecutive nights of sleep 386-393 min, compared to baseline mean 468.75 min.",Item requires several shortened nights rather than a single isolated reading.,Ten consecutive nights of substantially shortened weekday sleep directly exemplify accumulating sleep loss.,qwen3.8-max,1e5a01647c6c8052cb99171474938bdc9d8c73b7147bb9891f7af4450dd30094,blinded-annotation-v2-shortrefs
C015,K035,2,labeled,2,labeled,2,labeled,True,False,PROVISIONAL_LLM_GOLD,Window weekend sleep mean 569.75 min vs weekday mean 389.9 min; weekend sleep end 11:00 vs weekday 07:00.,Item requires longer sleep and later timing on days off.,The large weekend-weekday sleep difference directly matches the item's core condition about compensatory sleep signaling insufficient workday sleep.,qwen3.8-max,1e5a01647c6c8052cb99171474938bdc9d8c73b7147bb9891f7af4450dd30094,blinded-annotation-v2-shortrefs
C015,K036,0,labeled,0,labeled,0,labeled,True,False,PROVISIONAL_LLM_GOLD,No nap data is recorded.,Item requires recorded naps after shortened night-time sleep.,Nap information is unavailable; item conditions not met.,qwen3.8-max,1e5a01647c6c8052cb99171474938bdc9d8c73b7147bb9891f7af4450dd30094,blinded-annotation-v2-shortrefs
C015,K037,0,labeled,0,labeled,0,labeled,True,False,PROVISIONAL_LLM_GOLD,No reported insomnia symptoms; weekend sleep is consistently long (565-575 min).,Item requires recent bad night and reported sleeping difficulties.,Required context of reported sleeping difficulty is absent.,qwen3.8-max,1e5a01647c6c8052cb99171474938bdc9d8c73b7147bb9891f7af4450dd30094,blinded-annotation-v2-shortrefs
C015,K038,0,labeled,0,labeled,0,labeled,True,False,PROVISIONAL_LLM_GOLD,Only 14 days of device-estimated sleep data are available; no symptom history is recorded.,Item requires reported sleeping difficulties with known duration and symptom history.,"Insomnia diagnosis requires symptom history beyond device estimates, which is absent.",qwen3.8-max,1e5a01647c6c8052cb99171474938bdc9d8c73b7147bb9891f7af4450dd30094,blinded-annotation-v2-shortrefs
C015,K039,0,labeled,0,labeled,0,labeled,True,False,PROVISIONAL_LLM_GOLD,No travel history is documented.,"Item requires confirmed travel, destination time zone, and trip duration.",No travel context; sleep timing changes not attributable to jet lag.,qwen3.8-max,1e5a01647c6c8052cb99171474938bdc9d8c73b7147bb9891f7af4450dd30094,blinded-annotation-v2-shortrefs
C015,K040,0,labeled,0,labeled,0,labeled,True,False,PROVISIONAL_LLM_GOLD,No travel history or time-zone changes are documented in the data.,Item requires a known short trip across time zones.,Travel context is unknown; item conditions not met.,qwen3.8-max,1e5a01647c6c8052cb99171474938bdc9d8c73b7147bb9891f7af4450dd30094,blinded-annotation-v2-shortrefs
C015,K041,0,labeled,0,labeled,0,labeled,True,False,PROVISIONAL_LLM_GOLD,Activity duration is stable at ~55 min/day; intensity is unknown.,Item requires low or declining movement; needs intensity info to count recommended minutes.,"Movement is not declining, and intensity is unknown, so this general encouragement is not specifically triggered.",qwen3.8-max,1e5a01647c6c8052cb99171474938bdc9d8c73b7147bb9891f7af4450dd30094,blinded-annotation-v2-shortrefs
C015,K042,0,labeled,0,labeled,0,labeled,True,False,PROVISIONAL_LLM_GOLD,Activity duration is stable at ~55 min/day across both periods.,Item requires recently low or reduced physical activity.,No recent inactivity observed; generic advice not connected to data.,qwen3.8-max,1e5a01647c6c8052cb99171474938bdc9d8c73b7147bb9891f7af4450dd30094,blinded-annotation-v2-shortrefs
C015,K043,0,labeled,0,labeled,0,labeled,True,False,PROVISIONAL_LLM_GOLD,Activity intensity is 'unknown' for all intervals across baseline and window.,Item requires known moderate-intensity aerobic minutes; non-applicable when only unspecified active minutes are available.,Cannot determine if 150-minute moderate-intensity target is met without intensity data.,qwen3.8-max,1e5a01647c6c8052cb99171474938bdc9d8c73b7147bb9891f7af4450dd30094,blinded-annotation-v2-shortrefs
C015,K044,0,labeled,0,labeled,0,labeled,True,False,PROVISIONAL_LLM_GOLD,All activity intervals have intensity 'unknown'.,Item requires known vigorous intensity.,Cannot determine if vigorous target applies without intensity data.,qwen3.8-max,1e5a01647c6c8052cb99171474938bdc9d8c73b7147bb9891f7af4450dd30094,blinded-annotation-v2-shortrefs
C015,K045,0,labeled,0,labeled,0,labeled,True,False,PROVISIONAL_LLM_GOLD,All activity intervals have intensity 'unknown'.,Item requires known intensity for counting guideline minutes.,"Without intensity data, splitting activity into guideline-compliant portions cannot be assessed.",qwen3.8-max,1e5a01647c6c8052cb99171474938bdc9d8c73b7147bb9891f7af4450dd30094,blinded-annotation-v2-shortrefs
C015,K046,0,labeled,0,labeled,0,labeled,True,False,PROVISIONAL_LLM_GOLD,No muscle-strengthening activity data is recorded.,Item requires strengthening activity records including days and muscle groups.,No strengthening data is available; item conditions not met.,qwen3.8-max,1e5a01647c6c8052cb99171474938bdc9d8c73b7147bb9891f7af4450dd30094,blinded-annotation-v2-shortrefs
C015,K047,0,labeled,0,labeled,0,labeled,True,False,PROVISIONAL_LLM_GOLD,Activity intensity is 'unknown' for all intervals.,Item requires known intensity and verified guideline attainment.,Cannot assess additional benefits without known intensity.,qwen3.8-max,1e5a01647c6c8052cb99171474938bdc9d8c73b7147bb9891f7af4450dd30094,blinded-annotation-v2-shortrefs
C015,K048,0,labeled,0,labeled,0,labeled,True,False,PROVISIONAL_LLM_GOLD,All activity intervals have intensity 'unknown'.,Item requires fitness or perceived effort to interpret intensity.,"Intensity is unknown throughout, so relative intensity assessment cannot be performed.",qwen3.8-max,1e5a01647c6c8052cb99171474938bdc9d8c73b7147bb9891f7af4450dd30094,blinded-annotation-v2-shortrefs
C015,K049,0,labeled,0,labeled,0,labeled,True,False,PROVISIONAL_LLM_GOLD,All activity intervals have intensity 'unknown'.,Item requires observed effort or talk-test observation; non-applicable when effort context is unrecorded.,"Intensity is unknown throughout the data, so the talk test cannot be applied.",qwen3.8-max,1e5a01647c6c8052cb99171474938bdc9d8c73b7147bb9891f7af4450dd30094,blinded-annotation-v2-shortrefs
C015,K050,1,labeled,1,labeled,0,labeled,False,False,PROVISIONAL_LLM_GOLD,"Steps are stable (baseline mean 8018.5, window mean 7938.8) while activity type is unknown.",Item applies when steps change while other activity may differ; notes steps may not reflect intensity.,"Relevant context for interpreting stable step counts, as non-step activities might contribute differently to overall exercise.",qwen3.8-max,1e5a01647c6c8052cb99171474938bdc9d8c73b7147bb9891f7af4450dd30094,blinded-annotation-v2-shortrefs
C015,K051,0,labeled,0,labeled,0,labeled,True,False,PROVISIONAL_LLM_GOLD,Steps mean 8018.5 (baseline) vs 7938.8 (window); no significant decline.,Item requires low or declining routine movement.,"Routine movement is maintained, so walking-as-routine advice is not specifically triggered.",qwen3.8-max,1e5a01647c6c8052cb99171474938bdc9d8c73b7147bb9891f7af4450dd30094,blinded-annotation-v2-shortrefs
C015,K052,0,labeled,0,labeled,0,labeled,True,False,PROVISIONAL_LLM_GOLD,No personal preferences or availability data is recorded.,Item requires personal preferences and availability for choosing individualized options.,Generic advice with no connection to observed data patterns.,qwen3.8-max,1e5a01647c6c8052cb99171474938bdc9d8c73b7147bb9891f7af4450dd30094,blinded-annotation-v2-shortrefs
C015,K053,0,labeled,0,labeled,0,labeled,True,False,PROVISIONAL_LLM_GOLD,No social preferences or motivational barriers are recorded in the wearable data.,Item requires reported motivational barrier or social preferences.,Generic advice with no connection to observed data patterns.,qwen3.8-max,1e5a01647c6c8052cb99171474938bdc9d8c73b7147bb9891f7af4450dd30094,blinded-annotation-v2-shortrefs
C015,K054,0,labeled,0,labeled,0,labeled,True,False,PROVISIONAL_LLM_GOLD,Steps mean 8018.5 (baseline) vs 7938.8 (window); activity duration stable at ~55 min/day.,Item requires low activity with a reported time barrier.,"No time barrier is reported and activity is maintained, so diary advice is not triggered.",qwen3.8-max,1e5a01647c6c8052cb99171474938bdc9d8c73b7147bb9891f7af4450dd30094,blinded-annotation-v2-shortrefs
C015,K055,0,labeled,0,labeled,0,labeled,True,False,PROVISIONAL_LLM_GOLD,No schedule constraints or competing demands are reported.,Item requires reported competing demands reducing activity.,Schedule reason is unknown; item not applicable.,qwen3.8-max,1e5a01647c6c8052cb99171474938bdc9d8c73b7147bb9891f7af4450dd30094,blinded-annotation-v2-shortrefs
C015,K056,0,labeled,0,labeled,0,labeled,True,False,PROVISIONAL_LLM_GOLD,No chronic conditions or special health needs are documented.,"Item requires established chronic condition, disability, or special need.",Medical context is unknown; item conditions not met by available data.,qwen3.8-max,1e5a01647c6c8052cb99171474938bdc9d8c73b7147bb9891f7af4450dd30094,blinded-annotation-v2-shortrefs
C015,K057,1,labeled,1,labeled,1,labeled,True,False,PROVISIONAL_LLM_GOLD,"Baseline and window days show ~10 low_movement_intervals per day, each ~45 min, totaling ~450 min daily.",Item requires long uninterrupted daytime low-movement intervals with adequate wear coverage; notes posture context needed for sitting claim.,"Extended daytime low-movement periods are observed with full 720-min wear, but posture is unconfirmed, limiting direct sedentary claims to a contextual connection.",qwen3.8-max,1e5a01647c6c8052cb99171474938bdc9d8c73b7147bb9891f7af4450dd30094,blinded-annotation-v2-shortrefs
C015,K058,1,labeled,1,labeled,1,labeled,True,False,PROVISIONAL_LLM_GOLD,Daily activity ~55 min coexists with ~451 min low movement in both periods.,Item requires recorded activity coexisting with substantial low-movement periods; notes low-movement estimates do not prove sitting.,"Activity and low movement coexist, but low movement cannot be equated to confirmed sitting per guidelines.",qwen3.8-max,1e5a01647c6c8052cb99171474938bdc9d8c73b7147bb9891f7af4450dd30094,blinded-annotation-v2-shortrefs
C015,K059,1,labeled,1,labeled,0,labeled,False,False,PROVISIONAL_LLM_GOLD,Low movement averages ~451 min/day across both periods.,Item requires substantial or increasing daily low movement; notes confirmed sitting needed for specific conclusion.,"Extensive daily low movement is observed, but without posture data, specific sedentary behavior claims are limited to a contextual connection.",qwen3.8-max,1e5a01647c6c8052cb99171474938bdc9d8c73b7147bb9891f7af4450dd30094,blinded-annotation-v2-shortrefs
C015,K060,0,labeled,0,labeled,0,labeled,True,False,PROVISIONAL_LLM_GOLD,No commuting or transport data is recorded.,Item requires established sedentary commuting and transport context.,Commute context is unknown; item not applicable to available data.,qwen3.8-max,1e5a01647c6c8052cb99171474938bdc9d8c73b7147bb9891f7af4450dd30094,blinded-annotation-v2-shortrefs
C015,K061,0,labeled,0,labeled,0,labeled,True,False,PROVISIONAL_LLM_GOLD,No workplace layout or desk work context is recorded.,Item requires workplace layout and ability to walk.,Work context is unknown; item not applicable.,qwen3.8-max,1e5a01647c6c8052cb99171474938bdc9d8c73b7147bb9891f7af4450dd30094,blinded-annotation-v2-shortrefs
C015,K062,0,labeled,0,labeled,0,labeled,True,False,PROVISIONAL_LLM_GOLD,No meeting or workplace information is recorded.,Item requires workplace and mobility context.,Workplace information is unknown; item not applicable.,qwen3.8-max,1e5a01647c6c8052cb99171474938bdc9d8c73b7147bb9891f7af4450dd30094,blinded-annotation-v2-shortrefs
C015,K063,0,labeled,0,labeled,0,labeled,True,False,PROVISIONAL_LLM_GOLD,No television viewing or screen habits are recorded.,Item requires prolonged sitting while watching television.,Screen habits are unknown; item not applicable.,qwen3.8-max,1e5a01647c6c8052cb99171474938bdc9d8c73b7147bb9891f7af4450dd30094,blinded-annotation-v2-shortrefs
C015,K064,0,labeled,0,labeled,0,labeled,True,False,PROVISIONAL_LLM_GOLD,No leisure routine or preference data is recorded.,Item requires substantial habitual seated leisure and routine context.,Leisure context is unknown; item not applicable.,qwen3.8-max,1e5a01647c6c8052cb99171474938bdc9d8c73b7147bb9891f7af4450dd30094,blinded-annotation-v2-shortrefs
C015,K065,0,labeled,0,labeled,0,labeled,True,False,PROVISIONAL_LLM_GOLD,Steps ~8000/day and activity ~55 min/day are consistently present.,Item requires low everyday movement despite possible formal exercise.,Movement is consistent; no specific low everyday movement concern.,qwen3.8-max,1e5a01647c6c8052cb99171474938bdc9d8c73b7147bb9891f7af4450dd30094,blinded-annotation-v2-shortrefs
C015,K066,0,labeled,0,labeled,0,labeled,True,False,PROVISIONAL_LLM_GOLD,No lunch break or workday context is recorded.,Item requires known workday lunch-break access and mobility.,Lunch break context is unknown; item not applicable.,qwen3.8-max,1e5a01647c6c8052cb99171474938bdc9d8c73b7147bb9891f7af4450dd30094,blinded-annotation-v2-shortrefs
C015,K067,0,labeled,0,labeled,0,labeled,True,False,PROVISIONAL_LLM_GOLD,No stair access or workplace context is recorded.,Item requires accessible stairs and safe mobility.,Mobility context is unknown; item not applicable.,qwen3.8-max,1e5a01647c6c8052cb99171474938bdc9d8c73b7147bb9891f7af4450dd30094,blinded-annotation-v2-shortrefs
C015,K068,1,labeled,1,labeled,1,labeled,True,False,PROVISIONAL_LLM_GOLD,~451 min daily low movement recorded without posture measurement.,Item requires low-movement intervals without posture measurement; notes low-movement should not be relabelled as confirmed sitting.,Directly relevant because the data shows extensive low-movement periods without posture confirmation.,qwen3.8-max,1e5a01647c6c8052cb99171474938bdc9d8c73b7147bb9891f7af4450dd30094,blinded-annotation-v2-shortrefs
C015,K069,0,labeled,0,labeled,0,labeled,True,False,PROVISIONAL_LLM_GOLD,"Activity duration remained stable (baseline mean 55.4 min, window mean 54.7 min) while sleep timing changed dramatically.",Item requires activity and sleep patterns for joint review; notes temporal co-occurrence does not imply causation.,"Activity remained stable while sleep changed, so activity cannot explain the sleep pattern shift; causal claims unsupported.",qwen3.8-max,1e5a01647c6c8052cb99171474938bdc9d8c73b7147bb9891f7af4450dd30094,blinded-annotation-v2-shortrefs
C015,K070,0,labeled,0,labeled,0,labeled,True,False,PROVISIONAL_LLM_GOLD,Activity levels are stable (~55 min/day); outdoor exposure is not measured.,Item requires low daytime activity accompanying changed sleep routine; notes outdoor exposure cannot be inferred from movement.,"Activity levels are maintained, and outdoor exposure cannot be inferred from movement data.",qwen3.8-max,1e5a01647c6c8052cb99171474938bdc9d8c73b7147bb9891f7af4450dd30094,blinded-annotation-v2-shortrefs
C015,K071,0,labeled,0,labeled,0,labeled,True,False,PROVISIONAL_LLM_GOLD,Activity intervals occur at 21:00-22:00 but all have intensity 'unknown'.,Item requires known intensity and actual timing relative to bedtime.,"Activity intensity is unknown, so the intense-exercise-before-bed advice cannot be specifically applied.",qwen3.8-max,1e5a01647c6c8052cb99171474938bdc9d8c73b7147bb9891f7af4450dd30094,blinded-annotation-v2-shortrefs
C015,K072,0,labeled,0,labeled,0,labeled,True,False,PROVISIONAL_LLM_GOLD,No insomnia symptoms reported; activity intensity is 'unknown'.,Item requires exercise near bedtime with reported insomnia symptoms.,Insomnia is not reported and activity intensity is unknown; required context missing.,qwen3.8-max,1e5a01647c6c8052cb99171474938bdc9d8c73b7147bb9891f7af4450dd30094,blinded-annotation-v2-shortrefs
C015,K073,1,labeled,1,labeled,1,labeled,True,False,PROVISIONAL_LLM_GOLD,Activity intervals are recorded daily at 21:00-22:00; sleep start times vary from 00:07 to 01:15.,Item requires activity intervals for timing comparisons with subsequent sleep.,"Late activity timing is documented, enabling temporal comparison with the observed delayed sleep onset.",qwen3.8-max,1e5a01647c6c8052cb99171474938bdc9d8c73b7147bb9891f7af4450dd30094,blinded-annotation-v2-shortrefs
C015,K074,0,labeled,0,labeled,0,labeled,True,False,PROVISIONAL_LLM_GOLD,No emergency-response deployment context is documented.,Item requires confirmed emergency-response deployment context.,Deployment context is unknown; item not applicable.,qwen3.8-max,1e5a01647c6c8052cb99171474938bdc9d8c73b7147bb9891f7af4450dd30094,blinded-annotation-v2-shortrefs
C015,K075,0,labeled,0,labeled,0,labeled,True,False,PROVISIONAL_LLM_GOLD,No subjective energy or tiredness data is recorded.,Item requires reported tiredness limiting activity and subjective energy pattern.,No tiredness history; item conditions not met.,qwen3.8-max,1e5a01647c6c8052cb99171474938bdc9d8c73b7147bb9891f7af4450dd30094,blinded-annotation-v2-shortrefs
C015,K076,0,labeled,0,labeled,0,labeled,True,False,PROVISIONAL_LLM_GOLD,No substance or medication data is recorded.,Item requires substance and medication history for causal interpretation.,No substance data is available to contextualize sleep changes.,qwen3.8-max,1e5a01647c6c8052cb99171474938bdc9d8c73b7147bb9891f7af4450dd30094,blinded-annotation-v2-shortrefs
C015,K077,1,labeled,1,labeled,1,labeled,True,False,PROVISIONAL_LLM_GOLD,resting_heart_rate_bpm is recorded daily (55-57 bpm).,Item applies when resting heart rate observations are available.,Provides important definitional context for correctly interpreting the reported resting heart rate values.,qwen3.8-max,1e5a01647c6c8052cb99171474938bdc9d8c73b7147bb9891f7af4450dd30094,blinded-annotation-v2-shortrefs
C015,K078,1,labeled,1,labeled,1,labeled,True,False,PROVISIONAL_LLM_GOLD,resting_heart_rate_bpm is recorded daily; no sleeping heart rate is separately reported.,Item applies when a daily resting heart-rate trend is being interpreted.,"Provides relevant measurement context for interpreting the available RHR data, clarifying it differs from sleeping heart rate.",qwen3.8-max,1e5a01647c6c8052cb99171474938bdc9d8c73b7147bb9891f7af4450dd30094,blinded-annotation-v2-shortrefs
C015,K079,1,labeled,1,labeled,0,labeled,False,False,PROVISIONAL_LLM_GOLD,RHR ranges 55-57 bpm in both baseline (mean 56.5) and window (mean 56.14).,Item requires RHR changes relative to previous readings; notes multiple possible explanations.,"RHR is relatively stable; this item provides context that even small changes have multiple potential causes, supporting interpretation of the available RHR data.",qwen3.8-max,1e5a01647c6c8052cb99171474938bdc9d8c73b7147bb9891f7af4450dd30094,blinded-annotation-v2-shortrefs
C015,K080,1,labeled,1,labeled,1,labeled,True,False,PROVISIONAL_LLM_GOLD,Both resting_heart_rate_bpm and hrv_rmssd_ms are recorded daily.,Item applies when HRV and heart-rate estimates are being interpreted together.,"Both metrics are present in the data, making this definitional distinction relevant for correct interpretation.",qwen3.8-max,1e5a01647c6c8052cb99171474938bdc9d8c73b7147bb9891f7af4450dd30094,blinded-annotation-v2-shortrefs
C015,K081,1,labeled,1,labeled,1,labeled,True,False,PROVISIONAL_LLM_GOLD,HRV RMSSD is stable at 43-47 ms across 42 days.,Item applies when an HRV level or trend is being reviewed; notes personal history needed.,Supports interpreting the stable HRV values within this person's own range rather than against external standards.,qwen3.8-max,1e5a01647c6c8052cb99171474938bdc9d8c73b7147bb9891f7af4450dd30094,blinded-annotation-v2-shortrefs
C015,K082,1,labeled,1,labeled,1,labeled,True,False,PROVISIONAL_LLM_GOLD,"28-day baseline provides personal history for sleep, RHR, HRV, steps, and activity metrics.",Item requires sufficient same-metric personal history; non-applicable for single isolated reading.,The 28-day baseline enables meaningful personal-range comparisons for the observed window changes.,qwen3.8-max,1e5a01647c6c8052cb99171474938bdc9d8c73b7147bb9891f7af4450dd30094,blinded-annotation-v2-shortrefs
C015,K083,1,labeled,1,labeled,1,labeled,True,False,PROVISIONAL_LLM_GOLD,RHR recorded daily over 42 days (28 baseline + 14 window).,Item requires repeated RHR readings or a recent change.,The extended RHR time series supports trend-based interpretation rather than focusing on individual daily values.,qwen3.8-max,1e5a01647c6c8052cb99171474938bdc9d8c73b7147bb9891f7af4450dd30094,blinded-annotation-v2-shortrefs
C015,K084,1,labeled,1,labeled,1,labeled,True,False,PROVISIONAL_LLM_GOLD,HRV RMSSD values range 43-47 ms across both periods with minimal variance.,Item applies when an HRV trend is available for wellness monitoring.,Important context for interpreting the stable HRV values as wellness observations rather than diagnostic indicators.,qwen3.8-max,1e5a01647c6c8052cb99171474938bdc9d8c73b7147bb9891f7af4450dd30094,blinded-annotation-v2-shortrefs
C015,K085,1,labeled,1,labeled,1,labeled,True,False,PROVISIONAL_LLM_GOLD,hrv_rmssd_ms is recorded in the data; metadata confirms 'night RMSSD'.,Item requires HRV records identifying RMSSD as their metric.,"Confirms the specific HRV metric used, supporting valid within-person comparisons across the observation periods.",qwen3.8-max,1e5a01647c6c8052cb99171474938bdc9d8c73b7147bb9891f7af4450dd30094,blinded-annotation-v2-shortrefs
C015,K086,1,labeled,1,labeled,1,labeled,True,False,PROVISIONAL_LLM_GOLD,"All window sleep durations are 386-575 min, exceeding the 3-hour minimum.",Item requires compatible collection definition and sleep coverage >3 hours.,"All sleep periods exceed the 3-hour minimum, supporting valid HRV RMSSD collection across the observation window.",qwen3.8-max,1e5a01647c6c8052cb99171474938bdc9d8c73b7147bb9891f7af4450dd30094,blinded-annotation-v2-shortrefs
C015,K087,0,labeled,0,labeled,0,labeled,True,False,PROVISIONAL_LLM_GOLD,Only sleep duration and timing are recorded; no sleep stage data exists.,Item requires sleep-stage measurements; non-applicable when only duration and timing are available.,Sleep stages are not available; item explicitly non-applicable.,qwen3.8-max,1e5a01647c6c8052cb99171474938bdc9d8c73b7147bb9891f7af4450dd30094,blinded-annotation-v2-shortrefs
C015,K088,0,labeled,0,labeled,0,labeled,True,False,PROVISIONAL_LLM_GOLD,No health concerns or symptoms are reported in the data.,Item requires reported health concerns or symptoms.,Generic advisory with no reported concerns to connect to.,qwen3.8-max,1e5a01647c6c8052cb99171474938bdc9d8c73b7147bb9891f7af4450dd30094,blinded-annotation-v2-shortrefs
C015,K089,0,labeled,0,labeled,0,labeled,True,False,PROVISIONAL_LLM_GOLD,RHR values are consistent (55-57 bpm) with no erratic readings suggesting fit issues.,Item requires evidence of unreliable readings or wear quality changes.,No evidence of unreliable heart rate or fit changes in the data.,qwen3.8-max,1e5a01647c6c8052cb99171474938bdc9d8c73b7147bb9891f7af4450dd30094,blinded-annotation-v2-shortrefs
C015,K090,1,labeled,1,labeled,0,labeled,False,False,PROVISIONAL_LLM_GOLD,"Nighttime coverage is 406-595 min across all window nights, exceeding the 180-min requirement.",Item requires separate night-time wear information; notes daytime wear alone doesn't demonstrate overnight capture.,"Adequate nighttime coverage is confirmed across all observations, supporting validity of overnight RHR and HRV metrics.",qwen3.8-max,1e5a01647c6c8052cb99171474938bdc9d8c73b7147bb9891f7af4450dd30094,blinded-annotation-v2-shortrefs
C015,K091,1,labeled,1,labeled,0,labeled,False,False,PROVISIONAL_LLM_GOLD,"All nights have sleep durations 386-575 min, exceeding the 3-hour minimum; no vitals are missing.",Item applies when a vital is missing with limited night-time data.,"Confirms that adequate sleep coverage supports the completeness of the reported vital signs across all nights, even though no vitals are currently missing.",qwen3.8-max,1e5a01647c6c8052cb99171474938bdc9d8c73b7147bb9891f7af4450dd30094,blinded-annotation-v2-shortrefs
C015,K092,0,labeled,0,labeled,0,labeled,True,False,PROVISIONAL_LLM_GOLD,All vitals are present for all 42 days; no missing data.,Item requires missing or delayed vitals.,No missing vitals to troubleshoot; item conditions not triggered.,qwen3.8-max,1e5a01647c6c8052cb99171474938bdc9d8c73b7147bb9891f7af4450dd30094,blinded-annotation-v2-shortrefs
C015,K093,0,labeled,0,labeled,0,labeled,True,False,PROVISIONAL_LLM_GOLD,Same synthetic device used throughout; no device switch indicated.,Item requires heart-rate series involving a device or algorithm change.,No device change occurred; item not applicable to this dataset.,qwen3.8-max,1e5a01647c6c8052cb99171474938bdc9d8c73b7147bb9891f7af4450dd30094,blinded-annotation-v2-shortrefs
C015,K094,1,labeled,1,labeled,1,labeled,True,False,PROVISIONAL_LLM_GOLD,sleep_duration_minutes are recorded alongside sleep_start_at and sleep_end_at timestamps.,Item applies when device-estimated sleep duration and boundaries are available.,"Relevant for correctly interpreting the reported sleep_duration_minutes as estimated time asleep, not total time in bed.",qwen3.8-max,1e5a01647c6c8052cb99171474938bdc9d8c73b7147bb9891f7af4450dd30094,blinded-annotation-v2-shortrefs
C015,K095,1,labeled,1,labeled,0,labeled,False,False,PROVISIONAL_LLM_GOLD,"Nighttime coverage ranges 406-595 min in window, all above 180 min threshold.",Item requires night-time wear record; notes unworn night should remain missing.,"Validates that current sleep observations have adequate coverage, supporting their interpretation as real data.",qwen3.8-max,1e5a01647c6c8052cb99171474938bdc9d8c73b7147bb9891f7af4450dd30094,blinded-annotation-v2-shortrefs
C015,K096,1,labeled,1,labeled,0,labeled,False,False,PROVISIONAL_LLM_GOLD,Steps are recorded daily (7622-8382 in window); device uses accelerometer.,Item applies when step readings change with possible measurement limitations.,"Provides relevant context for interpreting step counts, though steps remained relatively stable across periods.",qwen3.8-max,1e5a01647c6c8052cb99171474938bdc9d8c73b7147bb9891f7af4450dd30094,blinded-annotation-v2-shortrefs
C016,K001,2,labeled,2,labeled,2,labeled,True,False,PROVISIONAL_LLM_GOLD,"Age band 18-60; sleep mean 469.8 min baseline, 471.1 min window (~7.8h).",Broad educational item directly informative for adults aged 18-60 when sleep duration is reviewed.,Core recommendation directly applicable; observed sleep consistently meets the 7+ hour age-specific threshold.,qwen3.8-max,5ab37e0ef2bf9660c95b4dd28778995b92d7c5055305257f060f4f95ca21f5a6,blinded-annotation-v2-shortrefs
C016,K002,0,labeled,0,labeled,0,labeled,True,False,PROVISIONAL_LLM_GOLD,Age band is 18-60.,Requires age 61 to 64; non-applicable for other age groups.,Subject age band does not match required population.,qwen3.8-max,5ab37e0ef2bf9660c95b4dd28778995b92d7c5055305257f060f4f95ca21f5a6,blinded-annotation-v2-shortrefs
C016,K003,0,labeled,0,labeled,0,labeled,True,False,PROVISIONAL_LLM_GOLD,Age band is 18-60.,Requires age at least 65; non-applicable for age below 65.,Subject age band does not match required population.,qwen3.8-max,5ab37e0ef2bf9660c95b4dd28778995b92d7c5055305257f060f4f95ca21f5a6,blinded-annotation-v2-shortrefs
C016,K004,0,labeled,0,labeled,0,labeled,True,False,PROVISIONAL_LLM_GOLD,Age band is 18-60.,Requires teenage age group 13-17; non-applicable for adults.,Subject is an adult; item explicitly non-applicable.,qwen3.8-max,5ab37e0ef2bf9660c95b4dd28778995b92d7c5055305257f060f4f95ca21f5a6,blinded-annotation-v2-shortrefs
C016,K005,0,labeled,0,labeled,0,labeled,True,False,PROVISIONAL_LLM_GOLD,"Sleep duration stable ~470 min (~7.8h), meeting recommendations.",Requires repeatedly shortened sleep opportunity or sleep duration.,Sleep duration is stable and sufficient; required condition of insufficient sleep not met.,qwen3.8-max,5ab37e0ef2bf9660c95b4dd28778995b92d7c5055305257f060f4f95ca21f5a6,blinded-annotation-v2-shortrefs
C016,K006,0,labeled,0,labeled,0,labeled,True,False,PROVISIONAL_LLM_GOLD,Sleep ~7.8h meets CDC 7+ hour recommendation for adults 18-60.,Non-applicable when sleep duration is sufficient for the applicable age group.,Sleep duration is sufficient for age band; item explicitly non-applicable.,qwen3.8-max,5ab37e0ef2bf9660c95b4dd28778995b92d7c5055305257f060f4f95ca21f5a6,blinded-annotation-v2-shortrefs
C016,K007,1,labeled,1,labeled,1,labeled,True,False,PROVISIONAL_LLM_GOLD,Sleep duration ~470 min recorded; no awakenings or subjective quality data.,Applies when sleep duration is recorded but sleep quality may be unknown.,Supported contextual note that recorded duration alone doesn't establish sleep quality.,qwen3.8-max,5ab37e0ef2bf9660c95b4dd28778995b92d7c5055305257f060f4f95ca21f5a6,blinded-annotation-v2-shortrefs
C016,K008,0,labeled,0,labeled,0,labeled,True,False,PROVISIONAL_LLM_GOLD,"Only sleep duration, start, and end times recorded; no awakening data.",Requires repeated awakenings documented or measured sleep continuity.,Awakening data absent; item explicitly non-applicable per its own conditions.,qwen3.8-max,5ab37e0ef2bf9660c95b4dd28778995b92d7c5055305257f060f4f95ca21f5a6,blinded-annotation-v2-shortrefs
C016,K009,0,labeled,0,labeled,0,labeled,True,False,PROVISIONAL_LLM_GOLD,Sleep ~7.8h (<8h); no subjective refreshment data recorded.,Requires more than eight hours of night-time sleep with reported lack of refreshment.,Sleep under 8h and no refreshment report; conditions not met.,qwen3.8-max,5ab37e0ef2bf9660c95b4dd28778995b92d7c5055305257f060f4f95ca21f5a6,blinded-annotation-v2-shortrefs
C016,K010,0,labeled,0,labeled,0,labeled,True,False,PROVISIONAL_LLM_GOLD,Sleep ~7.8h consistently; no cognitive impairment symptoms recorded.,Requires repeatedly shortened sleep and symptoms to claim impairment.,Sleep is sufficient; no restriction or impairment to evaluate.,qwen3.8-max,5ab37e0ef2bf9660c95b4dd28778995b92d7c5055305257f060f4f95ca21f5a6,blinded-annotation-v2-shortrefs
C016,K011,0,labeled,0,labeled,0,labeled,True,False,PROVISIONAL_LLM_GOLD,Sleep consistently ~7.8h; no repeated sleep loss.,Requires several nights of reduced sleep duration.,No repeated sleep loss in data; required condition absent.,qwen3.8-max,5ab37e0ef2bf9660c95b4dd28778995b92d7c5055305257f060f4f95ca21f5a6,blinded-annotation-v2-shortrefs
C016,K012,0,labeled,0,labeled,0,labeled,True,False,PROVISIONAL_LLM_GOLD,"Sleep duration mean 469.8 min baseline, 471.1 min window; consistently adequate.",Requires ongoing insufficient sleep.,Sleep is sufficient; required condition of ongoing deficiency not met.,qwen3.8-max,5ab37e0ef2bf9660c95b4dd28778995b92d7c5055305257f060f4f95ca21f5a6,blinded-annotation-v2-shortrefs
C016,K013,0,labeled,0,labeled,0,labeled,True,False,PROVISIONAL_LLM_GOLD,Sleep sufficient; no food intake or appetite data recorded.,Requires repeated insufficient sleep and food intake information.,Sleep is sufficient; no appetite data to link.,qwen3.8-max,5ab37e0ef2bf9660c95b4dd28778995b92d7c5055305257f060f4f95ca21f5a6,blinded-annotation-v2-shortrefs
C016,K014,0,labeled,0,labeled,0,labeled,True,False,PROVISIONAL_LLM_GOLD,No sleepiness or driving context recorded.,Requires reported sleepiness and driving plans.,Sleepiness and driving context unknown; item not applicable.,qwen3.8-max,5ab37e0ef2bf9660c95b4dd28778995b92d7c5055305257f060f4f95ca21f5a6,blinded-annotation-v2-shortrefs
C016,K015,1,labeled,1,labeled,1,labeled,True,False,PROVISIONAL_LLM_GOLD,Adult age band 18-60; sleep duration ~470 min (~7.8h) nightly.,Applies when adult sleep duration is being reviewed; requires individual experience for adequacy.,Provides general context that individual variation exists for interpreting this person's adequate sleep duration.,qwen3.8-max,5ab37e0ef2bf9660c95b4dd28778995b92d7c5055305257f060f4f95ca21f5a6,blinded-annotation-v2-shortrefs
C016,K016,0,labeled,0,labeled,0,labeled,True,False,PROVISIONAL_LLM_GOLD,14-day window with stable sleep ~470 min; no reported sleeping difficulties.,Requires months-long sleeping difficulties or failed habit changes.,Only 14 days of stable device data without reported symptoms; conditions not met.,qwen3.8-max,5ab37e0ef2bf9660c95b4dd28778995b92d7c5055305257f060f4f95ca21f5a6,blinded-annotation-v2-shortrefs
C016,K017,0,labeled,0,labeled,1,labeled,False,False,PROVISIONAL_LLM_GOLD,"Sleep end variance 0.0; sleep start variance 28.86 baseline, 26.07 window (~6 min avg delta).",Non-applicable when a stable schedule alone does not establish a problem.,Schedule is highly stable; item notes stable schedule alone doesn't establish problem.,qwen3.8-max,5ab37e0ef2bf9660c95b4dd28778995b92d7c5055305257f060f4f95ca21f5a6,blinded-annotation-v2-shortrefs
C016,K018,0,labeled,0,labeled,0,labeled,True,False,PROVISIONAL_LLM_GOLD,Sleep end exactly 07:00 every day (variance 0.0); no insomnia reported.,Requires inconsistent wake time with reported sleeping difficulties.,Wake time perfectly consistent and no insomnia reported; conditions not met.,qwen3.8-max,5ab37e0ef2bf9660c95b4dd28778995b92d7c5055305257f060f4f95ca21f5a6,blinded-annotation-v2-shortrefs
C016,K019,0,labeled,0,labeled,0,labeled,True,False,PROVISIONAL_LLM_GOLD,"Weekday sleep start mean 650.85 min, weekend 648.5 min baseline; difference ~2.35 min.",Non-applicable when weekday and weekend sleep times are similar.,Weekday and weekend sleep times are nearly identical; item non-applicable.,qwen3.8-max,5ab37e0ef2bf9660c95b4dd28778995b92d7c5055305257f060f4f95ca21f5a6,blinded-annotation-v2-shortrefs
C016,K020,0,labeled,0,labeled,0,labeled,True,False,PROVISIONAL_LLM_GOLD,Bedtime ~22:50 known but pre-bed activities unknown.,Requires information about pre-bed activities for targeted advice.,Bedtime known but pre-bed activities unknown; cannot assess quiet time.,qwen3.8-max,5ab37e0ef2bf9660c95b4dd28778995b92d7c5055305257f060f4f95ca21f5a6,blinded-annotation-v2-shortrefs
C016,K021,0,labeled,0,labeled,0,labeled,True,False,PROVISIONAL_LLM_GOLD,No screen or light exposure data recorded.,Requires known bright-screen exposure shortly before bed.,Exposure unknown; cannot attribute any pattern to screens.,qwen3.8-max,5ab37e0ef2bf9660c95b4dd28778995b92d7c5055305257f060f4f95ca21f5a6,blinded-annotation-v2-shortrefs
C016,K022,0,labeled,0,labeled,0,labeled,True,False,PROVISIONAL_LLM_GOLD,No caffeine intake data recorded.,Requires known afternoon or evening caffeine use with sleeping difficulty.,Caffeine history unknown; item not applicable.,qwen3.8-max,5ab37e0ef2bf9660c95b4dd28778995b92d7c5055305257f060f4f95ca21f5a6,blinded-annotation-v2-shortrefs
C016,K023,0,labeled,0,labeled,0,labeled,True,False,PROVISIONAL_LLM_GOLD,No meal timing or size data recorded.,Requires known large meal shortly before bed.,Meal information unknown; item not applicable.,qwen3.8-max,5ab37e0ef2bf9660c95b4dd28778995b92d7c5055305257f060f4f95ca21f5a6,blinded-annotation-v2-shortrefs
C016,K024,0,labeled,0,labeled,0,labeled,True,False,PROVISIONAL_LLM_GOLD,No alcohol intake data recorded.,Requires alcohol use near bedtime reported.,Alcohol exposure unknown; item not applicable.,qwen3.8-max,5ab37e0ef2bf9660c95b4dd28778995b92d7c5055305257f060f4f95ca21f5a6,blinded-annotation-v2-shortrefs
C016,K025,0,labeled,0,labeled,0,labeled,True,False,PROVISIONAL_LLM_GOLD,No nicotine use data recorded.,Requires nicotine exposure with sleep concerns.,Nicotine use unknown; item not applicable.,qwen3.8-max,5ab37e0ef2bf9660c95b4dd28778995b92d7c5055305257f060f4f95ca21f5a6,blinded-annotation-v2-shortrefs
C016,K026,0,labeled,0,labeled,0,labeled,True,False,PROVISIONAL_LLM_GOLD,"No bedroom environment data (light, noise, temperature) recorded.",Requires known disruptive bedroom environment.,Environment unknown; wearable data cannot establish conditions.,qwen3.8-max,5ab37e0ef2bf9660c95b4dd28778995b92d7c5055305257f060f4f95ca21f5a6,blinded-annotation-v2-shortrefs
C016,K027,0,labeled,0,labeled,0,labeled,True,False,PROVISIONAL_LLM_GOLD,Sleep timing stable; no relaxation difficulty indicated.,Requires reported difficulty relaxing or a request for routine options.,No sleep timing shift or relaxation difficulty indicated in data.,qwen3.8-max,5ab37e0ef2bf9660c95b4dd28778995b92d7c5055305257f060f4f95ca21f5a6,blinded-annotation-v2-shortrefs
C016,K028,0,labeled,0,labeled,0,labeled,True,False,PROVISIONAL_LLM_GOLD,No nap data recorded in the wearable observations.,Requires adult naps recorded or reported.,Nap history unknown; item not applicable.,qwen3.8-max,5ab37e0ef2bf9660c95b4dd28778995b92d7c5055305257f060f4f95ca21f5a6,blinded-annotation-v2-shortrefs
C016,K029,0,labeled,0,labeled,0,labeled,True,False,PROVISIONAL_LLM_GOLD,"Sleep start variance low (28.86 baseline, 26.07 window); schedule highly stable.",Requires confirmed shift-work schedule and disrupted sleep.,"Shift work unknown; sleep schedule is stable, not disrupted.",qwen3.8-max,5ab37e0ef2bf9660c95b4dd28778995b92d7c5055305257f060f4f95ca21f5a6,blinded-annotation-v2-shortrefs
C016,K030,0,labeled,0,labeled,0,labeled,True,False,PROVISIONAL_LLM_GOLD,No shift work confirmed; sleep schedule stable overnight.,Requires shift work established with work schedule context.,No confirmed shift work; item not applicable.,qwen3.8-max,5ab37e0ef2bf9660c95b4dd28778995b92d7c5055305257f060f4f95ca21f5a6,blinded-annotation-v2-shortrefs
C016,K031,0,labeled,0,labeled,0,labeled,True,False,PROVISIONAL_LLM_GOLD,No shift work or caffeine data recorded.,Requires shift worker using caffeine with shift schedule context.,Shift work and caffeine use unknown; item not applicable.,qwen3.8-max,5ab37e0ef2bf9660c95b4dd28778995b92d7c5055305257f060f4f95ca21f5a6,blinded-annotation-v2-shortrefs
C016,K032,0,labeled,0,labeled,0,labeled,True,False,PROVISIONAL_LLM_GOLD,"Only ordinary overnight sleep recorded (start ~22:50, end 07:00).",Requires daytime sleep associated with shift work.,Only ordinary overnight sleep recorded; shift work unknown.,qwen3.8-max,5ab37e0ef2bf9660c95b4dd28778995b92d7c5055305257f060f4f95ca21f5a6,blinded-annotation-v2-shortrefs
C016,K033,0,labeled,0,labeled,0,labeled,True,False,PROVISIONAL_LLM_GOLD,Sleep pattern stable; no variable pattern or unrecorded awakenings to prompt diary.,Requires a changed or variable sleep pattern needing review.,No variable pattern or unrecorded awakenings to prompt diary use.,qwen3.8-max,5ab37e0ef2bf9660c95b4dd28778995b92d7c5055305257f060f4f95ca21f5a6,blinded-annotation-v2-shortrefs
C016,K034,0,labeled,0,labeled,0,labeled,True,False,PROVISIONAL_LLM_GOLD,Sleep duration consistently 462-478 min; no shortened nights below recommendation.,Requires several shortened nights rather than a single isolated reading.,No shortened nights observed; required condition absent.,qwen3.8-max,5ab37e0ef2bf9660c95b4dd28778995b92d7c5055305257f060f4f95ca21f5a6,blinded-annotation-v2-shortrefs
C016,K035,0,labeled,0,labeled,0,labeled,True,False,PROVISIONAL_LLM_GOLD,"Weekday sleep mean 471.2 min, weekend 470.75 min in window; nearly identical.",Requires longer sleep and later timing on days off vs workdays.,Weekday and weekend sleep durations/times are similar; no extra day-off sleep.,qwen3.8-max,5ab37e0ef2bf9660c95b4dd28778995b92d7c5055305257f060f4f95ca21f5a6,blinded-annotation-v2-shortrefs
C016,K036,0,labeled,0,labeled,0,labeled,True,False,PROVISIONAL_LLM_GOLD,No nap data recorded.,Requires recorded naps after shortened night-time sleep.,Nap information unknown; item not applicable.,qwen3.8-max,5ab37e0ef2bf9660c95b4dd28778995b92d7c5055305257f060f4f95ca21f5a6,blinded-annotation-v2-shortrefs
C016,K037,0,labeled,0,labeled,0,labeled,True,False,PROVISIONAL_LLM_GOLD,No bad nights or insomnia symptoms in data; sleep stable.,Requires recent bad night and reported sleeping difficulties.,No bad nights or insomnia symptoms in data; conditions not met.,qwen3.8-max,5ab37e0ef2bf9660c95b4dd28778995b92d7c5055305257f060f4f95ca21f5a6,blinded-annotation-v2-shortrefs
C016,K038,0,labeled,0,labeled,0,labeled,True,False,PROVISIONAL_LLM_GOLD,No symptom history or insomnia diagnosis; only device estimates available.,Requires symptom history and onset for duration categorization.,No symptom history or insomnia diagnosis; only device estimates available.,qwen3.8-max,5ab37e0ef2bf9660c95b4dd28778995b92d7c5055305257f060f4f95ca21f5a6,blinded-annotation-v2-shortrefs
C016,K039,0,labeled,0,labeled,0,labeled,True,False,PROVISIONAL_LLM_GOLD,No travel history; sleep timing stable across all 42 days.,"Requires confirmed travel, destination time zone, and trip duration.",Travel context unknown; sleep timing stable without jet lag evidence.,qwen3.8-max,5ab37e0ef2bf9660c95b4dd28778995b92d7c5055305257f060f4f95ca21f5a6,blinded-annotation-v2-shortrefs
C016,K040,0,labeled,0,labeled,0,labeled,True,False,PROVISIONAL_LLM_GOLD,No travel context or time-zone change recorded.,Requires a short trip across time zones planned.,Travel context unknown; item not applicable.,qwen3.8-max,5ab37e0ef2bf9660c95b4dd28778995b92d7c5055305257f060f4f95ca21f5a6,blinded-annotation-v2-shortrefs
C016,K041,0,labeled,0,labeled,0,labeled,True,False,PROVISIONAL_LLM_GOLD,Movement stable ~55 min/day and ~8000 steps/day; no decline.,Requires low or declining movement giving an opportunity to add activity.,Movement is stable and adequate; no decline to address.,qwen3.8-max,5ab37e0ef2bf9660c95b4dd28778995b92d7c5055305257f060f4f95ca21f5a6,blinded-annotation-v2-shortrefs
C016,K042,0,labeled,0,labeled,0,labeled,True,False,PROVISIONAL_LLM_GOLD,Steps ~8000/day and activity ~55 min/day stable across both periods.,Requires recently low or reduced physical activity.,No inactivity or reduction observed; required condition absent.,qwen3.8-max,5ab37e0ef2bf9660c95b4dd28778995b92d7c5055305257f060f4f95ca21f5a6,blinded-annotation-v2-shortrefs
C016,K043,0,labeled,0,labeled,0,labeled,True,False,PROVISIONAL_LLM_GOLD,Activity duration ~55 min/day but all intensities are 'unknown'.,Requires known moderate-intensity aerobic minutes; non-applicable with unspecified active minutes.,Intensity unknown prevents applying the moderate-intensity weekly target.,qwen3.8-max,5ab37e0ef2bf9660c95b4dd28778995b92d7c5055305257f060f4f95ca21f5a6,blinded-annotation-v2-shortrefs
C016,K044,0,labeled,0,labeled,0,labeled,True,False,PROVISIONAL_LLM_GOLD,All activity intervals have intensity 'unknown'.,Requires known vigorous intensity; non-applicable when intensity unknown.,"Intensity is unknown throughout the dataset, so vigorous target cannot be applied.",qwen3.8-max,5ab37e0ef2bf9660c95b4dd28778995b92d7c5055305257f060f4f95ca21f5a6,blinded-annotation-v2-shortrefs
C016,K045,0,labeled,0,labeled,0,labeled,True,False,PROVISIONAL_LLM_GOLD,Activity stable ~55 min/day; no reduction observed; intensity unknown.,Requires reduced activity or limited opportunities; intensity needed for counting.,No activity reduction; intensity unknown for guideline counting.,qwen3.8-max,5ab37e0ef2bf9660c95b4dd28778995b92d7c5055305257f060f4f95ca21f5a6,blinded-annotation-v2-shortrefs
C016,K046,0,labeled,0,labeled,0,labeled,True,False,PROVISIONAL_LLM_GOLD,Only steps and generic activity_duration_minutes recorded; no strengthening data.,Requires strengthening activity records including days and muscle groups.,Only generic movement counts available; cannot assess strengthening.,qwen3.8-max,5ab37e0ef2bf9660c95b4dd28778995b92d7c5055305257f060f4f95ca21f5a6,blinded-annotation-v2-shortrefs
C016,K047,0,labeled,0,labeled,0,labeled,True,False,PROVISIONAL_LLM_GOLD,All activity intensities 'unknown'; cannot verify guideline attainment.,Requires known intensity and weekly duration documenting guideline attainment.,Intensity unknown; cannot verify guideline attainment or additional benefits.,qwen3.8-max,5ab37e0ef2bf9660c95b4dd28778995b92d7c5055305257f060f4f95ca21f5a6,blinded-annotation-v2-shortrefs
C016,K048,0,labeled,0,labeled,0,labeled,True,False,PROVISIONAL_LLM_GOLD,All activity intensities are 'unknown'; only total duration and steps available.,Requires fitness or perceived effort to assign relative intensity.,Intensity unknown; cannot assign relative intensity from movement totals.,qwen3.8-max,5ab37e0ef2bf9660c95b4dd28778995b92d7c5055305257f060f4f95ca21f5a6,blinded-annotation-v2-shortrefs
C016,K049,0,labeled,0,labeled,0,labeled,True,False,PROVISIONAL_LLM_GOLD,All activity intervals have intensity 'unknown'; no breathing/talk-test observation.,Requires observed effort during aerobic activity.,Effort and aerobic context unrecorded; intensity unknown.,qwen3.8-max,5ab37e0ef2bf9660c95b4dd28778995b92d7c5055305257f060f4f95ca21f5a6,blinded-annotation-v2-shortrefs
C016,K050,0,labeled,0,labeled,1,labeled,False,False,PROVISIONAL_LLM_GOLD,"Steps stable (baseline mean 8025.5, window mean 8038.3); no significant change observed.",Requires steps changing while other activity may differ.,Steps did not meaningfully change; no need to interpret non-step exercise intensity.,qwen3.8-max,5ab37e0ef2bf9660c95b4dd28778995b92d7c5055305257f060f4f95ca21f5a6,blinded-annotation-v2-shortrefs
C016,K051,0,labeled,0,labeled,0,labeled,True,False,PROVISIONAL_LLM_GOLD,Steps and activity duration stable across both periods; no decline.,Requires low or declining routine movement.,Movement is stable; no decline to address with routine walking.,qwen3.8-max,5ab37e0ef2bf9660c95b4dd28778995b92d7c5055305257f060f4f95ca21f5a6,blinded-annotation-v2-shortrefs
C016,K052,0,labeled,0,labeled,0,labeled,True,False,PROVISIONAL_LLM_GOLD,"Activity duration stable ~55 min/day, steps ~8000/day across baseline and window.",Requires activity habit low or difficult to maintain; personal preferences context unknown.,No evidence of activity maintenance difficulty or preference context in the data.,qwen3.8-max,5ab37e0ef2bf9660c95b4dd28778995b92d7c5055305257f060f4f95ca21f5a6,blinded-annotation-v2-shortrefs
C016,K053,0,labeled,0,labeled,0,labeled,True,False,PROVISIONAL_LLM_GOLD,Activity stable ~55 min/day; no motivational or social barrier indicated.,Requires a person wanting support maintaining activity or reported motivational barrier.,No evidence of motivational or social barrier to activity.,qwen3.8-max,5ab37e0ef2bf9660c95b4dd28778995b92d7c5055305257f060f4f95ca21f5a6,blinded-annotation-v2-shortrefs
C016,K054,0,labeled,0,labeled,0,labeled,True,False,PROVISIONAL_LLM_GOLD,Activity stable ~55 min/day; no time barrier reported.,Requires low activity with a reported time barrier.,No time barrier or low activity; conditions not met.,qwen3.8-max,5ab37e0ef2bf9660c95b4dd28778995b92d7c5055305257f060f4f95ca21f5a6,blinded-annotation-v2-shortrefs
C016,K055,0,labeled,0,labeled,0,labeled,True,False,PROVISIONAL_LLM_GOLD,No schedule constraints or competing demands reported; activity stable.,Requires reported competing demands reducing activity.,Schedule reason unknown; no evidence of activity reduction due to demands.,qwen3.8-max,5ab37e0ef2bf9660c95b4dd28778995b92d7c5055305257f060f4f95ca21f5a6,blinded-annotation-v2-shortrefs
C016,K056,0,labeled,0,labeled,0,labeled,True,False,PROVISIONAL_LLM_GOLD,"No chronic condition, disability, or special need documented in the data.",Requires established chronic condition or special health need.,Medical context unknown; item not applicable.,qwen3.8-max,5ab37e0ef2bf9660c95b4dd28778995b92d7c5055305257f060f4f95ca21f5a6,blinded-annotation-v2-shortrefs
C016,K057,1,labeled,1,labeled,2,labeled,False,False,PROVISIONAL_LLM_GOLD,"Window shows 3 continuous low-movement blocks per day (e.g., 10:00-12:30, 12:45-15:25, 15:40-18:30) totaling 480 min.",Requires long uninterrupted daytime low-movement intervals with adequate wear coverage; mobility/posture context needed for sitting claim.,"Supported connection: data shows long daytime low-movement blocks with 720 min wear, though sitting unconfirmed per item_042.",qwen3.8-max,5ab37e0ef2bf9660c95b4dd28778995b92d7c5055305257f060f4f95ca21f5a6,blinded-annotation-v2-shortrefs
C016,K058,1,labeled,1,labeled,1,labeled,True,False,PROVISIONAL_LLM_GOLD,Activity ~55 min/day coexists with low movement jumping to 480 min/day in window.,Applies when recorded activity coexists with substantial low-movement periods.,"Supported connection: activity and high low-movement coexist, though sitting unconfirmed.",qwen3.8-max,5ab37e0ef2bf9660c95b4dd28778995b92d7c5055305257f060f4f95ca21f5a6,blinded-annotation-v2-shortrefs
C016,K059,1,labeled,0,labeled,1,labeled,False,False,PROVISIONAL_LLM_GOLD,Low movement increased from mean 449.25 min to fixed 480 min/day in window.,Requires substantial or increasing daily low movement; confirmed sitting needed for specific conclusion.,"Increasing low movement makes reducing sitting contextually relevant, though device low movement is not confirmed sitting.",qwen3.8-max,5ab37e0ef2bf9660c95b4dd28778995b92d7c5055305257f060f4f95ca21f5a6,blinded-annotation-v2-shortrefs
C016,K060,0,labeled,0,labeled,0,labeled,True,False,PROVISIONAL_LLM_GOLD,No commuting or transport data recorded.,Requires sedentary commuting established with transport/mobility context.,Commute context unknown; item not applicable.,qwen3.8-max,5ab37e0ef2bf9660c95b4dd28778995b92d7c5055305257f060f4f95ca21f5a6,blinded-annotation-v2-shortrefs
C016,K061,0,labeled,0,labeled,0,labeled,True,False,PROVISIONAL_LLM_GOLD,No workplace layout or desk work context recorded.,Requires desk work with prolonged sitting and workplace layout context.,Work context unknown; item not applicable.,qwen3.8-max,5ab37e0ef2bf9660c95b4dd28778995b92d7c5055305257f060f4f95ca21f5a6,blinded-annotation-v2-shortrefs
C016,K062,0,labeled,0,labeled,0,labeled,True,False,PROVISIONAL_LLM_GOLD,No workplace or meeting data recorded.,Requires meetings or desk work involving prolonged sitting with workplace context.,Workplace and meeting context unknown; item not applicable.,qwen3.8-max,5ab37e0ef2bf9660c95b4dd28778995b92d7c5055305257f060f4f95ca21f5a6,blinded-annotation-v2-shortrefs
C016,K063,0,labeled,0,labeled,0,labeled,True,False,PROVISIONAL_LLM_GOLD,No television or screen viewing habits recorded.,Requires prolonged sitting while watching television.,Screen habits unknown; item not applicable.,qwen3.8-max,5ab37e0ef2bf9660c95b4dd28778995b92d7c5055305257f060f4f95ca21f5a6,blinded-annotation-v2-shortrefs
C016,K064,0,labeled,0,labeled,0,labeled,True,False,PROVISIONAL_LLM_GOLD,"Low movement increased to 480 min/day in window, but posture/sitting unconfirmed.",Requires substantial habitual seated leisure; device low movement is not confirmed sitting.,Device low movement is not confirmed sitting; required leisure context unknown.,qwen3.8-max,5ab37e0ef2bf9660c95b4dd28778995b92d7c5055305257f060f4f95ca21f5a6,blinded-annotation-v2-shortrefs
C016,K065,1,labeled,1,labeled,1,labeled,True,False,PROVISIONAL_LLM_GOLD,Formal activity ~55 min/day recorded alongside steps and low movement metrics.,Applies when low everyday movement despite possible formal exercise is considered.,Supported context: distinguishes recorded formal activity from total everyday movement.,qwen3.8-max,5ab37e0ef2bf9660c95b4dd28778995b92d7c5055305257f060f4f95ca21f5a6,blinded-annotation-v2-shortrefs
C016,K066,0,labeled,0,labeled,0,labeled,True,False,PROVISIONAL_LLM_GOLD,"Daytime low movement increased to 480 min in window, but workday/lunch-break context unknown.",Requires known workday lunch-break access and mobility.,Workday or lunch-break context unknown; item not applicable.,qwen3.8-max,5ab37e0ef2bf9660c95b4dd28778995b92d7c5055305257f060f4f95ca21f5a6,blinded-annotation-v2-shortrefs
C016,K067,0,labeled,0,labeled,0,labeled,True,False,PROVISIONAL_LLM_GOLD,No stair access or mobility context recorded.,Requires low incidental movement with accessible stairs and safe mobility.,Mobility and context unknown; item not applicable.,qwen3.8-max,5ab37e0ef2bf9660c95b4dd28778995b92d7c5055305257f060f4f95ca21f5a6,blinded-annotation-v2-shortrefs
C016,K068,2,labeled,2,labeled,2,labeled,True,False,PROVISIONAL_LLM_GOLD,"Low movement jumped from variable ~449 min to fixed 480 min/day in window, with long continuous blocks (e.g., 10:00-12:30).",Broad educational item directly informative when low-movement intervals are available without posture measurement.,Directly explains that the observed 480-min low movement cannot be labeled confirmed sitting without posture data.,qwen3.8-max,5ab37e0ef2bf9660c95b4dd28778995b92d7c5055305257f060f4f95ca21f5a6,blinded-annotation-v2-shortrefs
C016,K069,1,labeled,0,labeled,1,labeled,False,False,PROVISIONAL_LLM_GOLD,Activity duration and sleep duration available for joint review across 42 days.,Applies when activity and sleep patterns are available for joint review.,"Supported contextual connection: data available for joint review, though temporal co-occurrence does not imply causation.",qwen3.8-max,5ab37e0ef2bf9660c95b4dd28778995b92d7c5055305257f060f4f95ca21f5a6,blinded-annotation-v2-shortrefs
C016,K070,0,labeled,0,labeled,0,labeled,True,False,PROVISIONAL_LLM_GOLD,Sleep routine stable; no outdoor exposure data recorded.,Requires low daytime activity accompanying a changed sleep routine.,No changed sleep routine or low activity; conditions not met.,qwen3.8-max,5ab37e0ef2bf9660c95b4dd28778995b92d7c5055305257f060f4f95ca21f5a6,blinded-annotation-v2-shortrefs
C016,K071,1,labeled,1,labeled,1,labeled,True,False,PROVISIONAL_LLM_GOLD,"Activity intervals consistently 21:00-~22:00, near typical sleep start ~22:50.",Requires activity close to bedtime; intensity must be known for direct application.,"Late activity timing supported by data, but intensity unknown prevents direct intense-exercise application; partial contextual connection.",qwen3.8-max,5ab37e0ef2bf9660c95b4dd28778995b92d7c5055305257f060f4f95ca21f5a6,blinded-annotation-v2-shortrefs
C016,K072,0,labeled,0,labeled,0,labeled,True,False,PROVISIONAL_LLM_GOLD,Only movement and sleep timestamps known; no insomnia symptoms reported.,Requires exercise near bedtime with reported insomnia symptoms.,Only movement and sleep timestamps known; no insomnia reported.,qwen3.8-max,5ab37e0ef2bf9660c95b4dd28778995b92d7c5055305257f060f4f95ca21f5a6,blinded-annotation-v2-shortrefs
C016,K073,1,labeled,1,labeled,1,labeled,True,False,PROVISIONAL_LLM_GOLD,Evening activity intervals 21:00-~22:00 can be temporally compared to sleep start ~22:50.,Applies when activity timing and subsequent sleep are being compared.,Supported context: evening activity timing can be compared to sleep start using proper date attribution.,qwen3.8-max,5ab37e0ef2bf9660c95b4dd28778995b92d7c5055305257f060f4f95ca21f5a6,blinded-annotation-v2-shortrefs
C016,K074,0,labeled,0,labeled,0,labeled,True,False,PROVISIONAL_LLM_GOLD,No emergency-response deployment context indicated.,Requires confirmed emergency-response deployment context.,Deployment context unknown; item explicitly non-applicable.,qwen3.8-max,5ab37e0ef2bf9660c95b4dd28778995b92d7c5055305257f060f4f95ca21f5a6,blinded-annotation-v2-shortrefs
C016,K075,0,labeled,0,labeled,0,labeled,True,False,PROVISIONAL_LLM_GOLD,Sleep duration stable ~470 min/night; no subjective tiredness recorded.,Requires reported tiredness limiting activity and subjective energy pattern.,No tiredness history or energy pattern available from wearable data.,qwen3.8-max,5ab37e0ef2bf9660c95b4dd28778995b92d7c5055305257f060f4f95ca21f5a6,blinded-annotation-v2-shortrefs
C016,K076,0,labeled,0,labeled,0,labeled,True,False,PROVISIONAL_LLM_GOLD,No unexplained temporal relationship between activity and sleep requiring substance context.,Requires sleep and activity showing a temporal relationship needing context.,No unexplained temporal relationship between activity and sleep requiring substance context.,qwen3.8-max,5ab37e0ef2bf9660c95b4dd28778995b92d7c5055305257f060f4f95ca21f5a6,blinded-annotation-v2-shortrefs
C016,K077,2,labeled,2,labeled,1,labeled,False,False,PROVISIONAL_LLM_GOLD,"Daily resting_heart_rate_bpm recorded (mean 55.86 both periods), distinct from activity HR.",Broad educational item directly informative when resting heart rate observations are available.,"Directly defines the RHR metric collected in the data as distinct from exercise HR, core to interpreting the stable RHR trend.",qwen3.8-max,5ab37e0ef2bf9660c95b4dd28778995b92d7c5055305257f060f4f95ca21f5a6,blinded-annotation-v2-shortrefs
C016,K078,1,labeled,1,labeled,1,labeled,True,False,PROVISIONAL_LLM_GOLD,Daily resting_heart_rate_bpm recorded; no sleeping heart rate separately reported.,Applies when a daily resting heart-rate trend is being interpreted.,"Clarifies that the reported RHR differs from sleeping HR, relevant for proper trend interpretation.",qwen3.8-max,5ab37e0ef2bf9660c95b4dd28778995b92d7c5055305257f060f4f95ca21f5a6,blinded-annotation-v2-shortrefs
C016,K079,1,labeled,1,labeled,1,labeled,True,False,PROVISIONAL_LLM_GOLD,RHR stable 55-57 bpm across 42 days; no exposure or symptom info to attribute cause.,Applies when resting heart rate changes relative to previous readings.,"Contextualizes stable RHR by noting multiple factors influence it, preventing overinterpretation.",qwen3.8-max,5ab37e0ef2bf9660c95b4dd28778995b92d7c5055305257f060f4f95ca21f5a6,blinded-annotation-v2-shortrefs
C016,K080,2,labeled,2,labeled,1,labeled,False,False,PROVISIONAL_LLM_GOLD,Data reports both resting_heart_rate_bpm (~56) and hrv_rmssd_ms (~45.5) as separate metrics.,Broad educational item directly informative when HRV and heart-rate estimates are interpreted together.,"Core educational item directly distinguishing two separate metrics present in the data, preventing conflation.",qwen3.8-max,5ab37e0ef2bf9660c95b4dd28778995b92d7c5055305257f060f4f95ca21f5a6,blinded-annotation-v2-shortrefs
C016,K081,2,labeled,2,labeled,2,labeled,True,False,PROVISIONAL_LLM_GOLD,"HRV RMSSD stable (mean 45.39 baseline, 45.57 window) within narrow personal range 43-47.",Broad educational item directly informative when an HRV level or trend is being reviewed.,"Directly explains that this person's stable HRV range is personal, not a universal standard.",qwen3.8-max,5ab37e0ef2bf9660c95b4dd28778995b92d7c5055305257f060f4f95ca21f5a6,blinded-annotation-v2-shortrefs
C016,K082,1,labeled,1,labeled,1,labeled,True,False,PROVISIONAL_LLM_GOLD,28-day baseline and 14-day window provide sufficient same-metric personal history.,Applies when a vital has changed from a recent personal baseline; requires sufficient history.,Supported context: data spans enough days for personal range trend comparison.,qwen3.8-max,5ab37e0ef2bf9660c95b4dd28778995b92d7c5055305257f060f4f95ca21f5a6,blinded-annotation-v2-shortrefs
C016,K083,1,labeled,1,labeled,1,labeled,True,False,PROVISIONAL_LLM_GOLD,RHR stable at 55-57 bpm across 42 days of repeated readings.,Applies when repeated resting heart-rate readings or a recent change are available.,Supports reviewing the stable multi-day RHR trend rather than isolated readings.,qwen3.8-max,5ab37e0ef2bf9660c95b4dd28778995b92d7c5055305257f060f4f95ca21f5a6,blinded-annotation-v2-shortrefs
C016,K084,2,labeled,2,labeled,2,labeled,True,False,PROVISIONAL_LLM_GOLD,HRV RMSSD stable (43-47 ms range) across 42 days of wellness monitoring.,Broad educational item directly informative when an HRV trend is available for wellness monitoring.,"Directly explains that stable HRV observations are wellness data, not diagnostic indicators.",qwen3.8-max,5ab37e0ef2bf9660c95b4dd28778995b92d7c5055305257f060f4f95ca21f5a6,blinded-annotation-v2-shortrefs
C016,K085,2,labeled,2,labeled,1,labeled,False,False,PROVISIONAL_LLM_GOLD,Data reports hrv_rmssd_ms; metadata notes 'night RMSSD'.,Broad educational item directly informative when HRV records identify RMSSD as their metric.,Directly explains the specific HRV metric definition (RMSSD) used in the provided data.,qwen3.8-max,5ab37e0ef2bf9660c95b4dd28778995b92d7c5055305257f060f4f95ca21f5a6,blinded-annotation-v2-shortrefs
C016,K086,1,labeled,1,labeled,1,labeled,True,False,PROVISIONAL_LLM_GOLD,"Nighttime coverage 482-498 min, sleep duration 462-478 min, all exceeding 3 hours.",Applies when overnight HRV estimates are compared; requires compatible collection definition.,"Supported contextual connection: sleep periods exceed 3h threshold validating nightly HRV collection, though device-specific Fitbit rule may not universally apply.",qwen3.8-max,5ab37e0ef2bf9660c95b4dd28778995b92d7c5055305257f060f4f95ca21f5a6,blinded-annotation-v2-shortrefs
C016,K087,0,labeled,0,labeled,0,labeled,True,False,PROVISIONAL_LLM_GOLD,Only sleep duration and timing available; no sleep-stage data recorded.,Requires sleep-stage measurements; non-applicable with only duration and timing.,Only duration and timing available; item explicitly non-applicable.,qwen3.8-max,5ab37e0ef2bf9660c95b4dd28778995b92d7c5055305257f060f4f95ca21f5a6,blinded-annotation-v2-shortrefs
C016,K088,0,labeled,0,labeled,0,labeled,True,False,PROVISIONAL_LLM_GOLD,No health concerns or symptoms reported in the data.,Requires a person reporting concerns about a vital trend.,No health concerns reported; item not triggered.,qwen3.8-max,5ab37e0ef2bf9660c95b4dd28778995b92d7c5055305257f060f4f95ca21f5a6,blinded-annotation-v2-shortrefs
C016,K089,0,labeled,0,labeled,0,labeled,True,False,PROVISIONAL_LLM_GOLD,RHR and HRV stable with low variance; no evidence of unreliable readings.,Requires heart-rate readings may be unreliable or wear quality changes.,No evidence of fit problems or unreliable readings in stable data.,qwen3.8-max,5ab37e0ef2bf9660c95b4dd28778995b92d7c5055305257f060f4f95ca21f5a6,blinded-annotation-v2-shortrefs
C016,K090,1,labeled,1,labeled,0,labeled,False,False,PROVISIONAL_LLM_GOLD,Nighttime coverage 482-498 min every night alongside daytime 720 min wear.,Applies when overnight vitals have missing readings or uncertain coverage.,"Supported context: confirms night-time wear was present, validating overnight HRV/RHR, though no missing readings to troubleshoot.",qwen3.8-max,5ab37e0ef2bf9660c95b4dd28778995b92d7c5055305257f060f4f95ca21f5a6,blinded-annotation-v2-shortrefs
C016,K091,0,labeled,0,labeled,0,labeled,True,False,PROVISIONAL_LLM_GOLD,All vitals present with 0 missing counts; nighttime coverage 482-498 min.,Requires a vital missing with limited night-time data.,All vitals present with adequate coverage; item conditions not met.,qwen3.8-max,5ab37e0ef2bf9660c95b4dd28778995b92d7c5055305257f060f4f95ca21f5a6,blinded-annotation-v2-shortrefs
C016,K092,0,labeled,0,labeled,0,labeled,True,False,PROVISIONAL_LLM_GOLD,All metrics have valid_count equal to period length; missing_count 0.,Requires vitals missing or delayed.,All data present; no sync or support issues observed.,qwen3.8-max,5ab37e0ef2bf9660c95b4dd28778995b92d7c5055305257f060f4f95ca21f5a6,blinded-annotation-v2-shortrefs
C016,K093,0,labeled,0,labeled,0,labeled,True,False,PROVISIONAL_LLM_GOLD,Single synthetic device used throughout; no device switch indicated.,Requires heart-rate series involving a device or algorithm change.,Same device throughout; no cross-device comparison complication.,qwen3.8-max,5ab37e0ef2bf9660c95b4dd28778995b92d7c5055305257f060f4f95ca21f5a6,blinded-annotation-v2-shortrefs
C016,K094,1,labeled,1,labeled,1,labeled,True,False,PROVISIONAL_LLM_GOLD,Sleep duration estimated from device; sleep boundaries recorded.,Applies when device-estimated sleep duration and sleep boundaries are available.,"Supported context explaining that recorded duration is an estimate, not clinical measurement.",qwen3.8-max,5ab37e0ef2bf9660c95b4dd28778995b92d7c5055305257f060f4f95ca21f5a6,blinded-annotation-v2-shortrefs
C016,K095,1,labeled,1,labeled,0,labeled,False,False,PROVISIONAL_LLM_GOLD,Nighttime coverage 482-498 min every night; no missing sleep records.,Applies when sleep readings are absent with non-wear or incomplete coverage.,"Confirms adequate overnight wear supports valid sleep records in this dataset, though no missing data to troubleshoot.",qwen3.8-max,5ab37e0ef2bf9660c95b4dd28778995b92d7c5055305257f060f4f95ca21f5a6,blinded-annotation-v2-shortrefs
C016,K096,0,labeled,0,labeled,1,labeled,False,False,PROVISIONAL_LLM_GOLD,"Step counts stable (mean 8025.5 baseline, 8038.3 window); no unexplained change.",Requires step readings changing with possible measurement limitations.,Step counts are stable; no change to explain via measurement limitations.,qwen3.8-max,5ab37e0ef2bf9660c95b4dd28778995b92d7c5055305257f060f4f95ca21f5a6,blinded-annotation-v2-shortrefs
C017,K001,2,labeled,2,labeled,2,labeled,True,False,PROVISIONAL_LLM_GOLD,"Age band 18-60; sleep mean 475.5 min (~7.9h) baseline, 475.1 min window.",Adults aged 18-60; sleep duration below recommendation observable.,Core recommendation directly applicable; confirms observed ~7.9h meets >=7h guideline for this age band.,qwen3.8-max,40825eab58f1daf2a9fa624900c58bb0b1da4cc70a8e8f5c741bf74aac391527,blinded-annotation-v2-shortrefs
C017,K002,0,labeled,0,labeled,0,labeled,True,False,PROVISIONAL_LLM_GOLD,Age band is 18-60.,Applies to adults aged 61 to 64; non-applicable for other age groups.,Age band does not match 61-64; explicitly non-applicable.,qwen3.8-max,40825eab58f1daf2a9fa624900c58bb0b1da4cc70a8e8f5c741bf74aac391527,blinded-annotation-v2-shortrefs
C017,K003,0,labeled,0,labeled,0,labeled,True,False,PROVISIONAL_LLM_GOLD,Age band 18-60.,Applies to adults aged 65 and older.,Age below 65; non-applicable condition met.,qwen3.8-max,40825eab58f1daf2a9fa624900c58bb0b1da4cc70a8e8f5c741bf74aac391527,blinded-annotation-v2-shortrefs
C017,K004,0,labeled,0,labeled,0,labeled,True,False,PROVISIONAL_LLM_GOLD,Age band 18-60.,Applies to teenagers aged 13-17; non-applicable to adults.,Explicitly non-applicable to adults aged 18-60.,qwen3.8-max,40825eab58f1daf2a9fa624900c58bb0b1da4cc70a8e8f5c741bf74aac391527,blinded-annotation-v2-shortrefs
C017,K005,0,labeled,0,labeled,0,labeled,True,False,PROVISIONAL_LLM_GOLD,Sleep ~475 min/night consistently; no evidence of busyness.,Requires repeatedly shortened sleep opportunity or duration.,No insufficient sleep evidence; non-applicable condition met.,qwen3.8-max,40825eab58f1daf2a9fa624900c58bb0b1da4cc70a8e8f5c741bf74aac391527,blinded-annotation-v2-shortrefs
C017,K006,0,labeled,0,labeled,0,labeled,True,False,PROVISIONAL_LLM_GOLD,Sleep ~7.9h meets >=7h recommendation for age 18-60.,Requires consistently short sleep; non-applicable if sufficient.,Sleep duration is sufficient per guidelines; condition contradicted.,qwen3.8-max,40825eab58f1daf2a9fa624900c58bb0b1da4cc70a8e8f5c741bf74aac391527,blinded-annotation-v2-shortrefs
C017,K007,1,labeled,1,labeled,1,labeled,True,False,PROVISIONAL_LLM_GOLD,Sleep duration recorded ~475 min/night; no quality metrics like awakenings.,Sleep duration is recorded but sleep quality may be unknown.,Correctly notes duration alone doesn't establish quality; relevant contextual point for interpreting the data.,qwen3.8-max,40825eab58f1daf2a9fa624900c58bb0b1da4cc70a8e8f5c741bf74aac391527,blinded-annotation-v2-shortrefs
C017,K008,0,labeled,0,labeled,0,labeled,True,False,PROVISIONAL_LLM_GOLD,"Only sleep duration, start, and end available; no awakening data.",Requires repeated awakenings documented.,Only duration and start/end available; non-applicable condition met.,qwen3.8-max,40825eab58f1daf2a9fa624900c58bb0b1da4cc70a8e8f5c741bf74aac391527,blinded-annotation-v2-shortrefs
C017,K009,0,labeled,0,labeled,0,labeled,True,False,PROVISIONAL_LLM_GOLD,Sleep ~7.9h/night; no report of feeling unrefreshed.,Requires more than eight hours of sleep with reported lack of refreshment.,Sleep under eight hours and no refreshment info; non-applicable condition met.,qwen3.8-max,40825eab58f1daf2a9fa624900c58bb0b1da4cc70a8e8f5c741bf74aac391527,blinded-annotation-v2-shortrefs
C017,K010,0,labeled,0,labeled,0,labeled,True,False,PROVISIONAL_LLM_GOLD,"Sleep duration mean 475.5 min baseline, 475.1 min window; no restriction.",Requires repeatedly shortened sleep.,No sleep restriction observed; condition contradicted by stable adequate sleep.,qwen3.8-max,40825eab58f1daf2a9fa624900c58bb0b1da4cc70a8e8f5c741bf74aac391527,blinded-annotation-v2-shortrefs
C017,K011,0,labeled,0,labeled,0,labeled,True,False,PROVISIONAL_LLM_GOLD,Sleep ~475 min/night consistently; no repeated restriction.,Requires several nights of reduced sleep duration.,No repeated sleep restriction observed; condition contradicted.,qwen3.8-max,40825eab58f1daf2a9fa624900c58bb0b1da4cc70a8e8f5c741bf74aac391527,blinded-annotation-v2-shortrefs
C017,K012,0,labeled,0,labeled,0,labeled,True,False,PROVISIONAL_LLM_GOLD,Sleep ~475 min/night consistently adequate.,Requires ongoing insufficient sleep.,No insufficient sleep observed; non-applicable condition met.,qwen3.8-max,40825eab58f1daf2a9fa624900c58bb0b1da4cc70a8e8f5c741bf74aac391527,blinded-annotation-v2-shortrefs
C017,K013,0,labeled,0,labeled,0,labeled,True,False,PROVISIONAL_LLM_GOLD,Sleep adequate ~7.9h; no appetite data.,Requires repeated insufficient sleep.,No insufficient sleep observed; non-applicable condition met.,qwen3.8-max,40825eab58f1daf2a9fa624900c58bb0b1da4cc70a8e8f5c741bf74aac391527,blinded-annotation-v2-shortrefs
C017,K014,0,labeled,0,labeled,0,labeled,True,False,PROVISIONAL_LLM_GOLD,Sleepiness and driving context unknown; sleep ~475 min/night stable.,Requires reported sleepiness and driving plans.,Sleepiness and driving unknown; non-applicable condition met.,qwen3.8-max,40825eab58f1daf2a9fa624900c58bb0b1da4cc70a8e8f5c741bf74aac391527,blinded-annotation-v2-shortrefs
C017,K015,1,labeled,1,labeled,1,labeled,True,False,PROVISIONAL_LLM_GOLD,Sleep ~7.9h/night stable for adult 18-60.,Adult sleep duration is being reviewed; individual experience needed.,Contextualizes individual variation in sleep needs for this age group; supports interpreting stable ~7.9h.,qwen3.8-max,40825eab58f1daf2a9fa624900c58bb0b1da4cc70a8e8f5c741bf74aac391527,blinded-annotation-v2-shortrefs
C017,K016,0,labeled,0,labeled,0,labeled,True,False,PROVISIONAL_LLM_GOLD,14-day window; no reported sleeping difficulties.,Requires months-long sleeping difficulties or failed habit changes.,Brief duration record without reported problems; non-applicable condition met.,qwen3.8-max,40825eab58f1daf2a9fa624900c58bb0b1da4cc70a8e8f5c741bf74aac391527,blinded-annotation-v2-shortrefs
C017,K017,0,labeled,1,labeled,0,labeled,False,False,PROVISIONAL_LLM_GOLD,"Sleep start variance 0.0, end variance 0.0; perfectly stable schedule.",Requires repeated variability in bedtime or wake time.,Stable schedule; non-applicable condition met per late-stable-sleep-is-not-irregularity rule.,qwen3.8-max,40825eab58f1daf2a9fa624900c58bb0b1da4cc70a8e8f5c741bf74aac391527,blinded-annotation-v2-shortrefs
C017,K018,0,labeled,0,labeled,0,labeled,True,False,PROVISIONAL_LLM_GOLD,Sleep end exactly 09:00 every day; variance 0.0.,Requires inconsistent wake time with reported sleeping difficulties.,Wake time perfectly consistent; no insomnia evidence; non-applicable condition met.,qwen3.8-max,40825eab58f1daf2a9fa624900c58bb0b1da4cc70a8e8f5c741bf74aac391527,blinded-annotation-v2-shortrefs
C017,K019,0,labeled,1,labeled,0,labeled,False,False,PROVISIONAL_LLM_GOLD,"Sleep start variance 0.0, end variance 0.0 across weekdays and weekends.",Requires bedtime or wake time differing substantially between weekdays and weekends.,Weekday and weekend sleep times are similar; non-applicable condition met per stable-sleep rule.,qwen3.8-max,40825eab58f1daf2a9fa624900c58bb0b1da4cc70a8e8f5c741bf74aac391527,blinded-annotation-v2-shortrefs
C017,K020,0,labeled,0,labeled,0,labeled,True,False,PROVISIONAL_LLM_GOLD,Pre-bed activities unknown; only timestamps recorded.,Requires information about pre-bed activities.,Timestamps alone do not reveal pre-bed activities; non-applicable condition met.,qwen3.8-max,40825eab58f1daf2a9fa624900c58bb0b1da4cc70a8e8f5c741bf74aac391527,blinded-annotation-v2-shortrefs
C017,K021,0,labeled,0,labeled,0,labeled,True,False,PROVISIONAL_LLM_GOLD,Screen exposure unknown; sleep timing perfectly stable at 01:00-09:00.,Requires known bright-screen exposure shortly before bed.,Exposure unknown; non-applicable condition met.,qwen3.8-max,40825eab58f1daf2a9fa624900c58bb0b1da4cc70a8e8f5c741bf74aac391527,blinded-annotation-v2-shortrefs
C017,K022,0,labeled,0,labeled,0,labeled,True,False,PROVISIONAL_LLM_GOLD,Caffeine timing and intake unknown.,Requires known afternoon or evening caffeine use with sleeping difficulty.,No caffeine history; non-applicable condition met.,qwen3.8-max,40825eab58f1daf2a9fa624900c58bb0b1da4cc70a8e8f5c741bf74aac391527,blinded-annotation-v2-shortrefs
C017,K023,0,labeled,0,labeled,0,labeled,True,False,PROVISIONAL_LLM_GOLD,Meal timing and size unknown.,Requires known large meal shortly before bed.,Meal information unknown; non-applicable condition met.,qwen3.8-max,40825eab58f1daf2a9fa624900c58bb0b1da4cc70a8e8f5c741bf74aac391527,blinded-annotation-v2-shortrefs
C017,K024,0,labeled,0,labeled,0,labeled,True,False,PROVISIONAL_LLM_GOLD,Alcohol exposure unknown.,Requires alcohol intake and timing.,Alcohol exposure unknown; non-applicable condition met.,qwen3.8-max,40825eab58f1daf2a9fa624900c58bb0b1da4cc70a8e8f5c741bf74aac391527,blinded-annotation-v2-shortrefs
C017,K025,0,labeled,0,labeled,0,labeled,True,False,PROVISIONAL_LLM_GOLD,Nicotine use unknown.,Requires nicotine exposure.,Nicotine use unknown; non-applicable condition met.,qwen3.8-max,40825eab58f1daf2a9fa624900c58bb0b1da4cc70a8e8f5c741bf74aac391527,blinded-annotation-v2-shortrefs
C017,K026,0,labeled,0,labeled,0,labeled,True,False,PROVISIONAL_LLM_GOLD,Bedroom environment unknown.,Requires known disruptive bedroom environment.,Environment unknown; non-applicable condition met.,qwen3.8-max,40825eab58f1daf2a9fa624900c58bb0b1da4cc70a8e8f5c741bf74aac391527,blinded-annotation-v2-shortrefs
C017,K027,0,labeled,0,labeled,0,labeled,True,False,PROVISIONAL_LLM_GOLD,No routine context or difficulty relaxing reported.,Requires reported difficulty relaxing or request for routine options.,Optional practice without specific need; non-applicable condition met.,qwen3.8-max,40825eab58f1daf2a9fa624900c58bb0b1da4cc70a8e8f5c741bf74aac391527,blinded-annotation-v2-shortrefs
C017,K028,0,labeled,0,labeled,0,labeled,True,False,PROVISIONAL_LLM_GOLD,Nap history unknown; no daytime sleep recorded.,Requires adult naps recorded or reported.,Nap history unknown; non-applicable condition met.,qwen3.8-max,40825eab58f1daf2a9fa624900c58bb0b1da4cc70a8e8f5c741bf74aac391527,blinded-annotation-v2-shortrefs
C017,K029,0,labeled,0,labeled,0,labeled,True,False,PROVISIONAL_LLM_GOLD,Shift work unknown; sleep timing perfectly stable.,Requires confirmed shift-work schedule.,Shift work unknown; non-applicable condition met.,qwen3.8-max,40825eab58f1daf2a9fa624900c58bb0b1da4cc70a8e8f5c741bf74aac391527,blinded-annotation-v2-shortrefs
C017,K030,0,labeled,0,labeled,0,labeled,True,False,PROVISIONAL_LLM_GOLD,Shift work unknown.,Requires shift work established.,Shift work unknown; non-applicable condition met.,qwen3.8-max,40825eab58f1daf2a9fa624900c58bb0b1da4cc70a8e8f5c741bf74aac391527,blinded-annotation-v2-shortrefs
C017,K031,0,labeled,0,labeled,0,labeled,True,False,PROVISIONAL_LLM_GOLD,Shift work and caffeine use unknown.,Requires shift worker using caffeine.,Neither shift work nor caffeine use established; not applicable.,qwen3.8-max,40825eab58f1daf2a9fa624900c58bb0b1da4cc70a8e8f5c741bf74aac391527,blinded-annotation-v2-shortrefs
C017,K032,0,labeled,0,labeled,0,labeled,True,False,PROVISIONAL_LLM_GOLD,Only overnight sleep 01:00-09:00 recorded; no shift work.,Requires daytime sleep associated with shift work.,Only ordinary overnight sleep recorded; non-applicable condition met.,qwen3.8-max,40825eab58f1daf2a9fa624900c58bb0b1da4cc70a8e8f5c741bf74aac391527,blinded-annotation-v2-shortrefs
C017,K033,0,labeled,0,labeled,0,labeled,True,False,PROVISIONAL_LLM_GOLD,Sleep timing variance 0.0; no variability observed.,Requires a changed or variable sleep pattern needing review.,No sleep variability observed; generic diary advice not specifically informative.,qwen3.8-max,40825eab58f1daf2a9fa624900c58bb0b1da4cc70a8e8f5c741bf74aac391527,blinded-annotation-v2-shortrefs
C017,K034,0,labeled,0,labeled,0,labeled,True,False,PROVISIONAL_LLM_GOLD,Sleep ~475 min/night consistently; no shortened nights.,Requires several shortened nights.,No repeated sleep loss; non-applicable condition met.,qwen3.8-max,40825eab58f1daf2a9fa624900c58bb0b1da4cc70a8e8f5c741bf74aac391527,blinded-annotation-v2-shortrefs
C017,K035,0,labeled,0,labeled,0,labeled,True,False,PROVISIONAL_LLM_GOLD,"Weekday sleep mean 475.65 min, weekend 475.25 min; no extra sleep on days off.",Requires longer sleep and later timing on days off.,Weekday and weekend sleep times similar; no extra sleep observed. Condition contradicted.,qwen3.8-max,40825eab58f1daf2a9fa624900c58bb0b1da4cc70a8e8f5c741bf74aac391527,blinded-annotation-v2-shortrefs
C017,K036,0,labeled,0,labeled,0,labeled,True,False,PROVISIONAL_LLM_GOLD,No nap information recorded.,Requires recorded naps after shortened night-time sleep.,Nap information absent; non-applicable condition met.,qwen3.8-max,40825eab58f1daf2a9fa624900c58bb0b1da4cc70a8e8f5c741bf74aac391527,blinded-annotation-v2-shortrefs
C017,K037,0,labeled,0,labeled,0,labeled,True,False,PROVISIONAL_LLM_GOLD,Sleep start/end variance 0.0; no bad nights or insomnia reported.,Requires recent bad night and sleeping difficulties.,Only device estimate without reported difficulty; non-applicable condition met.,qwen3.8-max,40825eab58f1daf2a9fa624900c58bb0b1da4cc70a8e8f5c741bf74aac391527,blinded-annotation-v2-shortrefs
C017,K038,0,labeled,0,labeled,0,labeled,True,False,PROVISIONAL_LLM_GOLD,No insomnia symptoms reported; sleep stable ~475 min.,Requires reported sleeping difficulties with known duration.,Diagnosing insomnia from estimated hours is non-applicable; no symptoms.,qwen3.8-max,40825eab58f1daf2a9fa624900c58bb0b1da4cc70a8e8f5c741bf74aac391527,blinded-annotation-v2-shortrefs
C017,K039,0,labeled,0,labeled,0,labeled,True,False,PROVISIONAL_LLM_GOLD,No travel history; sleep timing unchanged.,"Requires confirmed travel, destination time zone, and trip duration.",No travel history; non-applicable condition met.,qwen3.8-max,40825eab58f1daf2a9fa624900c58bb0b1da4cc70a8e8f5c741bf74aac391527,blinded-annotation-v2-shortrefs
C017,K040,0,labeled,0,labeled,0,labeled,True,False,PROVISIONAL_LLM_GOLD,Travel context unknown; sleep timing stable.,Requires a short trip across time zones planned.,Travel context unknown; non-applicable condition met.,qwen3.8-max,40825eab58f1daf2a9fa624900c58bb0b1da4cc70a8e8f5c741bf74aac391527,blinded-annotation-v2-shortrefs
C017,K041,0,labeled,0,labeled,0,labeled,True,False,PROVISIONAL_LLM_GOLD,Steps ~7900/day stable; activity ~54 min/day stable.,Requires low or declining movement giving opportunity to add activity.,Movement is stable and adequate; no decline to address. Generic background.,qwen3.8-max,40825eab58f1daf2a9fa624900c58bb0b1da4cc70a8e8f5c741bf74aac391527,blinded-annotation-v2-shortrefs
C017,K042,0,labeled,0,labeled,0,labeled,True,False,PROVISIONAL_LLM_GOLD,Activity ~54 min/day stable; no inactivity observed.,Requires recently low or reduced physical activity.,No inactivity observed; non-applicable condition met.,qwen3.8-max,40825eab58f1daf2a9fa624900c58bb0b1da4cc70a8e8f5c741bf74aac391527,blinded-annotation-v2-shortrefs
C017,K043,0,labeled,0,labeled,0,labeled,True,False,PROVISIONAL_LLM_GOLD,All activity intervals have intensity 'unknown'.,Requires known activity intensity.,Only unspecified active minutes available; non-applicable condition met.,qwen3.8-max,40825eab58f1daf2a9fa624900c58bb0b1da4cc70a8e8f5c741bf74aac391527,blinded-annotation-v2-shortrefs
C017,K044,0,labeled,0,labeled,0,labeled,True,False,PROVISIONAL_LLM_GOLD,Intensity unknown for all activity intervals.,Requires known vigorous intensity.,Intensity unknown; non-applicable condition met.,qwen3.8-max,40825eab58f1daf2a9fa624900c58bb0b1da4cc70a8e8f5c741bf74aac391527,blinded-annotation-v2-shortrefs
C017,K045,0,labeled,0,labeled,0,labeled,True,False,PROVISIONAL_LLM_GOLD,Activity intensity unknown for all intervals.,Requires intensity for counting guideline minutes.,Assuming every active minute is moderate is non-applicable; intensity unknown.,qwen3.8-max,40825eab58f1daf2a9fa624900c58bb0b1da4cc70a8e8f5c741bf74aac391527,blinded-annotation-v2-shortrefs
C017,K046,0,labeled,0,labeled,0,labeled,True,False,PROVISIONAL_LLM_GOLD,Only steps and activity duration available; no strengthening records.,Requires strengthening activity records including days and muscle groups.,No strengthening data available; non-applicable condition met.,qwen3.8-max,40825eab58f1daf2a9fa624900c58bb0b1da4cc70a8e8f5c741bf74aac391527,blinded-annotation-v2-shortrefs
C017,K047,0,labeled,0,labeled,0,labeled,True,False,PROVISIONAL_LLM_GOLD,Activity intensity unknown; cannot verify guideline attainment.,Requires documented aerobic activity already reaching guideline with known intensity.,Unknown intensity prevents application; non-applicable condition met.,qwen3.8-max,40825eab58f1daf2a9fa624900c58bb0b1da4cc70a8e8f5c741bf74aac391527,blinded-annotation-v2-shortrefs
C017,K048,1,labeled,0,labeled,1,labeled,False,False,PROVISIONAL_LLM_GOLD,All activity intervals have intensity 'unknown'; steps ~7900/day.,Activity intensity needs interpretation; fitness or perceived effort required.,Supported contextual connection explaining why unknown-intensity activity cannot be classified as moderate or vigorous from steps alone.,qwen3.8-max,40825eab58f1daf2a9fa624900c58bb0b1da4cc70a8e8f5c741bf74aac391527,blinded-annotation-v2-shortrefs
C017,K049,0,labeled,0,labeled,0,labeled,True,False,PROVISIONAL_LLM_GOLD,All activity intervals have intensity 'unknown'.,Requires an aerobic activity and breathing or talk-test observation.,Effort context unrecorded; non-applicable condition met.,qwen3.8-max,40825eab58f1daf2a9fa624900c58bb0b1da4cc70a8e8f5c741bf74aac391527,blinded-annotation-v2-shortrefs
C017,K050,1,labeled,0,labeled,1,labeled,False,False,PROVISIONAL_LLM_GOLD,Steps ~7900/day with activity_duration ~54 min; intensity unknown.,Steps change while other activity may differ; activity type needed.,"Relevant caution that steps alone may miss non-step exercise intensity, supporting interpretation of available metrics.",qwen3.8-max,40825eab58f1daf2a9fa624900c58bb0b1da4cc70a8e8f5c741bf74aac391527,blinded-annotation-v2-shortrefs
C017,K051,0,labeled,0,labeled,0,labeled,True,False,PROVISIONAL_LLM_GOLD,Steps ~7900/day stable; no decline observed.,Requires low or declining routine movement.,No decline observed; generic advice not specifically informative.,qwen3.8-max,40825eab58f1daf2a9fa624900c58bb0b1da4cc70a8e8f5c741bf74aac391527,blinded-annotation-v2-shortrefs
C017,K052,0,labeled,0,labeled,0,labeled,True,False,PROVISIONAL_LLM_GOLD,Activity stable; no difficulty maintaining habits reported.,Requires activity habit low or difficult to maintain.,Generic planning advice without individual context; non-applicable condition met.,qwen3.8-max,40825eab58f1daf2a9fa624900c58bb0b1da4cc70a8e8f5c741bf74aac391527,blinded-annotation-v2-shortrefs
C017,K053,0,labeled,0,labeled,0,labeled,True,False,PROVISIONAL_LLM_GOLD,Activity stable; no motivational barrier or social preference reported.,Requires a person wanting support maintaining activity.,No evidence of motivational or social barrier; generic advice not specifically informative.,qwen3.8-max,40825eab58f1daf2a9fa624900c58bb0b1da4cc70a8e8f5c741bf74aac391527,blinded-annotation-v2-shortrefs
C017,K054,0,labeled,0,labeled,0,labeled,True,False,PROVISIONAL_LLM_GOLD,Activity stable ~54 min/day; no time barrier reported.,Requires low activity with a reported time barrier.,No time barrier reported; non-applicable condition met.,qwen3.8-max,40825eab58f1daf2a9fa624900c58bb0b1da4cc70a8e8f5c741bf74aac391527,blinded-annotation-v2-shortrefs
C017,K055,0,labeled,0,labeled,0,labeled,True,False,PROVISIONAL_LLM_GOLD,Activity stable; no competing demands reported.,Requires reported competing demands reducing activity.,Schedule reason unknown; non-applicable condition met.,qwen3.8-max,40825eab58f1daf2a9fa624900c58bb0b1da4cc70a8e8f5c741bf74aac391527,blinded-annotation-v2-shortrefs
C017,K056,0,labeled,0,labeled,0,labeled,True,False,PROVISIONAL_LLM_GOLD,Medical or disability context unknown.,"Requires a chronic condition, disability, or special need established.",Medical context unknown; non-applicable condition met.,qwen3.8-max,40825eab58f1daf2a9fa624900c58bb0b1da4cc70a8e8f5c741bf74aac391527,blinded-annotation-v2-shortrefs
C017,K057,1,labeled,1,labeled,1,labeled,True,False,PROVISIONAL_LLM_GOLD,Low movement intervals ~45 min each with ~5 min gaps during 720 min daytime wear.,Long uninterrupted daytime low-movement intervals with adequate wear coverage.,"Relevant to observed pattern of repeated low-movement blocks, but device low movement is not confirmed sitting per guidelines.",qwen3.8-max,40825eab58f1daf2a9fa624900c58bb0b1da4cc70a8e8f5c741bf74aac391527,blinded-annotation-v2-shortrefs
C017,K058,1,labeled,1,labeled,1,labeled,True,False,PROVISIONAL_LLM_GOLD,Activity ~54 min/day coexists with low_movement ~450 min/day.,Recorded activity coexists with substantial low-movement periods.,"Supported contextual connection: exercise and low movement coexist, but low movement is not confirmed sitting per guidelines.",qwen3.8-max,40825eab58f1daf2a9fa624900c58bb0b1da4cc70a8e8f5c741bf74aac391527,blinded-annotation-v2-shortrefs
C017,K059,1,labeled,1,labeled,1,labeled,True,False,PROVISIONAL_LLM_GOLD,Low movement minutes ~450/day across all 42 days with 720 min daytime wear.,Substantial daily low movement observed; requires confirmed sitting for specific conclusion.,"Supported contextual connection to substantial low movement, but device low movement is not confirmed sitting per guidelines.",qwen3.8-max,40825eab58f1daf2a9fa624900c58bb0b1da4cc70a8e8f5c741bf74aac391527,blinded-annotation-v2-shortrefs
C017,K060,0,labeled,0,labeled,0,labeled,True,False,PROVISIONAL_LLM_GOLD,Commute and transport context unknown.,Requires sedentary commuting established.,Commute unknown; non-applicable condition met.,qwen3.8-max,40825eab58f1daf2a9fa624900c58bb0b1da4cc70a8e8f5c741bf74aac391527,blinded-annotation-v2-shortrefs
C017,K061,0,labeled,0,labeled,0,labeled,True,False,PROVISIONAL_LLM_GOLD,Work context unknown.,Requires desk work with prolonged sitting.,Work context unknown; non-applicable condition met.,qwen3.8-max,40825eab58f1daf2a9fa624900c58bb0b1da4cc70a8e8f5c741bf74aac391527,blinded-annotation-v2-shortrefs
C017,K062,0,labeled,0,labeled,0,labeled,True,False,PROVISIONAL_LLM_GOLD,Workplace and meeting context unknown.,Requires meetings or desk work involving prolonged sitting.,Workplace context unknown; non-applicable condition met.,qwen3.8-max,40825eab58f1daf2a9fa624900c58bb0b1da4cc70a8e8f5c741bf74aac391527,blinded-annotation-v2-shortrefs
C017,K063,0,labeled,0,labeled,0,labeled,True,False,PROVISIONAL_LLM_GOLD,Screen habits and television viewing unknown.,Requires prolonged sitting while watching television.,Screen habits unknown; non-applicable condition met.,qwen3.8-max,40825eab58f1daf2a9fa624900c58bb0b1da4cc70a8e8f5c741bf74aac391527,blinded-annotation-v2-shortrefs
C017,K064,0,labeled,0,labeled,0,labeled,True,False,PROVISIONAL_LLM_GOLD,No leisure context or seated leisure information available.,Requires substantial habitual seated leisure and routine context.,No leisure context; non-applicable condition met.,qwen3.8-max,40825eab58f1daf2a9fa624900c58bb0b1da4cc70a8e8f5c741bf74aac391527,blinded-annotation-v2-shortrefs
C017,K065,1,labeled,1,labeled,1,labeled,True,False,PROVISIONAL_LLM_GOLD,Daily steps ~7900 and activity_duration ~54 min coexist with ~450 low_movement_minutes.,Observable condition: low everyday movement despite possible formal exercise.,"Supported contextual connection distinguishing activity types given coexisting metrics, though no decline observed.",qwen3.8-max,40825eab58f1daf2a9fa624900c58bb0b1da4cc70a8e8f5c741bf74aac391527,blinded-annotation-v2-shortrefs
C017,K066,0,labeled,0,labeled,0,labeled,True,False,PROVISIONAL_LLM_GOLD,Workday lunch-break context unknown.,Requires daytime low movement with known workday lunch-break context.,Unknown workday context; non-applicable condition met.,qwen3.8-max,40825eab58f1daf2a9fa624900c58bb0b1da4cc70a8e8f5c741bf74aac391527,blinded-annotation-v2-shortrefs
C017,K067,0,labeled,0,labeled,0,labeled,True,False,PROVISIONAL_LLM_GOLD,Stair access and mobility context unknown.,Requires low incidental movement with accessible stairs.,Context unknown; generic suggestion not tied to observed data.,qwen3.8-max,40825eab58f1daf2a9fa624900c58bb0b1da4cc70a8e8f5c741bf74aac391527,blinded-annotation-v2-shortrefs
C017,K068,2,labeled,1,labeled,2,labeled,False,False,PROVISIONAL_LLM_GOLD,Low movement intervals ~45 min each throughout daytime; metadata states 'low movement not posture'.,Low-movement intervals available without posture measurement.,"Directly explains that device low movement is not confirmed sitting behavior, which is a necessary condition for interpreting the observed low_movement_minutes.",qwen3.8-max,40825eab58f1daf2a9fa624900c58bb0b1da4cc70a8e8f5c741bf74aac391527,blinded-annotation-v2-shortrefs
C017,K069,0,labeled,0,labeled,1,labeled,False,False,PROVISIONAL_LLM_GOLD,Activity and sleep both stable; no change pattern observed.,Activity and sleep patterns available for joint review.,Generic benefit statement; no specific change or causal pattern observed. Cannot declare causal effect.,qwen3.8-max,40825eab58f1daf2a9fa624900c58bb0b1da4cc70a8e8f5c741bf74aac391527,blinded-annotation-v2-shortrefs
C017,K070,0,labeled,0,labeled,0,labeled,True,False,PROVISIONAL_LLM_GOLD,Activity stable ~54 min/day; no sleep change observed.,Requires low daytime activity accompanying a changed sleep routine.,General routine advice; cannot infer outdoor exposure from movement counts. No low activity or sleep change.,qwen3.8-max,40825eab58f1daf2a9fa624900c58bb0b1da4cc70a8e8f5c741bf74aac391527,blinded-annotation-v2-shortrefs
C017,K071,0,labeled,0,labeled,1,labeled,False,False,PROVISIONAL_LLM_GOLD,Activity intervals 21:00-~21:55 with intensity 'unknown'; sleep starts 01:00.,Requires intensity and actual timing relative to bedtime known.,Late activity present but intensity unknown and >3h gap to sleep start; cannot confirm intense exercise before bed.,qwen3.8-max,40825eab58f1daf2a9fa624900c58bb0b1da4cc70a8e8f5c741bf74aac391527,blinded-annotation-v2-shortrefs
C017,K072,0,labeled,0,labeled,0,labeled,True,False,PROVISIONAL_LLM_GOLD,Only movement and sleep timestamps known; no insomnia symptoms reported.,Requires exercise near bedtime with reported insomnia symptoms.,Non-applicable condition met: only movement and sleep timestamps are known without insomnia history.,qwen3.8-max,40825eab58f1daf2a9fa624900c58bb0b1da4cc70a8e8f5c741bf74aac391527,blinded-annotation-v2-shortrefs
C017,K073,1,labeled,1,labeled,1,labeled,True,False,PROVISIONAL_LLM_GOLD,Activity intervals ~21:00-21:55; sleep starts 01:00 next calendar day.,Activity intervals needed for timing comparisons with subsequent sleep.,Supports recording exercise timing alongside sleep for temporal context review; relevant given evening activity preceding next-day sleep.,qwen3.8-max,40825eab58f1daf2a9fa624900c58bb0b1da4cc70a8e8f5c741bf74aac391527,blinded-annotation-v2-shortrefs
C017,K074,0,labeled,0,labeled,0,labeled,True,False,PROVISIONAL_LLM_GOLD,Emergency-response deployment context unknown.,Requires confirmed emergency-response deployment context.,Deployment context unknown; non-applicable condition met.,qwen3.8-max,40825eab58f1daf2a9fa624900c58bb0b1da4cc70a8e8f5c741bf74aac391527,blinded-annotation-v2-shortrefs
C017,K075,0,labeled,0,labeled,0,labeled,True,False,PROVISIONAL_LLM_GOLD,Activity duration stable ~54 min/day; no tiredness reported.,Requires reported tiredness limiting activity.,No evidence of tiredness or energy barrier in the data; condition not met.,qwen3.8-max,40825eab58f1daf2a9fa624900c58bb0b1da4cc70a8e8f5c741bf74aac391527,blinded-annotation-v2-shortrefs
C017,K076,0,labeled,0,labeled,0,labeled,True,False,PROVISIONAL_LLM_GOLD,No temporal anomaly; substance and medication history unknown.,Requires substance and medication history for causal interpretation.,Assuming unrecorded exposures is non-applicable; no temporal relationship to interpret.,qwen3.8-max,40825eab58f1daf2a9fa624900c58bb0b1da4cc70a8e8f5c741bf74aac391527,blinded-annotation-v2-shortrefs
C017,K077,2,labeled,1,labeled,2,labeled,False,False,PROVISIONAL_LLM_GOLD,Daily resting_heart_rate_bpm reported (55-57 bpm range).,Resting heart rate observations are available.,Directly explains the RHR metric definition (beats per minute while still and well rested) used in these observations.,qwen3.8-max,40825eab58f1daf2a9fa624900c58bb0b1da4cc70a8e8f5c741bf74aac391527,blinded-annotation-v2-shortrefs
C017,K078,2,labeled,1,labeled,2,labeled,False,False,PROVISIONAL_LLM_GOLD,"Daily resting_heart_rate_bpm reported (mean 56.2 baseline, 55.9 window).",A daily resting heart-rate trend is being interpreted; measure and context known.,Directly explains the distinction between daily resting and sleeping heart rate measures relevant to interpreting the RHR data.,qwen3.8-max,40825eab58f1daf2a9fa624900c58bb0b1da4cc70a8e8f5c741bf74aac391527,blinded-annotation-v2-shortrefs
C017,K079,1,labeled,1,labeled,2,labeled,False,False,PROVISIONAL_LLM_GOLD,RHR stable 55-57 bpm; no cause for fluctuation identifiable from data.,Resting heart rate changes relative to previous readings; exposure info needed.,Relevant for interpreting stable RHR; multiple factors exist but no change observed to attribute.,qwen3.8-max,40825eab58f1daf2a9fa624900c58bb0b1da4cc70a8e8f5c741bf74aac391527,blinded-annotation-v2-shortrefs
C017,K080,2,labeled,1,labeled,2,labeled,False,False,PROVISIONAL_LLM_GOLD,Both resting_heart_rate_bpm and hrv_rmssd_ms reported simultaneously.,HRV and heart-rate estimates are being interpreted together.,"Directly explains that HRV and RHR are distinct quantities observed simultaneously, core to correctly interpreting both metrics.",qwen3.8-max,40825eab58f1daf2a9fa624900c58bb0b1da4cc70a8e8f5c741bf74aac391527,blinded-annotation-v2-shortrefs
C017,K081,2,labeled,1,labeled,2,labeled,False,False,PROVISIONAL_LLM_GOLD,"HRV RMSSD mean 45.0 baseline, 45.8 window; personal range context needed.",An HRV level or trend is being reviewed; personal history needed.,"Directly explains that HRV is person-specific and context-dependent, core to interpreting the absolute HRV values observed.",qwen3.8-max,40825eab58f1daf2a9fa624900c58bb0b1da4cc70a8e8f5c741bf74aac391527,blinded-annotation-v2-shortrefs
C017,K082,2,labeled,1,labeled,2,labeled,False,False,PROVISIONAL_LLM_GOLD,28-day baseline and 14-day window statistics provided for comparison.,A vital has changed from a recent personal baseline; sufficient same-metric history.,Directly explains the value of comparing window metrics against the 28-day personal baseline provided in derived_statistics.,qwen3.8-max,40825eab58f1daf2a9fa624900c58bb0b1da4cc70a8e8f5c741bf74aac391527,blinded-annotation-v2-shortrefs
C017,K083,2,labeled,1,labeled,2,labeled,False,False,PROVISIONAL_LLM_GOLD,RHR recorded over 28-day baseline and 14-day window with daily values.,Repeated resting heart-rate readings or a recent change available.,"Directly supports reviewing RHR trends over multiple days rather than single readings, core to interpreting the provided longitudinal data.",qwen3.8-max,40825eab58f1daf2a9fa624900c58bb0b1da4cc70a8e8f5c741bf74aac391527,blinded-annotation-v2-shortrefs
C017,K084,2,labeled,1,labeled,2,labeled,False,False,PROVISIONAL_LLM_GOLD,HRV RMSSD values 43-47 ms recorded over 42 days.,An HRV trend is available for wellness monitoring.,"Directly explains HRV is a wellness observation, not diagnostic of stress or illness, core to correctly interpreting the provided HRV data.",qwen3.8-max,40825eab58f1daf2a9fa624900c58bb0b1da4cc70a8e8f5c741bf74aac391527,blinded-annotation-v2-shortrefs
C017,K085,2,labeled,1,labeled,2,labeled,False,False,PROVISIONAL_LLM_GOLD,Data reports hrv_rmssd_ms metric throughout baseline and window.,HRV records identify RMSSD as their metric.,"Directly confirms the HRV metric definition (RMSSD) used in these observations, core to interpreting the provided HRV values.",qwen3.8-max,40825eab58f1daf2a9fa624900c58bb0b1da4cc70a8e8f5c741bf74aac391527,blinded-annotation-v2-shortrefs
C017,K086,1,labeled,1,labeled,1,labeled,True,False,PROVISIONAL_LLM_GOLD,Sleep duration ~475 min (>3h) every night; HRV RMSSD recorded nightly.,Compatible Fitbit collection definition and sleep coverage required.,Device-specific guidance; partially applicable given synthetic device and adequate coverage exceeding 3h minimum.,qwen3.8-max,40825eab58f1daf2a9fa624900c58bb0b1da4cc70a8e8f5c741bf74aac391527,blinded-annotation-v2-shortrefs
C017,K087,0,labeled,0,labeled,0,labeled,True,False,PROVISIONAL_LLM_GOLD,"Only sleep duration, start, and end available; no sleep-stage data.",Requires sleep-stage measurements.,Only duration and timing available; non-applicable condition met.,qwen3.8-max,40825eab58f1daf2a9fa624900c58bb0b1da4cc70a8e8f5c741bf74aac391527,blinded-annotation-v2-shortrefs
C017,K088,0,labeled,0,labeled,0,labeled,True,False,PROVISIONAL_LLM_GOLD,No health concerns or symptoms reported.,Requires a person reporting concerns about a vital trend.,Generic wellness disclaimer without specific concerns; non-applicable condition met.,qwen3.8-max,40825eab58f1daf2a9fa624900c58bb0b1da4cc70a8e8f5c741bf74aac391527,blinded-annotation-v2-shortrefs
C017,K089,0,labeled,0,labeled,1,labeled,False,False,PROVISIONAL_LLM_GOLD,No evidence of fit problems; RHR stable 55-57 bpm.,Requires heart-rate readings may be unreliable or wear quality changes.,No evidence of fit problems or unreliable readings; condition not met.,qwen3.8-max,40825eab58f1daf2a9fa624900c58bb0b1da4cc70a8e8f5c741bf74aac391527,blinded-annotation-v2-shortrefs
C017,K090,0,labeled,0,labeled,1,labeled,False,False,PROVISIONAL_LLM_GOLD,Nighttime coverage 480 min every night; all vitals present.,Requires overnight vitals having missing readings or uncertain coverage.,Full coverage and no missing vitals; condition not met.,qwen3.8-max,40825eab58f1daf2a9fa624900c58bb0b1da4cc70a8e8f5c741bf74aac391527,blinded-annotation-v2-shortrefs
C017,K091,0,labeled,0,labeled,1,labeled,False,False,PROVISIONAL_LLM_GOLD,All vitals present; nighttime coverage 480 min every night; no missing data.,Requires a vital missing with limited night-time data.,All vitals present with adequate coverage; condition not met.,qwen3.8-max,40825eab58f1daf2a9fa624900c58bb0b1da4cc70a8e8f5c741bf74aac391527,blinded-annotation-v2-shortrefs
C017,K092,0,labeled,0,labeled,0,labeled,True,False,PROVISIONAL_LLM_GOLD,All vitals present every day; no missing data.,Requires vitals missing or delayed.,No missing data observed; non-applicable condition met.,qwen3.8-max,40825eab58f1daf2a9fa624900c58bb0b1da4cc70a8e8f5c741bf74aac391527,blinded-annotation-v2-shortrefs
C017,K093,0,labeled,0,labeled,0,labeled,True,False,PROVISIONAL_LLM_GOLD,Single synthetic device used throughout; no device change.,Requires heart-rate series involving a device or algorithm change.,Same-device series; non-applicable condition met.,qwen3.8-max,40825eab58f1daf2a9fa624900c58bb0b1da4cc70a8e8f5c741bf74aac391527,blinded-annotation-v2-shortrefs
C017,K094,1,labeled,1,labeled,1,labeled,True,False,PROVISIONAL_LLM_GOLD,Sleep duration ~475 min with start 01:00 and end 09:00 (480 min period).,Device-estimated sleep duration and sleep boundaries available.,"Explains that estimated sleep may differ from full period, though here they nearly match. Contextual support.",qwen3.8-max,40825eab58f1daf2a9fa624900c58bb0b1da4cc70a8e8f5c741bf74aac391527,blinded-annotation-v2-shortrefs
C017,K095,0,labeled,0,labeled,1,labeled,False,False,PROVISIONAL_LLM_GOLD,Nighttime coverage 480 min every night; no missing sleep observations.,Applies when sleep readings are absent with non-wear or incomplete coverage.,Full coverage achieved; no missing sleep observations to explain. Condition not met.,qwen3.8-max,40825eab58f1daf2a9fa624900c58bb0b1da4cc70a8e8f5c741bf74aac391527,blinded-annotation-v2-shortrefs
C017,K096,0,labeled,0,labeled,1,labeled,False,False,PROVISIONAL_LLM_GOLD,Steps stable ~7900/day; no anomalies or device changes.,Requires step readings changing with possible measurement limitations.,No step count anomalies or device changes observed to trigger this condition.,qwen3.8-max,40825eab58f1daf2a9fa624900c58bb0b1da4cc70a8e8f5c741bf74aac391527,blinded-annotation-v2-shortrefs
C018,K001,2,labeled,2,labeled,2,labeled,True,False,PROVISIONAL_LLM_GOLD,"Age band 18-60; mean sleep 469.8 min baseline, 471.1 min window (~7.8h).","For adults aged 18 to 60, CDC recommends at least seven hours of sleep each day.","Core directly applies the age-matched 7h+ recommendation to the observed ~7.8h sleep, confirming adequacy.",qwen3.8-max,cf4c9d5338d7d299b35612f59a194f9294ed10d90712fb47466a9d5b4baffe66,blinded-annotation-v2-shortrefs
C018,K002,0,labeled,0,labeled,0,labeled,True,False,PROVISIONAL_LLM_GOLD,Age band is 18-60 per metadata.,Requires age 61 to 64; non-applicable for other age groups.,Age band 18-60 does not match 61-64; required condition contradicted.,qwen3.8-max,cf4c9d5338d7d299b35612f59a194f9294ed10d90712fb47466a9d5b4baffe66,blinded-annotation-v2-shortrefs
C018,K003,0,labeled,0,labeled,0,labeled,True,False,PROVISIONAL_LLM_GOLD,Age band is 18-60 per metadata.,Requires age at least 65; non-applicable if age below 65.,Age band 18-60 is below 65; required condition contradicted.,qwen3.8-max,cf4c9d5338d7d299b35612f59a194f9294ed10d90712fb47466a9d5b4baffe66,blinded-annotation-v2-shortrefs
C018,K004,0,labeled,0,labeled,0,labeled,True,False,PROVISIONAL_LLM_GOLD,Age band is 18-60 per metadata.,Requires teenage age group (13-17); non-applicable for adults.,"Subject is adult 18-60, not teenager; required condition contradicted.",qwen3.8-max,cf4c9d5338d7d299b35612f59a194f9294ed10d90712fb47466a9d5b4baffe66,blinded-annotation-v2-shortrefs
C018,K005,0,labeled,0,labeled,0,labeled,True,False,PROVISIONAL_LLM_GOLD,"Baseline mean sleep 469.8 min, window mean 471.1 min; no shortened sleep observed.",Requires repeatedly shortened sleep opportunity or duration; non-applicable if no evidence of insufficient sleep.,Sleep is stable and adequate (~7.8h); required condition contradicted.,qwen3.8-max,cf4c9d5338d7d299b35612f59a194f9294ed10d90712fb47466a9d5b4baffe66,blinded-annotation-v2-shortrefs
C018,K006,0,labeled,0,labeled,0,labeled,True,False,PROVISIONAL_LLM_GOLD,Sleep duration ~7.8h meets the 7h+ recommendation for adults 18-60.,Requires sleep to be consistently short even without a new decline; non-applicable if sleep duration is sufficient for the applicable age group.,Sleep duration is sufficient for the 18-60 age group; condition contradicted.,qwen3.8-max,cf4c9d5338d7d299b35612f59a194f9294ed10d90712fb47466a9d5b4baffe66,blinded-annotation-v2-shortrefs
C018,K007,1,labeled,1,labeled,1,labeled,True,False,PROVISIONAL_LLM_GOLD,"Sleep duration recorded (~470 min/night) but no sleep-onset difficulty, awakenings, or subjective refreshment data available.",Applies when sleep duration is recorded but sleep quality may be unknown; non-applicable for claiming duration alone proves quality.,Supported contextual connection: directly explains that the recorded ~470 min duration alone does not establish overall sleep quality.,qwen3.8-max,cf4c9d5338d7d299b35612f59a194f9294ed10d90712fb47466a9d5b4baffe66,blinded-annotation-v2-shortrefs
C018,K008,0,labeled,0,labeled,1,labeled,False,False,PROVISIONAL_LLM_GOLD,"Only sleep duration, start, and end times recorded; no awakening data available.",Requires repeated awakenings to be documented; non-applicable if only duration and sleep start/end are available.,Only duration and start/end available; cannot determine if awakenings occurred.,qwen3.8-max,cf4c9d5338d7d299b35612f59a194f9294ed10d90712fb47466a9d5b4baffe66,blinded-annotation-v2-shortrefs
C018,K009,0,labeled,0,labeled,0,labeled,True,False,PROVISIONAL_LLM_GOLD,"Mean sleep ~470 min (7.8h), below 8h threshold; no subjective refreshment data recorded.",Requires more than eight hours of night-time sleep with reported lack of refreshment.,Sleep under 8h and no refreshment report; required conditions not met.,qwen3.8-max,cf4c9d5338d7d299b35612f59a194f9294ed10d90712fb47466a9d5b4baffe66,blinded-annotation-v2-shortrefs
C018,K010,0,labeled,0,labeled,0,labeled,True,False,PROVISIONAL_LLM_GOLD,Sleep is stable at ~7.8h; no symptoms of cognitive impairment reported.,Requires repeatedly shortened sleep and symptoms to claim actual cognitive impairment.,Sleep is not shortened; no symptoms reported. Generic background without connection.,qwen3.8-max,cf4c9d5338d7d299b35612f59a194f9294ed10d90712fb47466a9d5b4baffe66,blinded-annotation-v2-shortrefs
C018,K011,0,labeled,0,labeled,0,labeled,True,False,PROVISIONAL_LLM_GOLD,Sleep is stable at ~7.8h; no repeated sleep restriction observed.,Requires several nights of reduced sleep duration.,No repeated sleep restriction observed; required condition contradicted.,qwen3.8-max,cf4c9d5338d7d299b35612f59a194f9294ed10d90712fb47466a9d5b4baffe66,blinded-annotation-v2-shortrefs
C018,K012,0,labeled,0,labeled,0,labeled,True,False,PROVISIONAL_LLM_GOLD,Sleep averages ~7.8h consistently; no ongoing insufficient sleep observed.,Requires ongoing insufficient sleep.,Sleep is not insufficient; generic educational statement with no concrete connection to data.,qwen3.8-max,cf4c9d5338d7d299b35612f59a194f9294ed10d90712fb47466a9d5b4baffe66,blinded-annotation-v2-shortrefs
C018,K013,0,labeled,0,labeled,0,labeled,True,False,PROVISIONAL_LLM_GOLD,Sleep is stable at ~7.8h; no food intake or appetite information recorded.,Requires repeated insufficient sleep and food intake/appetite information for individual claims.,Sleep is not insufficient; no appetite data available. Required conditions not met.,qwen3.8-max,cf4c9d5338d7d299b35612f59a194f9294ed10d90712fb47466a9d5b4baffe66,blinded-annotation-v2-shortrefs
C018,K014,0,labeled,0,labeled,0,labeled,True,False,PROVISIONAL_LLM_GOLD,No sleepiness reports or driving context recorded.,Requires reported sleepiness and driving plans.,Sleepiness and driving context unknown; required conditions not met.,qwen3.8-max,cf4c9d5338d7d299b35612f59a194f9294ed10d90712fb47466a9d5b4baffe66,blinded-annotation-v2-shortrefs
C018,K015,1,labeled,1,labeled,1,labeled,True,False,PROVISIONAL_LLM_GOLD,Adult age band 18-60; mean sleep ~470 min (~7.8h) recorded across 42 days.,Applies when adult sleep duration is being reviewed; notes adults average seven to nine hours.,Supported contextual connection: directly contextualizes observed ~7.8h sleep against the 7-9h adult average range.,qwen3.8-max,cf4c9d5338d7d299b35612f59a194f9294ed10d90712fb47466a9d5b4baffe66,blinded-annotation-v2-shortrefs
C018,K016,0,labeled,0,labeled,0,labeled,True,False,PROVISIONAL_LLM_GOLD,14-day window with stable sleep ~7.8h; no reported sleeping difficulties or insomnia symptoms.,"Requires months-long sleeping difficulties, or insomnia with failed habit changes or substantial daily-life impact.",Only brief duration record without reported problems; required conditions not met.,qwen3.8-max,cf4c9d5338d7d299b35612f59a194f9294ed10d90712fb47466a9d5b4baffe66,blinded-annotation-v2-shortrefs
C018,K017,0,labeled,0,labeled,0,labeled,True,False,PROVISIONAL_LLM_GOLD,Sleep end is exactly 07:00 every day (variance 0.0); sleep start variance is 28.9 min^2 with adjacent mean abs delta ~6 min.,Requires repeated variability in bedtime or wake time; non-applicable if a stable schedule alone.,Schedule is highly stable with perfect wake consistency; required condition of variability contradicted.,qwen3.8-max,cf4c9d5338d7d299b35612f59a194f9294ed10d90712fb47466a9d5b4baffe66,blinded-annotation-v2-shortrefs
C018,K018,0,labeled,0,labeled,0,labeled,True,False,PROVISIONAL_LLM_GOLD,Wake time is exactly 07:00 every day (variance 0.0); no insomnia symptoms reported.,Requires inconsistent wake time with reported sleeping difficulties.,Wake time is perfectly consistent; no insomnia symptoms. Condition contradicted.,qwen3.8-max,cf4c9d5338d7d299b35612f59a194f9294ed10d90712fb47466a9d5b4baffe66,blinded-annotation-v2-shortrefs
C018,K019,0,labeled,0,labeled,0,labeled,True,False,PROVISIONAL_LLM_GOLD,"Weekday sleep start mean 650.85 min, weekend 648.5 min (diff ~2.35 min); wake time identical at 1140 min for both.",Requires bedtime or wake time to differ substantially between weekdays and weekends.,Weekday/weekend sleep timing differences are minimal (~2 min); condition contradicted.,qwen3.8-max,cf4c9d5338d7d299b35612f59a194f9294ed10d90712fb47466a9d5b4baffe66,blinded-annotation-v2-shortrefs
C018,K020,0,labeled,0,labeled,0,labeled,True,False,PROVISIONAL_LLM_GOLD,"Sleep start times recorded (e.g., 22:42-22:58) but no pre-bed activity information available.",Requires information about pre-bed activities for targeted advice.,Pre-bed activities unknown; timestamps alone do not reveal what was done.,qwen3.8-max,cf4c9d5338d7d299b35612f59a194f9294ed10d90712fb47466a9d5b4baffe66,blinded-annotation-v2-shortrefs
C018,K021,0,labeled,0,labeled,0,labeled,True,False,PROVISIONAL_LLM_GOLD,No screen or light exposure information recorded.,Requires screen or light exposure information.,Screen/light exposure unknown; required condition not met.,qwen3.8-max,cf4c9d5338d7d299b35612f59a194f9294ed10d90712fb47466a9d5b4baffe66,blinded-annotation-v2-shortrefs
C018,K022,0,labeled,0,labeled,0,labeled,True,False,PROVISIONAL_LLM_GOLD,No caffeine timing or intake history recorded.,Requires caffeine timing and intake information.,Caffeine history unknown; required condition not met.,qwen3.8-max,cf4c9d5338d7d299b35612f59a194f9294ed10d90712fb47466a9d5b4baffe66,blinded-annotation-v2-shortrefs
C018,K023,0,labeled,0,labeled,0,labeled,True,False,PROVISIONAL_LLM_GOLD,No meal timing or size information recorded.,Requires meal timing and size to be known.,Meal information unknown; required condition not met.,qwen3.8-max,cf4c9d5338d7d299b35612f59a194f9294ed10d90712fb47466a9d5b4baffe66,blinded-annotation-v2-shortrefs
C018,K024,0,labeled,0,labeled,0,labeled,True,False,PROVISIONAL_LLM_GOLD,No alcohol intake or timing history recorded.,Requires alcohol intake and timing to be reported.,Alcohol exposure unknown; required condition not met.,qwen3.8-max,cf4c9d5338d7d299b35612f59a194f9294ed10d90712fb47466a9d5b4baffe66,blinded-annotation-v2-shortrefs
C018,K025,0,labeled,0,labeled,0,labeled,True,False,PROVISIONAL_LLM_GOLD,No nicotine use or smoking history recorded.,Requires nicotine exposure to be established.,Nicotine use unknown; required condition not met.,qwen3.8-max,cf4c9d5338d7d299b35612f59a194f9294ed10d90712fb47466a9d5b4baffe66,blinded-annotation-v2-shortrefs
C018,K026,0,labeled,0,labeled,0,labeled,True,False,PROVISIONAL_LLM_GOLD,"No bedroom light, noise, or temperature data recorded.","Requires known disruptive bedroom environment with light, noise, or temperature context.",Bedroom environment unknown; wearable data cannot establish these conditions.,qwen3.8-max,cf4c9d5338d7d299b35612f59a194f9294ed10d90712fb47466a9d5b4baffe66,blinded-annotation-v2-shortrefs
C018,K027,0,labeled,0,labeled,0,labeled,True,False,PROVISIONAL_LLM_GOLD,"No relaxation difficulty, stress, anxiety, or routine request indicated in the data.",Requires reported difficulty relaxing or a request for routine options.,No relaxation difficulty or routine request indicated; generic advice without connection.,qwen3.8-max,cf4c9d5338d7d299b35612f59a194f9294ed10d90712fb47466a9d5b4baffe66,blinded-annotation-v2-shortrefs
C018,K028,0,labeled,0,labeled,0,labeled,True,False,PROVISIONAL_LLM_GOLD,No nap duration or nap history recorded in the data.,Requires adult naps to be recorded or reported.,Nap history is unknown; required condition not met.,qwen3.8-max,cf4c9d5338d7d299b35612f59a194f9294ed10d90712fb47466a9d5b4baffe66,blinded-annotation-v2-shortrefs
C018,K029,0,labeled,0,labeled,0,labeled,True,False,PROVISIONAL_LLM_GOLD,No shift-work schedule confirmed; sleep times are stable overnight.,Requires confirmed shift-work schedule and changing work shifts.,Shift work unknown; variable sleep times alone do not prove rotating shifts.,qwen3.8-max,cf4c9d5338d7d299b35612f59a194f9294ed10d90712fb47466a9d5b4baffe66,blinded-annotation-v2-shortrefs
C018,K030,0,labeled,0,labeled,0,labeled,True,False,PROVISIONAL_LLM_GOLD,No shift work confirmed; all sleep is overnight.,Requires shift work to be established with work schedule and lighting context.,No confirmed shift work; required condition not met.,qwen3.8-max,cf4c9d5338d7d299b35612f59a194f9294ed10d90712fb47466a9d5b4baffe66,blinded-annotation-v2-shortrefs
C018,K031,0,labeled,0,labeled,0,labeled,True,False,PROVISIONAL_LLM_GOLD,No shift schedule or caffeine intake recorded.,Requires shift schedule and caffeine intake to be known.,Shift work and caffeine use unknown; required conditions not met.,qwen3.8-max,cf4c9d5338d7d299b35612f59a194f9294ed10d90712fb47466a9d5b4baffe66,blinded-annotation-v2-shortrefs
C018,K032,0,labeled,0,labeled,0,labeled,True,False,PROVISIONAL_LLM_GOLD,"All sleep occurs overnight (start ~22:42-22:58, end 07:00); no shift work indicated.",Requires daytime sleep associated with shift work and confirmed shift-work schedule.,Only ordinary overnight sleep is recorded; shift work unknown. Condition contradicted.,qwen3.8-max,cf4c9d5338d7d299b35612f59a194f9294ed10d90712fb47466a9d5b4baffe66,blinded-annotation-v2-shortrefs
C018,K033,0,labeled,0,labeled,0,labeled,True,False,PROVISIONAL_LLM_GOLD,Sleep pattern is stable (variance 28.9 min^2 over 28 days); awakenings and naps are unrecorded.,Requires a changed or variable sleep pattern needing review; awakenings and naps need separate records.,"Sleep pattern is stable, not changed or variable; awakenings and naps unrecorded limit utility.",qwen3.8-max,cf4c9d5338d7d299b35612f59a194f9294ed10d90712fb47466a9d5b4baffe66,blinded-annotation-v2-shortrefs
C018,K034,0,labeled,0,labeled,0,labeled,True,False,PROVISIONAL_LLM_GOLD,Sleep averages ~7.8h consistently across 42 days; no shortened nights pattern.,Requires several shortened nights rather than a single isolated reading.,No evidence of repeated sleep restriction; sleep averages ~7.8h consistently.,qwen3.8-max,cf4c9d5338d7d299b35612f59a194f9294ed10d90712fb47466a9d5b4baffe66,blinded-annotation-v2-shortrefs
C018,K035,0,labeled,0,labeled,0,labeled,True,False,PROVISIONAL_LLM_GOLD,"Weekday sleep mean 469.15 min, weekend 471.5 min (diff ~2.35 min); sleep start means differ by ~2.35 min.",Requires longer sleep and later timing on days off compared to workdays.,Weekday/weekend sleep durations and timing are similar; no extra sleep on days off observed.,qwen3.8-max,cf4c9d5338d7d299b35612f59a194f9294ed10d90712fb47466a9d5b4baffe66,blinded-annotation-v2-shortrefs
C018,K036,0,labeled,0,labeled,0,labeled,True,False,PROVISIONAL_LLM_GOLD,No nap information recorded in the wearable data.,Requires recorded naps after shortened night-time sleep.,Nap history is unknown; required condition not met.,qwen3.8-max,cf4c9d5338d7d299b35612f59a194f9294ed10d90712fb47466a9d5b4baffe66,blinded-annotation-v2-shortrefs
C018,K037,0,labeled,0,labeled,0,labeled,True,False,PROVISIONAL_LLM_GOLD,No reported bad sleep or insomnia symptoms; sleep pattern is stable with ~470 min/night.,Requires recent bad night and reported sleeping difficulties or insomnia symptoms.,No reported bad sleep or insomnia symptoms; only stable device estimates.,qwen3.8-max,cf4c9d5338d7d299b35612f59a194f9294ed10d90712fb47466a9d5b4baffe66,blinded-annotation-v2-shortrefs
C018,K038,0,labeled,0,labeled,0,labeled,True,False,PROVISIONAL_LLM_GOLD,No sleeping difficulties or symptom history reported; only 14-day window of stable sleep estimates.,Requires symptom history and onset; non-applicable for diagnosing insomnia from estimated sleep hours.,No sleeping difficulties reported; diagnosing insomnia from duration alone is contraindicated.,qwen3.8-max,cf4c9d5338d7d299b35612f59a194f9294ed10d90712fb47466a9d5b4baffe66,blinded-annotation-v2-shortrefs
C018,K039,0,labeled,0,labeled,0,labeled,True,False,PROVISIONAL_LLM_GOLD,No travel history or flight information recorded.,"Requires confirmed travel, destination time zone, and trip duration.",No travel history; timing changes alone do not establish jet lag.,qwen3.8-max,cf4c9d5338d7d299b35612f59a194f9294ed10d90712fb47466a9d5b4baffe66,blinded-annotation-v2-shortrefs
C018,K040,0,labeled,0,labeled,0,labeled,True,False,PROVISIONAL_LLM_GOLD,"No travel history, trip duration, or time-zone change recorded.",Requires a short trip across time zones to be planned.,Travel context unknown; required condition not met.,qwen3.8-max,cf4c9d5338d7d299b35612f59a194f9294ed10d90712fb47466a9d5b4baffe66,blinded-annotation-v2-shortrefs
C018,K041,0,labeled,0,labeled,0,labeled,True,False,PROVISIONAL_LLM_GOLD,"Movement is stable (~8000 steps, ~55 min activity daily), not declining.",Requires low or declining movement giving an opportunity to add activity.,"Movement is stable, not declining; intensity unknown prevents guideline application.",qwen3.8-max,cf4c9d5338d7d299b35612f59a194f9294ed10d90712fb47466a9d5b4baffe66,blinded-annotation-v2-shortrefs
C018,K042,0,labeled,0,labeled,0,labeled,True,False,PROVISIONAL_LLM_GOLD,Activity duration stable at ~55 min/day across baseline and window; steps stable ~8000/day.,Requires recently low or reduced physical activity.,"Activity is stable, not recently low or reduced; required condition contradicted.",qwen3.8-max,cf4c9d5338d7d299b35612f59a194f9294ed10d90712fb47466a9d5b4baffe66,blinded-annotation-v2-shortrefs
C018,K043,0,labeled,0,labeled,0,labeled,True,False,PROVISIONAL_LLM_GOLD,Activity duration recorded (~55 min/day) but all activity_intervals have intensity 'unknown'.,Requires known activity intensity; non-applicable if only steps or unspecified active minutes are available.,Only unspecified active minutes available; intensity unknown prevents application.,qwen3.8-max,cf4c9d5338d7d299b35612f59a194f9294ed10d90712fb47466a9d5b4baffe66,blinded-annotation-v2-shortrefs
C018,K044,0,labeled,0,labeled,0,labeled,True,False,PROVISIONAL_LLM_GOLD,All activity intensity values are 'unknown'; no vigorous activity documented.,Requires known vigorous intensity; non-applicable if intensity unknown.,Intensity unknown; cannot assume vigorous activity. Required condition not met.,qwen3.8-max,cf4c9d5338d7d299b35612f59a194f9294ed10d90712fb47466a9d5b4baffe66,blinded-annotation-v2-shortrefs
C018,K045,0,labeled,0,labeled,0,labeled,True,False,PROVISIONAL_LLM_GOLD,"Activity duration mean baseline 55.3 min, window 55.3 min; stable across periods.",Requires reduced activity or limited opportunities for long sessions.,"Activity is stable, not reduced; required condition contradicted.",qwen3.8-max,cf4c9d5338d7d299b35612f59a194f9294ed10d90712fb47466a9d5b4baffe66,blinded-annotation-v2-shortrefs
C018,K046,0,labeled,0,labeled,0,labeled,True,False,PROVISIONAL_LLM_GOLD,Only steps and activity duration recorded; no strengthening activity records including days and muscle groups.,Requires strengthening activity records including days and muscle groups; non-applicable if only step or generic movement counts are available.,Only step and generic movement counts available; cannot assess strengthening compliance.,qwen3.8-max,cf4c9d5338d7d299b35612f59a194f9294ed10d90712fb47466a9d5b4baffe66,blinded-annotation-v2-shortrefs
C018,K047,0,labeled,0,labeled,0,labeled,True,False,PROVISIONAL_LLM_GOLD,Activity intensity is unknown; cannot verify if weekly moderate/vigorous guideline amounts are reached.,Requires documented aerobic activity already reaching the adult guideline with known intensity and weekly duration.,Intensity is unknown; cannot verify guideline attainment or apply additional benefit advice.,qwen3.8-max,cf4c9d5338d7d299b35612f59a194f9294ed10d90712fb47466a9d5b4baffe66,blinded-annotation-v2-shortrefs
C018,K048,1,labeled,1,labeled,0,labeled,False,False,PROVISIONAL_LLM_GOLD,All activity_intervals have intensity 'unknown'; no fitness or perceived effort data recorded.,Applies when activity intensity needs interpretation; requires fitness or perceived effort context.,"Supported contextual connection: directly relevant because all recorded activity has unknown intensity, preventing intensity classification.",qwen3.8-max,cf4c9d5338d7d299b35612f59a194f9294ed10d90712fb47466a9d5b4baffe66,blinded-annotation-v2-shortrefs
C018,K049,0,labeled,0,labeled,0,labeled,True,False,PROVISIONAL_LLM_GOLD,All activity_intervals have intensity 'unknown'; no breathing or talk-test observations recorded.,Requires an aerobic activity and breathing or talk-test observation; effort or aerobic-activity context must be recorded.,Effort and aerobic-activity context unrecorded; intensity unknown.,qwen3.8-max,cf4c9d5338d7d299b35612f59a194f9294ed10d90712fb47466a9d5b4baffe66,blinded-annotation-v2-shortrefs
C018,K050,1,labeled,1,labeled,1,labeled,True,False,PROVISIONAL_LLM_GOLD,Steps vary (7584-8409 baseline) with all activity intensity 'unknown'; no activity type classification beyond moving minutes.,Applies when steps change while other activity may differ; requires activity type for interpreting non-step exercise.,Supported contextual connection: unknown intensity and type mean steps alone cannot confirm total activity level.,qwen3.8-max,cf4c9d5338d7d299b35612f59a194f9294ed10d90712fb47466a9d5b4baffe66,blinded-annotation-v2-shortrefs
C018,K051,0,labeled,0,labeled,0,labeled,True,False,PROVISIONAL_LLM_GOLD,"Routine movement is stable, not declining; no transport context recorded.",Requires low or declining routine movement and mobility/transport context.,"Movement is stable, not declining; transport context unknown.",qwen3.8-max,cf4c9d5338d7d299b35612f59a194f9294ed10d90712fb47466a9d5b4baffe66,blinded-annotation-v2-shortrefs
C018,K052,0,labeled,0,labeled,0,labeled,True,False,PROVISIONAL_LLM_GOLD,Activity is stable and maintained; no personal preferences or availability issues recorded.,Requires activity habit to be low or difficult to maintain with personal preferences and availability context.,"Activity is stable, not difficult to maintain; preferences unknown. Generic advice.",qwen3.8-max,cf4c9d5338d7d299b35612f59a194f9294ed10d90712fb47466a9d5b4baffe66,blinded-annotation-v2-shortrefs
C018,K053,0,labeled,0,labeled,0,labeled,True,False,PROVISIONAL_LLM_GOLD,No social preferences or motivational barriers reported; activity is stable.,Requires social preferences or reported motivational barrier.,No evidence of motivational or social barrier; activity is stable.,qwen3.8-max,cf4c9d5338d7d299b35612f59a194f9294ed10d90712fb47466a9d5b4baffe66,blinded-annotation-v2-shortrefs
C018,K054,0,labeled,0,labeled,0,labeled,True,False,PROVISIONAL_LLM_GOLD,"Activity is stable (~55 min/day, ~8000 steps); no time barrier reported.",Requires low activity with a reported time barrier and actual daily schedule.,No time barrier reported; activity is stable. Required context missing.,qwen3.8-max,cf4c9d5338d7d299b35612f59a194f9294ed10d90712fb47466a9d5b4baffe66,blinded-annotation-v2-shortrefs
C018,K055,0,labeled,0,labeled,0,labeled,True,False,PROVISIONAL_LLM_GOLD,No schedule constraints or competing demands reported; activity is stable.,Requires reported competing demands that reduce activity and schedule constraints.,No evidence of competing demands or schedule barriers; required context missing.,qwen3.8-max,cf4c9d5338d7d299b35612f59a194f9294ed10d90712fb47466a9d5b4baffe66,blinded-annotation-v2-shortrefs
C018,K056,0,labeled,0,labeled,0,labeled,True,False,PROVISIONAL_LLM_GOLD,"No chronic health problems, disabilities, or special needs documented in the data.","Requires a chronic condition, disability, or special need to be established.",Medical or disability context unknown; required condition not met.,qwen3.8-max,cf4c9d5338d7d299b35612f59a194f9294ed10d90712fb47466a9d5b4baffe66,blinded-annotation-v2-shortrefs
C018,K057,0,labeled,0,labeled,1,labeled,False,False,PROVISIONAL_LLM_GOLD,"Low movement intervals recorded (480 min/day in window), but device low movement is not confirmed sitting per rules.",Requires long uninterrupted daytime low-movement intervals; non-applicable if low movement due to non-wear or sleep; requires mobility/posture context for individual sitting claim.,Device low movement is not confirmed sitting per annotation rules; posture context unknown.,qwen3.8-max,cf4c9d5338d7d299b35612f59a194f9294ed10d90712fb47466a9d5b4baffe66,blinded-annotation-v2-shortrefs
C018,K058,0,labeled,0,labeled,1,labeled,False,False,PROVISIONAL_LLM_GOLD,"Activity duration ~55 min/day coexists with low_movement_minutes 480 in window; however, intensity is unknown and low movement is not confirmed sitting.",Requires sitting posture and known activity intensity; non-applicable if assuming low-movement estimates prove sitting.,Device low movement is not confirmed sitting per rules; intensity unknown prevents guideline claims. Required context missing.,qwen3.8-max,cf4c9d5338d7d299b35612f59a194f9294ed10d90712fb47466a9d5b4baffe66,blinded-annotation-v2-shortrefs
C018,K059,0,labeled,0,labeled,1,labeled,False,False,PROVISIONAL_LLM_GOLD,"Low movement minutes increased to 480/day in window, but device low movement is not confirmed sitting per rules.",Requires substantial or increasing daily low movement with confirmed sitting for a specific sedentary-time conclusion.,Confirmed sitting is not established from low movement alone; required context missing per annotation rules.,qwen3.8-max,cf4c9d5338d7d299b35612f59a194f9294ed10d90712fb47466a9d5b4baffe66,blinded-annotation-v2-shortrefs
C018,K060,0,labeled,0,labeled,0,labeled,True,False,PROVISIONAL_LLM_GOLD,"No transport, commuting, or mobility context recorded.",Requires sedentary commuting to be established and transport/mobility context.,Commute context unknown; required conditions not met.,qwen3.8-max,cf4c9d5338d7d299b35612f59a194f9294ed10d90712fb47466a9d5b4baffe66,blinded-annotation-v2-shortrefs
C018,K061,0,labeled,0,labeled,0,labeled,True,False,PROVISIONAL_LLM_GOLD,"No workplace layout, desk work, or ability to walk context recorded; low movement is not confirmed sitting.",Requires desk work with prolonged sitting and workplace layout/ability to walk.,Work context unknown; device low movement is not confirmed sitting.,qwen3.8-max,cf4c9d5338d7d299b35612f59a194f9294ed10d90712fb47466a9d5b4baffe66,blinded-annotation-v2-shortrefs
C018,K062,0,labeled,0,labeled,0,labeled,True,False,PROVISIONAL_LLM_GOLD,"No workplace, meeting, or mobility context recorded.",Requires meetings or desk work involving prolonged sitting with workplace and mobility context.,No workplace or meeting information available; required context missing.,qwen3.8-max,cf4c9d5338d7d299b35612f59a194f9294ed10d90712fb47466a9d5b4baffe66,blinded-annotation-v2-shortrefs
C018,K063,0,labeled,0,labeled,0,labeled,True,False,PROVISIONAL_LLM_GOLD,No television-viewing or screen habits recorded; low movement is not confirmed sitting.,Requires prolonged sitting while watching television and television-viewing context.,Screen habits unknown; device low movement is not confirmed television sitting.,qwen3.8-max,cf4c9d5338d7d299b35612f59a194f9294ed10d90712fb47466a9d5b4baffe66,blinded-annotation-v2-shortrefs
C018,K064,0,labeled,0,labeled,0,labeled,True,False,PROVISIONAL_LLM_GOLD,"No leisure context, seated habits, or routine preferences recorded; low movement is not confirmed sitting.",Requires substantial habitual seated leisure and routine/preferences/mobility context.,Device low movement is not confirmed sitting; required leisure context is unknown.,qwen3.8-max,cf4c9d5338d7d299b35612f59a194f9294ed10d90712fb47466a9d5b4baffe66,blinded-annotation-v2-shortrefs
C018,K065,0,labeled,0,labeled,1,labeled,False,False,PROVISIONAL_LLM_GOLD,"Steps ~8000/day, activity ~55 min/day consistently; movement levels are stable and not notably low.",Observable condition is low everyday movement despite possible formal exercise.,Movement is consistent and not low; generic definition without specific connection to observed data.,qwen3.8-max,cf4c9d5338d7d299b35612f59a194f9294ed10d90712fb47466a9d5b4baffe66,blinded-annotation-v2-shortrefs
C018,K066,0,labeled,0,labeled,0,labeled,True,False,PROVISIONAL_LLM_GOLD,No workday lunch-break access or mobility context recorded.,Requires daytime low movement with known workday lunch-break context and access.,Workday and lunch-break context unknown; required condition not met.,qwen3.8-max,cf4c9d5338d7d299b35612f59a194f9294ed10d90712fb47466a9d5b4baffe66,blinded-annotation-v2-shortrefs
C018,K067,0,labeled,0,labeled,0,labeled,True,False,PROVISIONAL_LLM_GOLD,No stair access or mobility context recorded in the wearable data.,Requires stair access and safe mobility context.,Mobility limitations and stair context unknown; generic suggestion without specific connection.,qwen3.8-max,cf4c9d5338d7d299b35612f59a194f9294ed10d90712fb47466a9d5b4baffe66,blinded-annotation-v2-shortrefs
C018,K068,2,labeled,2,labeled,2,labeled,True,False,PROVISIONAL_LLM_GOLD,"Low movement minutes increased from baseline mean 449.3 to window 480.0, but intensity is unknown and posture is not measured.",Applies when low-movement intervals are available without posture measurement; non-applicable if treating sleep or non-wear as confirmed sedentary behaviour.,Core directly explains that observed low movement cannot be automatically classified as confirmed sedentary sitting per annotation rules.,qwen3.8-max,cf4c9d5338d7d299b35612f59a194f9294ed10d90712fb47466a9d5b4baffe66,blinded-annotation-v2-shortrefs
C018,K069,0,labeled,0,labeled,0,labeled,True,False,PROVISIONAL_LLM_GOLD,"Activity and sleep patterns are stable and co-occurring; paired pearson_r for activity->sleep is -0.014 baseline, 0.248 window.",General benefit statement; non-applicable for declaring a causal effect from a few paired observations.,Generic benefit statement; no causal link established from stable co-occurring patterns.,qwen3.8-max,cf4c9d5338d7d299b35612f59a194f9294ed10d90712fb47466a9d5b4baffe66,blinded-annotation-v2-shortrefs
C018,K070,0,labeled,0,labeled,0,labeled,True,False,PROVISIONAL_LLM_GOLD,Activity is stable (~55 min/day); outdoor exposure cannot be inferred from movement counts.,Requires low daytime activity accompanying a changed sleep routine and outdoor access context.,"Activity is stable, not low; outdoor exposure cannot be inferred from movement counts.",qwen3.8-max,cf4c9d5338d7d299b35612f59a194f9294ed10d90712fb47466a9d5b4baffe66,blinded-annotation-v2-shortrefs
C018,K071,1,labeled,1,labeled,1,labeled,True,False,PROVISIONAL_LLM_GOLD,"Activity intervals occur at ~21:00 before sleep starts ~22:42-22:58, but all intensity values are 'unknown'.",Requires activity close to bedtime with known intensity and actual timing relative to bedtime.,"Late activity occurs before sleep, but unknown intensity prevents applying intense-exercise advice directly. Supported partial connection.",qwen3.8-max,cf4c9d5338d7d299b35612f59a194f9294ed10d90712fb47466a9d5b4baffe66,blinded-annotation-v2-shortrefs
C018,K072,0,labeled,0,labeled,0,labeled,True,False,PROVISIONAL_LLM_GOLD,No insomnia symptoms or sleeping difficulties reported; only movement and sleep timestamps available.,Requires exercise near bedtime with reported insomnia symptoms.,Only movement and sleep timestamps known; no insomnia history reported.,qwen3.8-max,cf4c9d5338d7d299b35612f59a194f9294ed10d90712fb47466a9d5b4baffe66,blinded-annotation-v2-shortrefs
C018,K073,1,labeled,1,labeled,1,labeled,True,False,PROVISIONAL_LLM_GOLD,"Activity intervals recorded (e.g., 21:00-21:56) and sleep start times recorded (e.g., 22:45-22:58) on the same dates.",Applies when activity timing and subsequent sleep are being compared; requires activity intervals for timing comparisons.,Supported contextual connection: supports comparing the recorded late activity timing with subsequent sleep onset timing.,qwen3.8-max,cf4c9d5338d7d299b35612f59a194f9294ed10d90712fb47466a9d5b4baffe66,blinded-annotation-v2-shortrefs
C018,K074,0,labeled,0,labeled,0,labeled,True,False,PROVISIONAL_LLM_GOLD,No emergency-response deployment context recorded.,Requires confirmed emergency-response deployment context.,Emergency-response deployment context unknown; required condition not met.,qwen3.8-max,cf4c9d5338d7d299b35612f59a194f9294ed10d90712fb47466a9d5b4baffe66,blinded-annotation-v2-shortrefs
C018,K075,0,labeled,0,labeled,0,labeled,True,False,PROVISIONAL_LLM_GOLD,No tiredness or energy history available in the data.,Requires reported tiredness limiting activity and subjective energy pattern.,No tiredness or energy history available; required condition not met.,qwen3.8-max,cf4c9d5338d7d299b35612f59a194f9294ed10d90712fb47466a9d5b4baffe66,blinded-annotation-v2-shortrefs
C018,K076,0,labeled,0,labeled,0,labeled,True,False,PROVISIONAL_LLM_GOLD,"No substance, medication, alcohol, or caffeine history recorded in the data.",Requires substance and medication history for causal interpretation of temporal relationships.,Required context of substances/medications is entirely absent from the data.,qwen3.8-max,cf4c9d5338d7d299b35612f59a194f9294ed10d90712fb47466a9d5b4baffe66,blinded-annotation-v2-shortrefs
C018,K077,1,labeled,1,labeled,1,labeled,True,False,PROVISIONAL_LLM_GOLD,Daily resting_heart_rate_bpm recorded (55-57 bpm range) across 42 days.,Applies when resting heart rate observations are available; describes RHR as beats per minute while still and well rested.,"Supported contextual connection: clarifies that the reported daily RHR metric represents a still/resting estimate, not exercise HR.",qwen3.8-max,cf4c9d5338d7d299b35612f59a194f9294ed10d90712fb47466a9d5b4baffe66,blinded-annotation-v2-shortrefs
C018,K078,1,labeled,1,labeled,1,labeled,True,False,PROVISIONAL_LLM_GOLD,Daily resting_heart_rate_bpm recorded (mean 55.86 both periods); no sleeping heart rate separately reported.,Applies when a daily resting heart-rate trend is being interpreted; requires the heart-rate measure and collection context to be known.,"Supported contextual connection: clarifies that the observed RHR metric differs from sleeping HR, preventing misinterpretation.",qwen3.8-max,cf4c9d5338d7d299b35612f59a194f9294ed10d90712fb47466a9d5b4baffe66,blinded-annotation-v2-shortrefs
C018,K079,0,labeled,0,labeled,1,labeled,False,False,PROVISIONAL_LLM_GOLD,RHR mean 55.86 in both baseline and window; mean difference 0.0; no exposure data recorded.,Requires resting heart rate changes relative to previous readings and exposure/symptom information to attribute cause.,RHR did not meaningfully change; no exposure data to attribute causes. Generic background.,qwen3.8-max,cf4c9d5338d7d299b35612f59a194f9294ed10d90712fb47466a9d5b4baffe66,blinded-annotation-v2-shortrefs
C018,K080,1,labeled,1,labeled,1,labeled,True,False,PROVISIONAL_LLM_GOLD,Both resting_heart_rate_bpm and hrv_rmssd_ms are recorded nightly across 42 days.,Applies when HRV and heart-rate estimates are being interpreted together; distinguishes variation between beats from average rate.,Supported contextual connection: directly explains that the two distinct metrics in the data measure different physiological quantities.,qwen3.8-max,cf4c9d5338d7d299b35612f59a194f9294ed10d90712fb47466a9d5b4baffe66,blinded-annotation-v2-shortrefs
C018,K081,1,labeled,1,labeled,1,labeled,True,False,PROVISIONAL_LLM_GOLD,HRV RMSSD recorded nightly (range 43-47 ms) across 42 days for one individual.,Applies when an HRV level or trend is being reviewed; requires personal history and consistent measurement context.,"Supported contextual connection: contextualizes the observed HRV range as person-specific, requiring consistent measurement context.",qwen3.8-max,cf4c9d5338d7d299b35612f59a194f9294ed10d90712fb47466a9d5b4baffe66,blinded-annotation-v2-shortrefs
C018,K082,1,labeled,1,labeled,1,labeled,True,False,PROVISIONAL_LLM_GOLD,"28-day baseline provides personal history for all vitals (RHR, HRV, sleep, steps).",Applies when a vital has changed from a recent personal baseline; requires sufficient same-metric personal history.,Supported contextual connection: the 28-day baseline provides sufficient personal history to establish recent-trend context for vitals.,qwen3.8-max,cf4c9d5338d7d299b35612f59a194f9294ed10d90712fb47466a9d5b4baffe66,blinded-annotation-v2-shortrefs
C018,K083,1,labeled,1,labeled,1,labeled,True,False,PROVISIONAL_LLM_GOLD,"RHR recorded daily for 42 days (28 baseline + 14 window), enabling multi-week trend review.",Applies when repeated resting heart-rate readings or a recent change are available.,Supported contextual connection: supports reviewing the stable multi-week RHR trend rather than isolated daily values.,qwen3.8-max,cf4c9d5338d7d299b35612f59a194f9294ed10d90712fb47466a9d5b4baffe66,blinded-annotation-v2-shortrefs
C018,K084,1,labeled,1,labeled,1,labeled,True,False,PROVISIONAL_LLM_GOLD,"HRV RMSSD recorded nightly (mean 45.4 baseline, 45.6 window).",Applies when an HRV trend is available for wellness monitoring; non-applicable for diagnosing disease from HRV.,"Supported contextual connection: frames observed stable HRV as a wellness metric, not a diagnostic indicator.",qwen3.8-max,cf4c9d5338d7d299b35612f59a194f9294ed10d90712fb47466a9d5b4baffe66,blinded-annotation-v2-shortrefs
C018,K085,2,labeled,2,labeled,1,labeled,False,False,PROVISIONAL_LLM_GOLD,HRV metric explicitly labeled as hrv_rmssd_ms in the data; metadata confirms 'night RMSSD'.,Applies when HRV records identify RMSSD as their metric; requires metric formula to be established.,"Core directly explains the specific RMSSD metric definition used in the observed HRV data, matching the metadata confirmation.",qwen3.8-max,cf4c9d5338d7d299b35612f59a194f9294ed10d90712fb47466a9d5b4baffe66,blinded-annotation-v2-shortrefs
C018,K086,1,labeled,1,labeled,1,labeled,True,False,PROVISIONAL_LLM_GOLD,All nightly sleep durations range 462-478 min (>3h); HRV RMSSD recorded every night.,Applies when overnight HRV estimates are being compared; requires compatible Fitbit collection definition and sleep coverage >3h.,Supported contextual connection: confirms nightly sleep exceeds the 3-hour minimum needed for valid HRV estimation.,qwen3.8-max,cf4c9d5338d7d299b35612f59a194f9294ed10d90712fb47466a9d5b4baffe66,blinded-annotation-v2-shortrefs
C018,K087,0,labeled,0,labeled,0,labeled,True,False,PROVISIONAL_LLM_GOLD,"Only sleep_duration_minutes, sleep_start_at, and sleep_end_at are recorded; no sleep-stage data present.",Requires sleep-stage measurements; non-applicable if only sleep duration and timing are available.,No sleep-stage data in the wearable record; required condition not met.,qwen3.8-max,cf4c9d5338d7d299b35612f59a194f9294ed10d90712fb47466a9d5b4baffe66,blinded-annotation-v2-shortrefs
C018,K088,0,labeled,0,labeled,0,labeled,True,False,PROVISIONAL_LLM_GOLD,No health concerns or symptoms reported in the data.,Requires a person reporting concerns about a vital trend.,No health concerns reported; generic background only.,qwen3.8-max,cf4c9d5338d7d299b35612f59a194f9294ed10d90712fb47466a9d5b4baffe66,blinded-annotation-v2-shortrefs
C018,K089,0,labeled,0,labeled,0,labeled,True,False,PROVISIONAL_LLM_GOLD,"RHR is stable (mean 55.86 both periods, variance <1); no evidence of fit problems.",Requires heart-rate readings to be unreliable or wear quality to change.,No evidence of fit problems or unreliable readings; RHR is stable.,qwen3.8-max,cf4c9d5338d7d299b35612f59a194f9294ed10d90712fb47466a9d5b4baffe66,blinded-annotation-v2-shortrefs
C018,K090,1,labeled,1,labeled,1,labeled,True,False,PROVISIONAL_LLM_GOLD,Nighttime coverage minutes range 482-498 across all days; daytime wear is 720 min daily.,Applies when overnight vitals have missing readings or uncertain coverage; requires separate night-time wear information.,Supported contextual connection: confirms both day and night wear requirements were met for valid overnight metrics.,qwen3.8-max,cf4c9d5338d7d299b35612f59a194f9294ed10d90712fb47466a9d5b4baffe66,blinded-annotation-v2-shortrefs
C018,K091,0,labeled,0,labeled,0,labeled,True,False,PROVISIONAL_LLM_GOLD,All vitals have valid_count matching total days; nighttime coverage 482-498 min exceeds 180 min threshold.,Requires a vital to be missing with limited night-time data.,No vitals are missing; nighttime coverage is sufficient. Condition contradicted.,qwen3.8-max,cf4c9d5338d7d299b35612f59a194f9294ed10d90712fb47466a9d5b4baffe66,blinded-annotation-v2-shortrefs
C018,K092,0,labeled,0,labeled,0,labeled,True,False,PROVISIONAL_LLM_GOLD,"All vitals (sleep, steps, activity, RHR, HRV) have valid_count equal to total days with missing_count=0 in both periods.",Requires vitals to be missing or delayed.,No vitals are missing; required condition contradicted by complete data coverage.,qwen3.8-max,cf4c9d5338d7d299b35612f59a194f9294ed10d90712fb47466a9d5b4baffe66,blinded-annotation-v2-shortrefs
C018,K093,0,labeled,0,labeled,0,labeled,True,False,PROVISIONAL_LLM_GOLD,Single synthetic device used throughout; no device or algorithm change recorded.,Requires heart-rate series involving a device or algorithm change.,No device or algorithm change occurred; required condition contradicted.,qwen3.8-max,cf4c9d5338d7d299b35612f59a194f9294ed10d90712fb47466a9d5b4baffe66,blinded-annotation-v2-shortrefs
C018,K094,1,labeled,1,labeled,1,labeled,True,False,PROVISIONAL_LLM_GOLD,Sleep duration estimated from sleep_start_at and sleep_end_at boundaries nightly.,Applies when device-estimated sleep duration and sleep boundaries are available.,"Supported contextual connection: clarifies that recorded sleep duration is an estimate from boundaries, not necessarily total sleep time.",qwen3.8-max,cf4c9d5338d7d299b35612f59a194f9294ed10d90712fb47466a9d5b4baffe66,blinded-annotation-v2-shortrefs
C018,K095,1,labeled,1,labeled,1,labeled,True,False,PROVISIONAL_LLM_GOLD,Nighttime coverage minutes range 482-498 across all 42 days; all exceed 180 min validity rule.,Applies when sleep readings are absent with non-wear; requires night-time wear record.,Supported contextual connection: confirms continuous overnight wear produced valid sleep records without gaps.,qwen3.8-max,cf4c9d5338d7d299b35612f59a194f9294ed10d90712fb47466a9d5b4baffe66,blinded-annotation-v2-shortrefs
C018,K096,1,labeled,1,labeled,1,labeled,True,False,PROVISIONAL_LLM_GOLD,"Steps vary day-to-day (baseline 7584-8409, window 7651-8398) with unknown activity types.",Applies when step readings change with possible measurement limitations; requires wear context and activity type.,"Supported contextual connection: explains that step counts depend on arm swing and sensor mechanics, contextualizing variability.",qwen3.8-max,cf4c9d5338d7d299b35612f59a194f9294ed10d90712fb47466a9d5b4baffe66,blinded-annotation-v2-shortrefs
C019,K001,2,labeled,2,labeled,2,labeled,True,False,PROVISIONAL_LLM_GOLD,Window sleep mean 330.9 min (~5.5h); metadata age_band 18-60.,Sleep duration below the age-specific recommendation; age band compatible with 18 to 60 years.,Core directly explains that current window sleep is below the CDC adult recommendation.,qwen3.8-max,fd4c5597b8ace4bf9260225f7feca42309a7d439aa581bad6868686329cf9b36,blinded-annotation-v2-shortrefs
C019,K002,0,labeled,0,labeled,0,labeled,True,False,PROVISIONAL_LLM_GOLD,Metadata age_band is 18-60.,Requires age 61 to 64 to be established.,Age band explicitly excludes the target population for this item.,qwen3.8-max,fd4c5597b8ace4bf9260225f7feca42309a7d439aa581bad6868686329cf9b36,blinded-annotation-v2-shortrefs
C019,K003,0,labeled,0,labeled,0,labeled,True,False,PROVISIONAL_LLM_GOLD,Metadata age_band is 18-60.,Requires age at least 65 to be established.,Age band explicitly excludes 65+; item not applicable to this person.,qwen3.8-max,fd4c5597b8ace4bf9260225f7feca42309a7d439aa581bad6868686329cf9b36,blinded-annotation-v2-shortrefs
C019,K004,0,labeled,0,labeled,0,labeled,True,False,PROVISIONAL_LLM_GOLD,Metadata age_band is 18-60.,Requires teenage age group (13-17) to be established.,Age band explicitly excludes teenagers; item not applicable.,qwen3.8-max,fd4c5597b8ace4bf9260225f7feca42309a7d439aa581bad6868686329cf9b36,blinded-annotation-v2-shortrefs
C019,K005,1,labeled,1,labeled,1,labeled,True,False,PROVISIONAL_LLM_GOLD,Window sleep mean 330.9 min (~5.5h) consistently below baseline 468.5 min (~7.8h).,Repeatedly shortened sleep opportunity or sleep duration; schedule constraint needed to attribute to busyness.,"Supported connection to shortened sleep, but schedule constraint causing it is unverified.",qwen3.8-max,fd4c5597b8ace4bf9260225f7feca42309a7d439aa581bad6868686329cf9b36,blinded-annotation-v2-shortrefs
C019,K006,2,labeled,2,labeled,1,labeled,False,False,PROVISIONAL_LLM_GOLD,Window sleep consistently ~330 min/night for 14 days with low variance (24.8).,Sleep is consistently short even without a new decline.,Core directly addresses the stable but insufficient sleep pattern observed in the window.,qwen3.8-max,fd4c5597b8ace4bf9260225f7feca42309a7d439aa581bad6868686329cf9b36,blinded-annotation-v2-shortrefs
C019,K007,1,labeled,1,labeled,1,labeled,True,False,PROVISIONAL_LLM_GOLD,Sleep duration recorded (mean 330.9 min window); no quality metrics like awakenings or refreshment.,"Sleep-onset difficulty, awakenings, or subjective refreshment needed to establish poor-quality concern.",Supported contextual note that recorded duration alone doesn't establish sleep quality.,qwen3.8-max,fd4c5597b8ace4bf9260225f7feca42309a7d439aa581bad6868686329cf9b36,blinded-annotation-v2-shortrefs
C019,K008,0,labeled,0,labeled,0,labeled,True,False,PROVISIONAL_LLM_GOLD,"No awakening data recorded; only sleep start, end, and duration available.",Requires repeated awakenings to be documented or measured sleep continuity.,No awakening data recorded; item explicitly non-applicable to available observations.,qwen3.8-max,fd4c5597b8ace4bf9260225f7feca42309a7d439aa581bad6868686329cf9b36,blinded-annotation-v2-shortrefs
C019,K009,0,labeled,0,labeled,0,labeled,True,False,PROVISIONAL_LLM_GOLD,"Window sleep mean 330.9 min (~5.5h), well under 8 hours; no subjective refreshment data.",Requires more than eight hours of night-time sleep with reported lack of refreshment.,Sleep is under 8h and no subjective report exists; conditions not met.,qwen3.8-max,fd4c5597b8ace4bf9260225f7feca42309a7d439aa581bad6868686329cf9b36,blinded-annotation-v2-shortrefs
C019,K010,1,labeled,1,labeled,1,labeled,True,False,PROVISIONAL_LLM_GOLD,14 consecutive nights of sleep ~330 min in window.,Repeatedly shortened sleep; symptoms needed to claim actual cognitive impairment.,"Supported connection to repeated sleep restriction, but cannot establish individual impairment from wearables.",qwen3.8-max,fd4c5597b8ace4bf9260225f7feca42309a7d439aa581bad6868686329cf9b36,blinded-annotation-v2-shortrefs
C019,K011,1,labeled,1,labeled,1,labeled,True,False,PROVISIONAL_LLM_GOLD,14 consecutive nights of ~330 min sleep in window.,Several nights of reduced sleep duration; actual performance or symptoms needed to claim impairment.,"Connects to repeated sleep loss pattern, but individual impairment cannot be claimed from wearables.",qwen3.8-max,fd4c5597b8ace4bf9260225f7feca42309a7d439aa581bad6868686329cf9b36,blinded-annotation-v2-shortrefs
C019,K012,1,labeled,1,labeled,1,labeled,True,False,PROVISIONAL_LLM_GOLD,14 nights of ~5.5h sleep in window vs ~7.8h baseline.,Ongoing insufficient sleep.,"Supported contextual connection to ongoing short sleep, but generic background without specific observation link.",qwen3.8-max,fd4c5597b8ace4bf9260225f7feca42309a7d439aa581bad6868686329cf9b36,blinded-annotation-v2-shortrefs
C019,K013,0,labeled,0,labeled,0,labeled,True,False,PROVISIONAL_LLM_GOLD,No food intake or appetite data recorded.,Requires food intake or appetite information for individual claims.,Appetite data absent; cannot infer metabolic effects from sleep duration alone.,qwen3.8-max,fd4c5597b8ace4bf9260225f7feca42309a7d439aa581bad6868686329cf9b36,blinded-annotation-v2-shortrefs
C019,K014,0,labeled,0,labeled,0,labeled,True,False,PROVISIONAL_LLM_GOLD,No sleepiness or driving context data recorded.,Requires reported sleepiness and driving plans.,Sleepiness and driving context unknown; safety advice not triggered by duration alone.,qwen3.8-max,fd4c5597b8ace4bf9260225f7feca42309a7d439aa581bad6868686329cf9b36,blinded-annotation-v2-shortrefs
C019,K015,1,labeled,1,labeled,1,labeled,True,False,PROVISIONAL_LLM_GOLD,Window sleep mean 330.9 min; adult average 7-9 hours per NHS.,Adult sleep duration is being reviewed; individual sleep experience needed to assess adequacy.,Contextualizes that population averages don't replace individual sleep need assessment.,qwen3.8-max,fd4c5597b8ace4bf9260225f7feca42309a7d439aa581bad6868686329cf9b36,blinded-annotation-v2-shortrefs
C019,K016,0,labeled,0,labeled,0,labeled,True,False,PROVISIONAL_LLM_GOLD,Window has 14 days of sleep data; no reported insomnia symptoms.,Requires months-long sleeping difficulties or reported insomnia with failed habit changes.,Only a brief 14-day record without reported problems; conditions not met.,qwen3.8-max,fd4c5597b8ace4bf9260225f7feca42309a7d439aa581bad6868686329cf9b36,blinded-annotation-v2-shortrefs
C019,K017,2,labeled,2,labeled,2,labeled,True,False,PROVISIONAL_LLM_GOLD,Baseline sleep start mean 651.5 min from noon (~22:51); window sleep start mean 789.1 min (~01:09). Wake time constant at 07:00.,Repeated variability in bedtime or wake time.,Core directly explains the observed abrupt and persistent ~2-hour delay in sleep start while wake time remained fixed.,qwen3.8-max,fd4c5597b8ace4bf9260225f7feca42309a7d439aa581bad6868686329cf9b36,blinded-annotation-v2-shortrefs
C019,K018,0,labeled,0,labeled,0,labeled,True,False,PROVISIONAL_LLM_GOLD,Wake time is exactly 07:00 every day in both periods; no insomnia reported.,Requires inconsistent wake time with reported sleeping difficulties.,Wake time is perfectly consistent and no insomnia reported; conditions not met.,qwen3.8-max,fd4c5597b8ace4bf9260225f7feca42309a7d439aa581bad6868686329cf9b36,blinded-annotation-v2-shortrefs
C019,K019,0,labeled,0,labeled,0,labeled,True,False,PROVISIONAL_LLM_GOLD,Weekday sleep start mean 788.6 min vs weekend 790.5 min in window; difference ~2 min.,Requires bedtime or wake time to differ substantially between weekdays and weekends.,Weekday and weekend sleep schedules are similar within each period; condition not met.,qwen3.8-max,fd4c5597b8ace4bf9260225f7feca42309a7d439aa581bad6868686329cf9b36,blinded-annotation-v2-shortrefs
C019,K020,0,labeled,0,labeled,0,labeled,True,False,PROVISIONAL_LLM_GOLD,Bedtime timestamps available but no pre-bed activity data recorded.,Requires information about pre-bed activities for targeted advice.,Pre-bed activity data absent; timestamps alone don't reveal quiet time practices.,qwen3.8-max,fd4c5597b8ace4bf9260225f7feca42309a7d439aa581bad6868686329cf9b36,blinded-annotation-v2-shortrefs
C019,K021,0,labeled,0,labeled,0,labeled,True,False,PROVISIONAL_LLM_GOLD,No screen or light exposure data recorded.,Requires known bright-screen exposure shortly before bed.,Screen exposure unknown; cannot attribute late sleep onset to bright screens.,qwen3.8-max,fd4c5597b8ace4bf9260225f7feca42309a7d439aa581bad6868686329cf9b36,blinded-annotation-v2-shortrefs
C019,K022,0,labeled,0,labeled,0,labeled,True,False,PROVISIONAL_LLM_GOLD,No caffeine intake or timing data recorded.,Requires known afternoon or evening caffeine use with sleeping difficulty.,Caffeine history absent; cannot attribute late sleep onset to caffeine.,qwen3.8-max,fd4c5597b8ace4bf9260225f7feca42309a7d439aa581bad6868686329cf9b36,blinded-annotation-v2-shortrefs
C019,K023,0,labeled,0,labeled,0,labeled,True,False,PROVISIONAL_LLM_GOLD,No meal timing or size data recorded.,Requires known large meal shortly before bed.,Meal information unknown; cannot link sleep timing to heavy meals.,qwen3.8-max,fd4c5597b8ace4bf9260225f7feca42309a7d439aa581bad6868686329cf9b36,blinded-annotation-v2-shortrefs
C019,K024,0,labeled,0,labeled,0,labeled,True,False,PROVISIONAL_LLM_GOLD,No alcohol intake data recorded in wearable observations.,Requires alcohol use near bedtime to be reported.,Alcohol exposure unknown; cannot link sleep change to alcohol consumption.,qwen3.8-max,fd4c5597b8ace4bf9260225f7feca42309a7d439aa581bad6868686329cf9b36,blinded-annotation-v2-shortrefs
C019,K025,0,labeled,0,labeled,0,labeled,True,False,PROVISIONAL_LLM_GOLD,No nicotine use data recorded.,Requires nicotine exposure to be established.,Nicotine use unknown; cannot attribute sleep changes to nicotine stimulation.,qwen3.8-max,fd4c5597b8ace4bf9260225f7feca42309a7d439aa581bad6868686329cf9b36,blinded-annotation-v2-shortrefs
C019,K026,0,labeled,0,labeled,0,labeled,True,False,PROVISIONAL_LLM_GOLD,"No bedroom light, noise, or temperature data recorded.",Requires known disruptive bedroom environment.,Environment unknown; wearable times don't establish bedroom conditions.,qwen3.8-max,fd4c5597b8ace4bf9260225f7feca42309a7d439aa581bad6868686329cf9b36,blinded-annotation-v2-shortrefs
C019,K027,0,labeled,0,labeled,0,labeled,True,False,PROVISIONAL_LLM_GOLD,No pre-bed routine or relaxation difficulty data recorded.,Requires reported difficulty relaxing or a request for routine options.,Optional routine practice; no evidence of relaxation difficulty or routine consideration.,qwen3.8-max,fd4c5597b8ace4bf9260225f7feca42309a7d439aa581bad6868686329cf9b36,blinded-annotation-v2-shortrefs
C019,K028,0,labeled,0,labeled,0,labeled,True,False,PROVISIONAL_LLM_GOLD,No nap data recorded in the wearable observations.,Requires adult naps to be recorded or reported.,Nap data absent; cannot apply nap duration or timing advice.,qwen3.8-max,fd4c5597b8ace4bf9260225f7feca42309a7d439aa581bad6868686329cf9b36,blinded-annotation-v2-shortrefs
C019,K029,0,labeled,0,labeled,0,labeled,True,False,PROVISIONAL_LLM_GOLD,No shift-work schedule information recorded.,Requires confirmed shift-work schedule.,Shift work context is absent; cannot apply shift-work sleep adjustment advice.,qwen3.8-max,fd4c5597b8ace4bf9260225f7feca42309a7d439aa581bad6868686329cf9b36,blinded-annotation-v2-shortrefs
C019,K030,0,labeled,0,labeled,0,labeled,True,False,PROVISIONAL_LLM_GOLD,No shift work established in the data.,Requires shift work to be established with work schedule and lighting context.,Shift work not established; item specific to shift workers only.,qwen3.8-max,fd4c5597b8ace4bf9260225f7feca42309a7d439aa581bad6868686329cf9b36,blinded-annotation-v2-shortrefs
C019,K031,0,labeled,0,labeled,0,labeled,True,False,PROVISIONAL_LLM_GOLD,No shift-work or caffeine data recorded.,Requires shift schedule and caffeine intake.,Shift work and caffeine use unknown; item conditions not met.,qwen3.8-max,fd4c5597b8ace4bf9260225f7feca42309a7d439aa581bad6868686329cf9b36,blinded-annotation-v2-shortrefs
C019,K032,0,labeled,0,labeled,0,labeled,True,False,PROVISIONAL_LLM_GOLD,"Sleep occurs overnight (start ~01:00, end 07:00); no shift work established.",Requires daytime sleep associated with shift work.,"Sleep is overnight, not daytime; shift work not established.",qwen3.8-max,fd4c5597b8ace4bf9260225f7feca42309a7d439aa581bad6868686329cf9b36,blinded-annotation-v2-shortrefs
C019,K033,0,labeled,0,labeled,1,labeled,False,False,PROVISIONAL_LLM_GOLD,"No awakenings or naps recorded; only sleep start, end, and duration available.",Awakenings and naps need separate records if absent.,Generic diary advice; no awakenings or naps recorded to preserve sequence for.,qwen3.8-max,fd4c5597b8ace4bf9260225f7feca42309a7d439aa581bad6868686329cf9b36,blinded-annotation-v2-shortrefs
C019,K034,2,labeled,2,labeled,2,labeled,True,False,PROVISIONAL_LLM_GOLD,Window sleep mean 330.9 min vs baseline 468.5 min across 14 consecutive nights.,Several shortened nights rather than a single isolated reading.,Core directly explains that the persistent 14-night sleep reduction accumulates as sleep debt.,qwen3.8-max,fd4c5597b8ace4bf9260225f7feca42309a7d439aa581bad6868686329cf9b36,blinded-annotation-v2-shortrefs
C019,K035,0,labeled,0,labeled,0,labeled,True,False,PROVISIONAL_LLM_GOLD,Weekend sleep mean 329.5 min vs weekday 331.4 min in window; no catch-up observed.,Requires longer sleep and later timing on days off.,No substantial weekend/weekday difference observed; work schedule unknown.,qwen3.8-max,fd4c5597b8ace4bf9260225f7feca42309a7d439aa581bad6868686329cf9b36,blinded-annotation-v2-shortrefs
C019,K036,0,labeled,0,labeled,0,labeled,True,False,PROVISIONAL_LLM_GOLD,No nap data recorded in either period.,Requires recorded naps after shortened night-time sleep.,Nap data absent; cannot evaluate whether naps compensated for lost night sleep.,qwen3.8-max,fd4c5597b8ace4bf9260225f7feca42309a7d439aa581bad6868686329cf9b36,blinded-annotation-v2-shortrefs
C019,K037,0,labeled,0,labeled,0,labeled,True,False,PROVISIONAL_LLM_GOLD,"No insomnia symptoms reported; pattern is persistent, not an isolated bad night.",Requires recent bad night and reported sleeping difficulties.,No insomnia symptoms reported; persistent pattern differs from isolated bad night.,qwen3.8-max,fd4c5597b8ace4bf9260225f7feca42309a7d439aa581bad6868686329cf9b36,blinded-annotation-v2-shortrefs
C019,K038,0,labeled,0,labeled,1,labeled,False,False,PROVISIONAL_LLM_GOLD,14 days of device-estimated short sleep in window; no symptom history provided.,Requires symptom history and onset to distinguish short-term from long-term insomnia.,Cannot categorize insomnia duration from 14 days of device estimates without symptom history.,qwen3.8-max,fd4c5597b8ace4bf9260225f7feca42309a7d439aa581bad6868686329cf9b36,blinded-annotation-v2-shortrefs
C019,K039,0,labeled,0,labeled,0,labeled,True,False,PROVISIONAL_LLM_GOLD,No travel history or flight data recorded.,"Requires confirmed travel, destination time zone, and trip duration.",No travel history; timing change alone doesn't establish jet lag.,qwen3.8-max,fd4c5597b8ace4bf9260225f7feca42309a7d439aa581bad6868686329cf9b36,blinded-annotation-v2-shortrefs
C019,K040,0,labeled,0,labeled,0,labeled,True,False,PROVISIONAL_LLM_GOLD,No travel or trip data recorded.,Requires a short trip across time zones to be planned.,Travel context unknown; cannot apply short-trip sleep advice.,qwen3.8-max,fd4c5597b8ace4bf9260225f7feca42309a7d439aa581bad6868686329cf9b36,blinded-annotation-v2-shortrefs
C019,K041,0,labeled,0,labeled,0,labeled,True,False,PROVISIONAL_LLM_GOLD,Activity intensity is 'unknown' for all intervals.,Requires intensity information to count recommended aerobic minutes.,Generic advice; intensity unknown so it cannot specifically explain the observed pattern.,qwen3.8-max,fd4c5597b8ace4bf9260225f7feca42309a7d439aa581bad6868686329cf9b36,blinded-annotation-v2-shortrefs
C019,K042,0,labeled,0,labeled,0,labeled,True,False,PROVISIONAL_LLM_GOLD,No health or mobility context recorded for exercise prescription.,Requires health and mobility context for exercise prescription.,Health/mobility context unknown; cannot prescribe gradual buildup from wearable data.,qwen3.8-max,fd4c5597b8ace4bf9260225f7feca42309a7d439aa581bad6868686329cf9b36,blinded-annotation-v2-shortrefs
C019,K043,0,labeled,0,labeled,0,labeled,True,False,PROVISIONAL_LLM_GOLD,Activity intensity is 'unknown' for all intervals.,Requires known activity intensity to determine moderate-intensity minutes.,Intensity unknown; cannot determine if moderate-intensity guideline is met.,qwen3.8-max,fd4c5597b8ace4bf9260225f7feca42309a7d439aa581bad6868686329cf9b36,blinded-annotation-v2-shortrefs
C019,K044,0,labeled,0,labeled,0,labeled,True,False,PROVISIONAL_LLM_GOLD,Activity intensity is 'unknown' for all intervals.,Requires known vigorous intensity.,Intensity unknown; cannot apply vigorous activity targets to these observations.,qwen3.8-max,fd4c5597b8ace4bf9260225f7feca42309a7d439aa581bad6868686329cf9b36,blinded-annotation-v2-shortrefs
C019,K045,0,labeled,0,labeled,0,labeled,True,False,PROVISIONAL_LLM_GOLD,Activity intensity is 'unknown' for all intervals.,Requires intensity to be known for counting guideline minutes.,Intensity unknown; cannot apply activity-splitting advice to guideline compliance.,qwen3.8-max,fd4c5597b8ace4bf9260225f7feca42309a7d439aa581bad6868686329cf9b36,blinded-annotation-v2-shortrefs
C019,K046,0,labeled,0,labeled,0,labeled,True,False,PROVISIONAL_LLM_GOLD,"Only steps, activity duration, and low movement recorded; no strengthening data.",Requires strengthening activity records including days and muscle groups.,No strengthening data available; steps don't indicate muscle-strengthening activity.,qwen3.8-max,fd4c5597b8ace4bf9260225f7feca42309a7d439aa581bad6868686329cf9b36,blinded-annotation-v2-shortrefs
C019,K047,0,labeled,0,labeled,0,labeled,True,False,PROVISIONAL_LLM_GOLD,Activity intensity is 'unknown' for all intervals in both periods.,Requires documented aerobic activity reaching adult guideline with known intensity.,Intensity unknown; cannot assess if guideline minimums are reached for additional benefits.,qwen3.8-max,fd4c5597b8ace4bf9260225f7feca42309a7d439aa581bad6868686329cf9b36,blinded-annotation-v2-shortrefs
C019,K048,0,labeled,0,labeled,1,labeled,False,False,PROVISIONAL_LLM_GOLD,Activity intensity is 'unknown'; no fitness or perceived effort data.,Requires fitness or perceived effort to interpret relative intensity.,Intensity unknown and fitness context absent; cannot assign intensity from movement totals.,qwen3.8-max,fd4c5597b8ace4bf9260225f7feca42309a7d439aa581bad6868686329cf9b36,blinded-annotation-v2-shortrefs
C019,K049,0,labeled,0,labeled,0,labeled,True,False,PROVISIONAL_LLM_GOLD,All activity intensities recorded as 'unknown'.,Requires an aerobic activity and breathing or talk-test observation.,Intensity unknown; talk test cannot be applied to these observations.,qwen3.8-max,fd4c5597b8ace4bf9260225f7feca42309a7d439aa581bad6868686329cf9b36,blinded-annotation-v2-shortrefs
C019,K050,2,labeled,2,labeled,2,labeled,True,False,PROVISIONAL_LLM_GOLD,Steps dropped 67% while activity_duration_minutes changed by +1.8%.,Steps change while other activity may differ; activity type needed for interpreting non-step exercise.,Directly explains why the large step decline does not necessarily mean all physical activity decreased.,qwen3.8-max,fd4c5597b8ace4bf9260225f7feca42309a7d439aa581bad6868686329cf9b36,blinded-annotation-v2-shortrefs
C019,K051,0,labeled,0,labeled,0,labeled,True,False,PROVISIONAL_LLM_GOLD,Steps dropped from ~7985 to ~2643; transport context unknown.,Requires mobility and transport context for specific options.,"Generic suggestion about walking; transport context unknown, no concrete connection.",qwen3.8-max,fd4c5597b8ace4bf9260225f7feca42309a7d439aa581bad6868686329cf9b36,blinded-annotation-v2-shortrefs
C019,K052,0,labeled,0,labeled,0,labeled,True,False,PROVISIONAL_LLM_GOLD,No personal preferences or availability data recorded.,Requires personal preferences and availability for choosing individualized options.,Preferences unknown; generic planning advice without concrete connection to observations.,qwen3.8-max,fd4c5597b8ace4bf9260225f7feca42309a7d439aa581bad6868686329cf9b36,blinded-annotation-v2-shortrefs
C019,K053,0,labeled,0,labeled,0,labeled,True,False,PROVISIONAL_LLM_GOLD,No social preferences or motivational barrier data recorded.,Requires a person wanting support maintaining activity or reported motivational barrier.,No evidence of motivational or social barrier; generic suggestion.,qwen3.8-max,fd4c5597b8ace4bf9260225f7feca42309a7d439aa581bad6868686329cf9b36,blinded-annotation-v2-shortrefs
C019,K054,0,labeled,0,labeled,0,labeled,True,False,PROVISIONAL_LLM_GOLD,No time barrier or schedule data reported.,Requires low activity with a reported time barrier and actual daily schedule.,Time barrier not reported; cannot assume scheduling issue from step decline.,qwen3.8-max,fd4c5597b8ace4bf9260225f7feca42309a7d439aa581bad6868686329cf9b36,blinded-annotation-v2-shortrefs
C019,K055,0,labeled,0,labeled,0,labeled,True,False,PROVISIONAL_LLM_GOLD,No schedule constraints or competing demands reported.,Requires reported competing demands reduce activity and schedule constraints.,Schedule context unknown; cannot attribute step decline to calendar crowding.,qwen3.8-max,fd4c5597b8ace4bf9260225f7feca42309a7d439aa581bad6868686329cf9b36,blinded-annotation-v2-shortrefs
C019,K056,0,labeled,0,labeled,0,labeled,True,False,PROVISIONAL_LLM_GOLD,"No chronic condition, disability, or special need data recorded.",Requires relevant health condition and activity safety history.,Medical context unknown; wearable data doesn't supply this information.,qwen3.8-max,fd4c5597b8ace4bf9260225f7feca42309a7d439aa581bad6868686329cf9b36,blinded-annotation-v2-shortrefs
C019,K057,0,labeled,0,labeled,0,labeled,True,False,PROVISIONAL_LLM_GOLD,"Low movement minutes stable (baseline mean 448.6, window 451.1); posture not measured.",Requires mobility and posture context for an individual sitting claim; low movement due to non-wear or sleep excluded.,Device low movement is not confirmed sitting; posture context unavailable.,qwen3.8-max,fd4c5597b8ace4bf9260225f7feca42309a7d439aa581bad6868686329cf9b36,blinded-annotation-v2-shortrefs
C019,K058,0,labeled,0,labeled,0,labeled,True,False,PROVISIONAL_LLM_GOLD,Activity duration ~55 min/day coexists with ~450 low_movement_min/day; posture unknown.,Requires sitting posture and known activity intensity for guideline claims.,Device low movement is not confirmed sitting; cannot apply prolonged-sitting concern.,qwen3.8-max,fd4c5597b8ace4bf9260225f7feca42309a7d439aa581bad6868686329cf9b36,blinded-annotation-v2-shortrefs
C019,K059,0,labeled,0,labeled,0,labeled,True,False,PROVISIONAL_LLM_GOLD,"Low movement minutes stable (baseline 448.6, window 451.1); posture not confirmed.",Requires confirmed sitting for a specific sedentary-time conclusion.,No confirmed sitting increase; low movement unchanged and cannot be equated to sitting.,qwen3.8-max,fd4c5597b8ace4bf9260225f7feca42309a7d439aa581bad6868686329cf9b36,blinded-annotation-v2-shortrefs
C019,K060,0,labeled,0,labeled,0,labeled,True,False,PROVISIONAL_LLM_GOLD,No commuting or transport data recorded.,"Requires sedentary commuting to be established with transport, mobility, and safety context.",Commute unknown; generic suggestion without concrete connection to observations.,qwen3.8-max,fd4c5597b8ace4bf9260225f7feca42309a7d439aa581bad6868686329cf9b36,blinded-annotation-v2-shortrefs
C019,K061,0,labeled,0,labeled,0,labeled,True,False,PROVISIONAL_LLM_GOLD,No workplace layout or desk work context recorded.,Requires desk work with prolonged sitting and workplace layout context.,Work context unknown; generic suggestion with no concrete connection to observations.,qwen3.8-max,fd4c5597b8ace4bf9260225f7feca42309a7d439aa581bad6868686329cf9b36,blinded-annotation-v2-shortrefs
C019,K062,0,labeled,0,labeled,0,labeled,True,False,PROVISIONAL_LLM_GOLD,No workplace or meeting context recorded in wearable data.,Requires meetings or desk work involving prolonged sitting.,Workplace context unknown; generic suggestion without concrete connection.,qwen3.8-max,fd4c5597b8ace4bf9260225f7feca42309a7d439aa581bad6868686329cf9b36,blinded-annotation-v2-shortrefs
C019,K063,0,labeled,0,labeled,0,labeled,True,False,PROVISIONAL_LLM_GOLD,No screen habits or television viewing data recorded.,Requires prolonged sitting while watching television.,Screen habits unknown; cannot link low movement to television viewing.,qwen3.8-max,fd4c5597b8ace4bf9260225f7feca42309a7d439aa581bad6868686329cf9b36,blinded-annotation-v2-shortrefs
C019,K064,0,labeled,0,labeled,0,labeled,True,False,PROVISIONAL_LLM_GOLD,No leisure context or routine data recorded.,"Requires substantial habitual seated leisure with routine, preferences, and mobility context.",Leisure context unknown; generic suggestion without concrete connection.,qwen3.8-max,fd4c5597b8ace4bf9260225f7feca42309a7d439aa581bad6868686329cf9b36,blinded-annotation-v2-shortrefs
C019,K065,1,labeled,1,labeled,1,labeled,True,False,PROVISIONAL_LLM_GOLD,Steps dropped 67% while activity_duration_minutes remained stable (+1.8%).,Low everyday movement despite possible formal exercise.,Supports distinguishing recorded everyday movement from formal exercise sessions.,qwen3.8-max,fd4c5597b8ace4bf9260225f7feca42309a7d439aa581bad6868686329cf9b36,blinded-annotation-v2-shortrefs
C019,K066,0,labeled,0,labeled,0,labeled,True,False,PROVISIONAL_LLM_GOLD,No workday lunch-break context recorded.,Requires daytime low movement with known workday lunch-break context.,Work context unknown; only superficial keyword match on low movement.,qwen3.8-max,fd4c5597b8ace4bf9260225f7feca42309a7d439aa581bad6868686329cf9b36,blinded-annotation-v2-shortrefs
C019,K067,0,labeled,0,labeled,0,labeled,True,False,PROVISIONAL_LLM_GOLD,No stair access or mobility context recorded.,Requires stair access and safe mobility.,Mobility context unknown; generic suggestion without concrete connection.,qwen3.8-max,fd4c5597b8ace4bf9260225f7feca42309a7d439aa581bad6868686329cf9b36,blinded-annotation-v2-shortrefs
C019,K068,1,labeled,1,labeled,1,labeled,True,False,PROVISIONAL_LLM_GOLD,Low movement minutes stable (~450/day) without posture measurement.,Low-movement intervals are available without posture measurement; posture and waking context needed to establish sitting.,Directly supports that recorded low movement cannot be automatically labeled as confirmed sitting.,qwen3.8-max,fd4c5597b8ace4bf9260225f7feca42309a7d439aa581bad6868686329cf9b36,blinded-annotation-v2-shortrefs
C019,K069,0,labeled,0,labeled,0,labeled,True,False,PROVISIONAL_LLM_GOLD,Activity duration stable while sleep duration dropped significantly.,Activity and sleep patterns are available for joint review; temporal co-occurrence does not imply causation.,Generic benefit statement; temporal co-occurrence doesn't imply causation per instructions.,qwen3.8-max,fd4c5597b8ace4bf9260225f7feca42309a7d439aa581bad6868686329cf9b36,blinded-annotation-v2-shortrefs
C019,K070,0,labeled,0,labeled,0,labeled,True,False,PROVISIONAL_LLM_GOLD,No outdoor exposure data recorded; movement counts available.,Requires outdoor access and mobility for a specific plan; cannot infer outdoor exposure from movement counts.,Generic routine advice; outdoor exposure cannot be inferred from movement counts.,qwen3.8-max,fd4c5597b8ace4bf9260225f7feca42309a7d439aa581bad6868686329cf9b36,blinded-annotation-v2-shortrefs
C019,K071,0,labeled,0,labeled,0,labeled,True,False,PROVISIONAL_LLM_GOLD,Activity intervals present ~21:00-22:00 daily but intensity is 'unknown'.,Requires intensity and actual timing relative to bedtime to be known.,Activity intensity unknown; cannot apply intense-exercise-before-bed advice.,qwen3.8-max,fd4c5597b8ace4bf9260225f7feca42309a7d439aa581bad6868686329cf9b36,blinded-annotation-v2-shortrefs
C019,K072,0,labeled,0,labeled,0,labeled,True,False,PROVISIONAL_LLM_GOLD,No insomnia symptoms reported; late activity present but intensity unknown.,Requires exercise near bedtime with reported insomnia symptoms and exercise history.,Insomnia not reported; temporal adjacency alone doesn't establish insomnia or causation.,qwen3.8-max,fd4c5597b8ace4bf9260225f7feca42309a7d439aa581bad6868686329cf9b36,blinded-annotation-v2-shortrefs
C019,K073,1,labeled,1,labeled,1,labeled,True,False,PROVISIONAL_LLM_GOLD,Activity intervals recorded ~21:00-22:00 daily; sleep starts after midnight in window.,Activity intervals are needed for timing comparisons; activity on day t precedes sleep waking on t+1.,Supports correct temporal alignment: day t activity precedes sleep waking on t+1.,qwen3.8-max,fd4c5597b8ace4bf9260225f7feca42309a7d439aa581bad6868686329cf9b36,blinded-annotation-v2-shortrefs
C019,K074,0,labeled,0,labeled,0,labeled,True,False,PROVISIONAL_LLM_GOLD,No emergency-response deployment context recorded.,Requires confirmed emergency-response deployment context.,Deployment context unknown; item not applicable to general population observations.,qwen3.8-max,fd4c5597b8ace4bf9260225f7feca42309a7d439aa581bad6868686329cf9b36,blinded-annotation-v2-shortrefs
C019,K075,0,labeled,0,labeled,0,labeled,True,False,PROVISIONAL_LLM_GOLD,No tiredness or energy pattern data recorded.,Requires reported tiredness limits activity and subjective energy pattern.,Energy/tiredness data absent; wearable sleep hours don't establish preferred activity time.,qwen3.8-max,fd4c5597b8ace4bf9260225f7feca42309a7d439aa581bad6868686329cf9b36,blinded-annotation-v2-shortrefs
C019,K076,0,labeled,0,labeled,0,labeled,True,False,PROVISIONAL_LLM_GOLD,"No diary, substance, or medication data recorded.",Requires substance and medication history for causal interpretation.,No diary data available; generic advice about avoiding misattribution without concrete connection.,qwen3.8-max,fd4c5597b8ace4bf9260225f7feca42309a7d439aa581bad6868686329cf9b36,blinded-annotation-v2-shortrefs
C019,K077,1,labeled,1,labeled,1,labeled,True,False,PROVISIONAL_LLM_GOLD,"Daily resting_heart_rate_bpm reported (mean 55.9 baseline, 56.3 window).",Resting heart rate observations are available.,Contextualizes how the reported daily RHR metric should be interpreted.,qwen3.8-max,fd4c5597b8ace4bf9260225f7feca42309a7d439aa581bad6868686329cf9b36,blinded-annotation-v2-shortrefs
C019,K078,1,labeled,1,labeled,1,labeled,True,False,PROVISIONAL_LLM_GOLD,"Data reports daily resting_heart_rate_bpm (mean 55.9 baseline, 56.3 window).",A daily resting heart-rate trend is being interpreted; measure and collection context must be known.,Clarifies distinction between daily RHR and sleeping heart rate in the dataset.,qwen3.8-max,fd4c5597b8ace4bf9260225f7feca42309a7d439aa581bad6868686329cf9b36,blinded-annotation-v2-shortrefs
C019,K079,0,labeled,0,labeled,1,labeled,False,False,PROVISIONAL_LLM_GOLD,RHR mean 55.89 baseline vs 56.29 window; difference 0.39 bpm within normal variance.,Resting heart rate changes relative to the person's previous readings.,RHR essentially unchanged; no rise to explain or attribute causes to.,qwen3.8-max,fd4c5597b8ace4bf9260225f7feca42309a7d439aa581bad6868686329cf9b36,blinded-annotation-v2-shortrefs
C019,K080,1,labeled,1,labeled,1,labeled,True,False,PROVISIONAL_LLM_GOLD,Both resting_heart_rate_bpm and hrv_rmssd_ms are reported in the data.,HRV and heart-rate estimates are being interpreted together.,Clarifies that the two distinct metrics reported in the data should not be conflated.,qwen3.8-max,fd4c5597b8ace4bf9260225f7feca42309a7d439aa581bad6868686329cf9b36,blinded-annotation-v2-shortrefs
C019,K081,1,labeled,1,labeled,1,labeled,True,False,PROVISIONAL_LLM_GOLD,"HRV RMSSD mean 44.86 ms in both baseline and window, variance ~1.8-2.0.",An HRV level or trend is being reviewed; personal history and consistent measurement context required.,Supports interpreting HRV against personal baseline rather than universal norms.,qwen3.8-max,fd4c5597b8ace4bf9260225f7feca42309a7d439aa581bad6868686329cf9b36,blinded-annotation-v2-shortrefs
C019,K082,1,labeled,1,labeled,1,labeled,True,False,PROVISIONAL_LLM_GOLD,28-day baseline provides personal history for all metrics before 14-day window.,A vital has changed from a recent personal baseline; sufficient same-metric personal history required.,Supports using the 28-day baseline as personal range context for evaluating window changes.,qwen3.8-max,fd4c5597b8ace4bf9260225f7feca42309a7d439aa581bad6868686329cf9b36,blinded-annotation-v2-shortrefs
C019,K083,0,labeled,0,labeled,1,labeled,False,False,PROVISIONAL_LLM_GOLD,RHR stable across 42 days (variance <0.64); no trend change observed.,Requires repeated resting heart-rate readings or a recent change.,RHR stable; no trend change requiring multi-day follow-up context.,qwen3.8-max,fd4c5597b8ace4bf9260225f7feca42309a7d439aa581bad6868686329cf9b36,blinded-annotation-v2-shortrefs
C019,K084,1,labeled,1,labeled,1,labeled,True,False,PROVISIONAL_LLM_GOLD,HRV RMSSD stable across both periods (mean 44.86 ms).,An HRV trend is available for wellness monitoring.,"Supported contextual reminder that HRV observations are for wellness, not diagnosis.",qwen3.8-max,fd4c5597b8ace4bf9260225f7feca42309a7d439aa581bad6868686329cf9b36,blinded-annotation-v2-shortrefs
C019,K085,1,labeled,1,labeled,1,labeled,True,False,PROVISIONAL_LLM_GOLD,Data reports hrv_rmssd_ms metric definition revision 'synthetic-wearable-v1; night RMSSD'.,HRV records identify RMSSD as their metric; metric formula must be established.,Confirms the HRV metric definition matches the device-reported RMSSD format.,qwen3.8-max,fd4c5597b8ace4bf9260225f7feca42309a7d439aa581bad6868686329cf9b36,blinded-annotation-v2-shortrefs
C019,K086,1,labeled,1,labeled,1,labeled,True,False,PROVISIONAL_LLM_GOLD,"Window sleep durations range 322-338 min, all exceeding 3 hours.",Compatible Fitbit collection definition and sleep coverage required; only periods >3 hours considered.,"Contextualizes HRV measurement validity given sufficient sleep coverage, though HRV itself didn't change.",qwen3.8-max,fd4c5597b8ace4bf9260225f7feca42309a7d439aa581bad6868686329cf9b36,blinded-annotation-v2-shortrefs
C019,K087,0,labeled,0,labeled,0,labeled,True,False,PROVISIONAL_LLM_GOLD,"Only sleep duration, start, and end recorded; no sleep-stage data available.",Requires sleep-stage measurements.,Data lacks sleep stages; item explicitly non-applicable to these observations.,qwen3.8-max,fd4c5597b8ace4bf9260225f7feca42309a7d439aa581bad6868686329cf9b36,blinded-annotation-v2-shortrefs
C019,K088,0,labeled,0,labeled,0,labeled,True,False,PROVISIONAL_LLM_GOLD,No health concerns or symptoms reported in the data.,Requires reported health concerns or symptoms.,Generic guidance; no health concerns reported to trigger clinical conversation.,qwen3.8-max,fd4c5597b8ace4bf9260225f7feca42309a7d439aa581bad6868686329cf9b36,blinded-annotation-v2-shortrefs
C019,K089,0,labeled,0,labeled,0,labeled,True,False,PROVISIONAL_LLM_GOLD,"RHR stable (variance 0.52 baseline, 0.63 window); no evidence of fit changes.",Requires heart-rate readings may be unreliable or wear quality changes.,No evidence of sensor fit issues; RHR stable throughout both periods.,qwen3.8-max,fd4c5597b8ace4bf9260225f7feca42309a7d439aa581bad6868686329cf9b36,blinded-annotation-v2-shortrefs
C019,K090,0,labeled,0,labeled,1,labeled,False,False,PROVISIONAL_LLM_GOLD,"Nighttime coverage is 482-497 min in baseline and 342-358 min in window, all >=180 min.",Applies when overnight vitals have missing readings or uncertain coverage.,All nights meet the quality policy threshold; no missing overnight vitals to troubleshoot.,qwen3.8-max,fd4c5597b8ace4bf9260225f7feca42309a7d439aa581bad6868686329cf9b36,blinded-annotation-v2-shortrefs
C019,K091,0,labeled,0,labeled,0,labeled,True,False,PROVISIONAL_LLM_GOLD,All sleep periods exceed 3 hours (min 322 min in window); no vitals missing.,Requires a vital to be missing with limited night-time data.,No vitals are missing and coverage exceeds thresholds; conditions not met.,qwen3.8-max,fd4c5597b8ace4bf9260225f7feca42309a7d439aa581bad6868686329cf9b36,blinded-annotation-v2-shortrefs
C019,K092,0,labeled,0,labeled,0,labeled,True,False,PROVISIONAL_LLM_GOLD,All metrics have valid_count equal to period length with missing_count 0.,Requires vitals to be missing or delayed.,No missing data issues; all metrics recorded successfully throughout both periods.,qwen3.8-max,fd4c5597b8ace4bf9260225f7feca42309a7d439aa581bad6868686329cf9b36,blinded-annotation-v2-shortrefs
C019,K093,0,labeled,0,labeled,0,labeled,True,False,PROVISIONAL_LLM_GOLD,Single synthetic device used throughout all 42 days.,Requires heart-rate series involve a device or algorithm change.,Same device used throughout; no cross-device comparison issue.,qwen3.8-max,fd4c5597b8ace4bf9260225f7feca42309a7d439aa581bad6868686329cf9b36,blinded-annotation-v2-shortrefs
C019,K094,1,labeled,1,labeled,1,labeled,True,False,PROVISIONAL_LLM_GOLD,sleep_duration_minutes reported alongside sleep_start_at and sleep_end_at timestamps.,Device-estimated sleep duration and sleep boundaries are available.,"Contextualizes that reported sleep_duration_minutes is an estimate, not total time in bed.",qwen3.8-max,fd4c5597b8ace4bf9260225f7feca42309a7d439aa581bad6868686329cf9b36,blinded-annotation-v2-shortrefs
C019,K095,0,labeled,0,labeled,1,labeled,False,False,PROVISIONAL_LLM_GOLD,All 42 nights have nighttime_coverage_minutes >=342 and valid sleep records.,Applies when sleep readings are absent with non-wear or incomplete night-time coverage.,No missing sleep observations; device was worn overnight throughout both periods.,qwen3.8-max,fd4c5597b8ace4bf9260225f7feca42309a7d439aa581bad6868686329cf9b36,blinded-annotation-v2-shortrefs
C019,K096,2,labeled,2,labeled,2,labeled,True,False,PROVISIONAL_LLM_GOLD,Steps dropped 67% (7985 to 2643) while activity_duration_minutes remained stable (54.4 to 55.4).,Step readings change with possible measurement limitations; arm swing needed during walking or running.,Core directly explains why steps can drop dramatically without proportional activity duration change.,qwen3.8-max,fd4c5597b8ace4bf9260225f7feca42309a7d439aa581bad6868686329cf9b36,blinded-annotation-v2-shortrefs
C020,K001,2,labeled,2,labeled,1,labeled,False,False,PROVISIONAL_LLM_GOLD,Mean sleep duration ~470 min (~7.8h) in both periods; metadata age_band 18-60.,CDC recommends at least 7 hours for adults aged 18-60.,"Directly explains the applicable sleep recommendation for this adult's observed duration, confirming adequacy.",qwen3.8-max,c8117f91f12296a84b2b4d019fb3aa70dcfec4f4b419b2765138170e9a1125dc,blinded-annotation-v2-shortrefs
C020,K002,0,labeled,0,labeled,0,labeled,True,False,PROVISIONAL_LLM_GOLD,"Metadata age_band is 18-60, not 61-64.",Requires age 61-64 established.,Age group contradicted by metadata; item not applicable.,qwen3.8-max,c8117f91f12296a84b2b4d019fb3aa70dcfec4f4b419b2765138170e9a1125dc,blinded-annotation-v2-shortrefs
C020,K003,0,labeled,0,labeled,0,labeled,True,False,PROVISIONAL_LLM_GOLD,"Metadata age_band is 18-60, not 65+.",Requires age at least 65.,Age group contradicted by metadata; item not applicable.,qwen3.8-max,c8117f91f12296a84b2b4d019fb3aa70dcfec4f4b419b2765138170e9a1125dc,blinded-annotation-v2-shortrefs
C020,K004,0,labeled,0,labeled,0,labeled,True,False,PROVISIONAL_LLM_GOLD,"Metadata age_band is 18-60, not 13-17.",Requires teenage age group established.,"Subject is adult, not teenager; item conditions contradicted by metadata.",qwen3.8-max,c8117f91f12296a84b2b4d019fb3aa70dcfec4f4b419b2765138170e9a1125dc,blinded-annotation-v2-shortrefs
C020,K005,0,labeled,0,labeled,0,labeled,True,False,PROVISIONAL_LLM_GOLD,Sleep duration ~470 min meets 7+ hour recommendation; no schedule constraint data.,Requires repeatedly shortened sleep opportunity attributed to busyness.,No evidence of insufficient sleep; conditions not met.,qwen3.8-max,c8117f91f12296a84b2b4d019fb3aa70dcfec4f4b419b2765138170e9a1125dc,blinded-annotation-v2-shortrefs
C020,K006,0,labeled,0,labeled,0,labeled,True,False,PROVISIONAL_LLM_GOLD,Sleep duration ~470 min (~7.8h) meets CDC 7+ hour recommendation for age 18-60.,Applies when sleep is consistently short even without new decline.,Sleep duration is sufficient for age group; not a short sleep routine.,qwen3.8-max,c8117f91f12296a84b2b4d019fb3aa70dcfec4f4b419b2765138170e9a1125dc,blinded-annotation-v2-shortrefs
C020,K007,1,labeled,1,labeled,1,labeled,True,False,PROVISIONAL_LLM_GOLD,Sleep duration stable ~470 min/night; no awakenings or subjective quality data recorded.,Duration alone does not establish sleep quality.,"Contextual reminder that stable duration does not confirm sleep quality, which is unmeasured here.",qwen3.8-max,c8117f91f12296a84b2b4d019fb3aa70dcfec4f4b419b2765138170e9a1125dc,blinded-annotation-v2-shortrefs
C020,K008,0,labeled,0,labeled,0,labeled,True,False,PROVISIONAL_LLM_GOLD,"Only sleep duration, start, and end timestamps available; no awakening data recorded.",Requires documented repeated awakenings or sleep continuity measures.,Only duration and start/end available; cannot assess awakenings.,qwen3.8-max,c8117f91f12296a84b2b4d019fb3aa70dcfec4f4b419b2765138170e9a1125dc,blinded-annotation-v2-shortrefs
C020,K009,0,labeled,0,labeled,0,labeled,True,False,PROVISIONAL_LLM_GOLD,Mean sleep ~470 min (<8h); no subjective refreshment data recorded.,Requires >8h sleep with reported lack of refreshment.,Sleep under 8 hours and no refreshment info; conditions not met.,qwen3.8-max,c8117f91f12296a84b2b4d019fb3aa70dcfec4f4b419b2765138170e9a1125dc,blinded-annotation-v2-shortrefs
C020,K010,0,labeled,0,labeled,0,labeled,True,False,PROVISIONAL_LLM_GOLD,"Baseline mean sleep 469.8 min, window mean 470.6 min; no shortened sleep observed.",Requires repeatedly shortened sleep and symptoms to claim impairment.,Sleep duration is stable and sufficient; no repeated restriction or cognitive symptoms in data.,qwen3.8-max,c8117f91f12296a84b2b4d019fb3aa70dcfec4f4b419b2765138170e9a1125dc,blinded-annotation-v2-shortrefs
C020,K011,0,labeled,0,labeled,0,labeled,True,False,PROVISIONAL_LLM_GOLD,Sleep duration stable ~470 min across all 42 days; no repeated sleep loss.,Requires several nights of reduced sleep duration.,No repeated sleep restriction observed; conditions not met.,qwen3.8-max,c8117f91f12296a84b2b4d019fb3aa70dcfec4f4b419b2765138170e9a1125dc,blinded-annotation-v2-shortrefs
C020,K012,0,labeled,0,labeled,0,labeled,True,False,PROVISIONAL_LLM_GOLD,Sleep duration ~470 min meets CDC 7+ hour recommendation for age band 18-60.,Requires ongoing insufficient sleep.,No insufficient sleep observed; generic background.,qwen3.8-max,c8117f91f12296a84b2b4d019fb3aa70dcfec4f4b419b2765138170e9a1125dc,blinded-annotation-v2-shortrefs
C020,K013,0,labeled,0,labeled,0,labeled,True,False,PROVISIONAL_LLM_GOLD,Sleep duration ~470 min meets recommendations; no appetite or food intake data.,Requires repeated insufficient sleep and food intake info for individual claims.,No evidence of insufficient sleep or appetite change; generic background.,qwen3.8-max,c8117f91f12296a84b2b4d019fb3aa70dcfec4f4b419b2765138170e9a1125dc,blinded-annotation-v2-shortrefs
C020,K014,0,labeled,0,labeled,0,labeled,True,False,PROVISIONAL_LLM_GOLD,No subjective sleepiness reports or driving context data available.,Requires reported sleepiness and driving plans.,Sleepiness and driving context unknown; conditions not met.,qwen3.8-max,c8117f91f12296a84b2b4d019fb3aa70dcfec4f4b419b2765138170e9a1125dc,blinded-annotation-v2-shortrefs
C020,K015,1,labeled,1,labeled,1,labeled,True,False,PROVISIONAL_LLM_GOLD,Mean sleep ~470 min (~7.8h) consistently across both periods.,Sleep needs vary among adults averaging 7-9 hours.,Provides context that observed ~7.8h sleep may be adequate depending on individual needs.,qwen3.8-max,c8117f91f12296a84b2b4d019fb3aa70dcfec4f4b419b2765138170e9a1125dc,blinded-annotation-v2-shortrefs
C020,K016,0,labeled,0,labeled,0,labeled,True,False,PROVISIONAL_LLM_GOLD,14-day window with stable sleep ~470 min; no reported sleeping difficulties.,Requires months-long sleeping difficulties or failed habit changes with daily-life impact.,Brief duration record without reported problems; conditions not met.,qwen3.8-max,c8117f91f12296a84b2b4d019fb3aa70dcfec4f4b419b2765138170e9a1125dc,blinded-annotation-v2-shortrefs
C020,K017,0,labeled,1,labeled,0,labeled,False,False,PROVISIONAL_LLM_GOLD,Sleep start variance ~29 min² across both periods; sleep end variance 0.0 (always 07:00).,Requires repeated variability in bedtime or wake time.,Sleep schedule is highly consistent with minimal variation; no irregularity problem observed.,qwen3.8-max,c8117f91f12296a84b2b4d019fb3aa70dcfec4f4b419b2765138170e9a1125dc,blinded-annotation-v2-shortrefs
C020,K018,0,labeled,0,labeled,0,labeled,True,False,PROVISIONAL_LLM_GOLD,Sleep end time is exactly 07:00 every day (variance 0.0); no insomnia symptoms reported.,Requires inconsistent wake time with reported sleeping difficulties.,Wake time perfectly consistent; no insomnia symptoms.,qwen3.8-max,c8117f91f12296a84b2b4d019fb3aa70dcfec4f4b419b2765138170e9a1125dc,blinded-annotation-v2-shortrefs
C020,K019,0,labeled,0,labeled,0,labeled,True,False,PROVISIONAL_LLM_GOLD,"Weekday sleep start mean 649.7 min, weekend 651.5 min (baseline); difference ~1.8 min.",Requires substantial weekday/weekend sleep schedule differences.,Weekday and weekend sleep times are similar; conditions not met.,qwen3.8-max,c8117f91f12296a84b2b4d019fb3aa70dcfec4f4b419b2765138170e9a1125dc,blinded-annotation-v2-shortrefs
C020,K020,0,labeled,0,labeled,0,labeled,True,False,PROVISIONAL_LLM_GOLD,Only sleep start timestamps available; no pre-bed activity content recorded.,Requires information about pre-bed activities.,Bedtime routine content unknown; timestamps alone insufficient.,qwen3.8-max,c8117f91f12296a84b2b4d019fb3aa70dcfec4f4b419b2765138170e9a1125dc,blinded-annotation-v2-shortrefs
C020,K021,0,labeled,0,labeled,0,labeled,True,False,PROVISIONAL_LLM_GOLD,No screen or light exposure data recorded before bedtime.,Requires known bright-screen exposure shortly before bed.,Exposure unknown; conditions not met.,qwen3.8-max,c8117f91f12296a84b2b4d019fb3aa70dcfec4f4b419b2765138170e9a1125dc,blinded-annotation-v2-shortrefs
C020,K022,0,labeled,0,labeled,0,labeled,True,False,PROVISIONAL_LLM_GOLD,No caffeine timing or intake data recorded.,Requires known afternoon/evening caffeine use with sleeping difficulty.,Caffeine history unknown; conditions not met.,qwen3.8-max,c8117f91f12296a84b2b4d019fb3aa70dcfec4f4b419b2765138170e9a1125dc,blinded-annotation-v2-shortrefs
C020,K023,0,labeled,0,labeled,0,labeled,True,False,PROVISIONAL_LLM_GOLD,No meal timing or size data recorded in wearable observations.,Requires known large meal shortly before bed.,Meal information unknown; item conditions not met.,qwen3.8-max,c8117f91f12296a84b2b4d019fb3aa70dcfec4f4b419b2765138170e9a1125dc,blinded-annotation-v2-shortrefs
C020,K024,0,labeled,0,labeled,0,labeled,True,False,PROVISIONAL_LLM_GOLD,No alcohol intake or timing data recorded.,Requires alcohol use near bedtime reported.,Alcohol exposure unknown; conditions not met.,qwen3.8-max,c8117f91f12296a84b2b4d019fb3aa70dcfec4f4b419b2765138170e9a1125dc,blinded-annotation-v2-shortrefs
C020,K025,0,labeled,0,labeled,0,labeled,True,False,PROVISIONAL_LLM_GOLD,No nicotine use data recorded in wearable observations.,Requires established nicotine exposure.,Nicotine use unknown; conditions not met.,qwen3.8-max,c8117f91f12296a84b2b4d019fb3aa70dcfec4f4b419b2765138170e9a1125dc,blinded-annotation-v2-shortrefs
C020,K026,0,labeled,0,labeled,0,labeled,True,False,PROVISIONAL_LLM_GOLD,"No bedroom environment data (light, noise, temperature) recorded.",Requires known disruptive bedroom environment.,Environment unknown; conditions not met.,qwen3.8-max,c8117f91f12296a84b2b4d019fb3aa70dcfec4f4b419b2765138170e9a1125dc,blinded-annotation-v2-shortrefs
C020,K027,0,labeled,0,labeled,0,labeled,True,False,PROVISIONAL_LLM_GOLD,"No stress, anxiety, or relaxation difficulty data inferred from wearable signals.",Requires reported difficulty relaxing or request for routine options.,No stress or relaxation context inferred from wearable signals; conditions not met.,qwen3.8-max,c8117f91f12296a84b2b4d019fb3aa70dcfec4f4b419b2765138170e9a1125dc,blinded-annotation-v2-shortrefs
C020,K028,0,labeled,0,labeled,0,labeled,True,False,PROVISIONAL_LLM_GOLD,No nap data recorded in wearable observations.,Requires adult naps recorded or reported.,Nap history unknown; conditions not met.,qwen3.8-max,c8117f91f12296a84b2b4d019fb3aa70dcfec4f4b419b2765138170e9a1125dc,blinded-annotation-v2-shortrefs
C020,K029,0,labeled,0,labeled,0,labeled,True,False,PROVISIONAL_LLM_GOLD,No shift work schedule data recorded.,Requires confirmed shift-work schedule.,Shift work unknown; conditions not met.,qwen3.8-max,c8117f91f12296a84b2b4d019fb3aa70dcfec4f4b419b2765138170e9a1125dc,blinded-annotation-v2-shortrefs
C020,K030,0,labeled,0,labeled,0,labeled,True,False,PROVISIONAL_LLM_GOLD,No shift work schedule data recorded.,Requires established shift work.,Shift work unknown; conditions not met.,qwen3.8-max,c8117f91f12296a84b2b4d019fb3aa70dcfec4f4b419b2765138170e9a1125dc,blinded-annotation-v2-shortrefs
C020,K031,0,labeled,0,labeled,0,labeled,True,False,PROVISIONAL_LLM_GOLD,No shift work schedule or caffeine intake data recorded.,Requires shift worker using caffeine with known schedule.,Shift work and caffeine context unknown; conditions not met.,qwen3.8-max,c8117f91f12296a84b2b4d019fb3aa70dcfec4f4b419b2765138170e9a1125dc,blinded-annotation-v2-shortrefs
C020,K032,0,labeled,0,labeled,0,labeled,True,False,PROVISIONAL_LLM_GOLD,"All sleep occurs overnight (start ~22:42-22:57, end 07:00); no daytime sleep recorded.",Requires daytime sleep associated with shift work.,Only ordinary overnight sleep recorded; conditions contradicted.,qwen3.8-max,c8117f91f12296a84b2b4d019fb3aa70dcfec4f4b419b2765138170e9a1125dc,blinded-annotation-v2-shortrefs
C020,K033,0,labeled,0,labeled,0,labeled,True,False,PROVISIONAL_LLM_GOLD,"Sleep pattern stable (start variance ~29 min², end variance 0.0); no variable pattern observed.",Requires a changed or variable sleep pattern needing review.,"Sleep pattern is stable, not variable; no change needs diary review.",qwen3.8-max,c8117f91f12296a84b2b4d019fb3aa70dcfec4f4b419b2765138170e9a1125dc,blinded-annotation-v2-shortrefs
C020,K034,0,labeled,0,labeled,0,labeled,True,False,PROVISIONAL_LLM_GOLD,Sleep duration stable ~470 min across all 42 days; no shortened nights observed.,Requires several shortened nights rather than isolated reading.,No repeatedly shortened sleep observed; conditions not met.,qwen3.8-max,c8117f91f12296a84b2b4d019fb3aa70dcfec4f4b419b2765138170e9a1125dc,blinded-annotation-v2-shortrefs
C020,K035,0,labeled,0,labeled,0,labeled,True,False,PROVISIONAL_LLM_GOLD,"Weekday mean sleep 470.3 min, weekend 468.5 min (baseline); no extra sleep on days off.",Requires longer sleep and later timing on days off compared to workdays.,Weekday/weekend sleep similar; no extra sleep on days off observed.,qwen3.8-max,c8117f91f12296a84b2b4d019fb3aa70dcfec4f4b419b2765138170e9a1125dc,blinded-annotation-v2-shortrefs
C020,K036,0,labeled,0,labeled,0,labeled,True,False,PROVISIONAL_LLM_GOLD,No nap data recorded in wearable observations.,Requires recorded naps after shortened night-time sleep.,Nap history unknown; conditions not met.,qwen3.8-max,c8117f91f12296a84b2b4d019fb3aa70dcfec4f4b419b2765138170e9a1125dc,blinded-annotation-v2-shortrefs
C020,K037,0,labeled,0,labeled,0,labeled,True,False,PROVISIONAL_LLM_GOLD,No reported sleeping difficulty or bad night complaints; only device estimates.,Requires reported bad sleep or insomnia symptoms.,Only device estimates without reported difficulty; conditions not met.,qwen3.8-max,c8117f91f12296a84b2b4d019fb3aa70dcfec4f4b419b2765138170e9a1125dc,blinded-annotation-v2-shortrefs
C020,K038,0,labeled,0,labeled,0,labeled,True,False,PROVISIONAL_LLM_GOLD,No symptom history or insomnia reports; only 14-day window of device estimates.,Requires symptom history and onset for duration categorization.,Cannot diagnose insomnia from estimated sleep hours alone.,qwen3.8-max,c8117f91f12296a84b2b4d019fb3aa70dcfec4f4b419b2765138170e9a1125dc,blinded-annotation-v2-shortrefs
C020,K039,0,labeled,0,labeled,0,labeled,True,False,PROVISIONAL_LLM_GOLD,No travel history or flight data recorded.,Requires confirmed travel across time zones.,Travel context unknown; conditions not met.,qwen3.8-max,c8117f91f12296a84b2b4d019fb3aa70dcfec4f4b419b2765138170e9a1125dc,blinded-annotation-v2-shortrefs
C020,K040,0,labeled,0,labeled,0,labeled,True,False,PROVISIONAL_LLM_GOLD,No travel history or time-zone change data present in wearable observations.,Requires a known short trip across time zones.,Travel context unknown; item conditions not met by available data.,qwen3.8-max,c8117f91f12296a84b2b4d019fb3aa70dcfec4f4b419b2765138170e9a1125dc,blinded-annotation-v2-shortrefs
C020,K041,0,labeled,0,labeled,1,labeled,False,False,PROVISIONAL_LLM_GOLD,Activity intensity unknown; steps stable but classified active minutes dropped.,Intensity information needed to count recommended aerobic minutes.,Generic everyone-applicable background; intensity unknown so cannot count guideline minutes or connect specifically.,qwen3.8-max,c8117f91f12296a84b2b4d019fb3aa70dcfec4f4b419b2765138170e9a1125dc,blinded-annotation-v2-shortrefs
C020,K042,1,labeled,1,labeled,1,labeled,True,False,PROVISIONAL_LLM_GOLD,Activity duration dropped from baseline mean 54.4 min to window mean 9.4 min (-82.8%).,Applies to recently low or reduced physical activity.,Sharp reduction in recorded activity minutes provides supported contextual connection for gradual rebuilding advice.,qwen3.8-max,c8117f91f12296a84b2b4d019fb3aa70dcfec4f4b419b2765138170e9a1125dc,blinded-annotation-v2-shortrefs
C020,K043,0,labeled,0,labeled,0,labeled,True,False,PROVISIONAL_LLM_GOLD,All activity intervals have intensity='unknown'; no moderate-intensity classification available.,Requires known activity intensity to determine moderate compliance.,Only unspecified active minutes available; cannot determine moderate-intensity compliance.,qwen3.8-max,c8117f91f12296a84b2b4d019fb3aa70dcfec4f4b419b2765138170e9a1125dc,blinded-annotation-v2-shortrefs
C020,K044,0,labeled,0,labeled,0,labeled,True,False,PROVISIONAL_LLM_GOLD,All activity intervals have intensity='unknown'.,Requires known vigorous intensity documentation.,Intensity unknown; cannot apply vigorous activity target.,qwen3.8-max,c8117f91f12296a84b2b4d019fb3aa70dcfec4f4b419b2765138170e9a1125dc,blinded-annotation-v2-shortrefs
C020,K045,0,labeled,0,labeled,0,labeled,True,False,PROVISIONAL_LLM_GOLD,Activity intensity unknown for all intervals; cannot classify as moderate for guideline counting.,Requires known intensity for counting guideline minutes.,Cannot assume recorded active minutes are moderate intensity.,qwen3.8-max,c8117f91f12296a84b2b4d019fb3aa70dcfec4f4b419b2765138170e9a1125dc,blinded-annotation-v2-shortrefs
C020,K046,0,labeled,0,labeled,0,labeled,True,False,PROVISIONAL_LLM_GOLD,Only steps and activity_duration_minutes available; no muscle group or strengthening data.,Requires strengthening activity records including days and muscle groups.,Only step/movement counts available; cannot assess muscle strengthening.,qwen3.8-max,c8117f91f12296a84b2b4d019fb3aa70dcfec4f4b419b2765138170e9a1125dc,blinded-annotation-v2-shortrefs
C020,K047,0,labeled,0,labeled,0,labeled,True,False,PROVISIONAL_LLM_GOLD,Activity intensity labeled 'unknown' for all intervals; no moderate/vigorous classification available.,Requires documented aerobic activity reaching guideline with known intensity.,Unknown intensity prevents assessing guideline attainment.,qwen3.8-max,c8117f91f12296a84b2b4d019fb3aa70dcfec4f4b419b2765138170e9a1125dc,blinded-annotation-v2-shortrefs
C020,K048,1,labeled,1,labeled,1,labeled,True,False,PROVISIONAL_LLM_GOLD,All activity intervals have intensity='unknown'; steps stable while active minutes dropped.,Activity intensity cannot be assigned solely from daily movement total.,Explains why unknown intensity cannot be assumed moderate or vigorous based on duration or step totals alone.,qwen3.8-max,c8117f91f12296a84b2b4d019fb3aa70dcfec4f4b419b2765138170e9a1125dc,blinded-annotation-v2-shortrefs
C020,K049,0,labeled,0,labeled,0,labeled,True,False,PROVISIONAL_LLM_GOLD,"No breathing, talk-test, or effort observation data recorded.",Requires observed effort during aerobic activity.,Effort context unrecorded; conditions not met.,qwen3.8-max,c8117f91f12296a84b2b4d019fb3aa70dcfec4f4b419b2765138170e9a1125dc,blinded-annotation-v2-shortrefs
C020,K050,2,labeled,1,labeled,2,labeled,False,False,PROVISIONAL_LLM_GOLD,Steps stable (mean diff +14) while activity_duration_minutes dropped 82.8% (mean diff -45 min).,Steps may not reflect intensity during certain activities; lower steps don't establish all activity decreased.,"Core explanation: step counts miss non-step exercise intensity, directly addressing the divergence between stable steps and plummeting activity minutes.",qwen3.8-max,c8117f91f12296a84b2b4d019fb3aa70dcfec4f4b419b2765138170e9a1125dc,blinded-annotation-v2-shortrefs
C020,K051,1,labeled,0,labeled,1,labeled,False,False,PROVISIONAL_LLM_GOLD,Activity duration dropped from ~54 min/day to ~9 min/day in the window period.,Applies to low or declining routine movement.,The sharp decline in daily activity minutes provides a supported contextual connection for incorporating walking into everyday life.,qwen3.8-max,c8117f91f12296a84b2b4d019fb3aa70dcfec4f4b419b2765138170e9a1125dc,blinded-annotation-v2-shortrefs
C020,K052,0,labeled,0,labeled,0,labeled,True,False,PROVISIONAL_LLM_GOLD,No personal preference or availability data recorded.,Requires personal preferences and availability for choosing options.,Preferences unknown; generic advice without data connection.,qwen3.8-max,c8117f91f12296a84b2b4d019fb3aa70dcfec4f4b419b2765138170e9a1125dc,blinded-annotation-v2-shortrefs
C020,K053,0,labeled,0,labeled,0,labeled,True,False,PROVISIONAL_LLM_GOLD,No social preference or motivational barrier data recorded.,Requires reported motivational barrier or social preferences.,No evidence of motivational or social barrier; generic advice.,qwen3.8-max,c8117f91f12296a84b2b4d019fb3aa70dcfec4f4b419b2765138170e9a1125dc,blinded-annotation-v2-shortrefs
C020,K054,0,labeled,0,labeled,0,labeled,True,False,PROVISIONAL_LLM_GOLD,No reported time barrier; only activity totals available.,Requires low activity with a reported time barrier.,Time barrier unknown; cannot assume from low activity alone.,qwen3.8-max,c8117f91f12296a84b2b4d019fb3aa70dcfec4f4b419b2765138170e9a1125dc,blinded-annotation-v2-shortrefs
C020,K055,0,labeled,0,labeled,0,labeled,True,False,PROVISIONAL_LLM_GOLD,No schedule constraint or competing demand data recorded.,Requires reported competing demands reducing activity.,Schedule reason unknown; conditions not met.,qwen3.8-max,c8117f91f12296a84b2b4d019fb3aa70dcfec4f4b419b2765138170e9a1125dc,blinded-annotation-v2-shortrefs
C020,K056,0,labeled,0,labeled,0,labeled,True,False,PROVISIONAL_LLM_GOLD,"No chronic condition, disability, or special health need data recorded.",Requires established chronic condition or special need.,Medical context unknown; conditions not met.,qwen3.8-max,c8117f91f12296a84b2b4d019fb3aa70dcfec4f4b419b2765138170e9a1125dc,blinded-annotation-v2-shortrefs
C020,K057,1,labeled,1,labeled,1,labeled,True,False,PROVISIONAL_LLM_GOLD,Window low-movement intervals are ~60 min blocks vs baseline ~45 min blocks; daytime wear 720 min confirmed.,Applies to long uninterrupted daytime low-movement intervals with adequate wear coverage.,"Relevant to observed longer continuous low-movement blocks in window, though posture unconfirmed per guidelines.",qwen3.8-max,c8117f91f12296a84b2b4d019fb3aa70dcfec4f4b419b2765138170e9a1125dc,blinded-annotation-v2-shortrefs
C020,K058,0,labeled,0,labeled,1,labeled,False,False,PROVISIONAL_LLM_GOLD,Low movement increased but device metadata states 'low movement not posture'; intensity unknown.,Requires confirmed sitting posture and known activity intensity.,Low-movement estimates do not prove sitting; intensity unknown prevents guideline claims.,qwen3.8-max,c8117f91f12296a84b2b4d019fb3aa70dcfec4f4b419b2765138170e9a1125dc,blinded-annotation-v2-shortrefs
C020,K059,1,labeled,0,labeled,1,labeled,False,False,PROVISIONAL_LLM_GOLD,Low movement minutes increased from baseline mean 449.6 to window mean 602.0 (+152 min).,"Applies to substantial or increasing daily low movement, noting low movement is not confirmed sitting.","Supported contextual connection to the observed large increase in low-movement time, though posture unconfirmed per guidelines.",qwen3.8-max,c8117f91f12296a84b2b4d019fb3aa70dcfec4f4b419b2765138170e9a1125dc,blinded-annotation-v2-shortrefs
C020,K060,0,labeled,0,labeled,0,labeled,True,False,PROVISIONAL_LLM_GOLD,No commuting or transport data recorded.,Requires established sedentary commuting context.,Commute unknown; conditions not met.,qwen3.8-max,c8117f91f12296a84b2b4d019fb3aa70dcfec4f4b419b2765138170e9a1125dc,blinded-annotation-v2-shortrefs
C020,K061,0,labeled,0,labeled,0,labeled,True,False,PROVISIONAL_LLM_GOLD,No workplace layout or desk work context data available.,Requires desk work with prolonged sitting context.,Work context unknown; conditions not met.,qwen3.8-max,c8117f91f12296a84b2b4d019fb3aa70dcfec4f4b419b2765138170e9a1125dc,blinded-annotation-v2-shortrefs
C020,K062,0,labeled,0,labeled,0,labeled,True,False,PROVISIONAL_LLM_GOLD,No workplace meeting or desk arrangement data recorded.,Requires meetings or desk work involving prolonged sitting context.,Workplace context unknown; conditions not met.,qwen3.8-max,c8117f91f12296a84b2b4d019fb3aa70dcfec4f4b419b2765138170e9a1125dc,blinded-annotation-v2-shortrefs
C020,K063,0,labeled,0,labeled,0,labeled,True,False,PROVISIONAL_LLM_GOLD,No television viewing or screen habit data recorded.,Requires prolonged sitting while watching television context.,Screen habits unknown; conditions not met.,qwen3.8-max,c8117f91f12296a84b2b4d019fb3aa70dcfec4f4b419b2765138170e9a1125dc,blinded-annotation-v2-shortrefs
C020,K064,0,labeled,0,labeled,0,labeled,True,False,PROVISIONAL_LLM_GOLD,No leisure context or seated habit data recorded.,Requires substantial habitual seated leisure context.,Leisure context unknown; conditions not met.,qwen3.8-max,c8117f91f12296a84b2b4d019fb3aa70dcfec4f4b419b2765138170e9a1125dc,blinded-annotation-v2-shortrefs
C020,K065,1,labeled,1,labeled,1,labeled,True,False,PROVISIONAL_LLM_GOLD,Steps stable (~8000/day) while activity_duration_minutes dropped from 54.4 to 9.4 min.,Everyday movement can be considered separately from planned exercise sessions.,"Explains that everyday movement (steps) can exist separately from formal exercise (active minutes), relevant to divergent trends.",qwen3.8-max,c8117f91f12296a84b2b4d019fb3aa70dcfec4f4b419b2765138170e9a1125dc,blinded-annotation-v2-shortrefs
C020,K066,0,labeled,0,labeled,0,labeled,True,False,PROVISIONAL_LLM_GOLD,No workday lunch-break context or schedule data recorded.,Requires known workday lunch-break access and mobility.,Lunch-break context unknown; conditions not met.,qwen3.8-max,c8117f91f12296a84b2b4d019fb3aa70dcfec4f4b419b2765138170e9a1125dc,blinded-annotation-v2-shortrefs
C020,K067,0,labeled,0,labeled,0,labeled,True,False,PROVISIONAL_LLM_GOLD,No stair access or mobility context data available.,Requires accessible stairs and safe mobility context.,Context unknown; generic advice with no concrete connection to observed data.,qwen3.8-max,c8117f91f12296a84b2b4d019fb3aa70dcfec4f4b419b2765138170e9a1125dc,blinded-annotation-v2-shortrefs
C020,K068,2,labeled,2,labeled,1,labeled,False,False,PROVISIONAL_LLM_GOLD,Low_movement_minutes increased from 449.6 to 602.0 mean; device metadata states 'low movement not posture'.,Low-movement estimate should not automatically be relabelled as confirmed sitting.,"Directly explains that the observed increase in low_movement_minutes cannot be automatically labeled as confirmed sitting, matching device limitations.",qwen3.8-max,c8117f91f12296a84b2b4d019fb3aa70dcfec4f4b419b2765138170e9a1125dc,blinded-annotation-v2-shortrefs
C020,K069,0,labeled,0,labeled,1,labeled,False,False,PROVISIONAL_LLM_GOLD,Activity dropped 82.8% while sleep remained stable (~470 min both periods).,General benefit statement; temporal co-occurrence does not imply causation.,Generic benefit statement; cannot establish causation from this data pattern where activity changed but sleep did not.,qwen3.8-max,c8117f91f12296a84b2b4d019fb3aa70dcfec4f4b419b2765138170e9a1125dc,blinded-annotation-v2-shortrefs
C020,K070,0,labeled,0,labeled,0,labeled,True,False,PROVISIONAL_LLM_GOLD,Sleep routine stable; no outdoor exposure data recorded.,Requires low daytime activity accompanying changed sleep routine.,Sleep routine did not change; generic advice with no concrete connection to current pattern.,qwen3.8-max,c8117f91f12296a84b2b4d019fb3aa70dcfec4f4b419b2765138170e9a1125dc,blinded-annotation-v2-shortrefs
C020,K071,0,labeled,0,labeled,1,labeled,False,False,PROVISIONAL_LLM_GOLD,Activity intervals occur around 21:00 with intensity labeled 'unknown'; sleep starts ~22:42-22:57.,Requires known intense exercise within one hour before bedtime.,Intensity is unknown for all recorded late activity intervals; cannot apply intense-exercise advice directly.,qwen3.8-max,c8117f91f12296a84b2b4d019fb3aa70dcfec4f4b419b2765138170e9a1125dc,blinded-annotation-v2-shortrefs
C020,K072,0,labeled,0,labeled,0,labeled,True,False,PROVISIONAL_LLM_GOLD,No insomnia symptoms or sleeping difficulties reported; only timestamps available.,Requires reported insomnia symptoms and exercise near bedtime.,No insomnia symptoms; temporal adjacency alone does not establish condition.,qwen3.8-max,c8117f91f12296a84b2b4d019fb3aa70dcfec4f4b419b2765138170e9a1125dc,blinded-annotation-v2-shortrefs
C020,K073,1,labeled,1,labeled,1,labeled,True,False,PROVISIONAL_LLM_GOLD,Activity intervals recorded ~21:00 daily; sleep starts ~22:42-22:57.,Supports recording exercise timing alongside sleep timing for temporal context.,"Item supports recording exercise timing alongside sleep, matching observed late activity and sleep start data structure.",qwen3.8-max,c8117f91f12296a84b2b4d019fb3aa70dcfec4f4b419b2765138170e9a1125dc,blinded-annotation-v2-shortrefs
C020,K074,0,labeled,0,labeled,0,labeled,True,False,PROVISIONAL_LLM_GOLD,No emergency-response deployment context indicated in metadata or observations.,Requires confirmed emergency-response deployment context.,Deployment context unknown; item conditions not met.,qwen3.8-max,c8117f91f12296a84b2b4d019fb3aa70dcfec4f4b419b2765138170e9a1125dc,blinded-annotation-v2-shortrefs
C020,K075,0,labeled,0,labeled,0,labeled,True,False,PROVISIONAL_LLM_GOLD,No subjective tiredness or energy pattern data recorded.,Requires reported tiredness limiting activity and subjective energy patterns.,Tiredness and energy history unknown; conditions not met.,qwen3.8-max,c8117f91f12296a84b2b4d019fb3aa70dcfec4f4b419b2765138170e9a1125dc,blinded-annotation-v2-shortrefs
C020,K076,0,labeled,1,labeled,0,labeled,False,False,PROVISIONAL_LLM_GOLD,"No substance, alcohol, caffeine, or medication data recorded.",Requires substance and medication history for causal interpretation.,Substance exposures unknown; cannot attribute changes to unrecorded factors.,qwen3.8-max,c8117f91f12296a84b2b4d019fb3aa70dcfec4f4b419b2765138170e9a1125dc,blinded-annotation-v2-shortrefs
C020,K077,2,labeled,2,labeled,1,labeled,False,False,PROVISIONAL_LLM_GOLD,Daily resting_heart_rate_bpm values reported consistently across all 42 days.,"RHR is measured while still and well rested, distinct from exercise HR.",Directly explains how the device derives the observed resting heart rate metric and its measurement context.,qwen3.8-max,c8117f91f12296a84b2b4d019fb3aa70dcfec4f4b419b2765138170e9a1125dc,blinded-annotation-v2-shortrefs
C020,K078,2,labeled,2,labeled,1,labeled,False,False,PROVISIONAL_LLM_GOLD,Daily resting_heart_rate_bpm reported; sleep periods also recorded nightly.,Sleeping heart rate differs from daily resting estimate; trends should compare same measure.,"Directly explains the distinction between the reported daily RHR and sleeping heart rate, preventing metric confusion.",qwen3.8-max,c8117f91f12296a84b2b4d019fb3aa70dcfec4f4b419b2765138170e9a1125dc,blinded-annotation-v2-shortrefs
C020,K079,1,labeled,1,labeled,1,labeled,True,False,PROVISIONAL_LLM_GOLD,"RHR remains stable (baseline mean 55.75, window mean 55.93, variance <1).",RHR changes have multiple possible explanations requiring exposure info.,"Provides supported context that stable RHR has multiple potential influences, none identifiable from wearable data alone.",qwen3.8-max,c8117f91f12296a84b2b4d019fb3aa70dcfec4f4b419b2765138170e9a1125dc,blinded-annotation-v2-shortrefs
C020,K080,2,labeled,2,labeled,1,labeled,False,False,PROVISIONAL_LLM_GOLD,Both resting_heart_rate_bpm (mean ~56) and hrv_rmssd_ms (mean ~45) are reported nightly.,"HRV is variation between beats, distinct from average heart rate.",Directly explains that the two simultaneously reported cardiac metrics measure fundamentally different physiological quantities.,qwen3.8-max,c8117f91f12296a84b2b4d019fb3aa70dcfec4f4b419b2765138170e9a1125dc,blinded-annotation-v2-shortrefs
C020,K081,2,labeled,2,labeled,1,labeled,False,False,PROVISIONAL_LLM_GOLD,HRV RMSSD stable around 45ms across both periods with low variance.,HRV differs between people; personal history needed for interpretation.,"Directly explains interpreting HRV using personal baseline rather than universal norms, relevant to stable individual readings.",qwen3.8-max,c8117f91f12296a84b2b4d019fb3aa70dcfec4f4b419b2765138170e9a1125dc,blinded-annotation-v2-shortrefs
C020,K082,2,labeled,2,labeled,1,labeled,False,False,PROVISIONAL_LLM_GOLD,28-day baseline provides personal range for all vitals; 14-day window compared against it.,Personal range uses up to 30 days of recent data for trend monitoring.,Directly explains the methodology of comparing window metrics against the 28-day personal baseline used in derived_statistics.,qwen3.8-max,c8117f91f12296a84b2b4d019fb3aa70dcfec4f4b419b2765138170e9a1125dc,blinded-annotation-v2-shortrefs
C020,K083,1,labeled,2,labeled,1,labeled,False,False,PROVISIONAL_LLM_GOLD,RHR recorded daily across 28 baseline + 14 window days with stable mean ~56 bpm.,Reviewing repeated readings preserves trend context over single daily estimates.,"Supports reviewing the multi-day RHR trend rather than isolated daily values, providing methodological context.",qwen3.8-max,c8117f91f12296a84b2b4d019fb3aa70dcfec4f4b419b2765138170e9a1125dc,blinded-annotation-v2-shortrefs
C020,K084,2,labeled,2,labeled,1,labeled,False,False,PROVISIONAL_LLM_GOLD,"HRV RMSSD values reported nightly (mean ~45ms, variance ~1.8 baseline, ~0.8 window).","HRV trends are wellness observations, not intended to diagnose medical conditions.","Directly explains that observed HRV values are wellness metrics, preventing diagnostic overinterpretation of stable readings.",qwen3.8-max,c8117f91f12296a84b2b4d019fb3aa70dcfec4f4b419b2765138170e9a1125dc,blinded-annotation-v2-shortrefs
C020,K085,2,labeled,2,labeled,1,labeled,False,False,PROVISIONAL_LLM_GOLD,Data field named hrv_rmssd_ms; metadata states 'night RMSSD'.,Fitbit reports HRV using RMSSD formula specifically.,"Directly explains the specific HRV metric formula used in the observed data, confirming metric definition.",qwen3.8-max,c8117f91f12296a84b2b4d019fb3aa70dcfec4f4b419b2765138170e9a1125dc,blinded-annotation-v2-shortrefs
C020,K086,2,labeled,2,labeled,1,labeled,False,False,PROVISIONAL_LLM_GOLD,All nightly sleep durations 462-478 min (>3h); HRV RMSSD reported every night.,HRV requires longest sleep period >3 hours for Fitbit collection.,"Directly explains the device's HRV collection requirement, supported by adequate nightly coverage exceeding 3h threshold every night.",qwen3.8-max,c8117f91f12296a84b2b4d019fb3aa70dcfec4f4b419b2765138170e9a1125dc,blinded-annotation-v2-shortrefs
C020,K087,0,labeled,0,labeled,0,labeled,True,False,PROVISIONAL_LLM_GOLD,"Only sleep duration, start, and end timestamps available; no sleep-stage data recorded.",Requires sleep-stage measurements varying between nights.,Only duration available; no sleep-stage data to apply pattern variation guidance.,qwen3.8-max,c8117f91f12296a84b2b4d019fb3aa70dcfec4f4b419b2765138170e9a1125dc,blinded-annotation-v2-shortrefs
C020,K088,0,labeled,0,labeled,0,labeled,True,False,PROVISIONAL_LLM_GOLD,No reported health concerns or symptoms in the data.,Requires reported health concerns about vital trends.,No clinical context or concerns reported; generic background.,qwen3.8-max,c8117f91f12296a84b2b4d019fb3aa70dcfec4f4b419b2765138170e9a1125dc,blinded-annotation-v2-shortrefs
C020,K089,0,labeled,0,labeled,0,labeled,True,False,PROVISIONAL_LLM_GOLD,No evidence of fit problems or unreliable readings; consistent data throughout.,Requires device placement issues or unreliable readings.,No evidence of fit problems; conditions not met.,qwen3.8-max,c8117f91f12296a84b2b4d019fb3aa70dcfec4f4b419b2765138170e9a1125dc,blinded-annotation-v2-shortrefs
C020,K090,1,labeled,2,labeled,1,labeled,False,False,PROVISIONAL_LLM_GOLD,"Nighttime coverage ranges 482-498 min across all days, well above the 180-min threshold.",Requires separate night-time wear information to validate overnight vitals.,"Data confirms adequate night-time coverage supporting overnight vitals validity, but this is a validation check rather than explaining an observed pattern change.",qwen3.8-max,c8117f91f12296a84b2b4d019fb3aa70dcfec4f4b419b2765138170e9a1125dc,blinded-annotation-v2-shortrefs
C020,K091,0,labeled,1,labeled,0,labeled,False,False,PROVISIONAL_LLM_GOLD,All vitals have valid_count matching period length; missing_count=0 throughout.,Applies when a vital is missing with limited night-time data.,No missing vitals observed; all sleep periods exceed 3h threshold; conditions not met.,qwen3.8-max,c8117f91f12296a84b2b4d019fb3aa70dcfec4f4b419b2765138170e9a1125dc,blinded-annotation-v2-shortrefs
C020,K092,0,labeled,0,labeled,0,labeled,True,False,PROVISIONAL_LLM_GOLD,All vitals have valid_count equal to period length with missing_count=0 throughout.,Applies when vitals are missing or delayed.,No missing data observed; item conditions not met.,qwen3.8-max,c8117f91f12296a84b2b4d019fb3aa70dcfec4f4b419b2765138170e9a1125dc,blinded-annotation-v2-shortrefs
C020,K093,0,labeled,0,labeled,0,labeled,True,False,PROVISIONAL_LLM_GOLD,Single synthetic device used throughout; no device switch indicated.,Requires device or algorithm change during comparison period.,Same device throughout; no cross-device comparison issue.,qwen3.8-max,c8117f91f12296a84b2b4d019fb3aa70dcfec4f4b419b2765138170e9a1125dc,blinded-annotation-v2-shortrefs
C020,K094,1,labeled,2,labeled,1,labeled,False,False,PROVISIONAL_LLM_GOLD,Sleep duration estimated nightly (mean ~470 min); sleep boundaries recorded.,Estimated time asleep differs from full sleep period boundary-to-boundary duration.,"Explains that estimated sleep differs from time-in-bed; relevant context for interpreting duration values, though no discrepancy observed.",qwen3.8-max,c8117f91f12296a84b2b4d019fb3aa70dcfec4f4b419b2765138170e9a1125dc,blinded-annotation-v2-shortrefs
C020,K095,1,labeled,1,labeled,1,labeled,True,False,PROVISIONAL_LLM_GOLD,All nights show nighttime_coverage_minutes >=482 with valid sleep records throughout both periods.,Requires night-time wear record; unworn nights should be missing not zero.,"Consistent overnight wear supports valid sleep observations, providing contextual confirmation of data quality.",qwen3.8-max,c8117f91f12296a84b2b4d019fb3aa70dcfec4f4b419b2765138170e9a1125dc,blinded-annotation-v2-shortrefs
C020,K096,1,labeled,1,labeled,1,labeled,True,False,PROVISIONAL_LLM_GOLD,"Steps remain stable (baseline mean 8015, window mean 8029) while activity_duration_minutes dropped 82.8%.",Step counts depend on accelerometer arm swing; changes in wear or use affect readings.,"Explains why step counts can remain stable even when device-classified active minutes drop sharply, as steps rely on arm motion sensing.",qwen3.8-max,c8117f91f12296a84b2b4d019fb3aa70dcfec4f4b419b2765138170e9a1125dc,blinded-annotation-v2-shortrefs
C021,K001,2,labeled,2,labeled,2,labeled,True,False,PROVISIONAL_LLM_GOLD,"Window sleep durations include 6 nights below 420 minutes (385, 390, 392, 392, 386, 387 min). Metadata age_band is 18-60.",Item core directly explains that CDC recommends at least 7 hours for adults 18-60; observable condition is sleep duration below the age-specific recommendation.,Core directly explains that multiple window nights fall below the 7-hour adult recommendation for this age band.,qwen3.8-max,7ba2036f6f0275d3b8e3d67a78b329727bf8761469f69532bb6c2b0127f9d799,blinded-annotation-v2-shortrefs
C021,K002,0,labeled,0,labeled,0,labeled,True,False,PROVISIONAL_LLM_GOLD,Metadata age_band is 18-60.,Item applies to adults aged 61-64; explicitly non-applicable for other age groups.,Age band explicitly contradicts the target population of this item.,qwen3.8-max,7ba2036f6f0275d3b8e3d67a78b329727bf8761469f69532bb6c2b0127f9d799,blinded-annotation-v2-shortrefs
C021,K003,0,labeled,0,labeled,0,labeled,True,False,PROVISIONAL_LLM_GOLD,Metadata age_band is 18-60.,Item applies to adults aged 65 and older; explicitly non-applicable for age below 65.,Age band explicitly contradicts the target population of this item.,qwen3.8-max,7ba2036f6f0275d3b8e3d67a78b329727bf8761469f69532bb6c2b0127f9d799,blinded-annotation-v2-shortrefs
C021,K004,0,labeled,0,labeled,0,labeled,True,False,PROVISIONAL_LLM_GOLD,Metadata age_band is 18-60.,Item applies to teenagers aged 13-17; explicitly non-applicable for adults.,Age band contradicts the target population of this item.,qwen3.8-max,7ba2036f6f0275d3b8e3d67a78b329727bf8761469f69532bb6c2b0127f9d799,blinded-annotation-v2-shortrefs
C021,K005,1,labeled,1,labeled,1,labeled,True,False,PROVISIONAL_LLM_GOLD,"Window shows repeated shortened sleep (385-392 min on 6 nights), but no schedule constraint data exists to attribute this to busyness.",Item requires a schedule constraint to attribute shortage to busyness; observable condition is repeatedly shortened sleep duration.,"Shortened sleep observed, but no schedule data to attribute it to busyness specifically. Supported contextual connection only.",qwen3.8-max,7ba2036f6f0275d3b8e3d67a78b329727bf8761469f69532bb6c2b0127f9d799,blinded-annotation-v2-shortrefs
C021,K006,0,labeled,1,labeled,0,labeled,False,False,PROVISIONAL_LLM_GOLD,"Baseline sleep duration is stable near 470 min (variance 16.96), within recommended range. Window introduces alternating short nights but this is a new change, not a long-standing familiar routine.",Item addresses consistently short routines even without a new decline; non-applicable when sleep duration is sufficient for the age group.,"Baseline sleep is within recommended range. The short nights in the window represent a new change, not a familiar stable short routine.",qwen3.8-max,7ba2036f6f0275d3b8e3d67a78b329727bf8761469f69532bb6c2b0127f9d799,blinded-annotation-v2-shortrefs
C021,K007,1,labeled,1,labeled,1,labeled,True,False,PROVISIONAL_LLM_GOLD,"Sleep duration is recorded daily, but no sleep-onset difficulty, awakenings, or subjective refreshment data exist.",Item explains hours slept and quality are different; observable condition is sleep duration recorded but quality unknown.,Directly relevant context: duration is recorded but quality indicators are absent. Supported contextual connection.,qwen3.8-max,7ba2036f6f0275d3b8e3d67a78b329727bf8761469f69532bb6c2b0127f9d799,blinded-annotation-v2-shortrefs
C021,K008,0,labeled,0,labeled,0,labeled,True,False,PROVISIONAL_LLM_GOLD,Only sleep duration and sleep start/end timestamps are available. No awakening data recorded.,Item requires awakening history or measured sleep continuity; non-applicable when only duration and sleep start or end are available.,Only duration and sleep start/end are available. Awakenings are unrecorded.,qwen3.8-max,7ba2036f6f0275d3b8e3d67a78b329727bf8761469f69532bb6c2b0127f9d799,blinded-annotation-v2-shortrefs
C021,K009,0,labeled,0,labeled,0,labeled,True,False,PROVISIONAL_LLM_GOLD,"Sleep is mostly under 8 hours (max 485 min = 8.08h, most around 7.8h). No subjective refreshment reports exist.",Item requires more than eight hours of night-time sleep with reported lack of refreshment; non-applicable with no information about feeling rested.,Sleep is under 8 hours and feeling rested is unknown. Conditions not met.,qwen3.8-max,7ba2036f6f0275d3b8e3d67a78b329727bf8761469f69532bb6c2b0127f9d799,blinded-annotation-v2-shortrefs
C021,K010,0,labeled,1,labeled,0,labeled,False,False,PROVISIONAL_LLM_GOLD,"Repeatedly shortened sleep observed in window, but no cognitive symptoms or performance data are recorded.",Item requires symptoms to claim actual cognitive impairment; non-applicable when diagnosing impairment from wearable data alone.,Wearable record alone does not establish impaired cognition per rules. Generic educational background.,qwen3.8-max,7ba2036f6f0275d3b8e3d67a78b329727bf8761469f69532bb6c2b0127f9d799,blinded-annotation-v2-shortrefs
C021,K011,2,labeled,2,labeled,1,labeled,False,False,PROVISIONAL_LLM_GOLD,"Window contains 6 nights of sleep under 400 minutes (385, 390, 392, 392, 386, 387 min), constituting several nights of reduced sleep.",Item core directly explains that several shortened nights may deserve attention; observable condition is several nights of reduced sleep duration.,Core directly explains the repeated short sleep nights (~6.4h) observed in the window period.,qwen3.8-max,7ba2036f6f0275d3b8e3d67a78b329727bf8761469f69532bb6c2b0127f9d799,blinded-annotation-v2-shortrefs
C021,K012,0,labeled,1,labeled,0,labeled,False,False,PROVISIONAL_LLM_GOLD,"Repeated short sleep observed in window, but no infection or immune symptoms are recorded.",Item requires ongoing insufficient sleep but warns against inferring infection from sleep or heart-rate changes.,Cannot infer infection from sleep data per rules. Generic educational background only.,qwen3.8-max,7ba2036f6f0275d3b8e3d67a78b329727bf8761469f69532bb6c2b0127f9d799,blinded-annotation-v2-shortrefs
C021,K013,0,labeled,1,labeled,0,labeled,False,False,PROVISIONAL_LLM_GOLD,"Repeated short sleep observed in window, but no food intake or appetite information is recorded.",Item requires food intake or appetite information for individual claims; non-applicable when diagnosing metabolic disorder from wearable observations.,Individual appetite change requires separate evidence per item conditions. Generic educational background.,qwen3.8-max,7ba2036f6f0275d3b8e3d67a78b329727bf8761469f69532bb6c2b0127f9d799,blinded-annotation-v2-shortrefs
C021,K014,0,labeled,0,labeled,0,labeled,True,False,PROVISIONAL_LLM_GOLD,Neither sleepiness nor driving context exists in the wearable data.,Item requires reported sleepiness and driving plans; non-applicable when both are unknown.,Sleepiness and driving context are both unknown. Not applicable.,qwen3.8-max,7ba2036f6f0275d3b8e3d67a78b329727bf8761469f69532bb6c2b0127f9d799,blinded-annotation-v2-shortrefs
C021,K015,0,labeled,1,labeled,0,labeled,False,False,PROVISIONAL_LLM_GOLD,Sleep duration varies (385-485 min in window). Individual sleep experience is not recorded.,Item requires individual sleep experience to assess adequacy; non-applicable when using one duration target as a diagnostic test.,Generic background. Using one duration target as diagnostic is explicitly discouraged per item conditions.,qwen3.8-max,7ba2036f6f0275d3b8e3d67a78b329727bf8761469f69532bb6c2b0127f9d799,blinded-annotation-v2-shortrefs
C021,K016,0,labeled,0,labeled,0,labeled,True,False,PROVISIONAL_LLM_GOLD,Only 14 days of window data exist. No reported sleeping difficulties or months-long history.,Item requires months-long sleeping difficulties or failed habit changes; non-applicable with only a brief duration record without reported problems.,A two-week wearable window alone cannot establish these clinical conditions.,qwen3.8-max,7ba2036f6f0275d3b8e3d67a78b329727bf8761469f69532bb6c2b0127f9d799,blinded-annotation-v2-shortrefs
C021,K017,2,labeled,2,labeled,2,labeled,True,False,PROVISIONAL_LLM_GOLD,"Window sleep start times alternate between ~22:35-22:46 and ~00:08-00:15, with variance jumping from 16.96 (baseline) to 2037.1 (window). Baseline starts were stable (642-658 min from noon).",Item core directly explains that changing sleep times repeatedly is a reason to review routine consistency; observable condition is repeated variability in bedtime.,Core directly explains the new alternating late/normal bedtime pattern in the window versus stable baseline.,qwen3.8-max,7ba2036f6f0275d3b8e3d67a78b329727bf8761469f69532bb6c2b0127f9d799,blinded-annotation-v2-shortrefs
C021,K018,0,labeled,0,labeled,0,labeled,True,False,PROVISIONAL_LLM_GOLD,Wake time is perfectly consistent at 07:00 every single day across all 42 days. No sleeping difficulties reported.,Item requires inconsistent wake time with reported sleeping difficulties; non-applicable with no evidence of insomnia symptoms.,Wake time is perfectly consistent. No insomnia symptoms reported. Conditions not met.,qwen3.8-max,7ba2036f6f0275d3b8e3d67a78b329727bf8761469f69532bb6c2b0127f9d799,blinded-annotation-v2-shortrefs
C021,K019,0,labeled,0,labeled,0,labeled,True,False,PROVISIONAL_LLM_GOLD,"The alternating pattern is daily (every other night), not a weekday/weekend difference. Weekend sleep in window (mean 437 min) is slightly shorter than weekday (mean 442 min). Wake time is always 07:00.",Item requires bedtime or wake time differing substantially between weekdays and weekends; non-applicable when weekday and weekend sleep times are similar.,"Weekend sleep is actually slightly shorter, not later or longer. The variability is daily alternating, not weekday/weekend. Condition not met.",qwen3.8-max,7ba2036f6f0275d3b8e3d67a78b329727bf8761469f69532bb6c2b0127f9d799,blinded-annotation-v2-shortrefs
C021,K020,0,labeled,0,labeled,0,labeled,True,False,PROVISIONAL_LLM_GOLD,Sleep start timestamps identify bedtime but reveal nothing about pre-bed activities or routines.,Item requires information about pre-bed activities for targeted advice; non-applicable when assuming a missing bedtime routine from timestamps alone.,Timestamps alone do not reveal what someone did before bed. Generic advice.,qwen3.8-max,7ba2036f6f0275d3b8e3d67a78b329727bf8761469f69532bb6c2b0127f9d799,blinded-annotation-v2-shortrefs
C021,K021,0,labeled,0,labeled,0,labeled,True,False,PROVISIONAL_LLM_GOLD,Screen or light exposure before bed is not recorded.,Item requires known bright-screen exposure shortly before bed; non-applicable when exposure is unknown.,Screen exposure is unknown. Cannot attribute sleep timing changes to screens.,qwen3.8-max,7ba2036f6f0275d3b8e3d67a78b329727bf8761469f69532bb6c2b0127f9d799,blinded-annotation-v2-shortrefs
C021,K022,0,labeled,0,labeled,0,labeled,True,False,PROVISIONAL_LLM_GOLD,Caffeine timing and intake are not recorded.,Item requires caffeine timing and intake; non-applicable with no caffeine history.,Caffeine history is unknown. Required conditions cannot be verified.,qwen3.8-max,7ba2036f6f0275d3b8e3d67a78b329727bf8761469f69532bb6c2b0127f9d799,blinded-annotation-v2-shortrefs
C021,K023,0,labeled,0,labeled,0,labeled,True,False,PROVISIONAL_LLM_GOLD,Meal timing and size are not recorded.,Item requires meal timing and size; non-applicable when meal information is unknown.,Meal information is unknown. Cannot connect to sleep timing observations.,qwen3.8-max,7ba2036f6f0275d3b8e3d67a78b329727bf8761469f69532bb6c2b0127f9d799,blinded-annotation-v2-shortrefs
C021,K024,0,labeled,0,labeled,0,labeled,True,False,PROVISIONAL_LLM_GOLD,Alcohol intake is not recorded anywhere in the data.,Item requires alcohol intake and timing; non-applicable when alcohol exposure is unknown.,Alcohol exposure is unknown. Cannot link to sleep observations.,qwen3.8-max,7ba2036f6f0275d3b8e3d67a78b329727bf8761469f69532bb6c2b0127f9d799,blinded-annotation-v2-shortrefs
C021,K025,0,labeled,0,labeled,0,labeled,True,False,PROVISIONAL_LLM_GOLD,Nicotine use is not recorded anywhere in the data.,Item requires nicotine exposure; non-applicable when nicotine use is unknown.,Nicotine use is unknown. Cannot link to observed sleep patterns.,qwen3.8-max,7ba2036f6f0275d3b8e3d67a78b329727bf8761469f69532bb6c2b0127f9d799,blinded-annotation-v2-shortrefs
C021,K026,0,labeled,0,labeled,0,labeled,True,False,PROVISIONAL_LLM_GOLD,"Bedroom light, noise, or temperature are not recorded.",Item requires known disruptive bedroom environment; non-applicable when environment is unknown.,Environment unknown. Wearable data cannot establish bedroom conditions.,qwen3.8-max,7ba2036f6f0275d3b8e3d67a78b329727bf8761469f69532bb6c2b0127f9d799,blinded-annotation-v2-shortrefs
C021,K027,0,labeled,0,labeled,0,labeled,True,False,PROVISIONAL_LLM_GOLD,"No relaxation context, stress reports, or routine information available.",Item requires reported difficulty relaxing or request for routine options; non-applicable when inferring stress or anxiety from wearable signals.,Generic optional routine advice. No connection to observed data patterns.,qwen3.8-max,7ba2036f6f0275d3b8e3d67a78b329727bf8761469f69532bb6c2b0127f9d799,blinded-annotation-v2-shortrefs
C021,K028,0,labeled,0,labeled,0,labeled,True,False,PROVISIONAL_LLM_GOLD,No nap information exists in the wearable data.,Item requires nap duration or night-time sleep-onset difficulty; non-applicable when nap history is unknown.,Nap history is unknown. Required conditions not met.,qwen3.8-max,7ba2036f6f0275d3b8e3d67a78b329727bf8761469f69532bb6c2b0127f9d799,blinded-annotation-v2-shortrefs
C021,K029,0,labeled,0,labeled,0,labeled,True,False,PROVISIONAL_LLM_GOLD,Variable sleep times exist (alternating pattern) but shift work is not confirmed.,Item requires confirmed shift-work schedule; non-applicable when shift work is unknown.,Variable sleep times alone do not prove rotating shifts per rules. Shift work unknown.,qwen3.8-max,7ba2036f6f0275d3b8e3d67a78b329727bf8761469f69532bb6c2b0127f9d799,blinded-annotation-v2-shortrefs
C021,K030,0,labeled,0,labeled,0,labeled,True,False,PROVISIONAL_LLM_GOLD,No shift work is confirmed in the data.,Item requires confirmed shift work; non-applicable with no confirmed shift work.,Shift work is unknown. Item conditions are not satisfied by any observation.,qwen3.8-max,7ba2036f6f0275d3b8e3d67a78b329727bf8761469f69532bb6c2b0127f9d799,blinded-annotation-v2-shortrefs
C021,K031,0,labeled,0,labeled,0,labeled,True,False,PROVISIONAL_LLM_GOLD,Shift work and caffeine use are not recorded.,Item requires shift schedule and caffeine intake; non-applicable when shift work or caffeine use is unknown.,Shift work and caffeine use are both unknown. Conditions not met.,qwen3.8-max,7ba2036f6f0275d3b8e3d67a78b329727bf8761469f69532bb6c2b0127f9d799,blinded-annotation-v2-shortrefs
C021,K032,0,labeled,0,labeled,0,labeled,True,False,PROVISIONAL_LLM_GOLD,"All sleep periods are overnight (sleep_start between 22:35 and 00:15, sleep_end at 07:00). No shift work indicated.",Item requires daytime sleep associated with shift work; non-applicable when only ordinary overnight sleep is recorded.,Only ordinary overnight sleep is recorded. Shift work unknown.,qwen3.8-max,7ba2036f6f0275d3b8e3d67a78b329727bf8761469f69532bb6c2b0127f9d799,blinded-annotation-v2-shortrefs
C021,K033,0,labeled,1,labeled,0,labeled,False,False,PROVISIONAL_LLM_GOLD,"Variable sleep pattern exists in window, but awakenings and naps are not separately recorded.",Item requires awakenings and naps to be separately recorded if absent; non-applicable when inventing unrecorded awakenings or naps.,Generic methodological advice. Does not explain any observed pattern directly. Awakenings and naps are unrecorded.,qwen3.8-max,7ba2036f6f0275d3b8e3d67a78b329727bf8761469f69532bb6c2b0127f9d799,blinded-annotation-v2-shortrefs
C021,K034,2,labeled,2,labeled,2,labeled,True,False,PROVISIONAL_LLM_GOLD,"Window shows 6 nights of very short sleep (385-392 min) alternating with normal nights, representing several shortened nights.",Item core directly explains that regularly getting less sleep than needed adds up over time; observable condition is several shortened nights rather than a single isolated reading.,Core directly explains that repeated short nights in the window can accumulate sleep loss over time.,qwen3.8-max,7ba2036f6f0275d3b8e3d67a78b329727bf8761469f69532bb6c2b0127f9d799,blinded-annotation-v2-shortrefs
C021,K035,0,labeled,0,labeled,0,labeled,True,False,PROVISIONAL_LLM_GOLD,Weekend sleep in window (mean 437.0 min) is actually shorter than weekday sleep (mean 442.0 min). Wake time is always 07:00.,Item requires longer sleep and later timing on days off; non-applicable when assuming every weekend is a day off.,Weekend sleep is not longer than weekday sleep in the window period. Condition contradicted.,qwen3.8-max,7ba2036f6f0275d3b8e3d67a78b329727bf8761469f69532bb6c2b0127f9d799,blinded-annotation-v2-shortrefs
C021,K036,0,labeled,0,labeled,0,labeled,True,False,PROVISIONAL_LLM_GOLD,No nap information exists in the wearable data.,Item requires recorded naps; non-applicable with no nap information.,Nap history is unknown. Required conditions are not met.,qwen3.8-max,7ba2036f6f0275d3b8e3d67a78b329727bf8761469f69532bb6c2b0127f9d799,blinded-annotation-v2-shortrefs
C021,K037,0,labeled,0,labeled,0,labeled,True,False,PROVISIONAL_LLM_GOLD,Wake time is consistently 07:00 every day across both periods. No reported sleeping difficulties.,Item requires reported bad sleep or insomnia symptoms; non-applicable with only a device estimate without reported difficulty.,No insomnia symptoms reported and wake time is already perfectly consistent. Conditions not met.,qwen3.8-max,7ba2036f6f0275d3b8e3d67a78b329727bf8761469f69532bb6c2b0127f9d799,blinded-annotation-v2-shortrefs
C021,K038,0,labeled,0,labeled,0,labeled,True,False,PROVISIONAL_LLM_GOLD,Only 14 days of estimated sleep hours exist. No symptom history or onset data.,Item requires symptom history and onset; non-applicable when diagnosing insomnia from estimated sleep hours.,Cannot diagnose insomnia from estimated sleep hours alone. Conditions not met.,qwen3.8-max,7ba2036f6f0275d3b8e3d67a78b329727bf8761469f69532bb6c2b0127f9d799,blinded-annotation-v2-shortrefs
C021,K039,0,labeled,0,labeled,0,labeled,True,False,PROVISIONAL_LLM_GOLD,No travel history or flight data exists in the observations.,"Item requires confirmed travel, destination time zone, and trip duration; non-applicable with no travel history.",Travel context unknown. Timing change alone does not establish jet lag per rules.,qwen3.8-max,7ba2036f6f0275d3b8e3d67a78b329727bf8761469f69532bb6c2b0127f9d799,blinded-annotation-v2-shortrefs
C021,K040,0,labeled,0,labeled,0,labeled,True,False,PROVISIONAL_LLM_GOLD,No travel context or time-zone change exists in the data.,Item requires trip duration and time-zone change; non-applicable when travel context is unknown.,Travel context unknown. Item conditions not met by any observation.,qwen3.8-max,7ba2036f6f0275d3b8e3d67a78b329727bf8761469f69532bb6c2b0127f9d799,blinded-annotation-v2-shortrefs
C021,K041,0,labeled,0,labeled,0,labeled,True,False,PROVISIONAL_LLM_GOLD,"Steps remain stable (baseline mean 7947, window mean 8088). Activity duration did not meaningfully decline overall.",Item requires low or declining movement giving opportunity to add activity; non-applicable when equating steps directly with guideline compliance.,Movement levels maintained across periods. Generic advice not triggered by current data.,qwen3.8-max,7ba2036f6f0275d3b8e3d67a78b329727bf8761469f69532bb6c2b0127f9d799,blinded-annotation-v2-shortrefs
C021,K042,0,labeled,0,labeled,0,labeled,True,False,PROVISIONAL_LLM_GOLD,Activity was not recently low overall (window mean 64.3 min vs baseline 55.6 min). Intensity is unknown.,Item requires recently low or reduced physical activity; non-applicable when prescribing intense programme from wearable data alone.,Generic advice. Activity was not recently low overall; intensity unknown.,qwen3.8-max,7ba2036f6f0275d3b8e3d67a78b329727bf8761469f69532bb6c2b0127f9d799,blinded-annotation-v2-shortrefs
C021,K043,0,labeled,0,labeled,0,labeled,True,False,PROVISIONAL_LLM_GOLD,All activity intervals have intensity 'unknown'. Only steps and activity_duration_minutes are recorded.,Item requires known activity intensity; non-applicable when only steps or unspecified active minutes are available.,Unknown activity intensity is not moderate exercise per rules. Cannot assess guideline attainment.,qwen3.8-max,7ba2036f6f0275d3b8e3d67a78b329727bf8761469f69532bb6c2b0127f9d799,blinded-annotation-v2-shortrefs
C021,K044,0,labeled,0,labeled,0,labeled,True,False,PROVISIONAL_LLM_GOLD,All activity intervals have intensity 'unknown'.,Item requires known vigorous intensity; non-applicable when intensity is unknown.,Intensity is unknown. Cannot assume vigorous activity from movement minutes per rules.,qwen3.8-max,7ba2036f6f0275d3b8e3d67a78b329727bf8761469f69532bb6c2b0127f9d799,blinded-annotation-v2-shortrefs
C021,K045,0,labeled,0,labeled,0,labeled,True,False,PROVISIONAL_LLM_GOLD,All activity intervals have intensity 'unknown'. Cannot count guideline minutes.,Item requires intensity for counting guideline minutes; non-applicable when assuming every recorded active minute is moderate intensity.,Unknown activity intensity is not moderate exercise per rules. Cannot apply guideline splitting.,qwen3.8-max,7ba2036f6f0275d3b8e3d67a78b329727bf8761469f69532bb6c2b0127f9d799,blinded-annotation-v2-shortrefs
C021,K046,0,labeled,0,labeled,0,labeled,True,False,PROVISIONAL_LLM_GOLD,Only steps and activity_duration_minutes with unknown intensity are recorded; no strengthening data exists.,Item requires strengthening activity records including days and muscle groups; non-applicable when only step or generic movement counts are available.,No strengthening information in the data. Item conditions explicitly not met.,qwen3.8-max,7ba2036f6f0275d3b8e3d67a78b329727bf8761469f69532bb6c2b0127f9d799,blinded-annotation-v2-shortrefs
C021,K047,0,labeled,0,labeled,0,labeled,True,False,PROVISIONAL_LLM_GOLD,All activity intervals have intensity 'unknown'. Guideline attainment cannot be verified.,Item requires known intensity and weekly duration; non-applicable when intensity is unknown or guideline attainment unverified.,Unknown activity intensity is not moderate exercise per rules. Required conditions are not met.,qwen3.8-max,7ba2036f6f0275d3b8e3d67a78b329727bf8761469f69532bb6c2b0127f9d799,blinded-annotation-v2-shortrefs
C021,K048,0,labeled,1,labeled,0,labeled,False,False,PROVISIONAL_LLM_GOLD,All activity intervals have intensity 'unknown'. Steps and active minutes are recorded but effort is unmeasured.,Item requires fitness or perceived effort to interpret intensity; non-applicable when inferring intensity from steps alone.,Cannot infer intensity from steps or active minutes alone. Unknown activity intensity is not moderate exercise per rules. Conditions not met.,qwen3.8-max,7ba2036f6f0275d3b8e3d67a78b329727bf8761469f69532bb6c2b0127f9d799,blinded-annotation-v2-shortrefs
C021,K049,0,labeled,0,labeled,0,labeled,True,False,PROVISIONAL_LLM_GOLD,All activity intervals have intensity 'unknown'. No breathing or talk-test observations exist.,Item requires an aerobic activity and breathing or talk-test observation; non-applicable when effort or aerobic-activity context is unrecorded.,Effort and intensity are unrecorded. Cannot apply talk test criteria.,qwen3.8-max,7ba2036f6f0275d3b8e3d67a78b329727bf8761469f69532bb6c2b0127f9d799,blinded-annotation-v2-shortrefs
C021,K050,1,labeled,1,labeled,1,labeled,True,False,PROVISIONAL_LLM_GOLD,"Activity duration alternates between 45 and 90 min in the window while steps remain relatively stable (mean 8088, variance 49634).",Item explains that steps may not reflect intensity during certain activities; observable condition is steps changing while other activity may differ.,"Activity duration varies while steps remain stable, supporting that steps alone miss non-step exercise intensity. Supported contextual connection.",qwen3.8-max,7ba2036f6f0275d3b8e3d67a78b329727bf8761469f69532bb6c2b0127f9d799,blinded-annotation-v2-shortrefs
C021,K051,0,labeled,0,labeled,0,labeled,True,False,PROVISIONAL_LLM_GOLD,"Steps did not decline (baseline mean 7947, window mean 8088). Movement has not declined overall.",Item requires low or declining routine movement; non-applicable when assuming everyone can safely walk or cycle.,Movement has not declined. Generic advice without specific observational connection.,qwen3.8-max,7ba2036f6f0275d3b8e3d67a78b329727bf8761469f69532bb6c2b0127f9d799,blinded-annotation-v2-shortrefs
C021,K052,0,labeled,0,labeled,0,labeled,True,False,PROVISIONAL_LLM_GOLD,Personal preferences and availability are not recorded.,Item requires personal preferences and availability for choosing individualized options; non-applicable when prescribing unsuitable activity without context.,Generic advice. No connection to specific observed patterns or preferences.,qwen3.8-max,7ba2036f6f0275d3b8e3d67a78b329727bf8761469f69532bb6c2b0127f9d799,blinded-annotation-v2-shortrefs
C021,K053,0,labeled,0,labeled,0,labeled,True,False,PROVISIONAL_LLM_GOLD,No evidence of social or motivational barriers in the data.,Item requires social preferences or reported motivational barrier; non-applicable with no evidence of such barrier.,No evidence of a motivational or social barrier. Generic advice only.,qwen3.8-max,7ba2036f6f0275d3b8e3d67a78b329727bf8761469f69532bb6c2b0127f9d799,blinded-annotation-v2-shortrefs
C021,K054,0,labeled,0,labeled,0,labeled,True,False,PROVISIONAL_LLM_GOLD,Activity is not low overall (window mean 64.3 min > baseline 55.6 min). No time barrier is reported.,Item requires low activity with a reported time barrier; non-applicable when assuming a time barrier from low steps.,Activity is not low and no time barrier is reported. Conditions not met.,qwen3.8-max,7ba2036f6f0275d3b8e3d67a78b329727bf8761469f69532bb6c2b0127f9d799,blinded-annotation-v2-shortrefs
C021,K055,0,labeled,0,labeled,0,labeled,True,False,PROVISIONAL_LLM_GOLD,Schedule reasons for activity patterns are unknown.,Item requires reported competing demands reducing activity; non-applicable when schedule reason is unknown.,Schedule reason is unknown. Generic advice without connection to actual observations.,qwen3.8-max,7ba2036f6f0275d3b8e3d67a78b329727bf8761469f69532bb6c2b0127f9d799,blinded-annotation-v2-shortrefs
C021,K056,0,labeled,0,labeled,0,labeled,True,False,PROVISIONAL_LLM_GOLD,"No chronic condition, disability, or special need is recorded.",Item requires relevant health condition and activity safety history; non-applicable when medical or disability context is unknown.,Medical context unknown. Generic advice without observational connection.,qwen3.8-max,7ba2036f6f0275d3b8e3d67a78b329727bf8761469f69532bb6c2b0127f9d799,blinded-annotation-v2-shortrefs
C021,K057,0,labeled,1,labeled,0,labeled,False,False,PROVISIONAL_LLM_GOLD,"Regular ~45-min low-movement blocks observed during daytime, but device low movement is not confirmed sitting per rules.","Item requires mobility and posture context for an individual sitting claim; non-applicable when low movement is due to non-wear or sleep, and rules state device low movement is not confirmed sitting.",Device low movement is not confirmed sitting per rules. Posture context missing. Conditions not met.,qwen3.8-max,7ba2036f6f0275d3b8e3d67a78b329727bf8761469f69532bb6c2b0127f9d799,blinded-annotation-v2-shortrefs
C021,K058,0,labeled,0,labeled,0,labeled,True,False,PROVISIONAL_LLM_GOLD,Activity duration varies (50-90 min) alongside low movement (~448 min). Device low movement is not confirmed sitting per rules.,Item requires confirmed sitting posture and known activity intensity; non-applicable when assuming low-movement estimates prove sitting.,Low movement is not confirmed sitting per rules. Intensity unknown. Conditions not met.,qwen3.8-max,7ba2036f6f0275d3b8e3d67a78b329727bf8761469f69532bb6c2b0127f9d799,blinded-annotation-v2-shortrefs
C021,K059,0,labeled,0,labeled,0,labeled,True,False,PROVISIONAL_LLM_GOLD,Low movement mean is 448.0 (baseline) vs 449.3 (window). No substantial increase. Device low movement is not confirmed sitting.,Item requires confirmed sitting for a specific sedentary-time conclusion; non-applicable when non-wear is recorded as no movement.,Low movement is not confirmed sitting per rules. No substantial increase observed.,qwen3.8-max,7ba2036f6f0275d3b8e3d67a78b329727bf8761469f69532bb6c2b0127f9d799,blinded-annotation-v2-shortrefs
C021,K060,0,labeled,0,labeled,0,labeled,True,False,PROVISIONAL_LLM_GOLD,Commute and transport context are not recorded.,"Item requires transport, mobility, and safety context; non-applicable when commute is unknown.",Commute unknown. Generic suggestion without observational connection.,qwen3.8-max,7ba2036f6f0275d3b8e3d67a78b329727bf8761469f69532bb6c2b0127f9d799,blinded-annotation-v2-shortrefs
C021,K061,0,labeled,0,labeled,0,labeled,True,False,PROVISIONAL_LLM_GOLD,Work context and desk work are not recorded.,Item requires workplace layout and ability to walk; non-applicable when work context is unknown.,Work context is unknown. Generic suggestion without observational support.,qwen3.8-max,7ba2036f6f0275d3b8e3d67a78b329727bf8761469f69532bb6c2b0127f9d799,blinded-annotation-v2-shortrefs
C021,K062,0,labeled,0,labeled,0,labeled,True,False,PROVISIONAL_LLM_GOLD,Workplace context and meeting information are not recorded.,Item requires workplace and mobility context; non-applicable with no workplace or meeting information.,Workplace context unknown. Generic suggestion without data connection.,qwen3.8-max,7ba2036f6f0275d3b8e3d67a78b329727bf8761469f69532bb6c2b0127f9d799,blinded-annotation-v2-shortrefs
C021,K063,0,labeled,0,labeled,0,labeled,True,False,PROVISIONAL_LLM_GOLD,Low movement intervals exist (~45 min blocks) but screen habits are unrecorded. Device low movement is not confirmed sitting.,Item requires television-viewing context; non-applicable when screen habits are unknown.,Screen habits unknown. Low movement is not confirmed sitting per rules.,qwen3.8-max,7ba2036f6f0275d3b8e3d67a78b329727bf8761469f69532bb6c2b0127f9d799,blinded-annotation-v2-shortrefs
C021,K064,0,labeled,0,labeled,0,labeled,True,False,PROVISIONAL_LLM_GOLD,No leisure context or routine preferences are recorded. Low movement is not confirmed sitting.,Item requires substantial habitual seated leisure and routine/preferences context; non-applicable with no leisure context.,No leisure context available. Device low movement is not confirmed sitting per rules.,qwen3.8-max,7ba2036f6f0275d3b8e3d67a78b329727bf8761469f69532bb6c2b0127f9d799,blinded-annotation-v2-shortrefs
C021,K065,0,labeled,1,labeled,0,labeled,False,False,PROVISIONAL_LLM_GOLD,"Data captures steps and activity_duration_minutes, but no specific pattern of low everyday movement despite formal exercise is observed.","Item requires low everyday movement despite possible formal exercise. Without this pattern, it is generic background.",Generic educational background. No specific connection to observed data patterns showing low everyday movement despite formal exercise.,qwen3.8-max,7ba2036f6f0275d3b8e3d67a78b329727bf8761469f69532bb6c2b0127f9d799,blinded-annotation-v2-shortrefs
C021,K066,0,labeled,0,labeled,0,labeled,True,False,PROVISIONAL_LLM_GOLD,Workday lunch-break access and mobility context are not recorded.,Item requires workday lunch-break access and mobility; non-applicable with unknown workday or lunch-break context.,Workday context unknown. Generic suggestion without observational support.,qwen3.8-max,7ba2036f6f0275d3b8e3d67a78b329727bf8761469f69532bb6c2b0127f9d799,blinded-annotation-v2-shortrefs
C021,K067,0,labeled,0,labeled,0,labeled,True,False,PROVISIONAL_LLM_GOLD,Stair access and safe mobility context are not recorded.,Item requires stair access and safe mobility; non-applicable when mobility limitations or context are unknown.,Context unknown. Generic suggestion without observational connection.,qwen3.8-max,7ba2036f6f0275d3b8e3d67a78b329727bf8761469f69532bb6c2b0127f9d799,blinded-annotation-v2-shortrefs
C021,K068,0,labeled,1,labeled,0,labeled,False,False,PROVISIONAL_LLM_GOLD,Low-movement intervals exist (~45 min blocks) but no posture measurement is available. Rules state device low movement is not confirmed sitting.,"Item requires posture and waking context to establish sitting; non-applicable when treating sleep or non-wear as confirmed sedentary behaviour, and rules prohibit equating low movement with sitting.",Device low movement is not confirmed sitting per rules. No posture data exists to satisfy required conditions.,qwen3.8-max,7ba2036f6f0275d3b8e3d67a78b329727bf8761469f69532bb6c2b0127f9d799,blinded-annotation-v2-shortrefs
C021,K069,0,labeled,0,labeled,0,labeled,True,False,PROVISIONAL_LLM_GOLD,"Window paired statistics show pearson_r=-0.996 between activity_duration and next-day sleep_duration, but rules state temporal co-occurrence does not imply causation.",Item explicitly warns against declaring a causal effect from a few paired observations.,Temporal co-occurrence does not imply causation per rules. Generic benefit statement only.,qwen3.8-max,7ba2036f6f0275d3b8e3d67a78b329727bf8761469f69532bb6c2b0127f9d799,blinded-annotation-v2-shortrefs
C021,K070,0,labeled,0,labeled,0,labeled,True,False,PROVISIONAL_LLM_GOLD,Movement counts exist but outdoor exposure cannot be inferred from them per rules.,Item requires outdoor access and mobility; non-applicable when inferring outdoor exposure from movement counts.,Generic everyone-applicable background with no concrete connection to observed wearable patterns.,qwen3.8-max,7ba2036f6f0275d3b8e3d67a78b329727bf8761469f69532bb6c2b0127f9d799,blinded-annotation-v2-shortrefs
C021,K071,1,labeled,1,labeled,1,labeled,True,False,PROVISIONAL_LLM_GOLD,"Activity intervals occur near bedtime (e.g., 20:30-22:00 on several window days), but all intensities are 'unknown'.",Item requires intensity and actual timing relative to bedtime; non-applicable when assuming every late movement interval is intense exercise.,"Late activity occurs near bedtime, but intensity is unknown so direct application is limited per rules. Supported contextual connection.",qwen3.8-max,7ba2036f6f0275d3b8e3d67a78b329727bf8761469f69532bb6c2b0127f9d799,blinded-annotation-v2-shortrefs
C021,K072,0,labeled,0,labeled,0,labeled,True,False,PROVISIONAL_LLM_GOLD,"Activity intervals occur near bedtime (e.g., 20:30-22:00), but no insomnia symptoms are reported.",Item requires exercise near bedtime with reported insomnia symptoms; non-applicable when only movement and sleep timestamps are known.,Only movement and sleep timestamps are known. Insomnia is not established from wearable data.,qwen3.8-max,7ba2036f6f0275d3b8e3d67a78b329727bf8761469f69532bb6c2b0127f9d799,blinded-annotation-v2-shortrefs
C021,K073,1,labeled,1,labeled,1,labeled,True,False,PROVISIONAL_LLM_GOLD,"Activity intervals (e.g., 20:30-22:00) and sleep start times (e.g., 22:45) are recorded, enabling temporal comparison.",Item supports recording exercise timing alongside sleep timing for temporal context; observable condition is activity timing and subsequent sleep being compared.,Supports comparing late activity timing with subsequent sleep onset timing. Supported contextual connection.,qwen3.8-max,7ba2036f6f0275d3b8e3d67a78b329727bf8761469f69532bb6c2b0127f9d799,blinded-annotation-v2-shortrefs
C021,K074,0,labeled,0,labeled,0,labeled,True,False,PROVISIONAL_LLM_GOLD,No emergency-response deployment context exists in the data.,Item requires confirmed emergency-response deployment context; explicitly non-applicable without it.,Deployment context unknown. Item explicitly non-applicable without it.,qwen3.8-max,7ba2036f6f0275d3b8e3d67a78b329727bf8761469f69532bb6c2b0127f9d799,blinded-annotation-v2-shortrefs
C021,K075,0,labeled,0,labeled,0,labeled,True,False,PROVISIONAL_LLM_GOLD,No tiredness or energy history is reported. Sleep hours are recorded but do not establish preferred energy times.,Item requires subjective energy pattern and availability; non-applicable with no tiredness or energy history.,Wearable sleep hours do not establish preferred energy times. Conditions not met.,qwen3.8-max,7ba2036f6f0275d3b8e3d67a78b329727bf8761469f69532bb6c2b0127f9d799,blinded-annotation-v2-shortrefs
C021,K076,0,labeled,1,labeled,0,labeled,False,False,PROVISIONAL_LLM_GOLD,No substance or medication history is recorded. Assuming unrecorded exposures occurred is explicitly non-applicable per item conditions.,Item requires substance and medication history for causal interpretation; non-applicable when assuming unrecorded exposures occurred.,Assuming unrecorded exposures occurred is explicitly non-applicable. Generic advice without observational connection.,qwen3.8-max,7ba2036f6f0275d3b8e3d67a78b329727bf8761469f69532bb6c2b0127f9d799,blinded-annotation-v2-shortrefs
C021,K077,1,labeled,1,labeled,1,labeled,True,False,PROVISIONAL_LLM_GOLD,Daily resting_heart_rate_bpm values (55-57 bpm) are recorded.,"Item explains RHR is measured while still and well-rested, distinct from exercise HR; observable condition is RHR observations available.","Provides context that RHR is measured in a resting state, distinct from exercise HR. Supported contextual connection.",qwen3.8-max,7ba2036f6f0275d3b8e3d67a78b329727bf8761469f69532bb6c2b0127f9d799,blinded-annotation-v2-shortrefs
C021,K078,1,labeled,1,labeled,1,labeled,True,False,PROVISIONAL_LLM_GOLD,Daily resting_heart_rate_bpm is recorded (55-57 bpm). Metadata notes night RMSSD but sleeping heart rate is not separately reported.,Item explains sleeping heart rate differs from daily resting estimate; observable condition is a daily RHR trend being interpreted.,"Relevant context: the recorded RHR is a daily estimate, distinct from sleeping HR. Supported contextual connection.",qwen3.8-max,7ba2036f6f0275d3b8e3d67a78b329727bf8761469f69532bb6c2b0127f9d799,blinded-annotation-v2-shortrefs
C021,K079,1,labeled,1,labeled,1,labeled,True,False,PROVISIONAL_LLM_GOLD,RHR is stable (55-57 bpm) across both periods with mean difference of 0.43 bpm. No exposure or symptom information is recorded to attribute cause.,Item explains RHR rise has several possible explanations; observable condition is RHR changes relative to previous readings.,"Contextual: RHR is stable here, but item correctly notes multiple factors influence RHR. Supported contextual connection.",qwen3.8-max,7ba2036f6f0275d3b8e3d67a78b329727bf8761469f69532bb6c2b0127f9d799,blinded-annotation-v2-shortrefs
C021,K080,2,labeled,2,labeled,1,labeled,False,False,PROVISIONAL_LLM_GOLD,Both resting_heart_rate_bpm (55-57) and hrv_rmssd_ms (43-47) are recorded daily as distinct metrics.,Item core directly explains that HRV measures variation between beats and is not the same as average heart rate; observable condition is HRV and heart-rate estimates being interpreted together.,Core directly explains that HRV (RMSSD) and RHR are distinct metrics co-reported in the data.,qwen3.8-max,7ba2036f6f0275d3b8e3d67a78b329727bf8761469f69532bb6c2b0127f9d799,blinded-annotation-v2-shortrefs
C021,K081,1,labeled,1,labeled,1,labeled,True,False,PROVISIONAL_LLM_GOLD,"28-day baseline HRV RMSSD mean is 44.96 ms, providing personal context for window values (mean 45.71 ms).",Item explains HRV differs between people and should use personal history; observable condition is an HRV level or trend being reviewed.,"Relevant context: HRV should be compared to personal baseline, not universal norms. Supported contextual connection.",qwen3.8-max,7ba2036f6f0275d3b8e3d67a78b329727bf8761469f69532bb6c2b0127f9d799,blinded-annotation-v2-shortrefs
C021,K082,2,labeled,2,labeled,1,labeled,False,False,PROVISIONAL_LLM_GOLD,"28-day baseline provides personal history (e.g., sleep mean 470.5 min, variance 16.96) against which window changes (mean 440.6, variance 2037.1) are compared.",Item core directly explains using up to 30 days of recent data as personal range context for interpreting vital changes.,Core directly explains how the 28-day baseline establishes personal ranges for interpreting window changes.,qwen3.8-max,7ba2036f6f0275d3b8e3d67a78b329727bf8761469f69532bb6c2b0127f9d799,blinded-annotation-v2-shortrefs
C021,K083,1,labeled,1,labeled,1,labeled,True,False,PROVISIONAL_LLM_GOLD,"RHR is recorded daily over 42 days (28 baseline + 14 window), ranging 55-57 bpm.",Item explains reviewing repeated readings preserves trend context that a single daily estimate cannot provide; observable condition is repeated RHR readings.,Supports reviewing RHR over the full 42-day period rather than single daily values. Supported contextual connection.,qwen3.8-max,7ba2036f6f0275d3b8e3d67a78b329727bf8761469f69532bb6c2b0127f9d799,blinded-annotation-v2-shortrefs
C021,K084,1,labeled,1,labeled,1,labeled,True,False,PROVISIONAL_LLM_GOLD,HRV RMSSD values are recorded nightly across 42 days. No diagnosis is made from them.,"Item explains HRV trends are wellness observations, not diagnoses; observable condition is an HRV trend available for wellness monitoring.","Important context: HRV observations are wellness data, not diagnostic indicators. Supported contextual connection.",qwen3.8-max,7ba2036f6f0275d3b8e3d67a78b329727bf8761469f69532bb6c2b0127f9d799,blinded-annotation-v2-shortrefs
C021,K085,2,labeled,2,labeled,1,labeled,False,False,PROVISIONAL_LLM_GOLD,HRV is recorded as hrv_rmssd_ms. Metadata confirms 'synthetic-wearable-v1; night RMSSD'.,Item core directly specifies the RMSSD formula for Fitbit HRV; observable condition is HRV records identifying RMSSD as their metric.,Core directly confirms the specific metric definition (RMSSD) used in the wearable data observations.,qwen3.8-max,7ba2036f6f0275d3b8e3d67a78b329727bf8761469f69532bb6c2b0127f9d799,blinded-annotation-v2-shortrefs
C021,K086,1,labeled,1,labeled,1,labeled,True,False,PROVISIONAL_LLM_GOLD,HRV RMSSD values are recorded nightly. All sleep durations exceed 3 hours (min 385 min). Metadata notes night RMSSD.,Item explains HRV comes from longest sleep period over 3 hours; observable condition is overnight HRV estimates being compared.,"Provides supported contextual information about how the device collects overnight HRV RMSSD values, confirming all nights meet the >3h threshold.",qwen3.8-max,7ba2036f6f0275d3b8e3d67a78b329727bf8761469f69532bb6c2b0127f9d799,blinded-annotation-v2-shortrefs
C021,K087,0,labeled,0,labeled,0,labeled,True,False,PROVISIONAL_LLM_GOLD,No sleep-stage measurements exist in the data. Only duration and timing are recorded.,Item requires sleep-stage measurements; explicitly non-applicable when only sleep duration and timing are available.,Required condition of sleep-stage data is explicitly contradicted by available observations.,qwen3.8-max,7ba2036f6f0275d3b8e3d67a78b329727bf8761469f69532bb6c2b0127f9d799,blinded-annotation-v2-shortrefs
C021,K088,0,labeled,0,labeled,0,labeled,True,False,PROVISIONAL_LLM_GOLD,No health concerns or symptoms are reported in the data.,Item requires reported health concerns or symptoms; non-applicable when declaring an emergency from a relative trend without clinical context.,Generic disclaimer. No reported health concerns to trigger applicability.,qwen3.8-max,7ba2036f6f0275d3b8e3d67a78b329727bf8761469f69532bb6c2b0127f9d799,blinded-annotation-v2-shortrefs
C021,K089,0,labeled,0,labeled,0,labeled,True,False,PROVISIONAL_LLM_GOLD,Heart rate readings are stable (55-57 bpm) with no evidence of fit problems or unreliable readings.,Item requires device placement and contact information suggesting unreliability; non-applicable when assuming fit problems without evidence.,No evidence of fit problems. Heart rate readings appear stable and reliable.,qwen3.8-max,7ba2036f6f0275d3b8e3d67a78b329727bf8761469f69532bb6c2b0127f9d799,blinded-annotation-v2-shortrefs
C021,K090,1,labeled,1,labeled,0,labeled,False,False,PROVISIONAL_LLM_GOLD,"Nighttime coverage ranges from 405 to 505 minutes across all nights, exceeding the 180-minute validity threshold.","Item explains that overnight vitals require separate night-time wear information, not just daytime coverage.","Supported contextual connection: confirms overnight vitals require the recorded nighttime coverage, which is present throughout.",qwen3.8-max,7ba2036f6f0275d3b8e3d67a78b329727bf8761469f69532bb6c2b0127f9d799,blinded-annotation-v2-shortrefs
C021,K091,0,labeled,0,labeled,0,labeled,True,False,PROVISIONAL_LLM_GOLD,No vitals are missing. Nighttime coverage exceeds 180 minutes every night (min 405).,Item requires a missing vital with limited night-time data; non-applicable when interpreting a missing measurement as zero.,No vitals are missing and coverage exceeds thresholds. Item not applicable.,qwen3.8-max,7ba2036f6f0275d3b8e3d67a78b329727bf8761469f69532bb6c2b0127f9d799,blinded-annotation-v2-shortrefs
C021,K092,0,labeled,0,labeled,0,labeled,True,False,PROVISIONAL_LLM_GOLD,No missing data observed. All 14 window days and 28 baseline days have complete metrics.,Item requires missing or delayed vitals; non-applicable when treating unsupported metrics as measured zeros.,No vitals are missing. Item conditions are not triggered by observations.,qwen3.8-max,7ba2036f6f0275d3b8e3d67a78b329727bf8761469f69532bb6c2b0127f9d799,blinded-annotation-v2-shortrefs
C021,K093,0,labeled,0,labeled,0,labeled,True,False,PROVISIONAL_LLM_GOLD,Same synthetic device used throughout all 42 days. No device switch occurred.,Item requires device and algorithm change history; non-applicable when assuming a device switch in a documented same-device series.,Same device used throughout. No evidence of device switch complicating comparison.,qwen3.8-max,7ba2036f6f0275d3b8e3d67a78b329727bf8761469f69532bb6c2b0127f9d799,blinded-annotation-v2-shortrefs
C021,K094,1,labeled,1,labeled,1,labeled,True,False,PROVISIONAL_LLM_GOLD,"Sleep duration (e.g., 475 min) and sleep start/end timestamps are recorded daily. Metadata defines synthetic wearable sleep estimation.",Item explains estimated time asleep differs from full sleep period boundaries; observable condition is device-estimated sleep duration and boundaries available.,Relevant context: estimated time asleep differs from full sleep period boundaries. Supported contextual connection.,qwen3.8-max,7ba2036f6f0275d3b8e3d67a78b329727bf8761469f69532bb6c2b0127f9d799,blinded-annotation-v2-shortrefs
C021,K095,0,labeled,1,labeled,0,labeled,False,False,PROVISIONAL_LLM_GOLD,No missing sleep observations. Nighttime coverage is adequate every night (min 405 min > 180 min threshold).,Item requires absent sleep readings with non-wear or incomplete coverage; non-applicable when treating non-wear as zero sleep.,No missing sleep observations. Device worn every night with adequate coverage. Conditions not triggered.,qwen3.8-max,7ba2036f6f0275d3b8e3d67a78b329727bf8761469f69532bb6c2b0127f9d799,blinded-annotation-v2-shortrefs
C021,K096,0,labeled,1,labeled,0,labeled,False,False,PROVISIONAL_LLM_GOLD,"Steps are stable across periods (baseline mean 7947, window mean 8088). No evidence of measurement limitation or wear change.",Item requires step readings changing with possible measurement limitations; non-applicable when assuming low recorded steps always mean less actual walking.,Steps are stable. No evidence of measurement limitation affecting readings. Generic background.,qwen3.8-max,7ba2036f6f0275d3b8e3d67a78b329727bf8761469f69532bb6c2b0127f9d799,blinded-annotation-v2-shortrefs
C022,K001,2,labeled,2,labeled,1,labeled,False,False,PROVISIONAL_LLM_GOLD,"Age band 18-60; sleep duration mean 469.8 min (baseline) and 470.4 min (window), all nights >=462 min (~7.7h).",Applies to adults aged 18-60; recommends at least 7 hours of sleep.,Core reference: subject's sleep consistently meets the >=7h adult recommendation for their age band; directly explains the observed pattern.,qwen3.8-max,6cfcd98453b1c12f551709f4c7508a3935741c64a17c74b878f540612d1c53ec,blinded-annotation-v2-shortrefs
C022,K002,0,labeled,0,labeled,0,labeled,True,False,PROVISIONAL_LLM_GOLD,Metadata age_band is 18-60.,Requires age 61 to 64.,Subject age band excludes this recommendation.,qwen3.8-max,6cfcd98453b1c12f551709f4c7508a3935741c64a17c74b878f540612d1c53ec,blinded-annotation-v2-shortrefs
C022,K003,0,labeled,0,labeled,0,labeled,True,False,PROVISIONAL_LLM_GOLD,Age band 18-60 per metadata.,Requires age at least 65.,Subject age band excludes this recommendation.,qwen3.8-max,6cfcd98453b1c12f551709f4c7508a3935741c64a17c74b878f540612d1c53ec,blinded-annotation-v2-shortrefs
C022,K004,0,labeled,0,labeled,0,labeled,True,False,PROVISIONAL_LLM_GOLD,Age band 18-60 per metadata.,Requires teenage age group 13-17.,Subject is adult; teenage sleep recommendation does not apply.,qwen3.8-max,6cfcd98453b1c12f551709f4c7508a3935741c64a17c74b878f540612d1c53ec,blinded-annotation-v2-shortrefs
C022,K005,0,labeled,0,labeled,0,labeled,True,False,PROVISIONAL_LLM_GOLD,Sleep duration ~470 min/night consistently; no evidence of schedule-driven loss.,Requires repeatedly shortened sleep opportunity or schedule constraint attribution.,No evidence of insufficient sleep; condition not met.,qwen3.8-max,6cfcd98453b1c12f551709f4c7508a3935741c64a17c74b878f540612d1c53ec,blinded-annotation-v2-shortrefs
C022,K006,0,labeled,0,labeled,0,labeled,True,False,PROVISIONAL_LLM_GOLD,Sleep ~7.8h/night consistently; meets adult recommendations.,Requires consistently short sleep even without new decline.,Sleep duration meets recommendations; not a short routine.,qwen3.8-max,6cfcd98453b1c12f551709f4c7508a3935741c64a17c74b878f540612d1c53ec,blinded-annotation-v2-shortrefs
C022,K007,1,labeled,1,labeled,1,labeled,True,False,PROVISIONAL_LLM_GOLD,Sleep duration recorded nightly (462-478 min); no awakenings or subjective quality data.,Applies when sleep duration is recorded but quality may be unknown.,Clarifies that recorded duration alone does not establish sleep quality; relevant limitation of available data.,qwen3.8-max,6cfcd98453b1c12f551709f4c7508a3935741c64a17c74b878f540612d1c53ec,blinded-annotation-v2-shortrefs
C022,K008,1,labeled,1,labeled,0,labeled,False,False,PROVISIONAL_LLM_GOLD,Total sleep duration recorded nightly; no awakening count or continuity metric available.,Requires awakening history or measured sleep continuity; total duration alone insufficient.,Relevant limitation: total duration data cannot reveal whether night awakenings occurred.,qwen3.8-max,6cfcd98453b1c12f551709f4c7508a3935741c64a17c74b878f540612d1c53ec,blinded-annotation-v2-shortrefs
C022,K009,0,labeled,0,labeled,0,labeled,True,False,PROVISIONAL_LLM_GOLD,Sleep duration ~7.8h (<8h); no refreshment status reported.,Requires more than eight hours of night-time sleep with reported lack of refreshment.,Sleep under 8h and no refreshment report; conditions not met.,qwen3.8-max,6cfcd98453b1c12f551709f4c7508a3935741c64a17c74b878f540612d1c53ec,blinded-annotation-v2-shortrefs
C022,K010,0,labeled,0,labeled,0,labeled,True,False,PROVISIONAL_LLM_GOLD,Sleep duration stable ~470 min/night; no cognitive symptoms recorded.,Requires repeatedly shortened sleep and symptoms for cognitive impairment claims.,No sleep restriction or cognitive symptoms observed.,qwen3.8-max,6cfcd98453b1c12f551709f4c7508a3935741c64a17c74b878f540612d1c53ec,blinded-annotation-v2-shortrefs
C022,K011,0,labeled,0,labeled,0,labeled,True,False,PROVISIONAL_LLM_GOLD,"Baseline sleep mean 469.8 min, window mean 470.4 min; no shortened nights observed.",Requires several nights of reduced sleep duration.,No repeated sleep restriction in the data; condition not met.,qwen3.8-max,6cfcd98453b1c12f551709f4c7508a3935741c64a17c74b878f540612d1c53ec,blinded-annotation-v2-shortrefs
C022,K012,0,labeled,0,labeled,0,labeled,True,False,PROVISIONAL_LLM_GOLD,Sleep duration adequate and stable ~470 min/night.,Requires ongoing insufficient sleep.,No sleep deficiency observed; generic immune information not applicable.,qwen3.8-max,6cfcd98453b1c12f551709f4c7508a3935741c64a17c74b878f540612d1c53ec,blinded-annotation-v2-shortrefs
C022,K013,0,labeled,0,labeled,0,labeled,True,False,PROVISIONAL_LLM_GOLD,Sleep adequate; no appetite or food intake data.,Requires repeated insufficient sleep and food intake information.,No sleep deficiency or appetite data; not applicable.,qwen3.8-max,6cfcd98453b1c12f551709f4c7508a3935741c64a17c74b878f540612d1c53ec,blinded-annotation-v2-shortrefs
C022,K014,0,labeled,0,labeled,0,labeled,True,False,PROVISIONAL_LLM_GOLD,No sleepiness or driving context recorded.,Requires reported sleepiness and driving plans.,Sleepiness and driving context unknown; not applicable.,qwen3.8-max,6cfcd98453b1c12f551709f4c7508a3935741c64a17c74b878f540612d1c53ec,blinded-annotation-v2-shortrefs
C022,K015,1,labeled,1,labeled,1,labeled,True,False,PROVISIONAL_LLM_GOLD,"Sleep duration ranges 462-478 min (baseline) and 464-476 min (window), averaging ~7.8h.",Applies when adult sleep duration is being reviewed; individual experience needed for adequacy.,Provides context that population averages don't define individual needs; supported contextual connection.,qwen3.8-max,6cfcd98453b1c12f551709f4c7508a3935741c64a17c74b878f540612d1c53ec,blinded-annotation-v2-shortrefs
C022,K016,0,labeled,0,labeled,0,labeled,True,False,PROVISIONAL_LLM_GOLD,14-day window data; no reported sleeping difficulties or months-long history.,Requires months-long sleeping difficulties or failed habit changes.,Brief record without reported problems; cannot establish insomnia conditions.,qwen3.8-max,6cfcd98453b1c12f551709f4c7508a3935741c64a17c74b878f540612d1c53ec,blinded-annotation-v2-shortrefs
C022,K017,2,labeled,2,labeled,0,labeled,False,False,PROVISIONAL_LLM_GOLD,Sleep end exactly 07:00 every day; sleep start variance only 30.0 min^2 (baseline) and 15.4 min^2 (window).,Applies to reviewing routine consistency; stable schedule alone does not establish a problem.,"Core confirmation: sleep timing is highly consistent, directly aligning with this recommendation's principle.",qwen3.8-max,6cfcd98453b1c12f551709f4c7508a3935741c64a17c74b878f540612d1c53ec,blinded-annotation-v2-shortrefs
C022,K018,0,labeled,0,labeled,0,labeled,True,False,PROVISIONAL_LLM_GOLD,Wake time exactly 07:00 every day; no sleeping difficulties reported.,Requires inconsistent wake time with reported sleeping difficulties.,Wake time perfectly consistent; no insomnia symptoms.,qwen3.8-max,6cfcd98453b1c12f551709f4c7508a3935741c64a17c74b878f540612d1c53ec,blinded-annotation-v2-shortrefs
C022,K019,1,labeled,1,labeled,0,labeled,False,False,PROVISIONAL_LLM_GOLD,Sleep start weekday mean 650.45 min vs weekend 649.625 min from noon; difference <1 min.,Applies when bedtime/wake time differs between weekdays and weekends; advises <1h difference.,"Weekday-weekend difference is <1 min; data shows schedules are already similar, meeting this guidance.",qwen3.8-max,6cfcd98453b1c12f551709f4c7508a3935741c64a17c74b878f540612d1c53ec,blinded-annotation-v2-shortrefs
C022,K020,0,labeled,0,labeled,0,labeled,True,False,PROVISIONAL_LLM_GOLD,Sleep start times recorded but no pre-bed activity information available.,Requires information about pre-bed activities for targeted advice.,Timestamps alone do not reveal what the person did before bed; condition not met.,qwen3.8-max,6cfcd98453b1c12f551709f4c7508a3935741c64a17c74b878f540612d1c53ec,blinded-annotation-v2-shortrefs
C022,K021,0,labeled,0,labeled,0,labeled,True,False,PROVISIONAL_LLM_GOLD,No screen or light exposure data recorded.,Requires known bright-screen exposure shortly before bed.,Screen exposure unknown; condition not met.,qwen3.8-max,6cfcd98453b1c12f551709f4c7508a3935741c64a17c74b878f540612d1c53ec,blinded-annotation-v2-shortrefs
C022,K022,0,labeled,0,labeled,0,labeled,True,False,PROVISIONAL_LLM_GOLD,No caffeine intake recorded in wearable data.,Requires known afternoon or evening caffeine use with sleeping difficulty.,Caffeine history unknown; item conditions not met.,qwen3.8-max,6cfcd98453b1c12f551709f4c7508a3935741c64a17c74b878f540612d1c53ec,blinded-annotation-v2-shortrefs
C022,K023,0,labeled,0,labeled,0,labeled,True,False,PROVISIONAL_LLM_GOLD,No meal timing or size data recorded.,Requires known large meal shortly before bed.,Meal information unknown; item not applicable.,qwen3.8-max,6cfcd98453b1c12f551709f4c7508a3935741c64a17c74b878f540612d1c53ec,blinded-annotation-v2-shortrefs
C022,K024,0,labeled,0,labeled,0,labeled,True,False,PROVISIONAL_LLM_GOLD,No alcohol intake data recorded.,Requires alcohol intake and timing near bedtime.,Alcohol exposure is unknown; item conditions not met.,qwen3.8-max,6cfcd98453b1c12f551709f4c7508a3935741c64a17c74b878f540612d1c53ec,blinded-annotation-v2-shortrefs
C022,K025,0,labeled,0,labeled,0,labeled,True,False,PROVISIONAL_LLM_GOLD,No nicotine use data recorded.,Requires nicotine exposure to link with sleep concerns.,Nicotine use unknown; not applicable.,qwen3.8-max,6cfcd98453b1c12f551709f4c7508a3935741c64a17c74b878f540612d1c53ec,blinded-annotation-v2-shortrefs
C022,K026,0,labeled,0,labeled,0,labeled,True,False,PROVISIONAL_LLM_GOLD,"No bedroom environment data (light, noise, temperature) recorded.",Requires known disruptive bedroom environment.,Environment unknown; wearable data cannot establish bedroom conditions.,qwen3.8-max,6cfcd98453b1c12f551709f4c7508a3935741c64a17c74b878f540612d1c53ec,blinded-annotation-v2-shortrefs
C022,K027,0,labeled,0,labeled,0,labeled,True,False,PROVISIONAL_LLM_GOLD,No relaxation difficulty or pre-bed routine issues reported.,Requires reported difficulty relaxing or request for routine options.,No relaxation difficulty evidenced; generic advice not connected to observations.,qwen3.8-max,6cfcd98453b1c12f551709f4c7508a3935741c64a17c74b878f540612d1c53ec,blinded-annotation-v2-shortrefs
C022,K028,0,labeled,0,labeled,0,labeled,True,False,PROVISIONAL_LLM_GOLD,No nap data recorded in wearable observations.,Requires nap history to be recorded or reported.,Nap history unknown; item not applicable.,qwen3.8-max,6cfcd98453b1c12f551709f4c7508a3935741c64a17c74b878f540612d1c53ec,blinded-annotation-v2-shortrefs
C022,K029,0,labeled,0,labeled,0,labeled,True,False,PROVISIONAL_LLM_GOLD,Sleep schedule stable overnight throughout; no shift work indicated.,Requires confirmed shift-work schedule.,Shift work unknown; sleep schedule is stable.,qwen3.8-max,6cfcd98453b1c12f551709f4c7508a3935741c64a17c74b878f540612d1c53ec,blinded-annotation-v2-shortrefs
C022,K030,0,labeled,0,labeled,0,labeled,True,False,PROVISIONAL_LLM_GOLD,No shift work indicated; sleep consistently overnight.,Requires confirmed shift work with work schedule context.,Shift work unknown; not applicable.,qwen3.8-max,6cfcd98453b1c12f551709f4c7508a3935741c64a17c74b878f540612d1c53ec,blinded-annotation-v2-shortrefs
C022,K031,0,labeled,0,labeled,0,labeled,True,False,PROVISIONAL_LLM_GOLD,No shift work or caffeine data recorded.,Requires shift schedule and caffeine intake.,Shift work and caffeine use unknown; not applicable.,qwen3.8-max,6cfcd98453b1c12f551709f4c7508a3935741c64a17c74b878f540612d1c53ec,blinded-annotation-v2-shortrefs
C022,K032,0,labeled,0,labeled,0,labeled,True,False,PROVISIONAL_LLM_GOLD,Only overnight sleep recorded; no shift work or daytime sleep.,Requires daytime sleep associated with shift work.,Only ordinary overnight sleep; shift work unknown.,qwen3.8-max,6cfcd98453b1c12f551709f4c7508a3935741c64a17c74b878f540612d1c53ec,blinded-annotation-v2-shortrefs
C022,K033,1,labeled,1,labeled,0,labeled,False,False,PROVISIONAL_LLM_GOLD,Wearable records sleep start/end/duration but not awakenings or naps.,Requires a changed or variable sleep pattern needing review; awakenings/naps need separate records.,Supports value of diary data for capturing awakenings/naps absent from wearable records; relevant methodological context.,qwen3.8-max,6cfcd98453b1c12f551709f4c7508a3935741c64a17c74b878f540612d1c53ec,blinded-annotation-v2-shortrefs
C022,K034,0,labeled,0,labeled,0,labeled,True,False,PROVISIONAL_LLM_GOLD,Sleep duration stable ~470 min/night; no shortened nights.,Requires several shortened nights rather than a single isolated reading.,No sleep loss observed; item not applicable.,qwen3.8-max,6cfcd98453b1c12f551709f4c7508a3935741c64a17c74b878f540612d1c53ec,blinded-annotation-v2-shortrefs
C022,K035,0,labeled,0,labeled,0,labeled,True,False,PROVISIONAL_LLM_GOLD,Weekday sleep mean 469.55 min vs weekend 470.375 min (baseline); difference <1 min.,Requires longer sleep and later timing on days off vs workdays.,No substantial weekend sleep extension observed; cannot signal insufficient workday sleep.,qwen3.8-max,6cfcd98453b1c12f551709f4c7508a3935741c64a17c74b878f540612d1c53ec,blinded-annotation-v2-shortrefs
C022,K036,0,labeled,0,labeled,0,labeled,True,False,PROVISIONAL_LLM_GOLD,No nap data recorded.,Requires recorded naps after shortened night-time sleep.,Nap information unavailable; not applicable.,qwen3.8-max,6cfcd98453b1c12f551709f4c7508a3935741c64a17c74b878f540612d1c53ec,blinded-annotation-v2-shortrefs
C022,K037,0,labeled,0,labeled,0,labeled,True,False,PROVISIONAL_LLM_GOLD,"Sleep start variance 30.0 (baseline), 15.4 (window); wake time constant at 07:00.",Requires recent bad night and reported sleeping difficulties.,No sleeping difficulties reported; sleep pattern consistent throughout.,qwen3.8-max,6cfcd98453b1c12f551709f4c7508a3935741c64a17c74b878f540612d1c53ec,blinded-annotation-v2-shortrefs
C022,K038,0,labeled,0,labeled,0,labeled,True,False,PROVISIONAL_LLM_GOLD,14-day window; no insomnia symptoms reported.,Requires symptom history and onset for duration categorization.,No insomnia symptoms reported; cannot diagnose from duration alone.,qwen3.8-max,6cfcd98453b1c12f551709f4c7508a3935741c64a17c74b878f540612d1c53ec,blinded-annotation-v2-shortrefs
C022,K039,0,labeled,0,labeled,0,labeled,True,False,PROVISIONAL_LLM_GOLD,No travel history; timezone Asia/Shanghai constant throughout.,Requires confirmed travel across time zones.,Travel context unknown; item not applicable.,qwen3.8-max,6cfcd98453b1c12f551709f4c7508a3935741c64a17c74b878f540612d1c53ec,blinded-annotation-v2-shortrefs
C022,K040,0,labeled,0,labeled,0,labeled,True,False,PROVISIONAL_LLM_GOLD,No travel context; timezone constant Asia/Shanghai.,Requires a short trip across time zones planned.,Travel context unknown; item not applicable.,qwen3.8-max,6cfcd98453b1c12f551709f4c7508a3935741c64a17c74b878f540612d1c53ec,blinded-annotation-v2-shortrefs
C022,K041,0,labeled,0,labeled,0,labeled,True,False,PROVISIONAL_LLM_GOLD,Activity duration stable ~55 min/day; intensity unknown.,Requires low or declining movement; intensity needed for guideline assessment.,No activity decline; intensity unknown prevents assessment.,qwen3.8-max,6cfcd98453b1c12f551709f4c7508a3935741c64a17c74b878f540612d1c53ec,blinded-annotation-v2-shortrefs
C022,K042,0,labeled,0,labeled,0,labeled,True,False,PROVISIONAL_LLM_GOLD,Activity stable ~55 min/day and ~8000 steps throughout; no inactivity period.,Requires recently low or reduced physical activity.,No inactivity observed; not applicable.,qwen3.8-max,6cfcd98453b1c12f551709f4c7508a3935741c64a17c74b878f540612d1c53ec,blinded-annotation-v2-shortrefs
C022,K043,0,labeled,0,labeled,0,labeled,True,False,PROVISIONAL_LLM_GOLD,Activity intensity unknown; ~55 min/day moving minutes recorded.,Requires known activity intensity to determine moderate-intensity attainment.,Intensity unknown; cannot determine if moderate-intensity target met.,qwen3.8-max,6cfcd98453b1c12f551709f4c7508a3935741c64a17c74b878f540612d1c53ec,blinded-annotation-v2-shortrefs
C022,K044,0,labeled,0,labeled,0,labeled,True,False,PROVISIONAL_LLM_GOLD,All activity intervals have intensity 'unknown'.,Requires documented vigorous aerobic activity.,Intensity unknown; cannot apply vigorous activity target.,qwen3.8-max,6cfcd98453b1c12f551709f4c7508a3935741c64a17c74b878f540612d1c53ec,blinded-annotation-v2-shortrefs
C022,K045,0,labeled,0,labeled,0,labeled,True,False,PROVISIONAL_LLM_GOLD,Activity stable ~55 min/day; no reduction observed.,Requires reduced activity or limited opportunities for long sessions.,No activity reduction observed; generic scheduling advice.,qwen3.8-max,6cfcd98453b1c12f551709f4c7508a3935741c64a17c74b878f540612d1c53ec,blinded-annotation-v2-shortrefs
C022,K046,0,labeled,0,labeled,0,labeled,True,False,PROVISIONAL_LLM_GOLD,Only steps and activity_duration_minutes recorded; no strengthening data.,Requires strengthening activity records including days and muscle groups.,Only step/movement counts available; cannot assess strengthening.,qwen3.8-max,6cfcd98453b1c12f551709f4c7508a3935741c64a17c74b878f540612d1c53ec,blinded-annotation-v2-shortrefs
C022,K047,0,labeled,0,labeled,0,labeled,True,False,PROVISIONAL_LLM_GOLD,Activity intensity unknown throughout; ~55 min/day recorded.,Requires documented aerobic activity reaching guidelines with known intensity.,Unknown intensity prevents assessing additional benefit potential.,qwen3.8-max,6cfcd98453b1c12f551709f4c7508a3935741c64a17c74b878f540612d1c53ec,blinded-annotation-v2-shortrefs
C022,K048,0,labeled,0,labeled,0,labeled,True,False,PROVISIONAL_LLM_GOLD,All activity intensity labeled 'unknown'; no fitness context.,Requires fitness or perceived effort to assign relative intensity.,Intensity unknown; cannot assign relative intensity from step counts.,qwen3.8-max,6cfcd98453b1c12f551709f4c7508a3935741c64a17c74b878f540612d1c53ec,blinded-annotation-v2-shortrefs
C022,K049,0,labeled,0,labeled,0,labeled,True,False,PROVISIONAL_LLM_GOLD,All activity intensity 'unknown'; no breathing or talk-test observations.,Requires an aerobic activity and breathing or talk-test observation.,Effort unrecorded; cannot apply talk test.,qwen3.8-max,6cfcd98453b1c12f551709f4c7508a3935741c64a17c74b878f540612d1c53ec,blinded-annotation-v2-shortrefs
C022,K050,1,labeled,1,labeled,0,labeled,False,False,PROVISIONAL_LLM_GOLD,Steps vary daily (7603-8404 baseline) while activity_duration remains stable (50-60 min).,Applies when steps change while other activity may differ; intensity needed for interpretation.,Steps fluctuate but activity minutes remain stable; steps alone don't capture all exercise types.,qwen3.8-max,6cfcd98453b1c12f551709f4c7508a3935741c64a17c74b878f540612d1c53ec,blinded-annotation-v2-shortrefs
C022,K051,0,labeled,0,labeled,0,labeled,True,False,PROVISIONAL_LLM_GOLD,"Steps stable (mean ~8000 baseline, ~7996 window); no decline observed.",Requires low or declining routine movement.,No movement decline observed; generic advice not specifically informative.,qwen3.8-max,6cfcd98453b1c12f551709f4c7508a3935741c64a17c74b878f540612d1c53ec,blinded-annotation-v2-shortrefs
C022,K052,0,labeled,0,labeled,0,labeled,True,False,PROVISIONAL_LLM_GOLD,Activity levels stable; no difficulty maintaining habits evidenced.,Requires activity habit low or difficult to maintain with personal preferences.,No activity difficulty observed; generic planning advice.,qwen3.8-max,6cfcd98453b1c12f551709f4c7508a3935741c64a17c74b878f540612d1c53ec,blinded-annotation-v2-shortrefs
C022,K053,0,labeled,0,labeled,0,labeled,True,False,PROVISIONAL_LLM_GOLD,Activity stable; no motivational issues or social preferences recorded.,Requires social preferences or reported motivational barrier.,No evidence of activity decline needing social motivation support.,qwen3.8-max,6cfcd98453b1c12f551709f4c7508a3935741c64a17c74b878f540612d1c53ec,blinded-annotation-v2-shortrefs
C022,K054,0,labeled,0,labeled,0,labeled,True,False,PROVISIONAL_LLM_GOLD,Activity stable ~55 min/day; no time barrier reported.,Requires low activity with a reported time barrier.,No time barrier or low activity evidenced; item not applicable.,qwen3.8-max,6cfcd98453b1c12f551709f4c7508a3935741c64a17c74b878f540612d1c53ec,blinded-annotation-v2-shortrefs
C022,K055,0,labeled,0,labeled,0,labeled,True,False,PROVISIONAL_LLM_GOLD,Activity stable; no schedule barriers evident.,Requires reported competing demands reducing activity.,Schedule reason unknown; activity is stable.,qwen3.8-max,6cfcd98453b1c12f551709f4c7508a3935741c64a17c74b878f540612d1c53ec,blinded-annotation-v2-shortrefs
C022,K056,0,labeled,0,labeled,0,labeled,True,False,PROVISIONAL_LLM_GOLD,No chronic health conditions or disabilities recorded.,Requires relevant health condition and activity safety history.,Medical context unknown; item not applicable.,qwen3.8-max,6cfcd98453b1c12f551709f4c7508a3935741c64a17c74b878f540612d1c53ec,blinded-annotation-v2-shortrefs
C022,K057,1,labeled,1,labeled,0,labeled,False,False,PROVISIONAL_LLM_GOLD,Repeated ~45-min low_movement_intervals during 720 min verified daytime wear each day.,Requires long uninterrupted daytime low-movement intervals with adequate wear; posture context needed for sitting claim.,"Data shows repeated low-movement blocks during verified wear, but device low movement is not confirmed sitting; partially supported contextual connection.",qwen3.8-max,6cfcd98453b1c12f551709f4c7508a3935741c64a17c74b878f540612d1c53ec,blinded-annotation-v2-shortrefs
C022,K058,0,labeled,0,labeled,0,labeled,True,False,PROVISIONAL_LLM_GOLD,Low movement intervals present but posture unconfirmed; activity intensity unknown.,Requires confirmed sitting posture and known activity intensity for guideline claims.,Device low movement is not confirmed sitting; cannot apply sedentary warning.,qwen3.8-max,6cfcd98453b1c12f551709f4c7508a3935741c64a17c74b878f540612d1c53ec,blinded-annotation-v2-shortrefs
C022,K059,0,labeled,0,labeled,0,labeled,True,False,PROVISIONAL_LLM_GOLD,Low movement minutes ~447-451 mean; no posture confirmation.,Requires confirmed sitting for a specific sedentary-time conclusion.,Device low movement is not confirmed sitting; cannot conclude sedentary time.,qwen3.8-max,6cfcd98453b1c12f551709f4c7508a3935741c64a17c74b878f540612d1c53ec,blinded-annotation-v2-shortrefs
C022,K060,0,labeled,0,labeled,0,labeled,True,False,PROVISIONAL_LLM_GOLD,No commuting or transport context recorded.,Requires established sedentary commuting with transport context.,Commute unknown; item not applicable.,qwen3.8-max,6cfcd98453b1c12f551709f4c7508a3935741c64a17c74b878f540612d1c53ec,blinded-annotation-v2-shortrefs
C022,K061,0,labeled,0,labeled,0,labeled,True,False,PROVISIONAL_LLM_GOLD,Low movement intervals present but work context unknown.,Requires desk work with prolonged sitting and workplace layout context.,Work context unknown; device low movement is not confirmed sitting.,qwen3.8-max,6cfcd98453b1c12f551709f4c7508a3935741c64a17c74b878f540612d1c53ec,blinded-annotation-v2-shortrefs
C022,K062,0,labeled,0,labeled,0,labeled,True,False,PROVISIONAL_LLM_GOLD,No workplace or meeting context recorded.,Requires meetings or desk work involving prolonged sitting with workplace context.,Workplace context unknown; not applicable.,qwen3.8-max,6cfcd98453b1c12f551709f4c7508a3935741c64a17c74b878f540612d1c53ec,blinded-annotation-v2-shortrefs
C022,K063,0,labeled,0,labeled,0,labeled,True,False,PROVISIONAL_LLM_GOLD,No television viewing or screen habits recorded.,Requires prolonged sitting while watching television.,Screen habits unknown; device low movement is not confirmed TV sitting.,qwen3.8-max,6cfcd98453b1c12f551709f4c7508a3935741c64a17c74b878f540612d1c53ec,blinded-annotation-v2-shortrefs
C022,K064,0,labeled,0,labeled,0,labeled,True,False,PROVISIONAL_LLM_GOLD,Low movement intervals present but leisure context unknown.,Requires substantial habitual seated leisure with routine context.,Leisure context unknown; device low movement is not confirmed sitting.,qwen3.8-max,6cfcd98453b1c12f551709f4c7508a3935741c64a17c74b878f540612d1c53ec,blinded-annotation-v2-shortrefs
C022,K065,1,labeled,1,labeled,0,labeled,False,False,PROVISIONAL_LLM_GOLD,Steps ~8000/day and activity_duration ~55 min/day recorded; everyday movement included.,Applies when distinguishing everyday movement from planned exercise.,Relevant distinction: recorded steps and activity include everyday movement beyond formal exercise sessions.,qwen3.8-max,6cfcd98453b1c12f551709f4c7508a3935741c64a17c74b878f540612d1c53ec,blinded-annotation-v2-shortrefs
C022,K066,0,labeled,0,labeled,0,labeled,True,False,PROVISIONAL_LLM_GOLD,Daytime low movement recorded but workday lunch-break context unknown.,Requires known workday lunch-break access and mobility.,Lunch-break context unknown; item not applicable.,qwen3.8-max,6cfcd98453b1c12f551709f4c7508a3935741c64a17c74b878f540612d1c53ec,blinded-annotation-v2-shortrefs
C022,K067,0,labeled,0,labeled,0,labeled,True,False,PROVISIONAL_LLM_GOLD,Steps stable (~8000/day); no stair access or mobility context recorded.,Requires low incidental movement with accessible stairs.,Context unknown; generic suggestion not connected to specific observations.,qwen3.8-max,6cfcd98453b1c12f551709f4c7508a3935741c64a17c74b878f540612d1c53ec,blinded-annotation-v2-shortrefs
C022,K068,1,labeled,1,labeled,1,labeled,True,False,PROVISIONAL_LLM_GOLD,Daily low_movement_minutes ~440-462 during 720 min daytime wear; no posture measurement.,Requires low-movement intervals without posture measurement; warns against relabeling as confirmed sitting.,Directly supports that device low movement should not be treated as confirmed sedentary behavior; relevant contextual connection.,qwen3.8-max,6cfcd98453b1c12f551709f4c7508a3935741c64a17c74b878f540612d1c53ec,blinded-annotation-v2-shortrefs
C022,K069,0,labeled,0,labeled,0,labeled,True,False,PROVISIONAL_LLM_GOLD,Activity and sleep both stable; paired correlation r=0.10 (window).,General benefit statement; cannot establish individual causation.,Weak correlation and general benefit statement cannot establish individual causal relationship.,qwen3.8-max,6cfcd98453b1c12f551709f4c7508a3935741c64a17c74b878f540612d1c53ec,blinded-annotation-v2-shortrefs
C022,K070,0,labeled,0,labeled,0,labeled,True,False,PROVISIONAL_LLM_GOLD,Sleep and activity stable; no outdoor exposure data.,Requires low daytime activity accompanying a changed sleep routine.,Sleep and activity are stable; general advice not specifically informative.,qwen3.8-max,6cfcd98453b1c12f551709f4c7508a3935741c64a17c74b878f540612d1c53ec,blinded-annotation-v2-shortrefs
C022,K071,1,labeled,1,labeled,0,labeled,False,False,PROVISIONAL_LLM_GOLD,Activity intervals consistently 21:00-~22:00; sleep starts ~22:45-22:58; intensity always 'unknown'.,Requires activity close to bedtime with known intensity for intense-exercise advice.,"Late activity occurs within ~1h of sleep, but unknown intensity prevents applying intense-exercise advice directly; supported contextual connection.",qwen3.8-max,6cfcd98453b1c12f551709f4c7508a3935741c64a17c74b878f540612d1c53ec,blinded-annotation-v2-shortrefs
C022,K072,0,labeled,0,labeled,0,labeled,True,False,PROVISIONAL_LLM_GOLD,Activity intervals occur 21:00-~22:00 daily; no insomnia symptoms reported.,Requires exercise near bedtime with reported insomnia symptoms.,No insomnia reported; temporal adjacency alone does not establish need for this advice.,qwen3.8-max,6cfcd98453b1c12f551709f4c7508a3935741c64a17c74b878f540612d1c53ec,blinded-annotation-v2-shortrefs
C022,K073,1,labeled,1,labeled,1,labeled,True,False,PROVISIONAL_LLM_GOLD,Activity intervals 21:00-~22:00 daily; sleep starts ~22:45-22:58; temporal relationship preserved in data.,Requires activity intervals for timing comparisons with subsequent sleep.,Supports recording exercise timing alongside sleep for temporal context review; late activity ends ~1h before sleep start.,qwen3.8-max,6cfcd98453b1c12f551709f4c7508a3935741c64a17c74b878f540612d1c53ec,blinded-annotation-v2-shortrefs
C022,K074,0,labeled,0,labeled,0,labeled,True,False,PROVISIONAL_LLM_GOLD,No emergency-response deployment context in data.,Requires confirmed emergency-response deployment context.,Deployment context unknown; specialized occupational guidance does not apply.,qwen3.8-max,6cfcd98453b1c12f551709f4c7508a3935741c64a17c74b878f540612d1c53ec,blinded-annotation-v2-shortrefs
C022,K075,0,labeled,0,labeled,0,labeled,True,False,PROVISIONAL_LLM_GOLD,No tiredness or energy level data recorded.,Requires subjective energy pattern and reported tiredness limiting activity.,No tiredness history; activity is stable.,qwen3.8-max,6cfcd98453b1c12f551709f4c7508a3935741c64a17c74b878f540612d1c53ec,blinded-annotation-v2-shortrefs
C022,K076,1,labeled,1,labeled,0,labeled,False,False,PROVISIONAL_LLM_GOLD,Transient RHR/HRV changes Apr 3-6; no substance or medication data recorded.,Applies when sleep and activity show temporal relationship needing context; requires substance/medication history.,Missing substance/medication data limits causal interpretation of the transient vital changes; relevant contextual limitation.,qwen3.8-max,6cfcd98453b1c12f551709f4c7508a3935741c64a17c74b878f540612d1c53ec,blinded-annotation-v2-shortrefs
C022,K077,1,labeled,1,labeled,1,labeled,True,False,PROVISIONAL_LLM_GOLD,"Daily resting_heart_rate_bpm recorded (55-67 range); represents still, well-rested context.",Applies when resting heart rate observations are available; clarifies measurement context.,"Clarifies that recorded RHR represents still, well-rested measurement context, distinct from instantaneous exercise HR.",qwen3.8-max,6cfcd98453b1c12f551709f4c7508a3935741c64a17c74b878f540612d1c53ec,blinded-annotation-v2-shortrefs
C022,K078,1,labeled,1,labeled,1,labeled,True,False,PROVISIONAL_LLM_GOLD,Daily resting_heart_rate_bpm recorded (55-67 range in window); no sleeping heart rate metric.,Applies when a daily resting heart-rate trend is being interpreted; clarifies difference from sleeping HR.,Data provides daily RHR; this item clarifies it differs from sleeping heart rate for proper trend interpretation.,qwen3.8-max,6cfcd98453b1c12f551709f4c7508a3935741c64a17c74b878f540612d1c53ec,blinded-annotation-v2-shortrefs
C022,K079,2,labeled,2,labeled,2,labeled,True,False,PROVISIONAL_LLM_GOLD,"RHR rose from baseline 55-57 to 65-67 bpm on Apr 3-6, then returned to 55-57.",Applies when resting heart rate changes relative to previous readings; lists multiple possible influences.,"Core explanation: the transient RHR elevation has many possible causes (caffeine, stress, fever, etc.); data alone cannot identify which.",qwen3.8-max,6cfcd98453b1c12f551709f4c7508a3935741c64a17c74b878f540612d1c53ec,blinded-annotation-v2-shortrefs
C022,K080,1,labeled,1,labeled,1,labeled,True,False,PROVISIONAL_LLM_GOLD,RHR spiked to 65-67 bpm while HRV dropped to 23-26 ms on Apr 3-6; both metrics reported together.,Applies when HRV and heart-rate estimates are interpreted together; clarifies they are distinct quantities.,Directly relevant distinction: the inverse change in RHR and HRV illustrates they measure different things.,qwen3.8-max,6cfcd98453b1c12f551709f4c7508a3935741c64a17c74b878f540612d1c53ec,blinded-annotation-v2-shortrefs
C022,K081,2,labeled,2,labeled,2,labeled,True,False,PROVISIONAL_LLM_GOLD,"HRV RMSSD baseline mean 45.0, window mean 38.9 with high variance (84.5); transient drop to 23-26 ms.",Applies when an HRV level or trend is reviewed; states HRV varies by person and context.,Directly explains that HRV varies by person/context; the transient drop needs personal baseline comparison rather than universal norms.,qwen3.8-max,6cfcd98453b1c12f551709f4c7508a3935741c64a17c74b878f540612d1c53ec,blinded-annotation-v2-shortrefs
C022,K082,2,labeled,2,labeled,1,labeled,False,False,PROVISIONAL_LLM_GOLD,"28-day baseline establishes personal ranges (RHR mean 56.0, HRV mean 45.0); window shows transient RHR spike to 65-67 and HRV drop to 23-26 on Apr 3-6.",Requires a vital changed from a recent personal baseline with sufficient same-metric history.,Core directly explains how the 28-day baseline provides personal range context for interpreting the transient deviations observed in the window.,qwen3.8-max,6cfcd98453b1c12f551709f4c7508a3935741c64a17c74b878f540612d1c53ec,blinded-annotation-v2-shortrefs
C022,K083,2,labeled,2,labeled,1,labeled,False,False,PROVISIONAL_LLM_GOLD,RHR baseline mean 56.0 over 28 days; window shows transient spike to 65-67 (Apr 3-6) returning to 55-57 by Apr 7.,Applies when repeated resting heart-rate readings or a recent change are available for trend review.,"Core context: multi-day trend shows transient spike and recovery, not a persistent change; directly explains the observed pattern.",qwen3.8-max,6cfcd98453b1c12f551709f4c7508a3935741c64a17c74b878f540612d1c53ec,blinded-annotation-v2-shortrefs
C022,K084,2,labeled,2,labeled,2,labeled,True,False,PROVISIONAL_LLM_GOLD,"HRV RMSSD dropped from baseline mean 45.0 to 23-26 ms on Apr 3-6, then recovered to 44-47 ms.",Applies when an HRV trend is available for wellness monitoring; states HRV is not diagnostic.,"Core context: the transient HRV drop is a wellness observation, not diagnostic of any condition; directly explains the nature of the observed pattern.",qwen3.8-max,6cfcd98453b1c12f551709f4c7508a3935741c64a17c74b878f540612d1c53ec,blinded-annotation-v2-shortrefs
C022,K085,1,labeled,1,labeled,1,labeled,True,False,PROVISIONAL_LLM_GOLD,hrv_rmssd_ms explicitly recorded; metadata confirms 'night RMSSD' metric definition.,Requires HRV records identifying RMSSD as their metric.,Data explicitly uses RMSSD; this item confirms the metric definition used for valid comparisons.,qwen3.8-max,6cfcd98453b1c12f551709f4c7508a3935741c64a17c74b878f540612d1c53ec,blinded-annotation-v2-shortrefs
C022,K086,1,labeled,1,labeled,1,labeled,True,False,PROVISIONAL_LLM_GOLD,All sleep durations 462-478 min (>3h minimum); nighttime coverage 482-498 min.,Requires compatible Fitbit collection definition and sleep coverage >3h for HRV validity.,All sleep periods exceed 3h minimum; supports validity of nightly HRV comparisons across the observation period.,qwen3.8-max,6cfcd98453b1c12f551709f4c7508a3935741c64a17c74b878f540612d1c53ec,blinded-annotation-v2-shortrefs
C022,K087,0,labeled,0,labeled,0,labeled,True,False,PROVISIONAL_LLM_GOLD,Only sleep duration and timing recorded; no sleep-stage data available.,Requires sleep-stage measurements.,Sleep stage data absent; item not applicable.,qwen3.8-max,6cfcd98453b1c12f551709f4c7508a3935741c64a17c74b878f540612d1c53ec,blinded-annotation-v2-shortrefs
C022,K088,1,labeled,1,labeled,0,labeled,False,False,PROVISIONAL_LLM_GOLD,Transient RHR spike (65-67 bpm) and HRV drop (23-26 ms) observed Apr 3-6.,Applies when a person reports concerns about a vital trend.,"General principle: vital changes warrant clinical conversation if concerning, not self-diagnosis; supported contextual connection.",qwen3.8-max,6cfcd98453b1c12f551709f4c7508a3935741c64a17c74b878f540612d1c53ec,blinded-annotation-v2-shortrefs
C022,K089,1,labeled,1,labeled,1,labeled,True,False,PROVISIONAL_LLM_GOLD,RHR transiently elevated to 65-67 bpm Apr 3-6 then returned to 55-57; no wear quality change noted.,Applies when heart-rate readings may be unreliable or wear quality changes.,Sensor fit could contribute to apparent RHR change; relevant measurement consideration for the transient elevation.,qwen3.8-max,6cfcd98453b1c12f551709f4c7508a3935741c64a17c74b878f540612d1c53ec,blinded-annotation-v2-shortrefs
C022,K090,1,labeled,1,labeled,1,labeled,True,False,PROVISIONAL_LLM_GOLD,Daytime wear 720 min and nighttime coverage 482-498 min documented every day.,Requires separate night-time wear information to validate overnight vitals.,"Confirms that both day and night coverage are documented, supporting overnight vital validity.",qwen3.8-max,6cfcd98453b1c12f551709f4c7508a3935741c64a17c74b878f540612d1c53ec,blinded-annotation-v2-shortrefs
C022,K091,0,labeled,0,labeled,0,labeled,True,False,PROVISIONAL_LLM_GOLD,All nightly coverage >=482 min (>180 min threshold); no vitals missing.,Requires a vital missing with limited night-time data.,No missing vitals and adequate coverage throughout; condition not met.,qwen3.8-max,6cfcd98453b1c12f551709f4c7508a3935741c64a17c74b878f540612d1c53ec,blinded-annotation-v2-shortrefs
C022,K092,0,labeled,0,labeled,0,labeled,True,False,PROVISIONAL_LLM_GOLD,All vitals present every day; no missing readings or sync gaps.,Requires vitals missing or delayed due to device support/sync issues.,All data present; no missing readings to explain.,qwen3.8-max,6cfcd98453b1c12f551709f4c7508a3935741c64a17c74b878f540612d1c53ec,blinded-annotation-v2-shortrefs
C022,K093,0,labeled,0,labeled,0,labeled,True,False,PROVISIONAL_LLM_GOLD,Single synthetic device used continuously across all 42 days.,Requires device or algorithm change affecting cross-device comparisons.,Same device throughout; no cross-device comparison issue.,qwen3.8-max,6cfcd98453b1c12f551709f4c7508a3935741c64a17c74b878f540612d1c53ec,blinded-annotation-v2-shortrefs
C022,K094,1,labeled,1,labeled,1,labeled,True,False,PROVISIONAL_LLM_GOLD,Sleep duration estimated from device algorithms; timestamps show sleep boundaries.,Applies when device-estimated sleep duration and boundaries are available.,"Clarifies that recorded sleep duration is an estimate, not equivalent to clinical polysomnography; relevant methodological context.",qwen3.8-max,6cfcd98453b1c12f551709f4c7508a3935741c64a17c74b878f540612d1c53ec,blinded-annotation-v2-shortrefs
C022,K095,1,labeled,1,labeled,0,labeled,False,False,PROVISIONAL_LLM_GOLD,Nighttime_coverage_minutes 482-498 every night; no missing sleep data.,Applies when sleep readings are absent with non-wear; requires night-time wear record.,"Confirms device was worn overnight consistently, validating all sleep observations; relevant contextual support.",qwen3.8-max,6cfcd98453b1c12f551709f4c7508a3935741c64a17c74b878f540612d1c53ec,blinded-annotation-v2-shortrefs
C022,K096,1,labeled,1,labeled,0,labeled,False,False,PROVISIONAL_LLM_GOLD,Steps recorded via accelerometer; arm swing required per device documentation.,Applies when step readings change with possible measurement limitations.,Step counting depends on arm motion; variations could partly reflect wear differences rather than actual walking changes.,qwen3.8-max,6cfcd98453b1c12f551709f4c7508a3935741c64a17c74b878f540612d1c53ec,blinded-annotation-v2-shortrefs
C023,K001,2,labeled,2,labeled,2,labeled,True,False,PROVISIONAL_LLM_GOLD,Window sleep mean 440.6 min; six nights 385-392 min (6.4-6.5h); age_band 18-60.,CDC recommends at least 7 hours for adults 18-60; applies when sleep below recommendation.,Core direct explanation: recent window sleep falls below the CDC 7-hour recommendation for the correct age band.,qwen3.8-max,775be88663cd0200d24eb984ea2d6cfb0d585149bdabe75be5b0edbc1c7070b2,blinded-annotation-v2-shortrefs
C023,K002,0,labeled,0,labeled,0,labeled,True,False,PROVISIONAL_LLM_GOLD,Metadata age_band is '18-60'.,Requires age 61 to 64; non-applicable for other age groups.,Age group contradicts applicability; subject is in 18-60 band.,qwen3.8-max,775be88663cd0200d24eb984ea2d6cfb0d585149bdabe75be5b0edbc1c7070b2,blinded-annotation-v2-shortrefs
C023,K003,0,labeled,0,labeled,0,labeled,True,False,PROVISIONAL_LLM_GOLD,Metadata age_band is '18-60'.,Requires age at least 65; non-applicable for age below 65.,Subject is under 65; item non-applicable per its own conditions.,qwen3.8-max,775be88663cd0200d24eb984ea2d6cfb0d585149bdabe75be5b0edbc1c7070b2,blinded-annotation-v2-shortrefs
C023,K004,0,labeled,0,labeled,0,labeled,True,False,PROVISIONAL_LLM_GOLD,Metadata age_band is '18-60'.,Requires teenage age group 13-17; non-applicable for adults.,Subject is adult; item explicitly non-applicable for adults.,qwen3.8-max,775be88663cd0200d24eb984ea2d6cfb0d585149bdabe75be5b0edbc1c7070b2,blinded-annotation-v2-shortrefs
C023,K005,1,labeled,1,labeled,1,labeled,True,False,PROVISIONAL_LLM_GOLD,Window sleep drops to 385-392 min for six consecutive nights (Apr 7-12).,Requires repeatedly shortened sleep; schedule constraint needed to attribute to busyness.,"Supported connection: sleep is repeatedly shortened in late window, but schedule constraint causing it is not confirmed.",qwen3.8-max,775be88663cd0200d24eb984ea2d6cfb0d585149bdabe75be5b0edbc1c7070b2,blinded-annotation-v2-shortrefs
C023,K006,0,labeled,1,labeled,0,labeled,False,False,PROVISIONAL_LLM_GOLD,"Baseline sleep mean 470.5 min (~7.8h), within CDC 7+ recommendation for adults 18-60.",Non-applicable if sleep duration is sufficient for the applicable age group.,Baseline sleep duration is sufficient for age band; item about thriving on little sleep is not applicable.,qwen3.8-max,775be88663cd0200d24eb984ea2d6cfb0d585149bdabe75be5b0edbc1c7070b2,blinded-annotation-v2-shortrefs
C023,K007,1,labeled,1,labeled,1,labeled,True,False,PROVISIONAL_LLM_GOLD,sleep_duration_minutes recorded (385-485 window); no awakenings or refreshment data.,Applies when sleep duration is recorded but quality may be unknown.,Supported connection: duration alone cannot establish quality; no awakening or refreshment data available.,qwen3.8-max,775be88663cd0200d24eb984ea2d6cfb0d585149bdabe75be5b0edbc1c7070b2,blinded-annotation-v2-shortrefs
C023,K008,0,labeled,0,labeled,0,labeled,True,False,PROVISIONAL_LLM_GOLD,"Only sleep_duration, sleep_start_at, sleep_end_at recorded; no awakening data.",Requires awakening history or measured sleep continuity.,Only duration and sleep start/end available; cannot assess night awakenings.,qwen3.8-max,775be88663cd0200d24eb984ea2d6cfb0d585149bdabe75be5b0edbc1c7070b2,blinded-annotation-v2-shortrefs
C023,K009,0,labeled,0,labeled,0,labeled,True,False,PROVISIONAL_LLM_GOLD,Max sleep duration 485 min (8h5m) on one night; most nights under 8h; no refreshment report.,Requires more than eight hours of night-time sleep with reported lack of refreshment.,Sleep generally under 8 hours and no subjective refreshment data available; conditions not met.,qwen3.8-max,775be88663cd0200d24eb984ea2d6cfb0d585149bdabe75be5b0edbc1c7070b2,blinded-annotation-v2-shortrefs
C023,K010,0,labeled,0,labeled,0,labeled,True,False,PROVISIONAL_LLM_GOLD,"Window sleep mean 440.6 min, six nights 385-392 min.",Wearable record alone does not establish impaired cognition.,Cannot diagnose cognitive impairment from wearable data alone; generic educational background.,qwen3.8-max,775be88663cd0200d24eb984ea2d6cfb0d585149bdabe75be5b0edbc1c7070b2,blinded-annotation-v2-shortrefs
C023,K011,1,labeled,1,labeled,1,labeled,True,False,PROVISIONAL_LLM_GOLD,Six consecutive nights 385-392 min sleep in window (Apr 7-12).,Requires several nights of reduced sleep; actual performance symptoms needed to claim impairment.,"Supported connection: several shortened nights match condition, but actual performance impairment is not measured.",qwen3.8-max,775be88663cd0200d24eb984ea2d6cfb0d585149bdabe75be5b0edbc1c7070b2,blinded-annotation-v2-shortrefs
C023,K012,0,labeled,0,labeled,0,labeled,True,False,PROVISIONAL_LLM_GOLD,Window sleep durations 385-485 min; RHR 55-57 bpm; HRV 43-47 ms.,Requires ongoing insufficient sleep and prohibits inferring infection from wearable data.,Generic background about immune function; cannot diagnose infection from sleep or heart-rate changes per item conditions.,qwen3.8-max,775be88663cd0200d24eb984ea2d6cfb0d585149bdabe75be5b0edbc1c7070b2,blinded-annotation-v2-shortrefs
C023,K013,0,labeled,0,labeled,0,labeled,True,False,PROVISIONAL_LLM_GOLD,No food intake or appetite information recorded.,Requires food intake or appetite information for individual claims.,Appetite change requires separate evidence; cannot infer metabolic effects from sleep duration alone.,qwen3.8-max,775be88663cd0200d24eb984ea2d6cfb0d585149bdabe75be5b0edbc1c7070b2,blinded-annotation-v2-shortrefs
C023,K014,0,labeled,0,labeled,0,labeled,True,False,PROVISIONAL_LLM_GOLD,No sleepiness reports or driving context recorded.,Requires reported sleepiness and driving plans.,Sleepiness and driving context unknown; item non-applicable.,qwen3.8-max,775be88663cd0200d24eb984ea2d6cfb0d585149bdabe75be5b0edbc1c7070b2,blinded-annotation-v2-shortrefs
C023,K015,1,labeled,1,labeled,1,labeled,True,False,PROVISIONAL_LLM_GOLD,"Sleep durations range 385-485 min in window, 462-478 in baseline.",Applies when adult sleep duration is being reviewed.,"Supported connection: reminds that duration should be considered alongside individual experience, not as diagnosis.",qwen3.8-max,775be88663cd0200d24eb984ea2d6cfb0d585149bdabe75be5b0edbc1c7070b2,blinded-annotation-v2-shortrefs
C023,K016,0,labeled,0,labeled,0,labeled,True,False,PROVISIONAL_LLM_GOLD,14-day window only; no months-long difficulties or reported insomnia.,Requires months-long sleeping difficulties or failed habit changes.,Two-week wearable window alone cannot establish these clinical conditions.,qwen3.8-max,775be88663cd0200d24eb984ea2d6cfb0d585149bdabe75be5b0edbc1c7070b2,blinded-annotation-v2-shortrefs
C023,K017,2,labeled,2,labeled,2,labeled,True,False,PROVISIONAL_LLM_GOLD,Sleep start variance jumped from 16.96 (baseline) to 2037.1 (window); starts shifted from ~22:45 to 00:08-00:15.,Requires repeated variability in bedtime or wake time.,Core direct explanation: marked bedtime variability emerging in current window directly matches item conditions.,qwen3.8-max,775be88663cd0200d24eb984ea2d6cfb0d585149bdabe75be5b0edbc1c7070b2,blinded-annotation-v2-shortrefs
C023,K018,0,labeled,0,labeled,0,labeled,True,False,PROVISIONAL_LLM_GOLD,sleep_end_at is exactly 07:00:00 every single day; no insomnia symptoms reported.,Requires inconsistent wake time with reported sleeping difficulties.,Wake time is perfectly consistent and no insomnia symptoms reported; item non-applicable.,qwen3.8-max,775be88663cd0200d24eb984ea2d6cfb0d585149bdabe75be5b0edbc1c7070b2,blinded-annotation-v2-shortrefs
C023,K019,0,labeled,0,labeled,0,labeled,True,False,PROVISIONAL_LLM_GOLD,"Baseline weekday sleep mean 470.9 min, weekend 469.6 min; window weekday 442.0, weekend 437.0.",Calendar grouping does not itself establish workdays; non-applicable if weekday/weekend times are similar.,Weekday and weekend sleep durations are similar within each period; calendar grouping does not confirm workdays.,qwen3.8-max,775be88663cd0200d24eb984ea2d6cfb0d585149bdabe75be5b0edbc1c7070b2,blinded-annotation-v2-shortrefs
C023,K020,0,labeled,0,labeled,0,labeled,True,False,PROVISIONAL_LLM_GOLD,Only timestamps recorded; no pre-bed activity descriptions.,Requires information about pre-bed activities for targeted advice.,Timestamps alone do not reveal what someone did before bed; insufficient context.,qwen3.8-max,775be88663cd0200d24eb984ea2d6cfb0d585149bdabe75be5b0edbc1c7070b2,blinded-annotation-v2-shortrefs
C023,K021,0,labeled,0,labeled,0,labeled,True,False,PROVISIONAL_LLM_GOLD,No screen or light exposure data recorded.,Requires known bright-screen exposure shortly before bed.,Screen exposure unknown; item non-applicable.,qwen3.8-max,775be88663cd0200d24eb984ea2d6cfb0d585149bdabe75be5b0edbc1c7070b2,blinded-annotation-v2-shortrefs
C023,K022,0,labeled,0,labeled,0,labeled,True,False,PROVISIONAL_LLM_GOLD,No caffeine intake or timing recorded.,Requires known afternoon/evening caffeine use with sleeping difficulty.,Caffeine history unknown; item conditions not met.,qwen3.8-max,775be88663cd0200d24eb984ea2d6cfb0d585149bdabe75be5b0edbc1c7070b2,blinded-annotation-v2-shortrefs
C023,K023,0,labeled,0,labeled,0,labeled,True,False,PROVISIONAL_LLM_GOLD,No meal timing or size data recorded.,Requires known large meal shortly before bed.,Meal information unknown; item non-applicable.,qwen3.8-max,775be88663cd0200d24eb984ea2d6cfb0d585149bdabe75be5b0edbc1c7070b2,blinded-annotation-v2-shortrefs
C023,K024,0,labeled,0,labeled,0,labeled,True,False,PROVISIONAL_LLM_GOLD,No alcohol intake or timing recorded.,Requires alcohol intake and timing near bedtime.,Alcohol exposure unknown; item non-applicable.,qwen3.8-max,775be88663cd0200d24eb984ea2d6cfb0d585149bdabe75be5b0edbc1c7070b2,blinded-annotation-v2-shortrefs
C023,K025,0,labeled,0,labeled,0,labeled,True,False,PROVISIONAL_LLM_GOLD,No nicotine use recorded.,Requires nicotine exposure established.,Nicotine use unknown; item non-applicable.,qwen3.8-max,775be88663cd0200d24eb984ea2d6cfb0d585149bdabe75be5b0edbc1c7070b2,blinded-annotation-v2-shortrefs
C023,K026,0,labeled,0,labeled,0,labeled,True,False,PROVISIONAL_LLM_GOLD,No bedroom environment data recorded.,"Requires known disruptive bedroom environment (light, noise, temperature).",Environment unknown; wearable times/durations cannot establish bedroom conditions.,qwen3.8-max,775be88663cd0200d24eb984ea2d6cfb0d585149bdabe75be5b0edbc1c7070b2,blinded-annotation-v2-shortrefs
C023,K027,0,labeled,0,labeled,0,labeled,True,False,PROVISIONAL_LLM_GOLD,No pre-bed relaxation issues or requests recorded.,Requires reported difficulty relaxing or request for routine options.,Optional routine advice without applicable trigger in the data.,qwen3.8-max,775be88663cd0200d24eb984ea2d6cfb0d585149bdabe75be5b0edbc1c7070b2,blinded-annotation-v2-shortrefs
C023,K028,0,labeled,0,labeled,0,labeled,True,False,PROVISIONAL_LLM_GOLD,No nap data recorded.,Requires nap duration or night-time sleep-onset difficulty.,Nap history unknown; item non-applicable per its own conditions.,qwen3.8-max,775be88663cd0200d24eb984ea2d6cfb0d585149bdabe75be5b0edbc1c7070b2,blinded-annotation-v2-shortrefs
C023,K029,0,labeled,0,labeled,0,labeled,True,False,PROVISIONAL_LLM_GOLD,No shift work schedule confirmed.,Requires confirmed shift-work schedule.,Variable sleep times alone do not prove rotating shifts; shift work unknown.,qwen3.8-max,775be88663cd0200d24eb984ea2d6cfb0d585149bdabe75be5b0edbc1c7070b2,blinded-annotation-v2-shortrefs
C023,K030,0,labeled,0,labeled,0,labeled,True,False,PROVISIONAL_LLM_GOLD,No shift work confirmed in data.,Requires established shift work and lighting context.,No confirmed shift work; item explicitly non-applicable.,qwen3.8-max,775be88663cd0200d24eb984ea2d6cfb0d585149bdabe75be5b0edbc1c7070b2,blinded-annotation-v2-shortrefs
C023,K031,0,labeled,0,labeled,0,labeled,True,False,PROVISIONAL_LLM_GOLD,No shift work or caffeine use recorded.,Requires shift schedule and caffeine intake.,Shift work and caffeine use unknown; item non-applicable.,qwen3.8-max,775be88663cd0200d24eb984ea2d6cfb0d585149bdabe75be5b0edbc1c7070b2,blinded-annotation-v2-shortrefs
C023,K032,0,labeled,0,labeled,0,labeled,True,False,PROVISIONAL_LLM_GOLD,"All sleep periods are overnight (start 22:36-00:15, end 07:00).",Requires daytime sleep associated with shift work.,Only ordinary overnight sleep is recorded; item non-applicable.,qwen3.8-max,775be88663cd0200d24eb984ea2d6cfb0d585149bdabe75be5b0edbc1c7070b2,blinded-annotation-v2-shortrefs
C023,K033,1,labeled,1,labeled,1,labeled,True,False,PROVISIONAL_LLM_GOLD,Sleep start times shifted from ~22:45 baseline to 00:08-00:15 in late window.,Applies when a changed or variable sleep pattern needs review.,"Supported connection: wearable provides timeline of sleep changes, though awakenings/naps are unrecorded.",qwen3.8-max,775be88663cd0200d24eb984ea2d6cfb0d585149bdabe75be5b0edbc1c7070b2,blinded-annotation-v2-shortrefs
C023,K034,2,labeled,1,labeled,2,labeled,False,False,PROVISIONAL_LLM_GOLD,"Six consecutive window nights with sleep 385-392 min (Apr 7-12), well below baseline mean 470.5 min.",Requires several shortened nights rather than a single isolated reading.,Core direct explanation: multiple consecutive shortened nights demonstrate accumulating sleep loss pattern matching item conditions.,qwen3.8-max,775be88663cd0200d24eb984ea2d6cfb0d585149bdabe75be5b0edbc1c7070b2,blinded-annotation-v2-shortrefs
C023,K035,0,labeled,0,labeled,0,labeled,True,False,PROVISIONAL_LLM_GOLD,"Baseline weekday sleep 470.9 min, weekend 469.6 min; window weekday 442.0, weekend 437.0.",Requires longer sleep and later timing on days off; actual workdays must be known.,Weekend sleep is not longer than weekday sleep in either period; observable condition not met.,qwen3.8-max,775be88663cd0200d24eb984ea2d6cfb0d585149bdabe75be5b0edbc1c7070b2,blinded-annotation-v2-shortrefs
C023,K036,0,labeled,0,labeled,0,labeled,True,False,PROVISIONAL_LLM_GOLD,No nap information recorded.,Requires recorded naps after shortened night-time sleep.,Nap information absent; item non-applicable.,qwen3.8-max,775be88663cd0200d24eb984ea2d6cfb0d585149bdabe75be5b0edbc1c7070b2,blinded-annotation-v2-shortrefs
C023,K037,0,labeled,0,labeled,0,labeled,True,False,PROVISIONAL_LLM_GOLD,No insomnia symptoms or bad-night reports in data.,Requires reported bad sleep or insomnia symptoms.,Only device estimates without reported sleeping difficulty; item non-applicable.,qwen3.8-max,775be88663cd0200d24eb984ea2d6cfb0d585149bdabe75be5b0edbc1c7070b2,blinded-annotation-v2-shortrefs
C023,K038,0,labeled,0,labeled,0,labeled,True,False,PROVISIONAL_LLM_GOLD,14-day window of sleep estimates; no symptom history.,Requires symptom history and onset for insomnia categorization.,Cannot diagnose insomnia from estimated sleep hours alone; no symptom history available.,qwen3.8-max,775be88663cd0200d24eb984ea2d6cfb0d585149bdabe75be5b0edbc1c7070b2,blinded-annotation-v2-shortrefs
C023,K039,0,labeled,0,labeled,0,labeled,True,False,PROVISIONAL_LLM_GOLD,No travel history or flight recorded.,"Requires confirmed travel, destination time zone, and trip duration.",Travel context unknown; sleep timing change alone does not establish jet lag.,qwen3.8-max,775be88663cd0200d24eb984ea2d6cfb0d585149bdabe75be5b0edbc1c7070b2,blinded-annotation-v2-shortrefs
C023,K040,0,labeled,0,labeled,0,labeled,True,False,PROVISIONAL_LLM_GOLD,No travel or time-zone change recorded.,Requires a short trip across time zones planned.,Travel context unknown; item non-applicable.,qwen3.8-max,775be88663cd0200d24eb984ea2d6cfb0d585149bdabe75be5b0edbc1c7070b2,blinded-annotation-v2-shortrefs
C023,K041,0,labeled,0,labeled,0,labeled,True,False,PROVISIONAL_LLM_GOLD,Activity intensity 'unknown' for all intervals; steps 7582-8405.,Requires intensity information to count recommended aerobic minutes; non-applicable if equating steps with compliance.,Cannot equate steps or unknown-intensity activity with guideline compliance per rules.,qwen3.8-max,775be88663cd0200d24eb984ea2d6cfb0d585149bdabe75be5b0edbc1c7070b2,blinded-annotation-v2-shortrefs
C023,K042,0,labeled,0,labeled,0,labeled,True,False,PROVISIONAL_LLM_GOLD,Activity mean increased from 55.6 to 64.3 min; not recently low or reduced overall.,Requires recently low or reduced physical activity.,Activity did not decline overall; item about building up after inactivity is not applicable.,qwen3.8-max,775be88663cd0200d24eb984ea2d6cfb0d585149bdabe75be5b0edbc1c7070b2,blinded-annotation-v2-shortrefs
C023,K043,0,labeled,0,labeled,0,labeled,True,False,PROVISIONAL_LLM_GOLD,All activity intervals have intensity 'unknown'.,Requires known activity intensity; non-applicable if only unspecified active minutes available.,Unknown intensity prevents determining whether 150-min moderate target is met per rules.,qwen3.8-max,775be88663cd0200d24eb984ea2d6cfb0d585149bdabe75be5b0edbc1c7070b2,blinded-annotation-v2-shortrefs
C023,K044,0,labeled,0,labeled,0,labeled,True,False,PROVISIONAL_LLM_GOLD,All activity intervals have intensity 'unknown'.,Requires known vigorous intensity; non-applicable if intensity unknown.,Unknown intensity prevents applying vigorous activity target per rules.,qwen3.8-max,775be88663cd0200d24eb984ea2d6cfb0d585149bdabe75be5b0edbc1c7070b2,blinded-annotation-v2-shortrefs
C023,K045,0,labeled,0,labeled,0,labeled,True,False,PROVISIONAL_LLM_GOLD,Activity intensity is 'unknown' for all intervals in baseline and window.,Intensity is required for counting guideline minutes; non-applicable if assuming every recorded active minute is moderate.,Unknown activity intensity prevents applying moderate-intensity chunking advice per rules.,qwen3.8-max,775be88663cd0200d24eb984ea2d6cfb0d585149bdabe75be5b0edbc1c7070b2,blinded-annotation-v2-shortrefs
C023,K046,0,labeled,0,labeled,0,labeled,True,False,PROVISIONAL_LLM_GOLD,"Only steps, activity_duration_minutes, and low_movement_minutes recorded; no strengthening data.",Requires strengthening activity records; non-applicable if only step or generic movement counts available.,Only generic movement counts available; cannot assess muscle-strengthening activity.,qwen3.8-max,775be88663cd0200d24eb984ea2d6cfb0d585149bdabe75be5b0edbc1c7070b2,blinded-annotation-v2-shortrefs
C023,K047,0,labeled,0,labeled,0,labeled,True,False,PROVISIONAL_LLM_GOLD,Activity intensity 'unknown' for all intervals.,Requires known intensity and weekly duration to verify guideline attainment.,Unknown intensity prevents assessment of whether additional benefits apply.,qwen3.8-max,775be88663cd0200d24eb984ea2d6cfb0d585149bdabe75be5b0edbc1c7070b2,blinded-annotation-v2-shortrefs
C023,K048,0,labeled,0,labeled,1,labeled,False,False,PROVISIONAL_LLM_GOLD,All activity intensity labeled 'unknown'; no fitness or perceived effort data.,Requires fitness or perceived effort to interpret intensity; non-applicable if inferring from steps alone.,Intensity cannot be assigned from movement totals per rules; no fitness context available.,qwen3.8-max,775be88663cd0200d24eb984ea2d6cfb0d585149bdabe75be5b0edbc1c7070b2,blinded-annotation-v2-shortrefs
C023,K049,0,labeled,0,labeled,0,labeled,True,False,PROVISIONAL_LLM_GOLD,"No effort, breathing, or talk-test observations recorded.",Requires aerobic activity and breathing/talk-test observation.,Effort and aerobic context unrecorded; item non-applicable.,qwen3.8-max,775be88663cd0200d24eb984ea2d6cfb0d585149bdabe75be5b0edbc1c7070b2,blinded-annotation-v2-shortrefs
C023,K050,1,labeled,1,labeled,1,labeled,True,False,PROVISIONAL_LLM_GOLD,Steps 7582-8405 in window; activity type unknown beyond 'unknown' intensity intervals.,Applies when steps change while other activity may differ.,Supported connection: steps alone may miss non-step exercise; activity type unknown here.,qwen3.8-max,775be88663cd0200d24eb984ea2d6cfb0d585149bdabe75be5b0edbc1c7070b2,blinded-annotation-v2-shortrefs
C023,K051,0,labeled,0,labeled,0,labeled,True,False,PROVISIONAL_LLM_GOLD,"Baseline steps mean 7947, window steps mean 8088; no decline observed.",Requires low or declining routine movement.,Movement did not decline; observable condition contradicted by stable/increased step counts.,qwen3.8-max,775be88663cd0200d24eb984ea2d6cfb0d585149bdabe75be5b0edbc1c7070b2,blinded-annotation-v2-shortrefs
C023,K052,0,labeled,0,labeled,0,labeled,True,False,PROVISIONAL_LLM_GOLD,No personal preferences or availability context recorded.,Requires personal preferences and availability for choosing individualized options.,Preferences unknown; item is generic planning advice without specific data connection.,qwen3.8-max,775be88663cd0200d24eb984ea2d6cfb0d585149bdabe75be5b0edbc1c7070b2,blinded-annotation-v2-shortrefs
C023,K053,0,labeled,0,labeled,0,labeled,True,False,PROVISIONAL_LLM_GOLD,No social preferences or motivational barriers reported.,Requires social preferences or reported motivational barrier.,No evidence of motivational or social barrier; item non-applicable.,qwen3.8-max,775be88663cd0200d24eb984ea2d6cfb0d585149bdabe75be5b0edbc1c7070b2,blinded-annotation-v2-shortrefs
C023,K054,0,labeled,0,labeled,0,labeled,True,False,PROVISIONAL_LLM_GOLD,No time barrier reported; activity actually increased in window.,Requires low activity with a reported time barrier.,Activity not low and no time barrier reported; item non-applicable.,qwen3.8-max,775be88663cd0200d24eb984ea2d6cfb0d585149bdabe75be5b0edbc1c7070b2,blinded-annotation-v2-shortrefs
C023,K055,0,labeled,0,labeled,0,labeled,True,False,PROVISIONAL_LLM_GOLD,No schedule constraints or competing demands reported.,Requires reported competing demands reducing activity.,Schedule reason unknown; item non-applicable without reported barrier.,qwen3.8-max,775be88663cd0200d24eb984ea2d6cfb0d585149bdabe75be5b0edbc1c7070b2,blinded-annotation-v2-shortrefs
C023,K056,0,labeled,0,labeled,0,labeled,True,False,PROVISIONAL_LLM_GOLD,No chronic condition or disability context recorded.,Requires relevant health condition and activity safety history.,Medical context unknown; item non-applicable.,qwen3.8-max,775be88663cd0200d24eb984ea2d6cfb0d585149bdabe75be5b0edbc1c7070b2,blinded-annotation-v2-shortrefs
C023,K057,1,labeled,1,labeled,1,labeled,True,False,PROVISIONAL_LLM_GOLD,low_movement_minutes 438-462 daily with ~45 min intervals throughout daytime.,Requires long uninterrupted daytime low-movement intervals; posture context needed for sitting claim.,"Supported connection: substantial daytime low movement exists, but posture unconfirmed per item caveat.",qwen3.8-max,775be88663cd0200d24eb984ea2d6cfb0d585149bdabe75be5b0edbc1c7070b2,blinded-annotation-v2-shortrefs
C023,K058,1,labeled,1,labeled,1,labeled,True,False,PROVISIONAL_LLM_GOLD,activity_duration_minutes 45-90 coexists with low_movement_minutes 438-462 daily.,Requires recorded activity coexisting with substantial low-movement periods; sitting posture not confirmed.,"Supported connection: activity and low movement coexist, but sitting posture not confirmed from low movement per rules.",qwen3.8-max,775be88663cd0200d24eb984ea2d6cfb0d585149bdabe75be5b0edbc1c7070b2,blinded-annotation-v2-shortrefs
C023,K059,1,labeled,1,labeled,1,labeled,True,False,PROVISIONAL_LLM_GOLD,"low_movement_minutes mean 449.3 in window, similar to baseline 448.0.",Requires substantial or increasing daily low movement; confirmed sitting needed for specific conclusion.,"Supported connection: substantial daily low movement exists, but confirmed sitting not established per rules.",qwen3.8-max,775be88663cd0200d24eb984ea2d6cfb0d585149bdabe75be5b0edbc1c7070b2,blinded-annotation-v2-shortrefs
C023,K060,0,labeled,0,labeled,0,labeled,True,False,PROVISIONAL_LLM_GOLD,No commuting or transport context recorded.,Requires sedentary commuting established with transport/safety context.,Commute unknown; item conditions not met.,qwen3.8-max,775be88663cd0200d24eb984ea2d6cfb0d585149bdabe75be5b0edbc1c7070b2,blinded-annotation-v2-shortrefs
C023,K061,0,labeled,0,labeled,0,labeled,True,False,PROVISIONAL_LLM_GOLD,No workplace or desk-work context recorded.,Requires desk work with prolonged sitting and workplace layout context.,Work context unknown; item conditions not met.,qwen3.8-max,775be88663cd0200d24eb984ea2d6cfb0d585149bdabe75be5b0edbc1c7070b2,blinded-annotation-v2-shortrefs
C023,K062,0,labeled,0,labeled,0,labeled,True,False,PROVISIONAL_LLM_GOLD,No workplace or meeting context recorded.,Requires meetings or desk work involving prolonged sitting.,Workplace information unknown; item non-applicable.,qwen3.8-max,775be88663cd0200d24eb984ea2d6cfb0d585149bdabe75be5b0edbc1c7070b2,blinded-annotation-v2-shortrefs
C023,K063,0,labeled,0,labeled,0,labeled,True,False,PROVISIONAL_LLM_GOLD,No screen or television viewing habits recorded.,Requires prolonged sitting while watching television.,Screen habits unknown; item non-applicable.,qwen3.8-max,775be88663cd0200d24eb984ea2d6cfb0d585149bdabe75be5b0edbc1c7070b2,blinded-annotation-v2-shortrefs
C023,K064,0,labeled,0,labeled,0,labeled,True,False,PROVISIONAL_LLM_GOLD,No leisure context or seated habits recorded.,Requires substantial habitual seated leisure and routine/preferences context.,Leisure context unknown; item conditions not met.,qwen3.8-max,775be88663cd0200d24eb984ea2d6cfb0d585149bdabe75be5b0edbc1c7070b2,blinded-annotation-v2-shortrefs
C023,K065,1,labeled,1,labeled,1,labeled,True,False,PROVISIONAL_LLM_GOLD,steps 7582-8405 and activity_duration_minutes 45-90 recorded; intensity unknown.,Applies when distinguishing everyday movement from formal exercise.,"Supported connection: distinguishes total steps from formal exercise, relevant given unknown activity intensity.",qwen3.8-max,775be88663cd0200d24eb984ea2d6cfb0d585149bdabe75be5b0edbc1c7070b2,blinded-annotation-v2-shortrefs
C023,K066,0,labeled,0,labeled,0,labeled,True,False,PROVISIONAL_LLM_GOLD,No workday lunch-break context recorded.,Requires workday lunch-break access and mobility.,Workday and lunch-break context unknown; item non-applicable.,qwen3.8-max,775be88663cd0200d24eb984ea2d6cfb0d585149bdabe75be5b0edbc1c7070b2,blinded-annotation-v2-shortrefs
C023,K067,0,labeled,0,labeled,0,labeled,True,False,PROVISIONAL_LLM_GOLD,No stair access or mobility context recorded.,Requires stair access and safe mobility context.,Generic movement advice; mobility limitations and context unknown.,qwen3.8-max,775be88663cd0200d24eb984ea2d6cfb0d585149bdabe75be5b0edbc1c7070b2,blinded-annotation-v2-shortrefs
C023,K068,1,labeled,1,labeled,1,labeled,True,False,PROVISIONAL_LLM_GOLD,low_movement_minutes 438-462 daily; no posture sensor data.,Requires low-movement intervals without posture measurement; warns against relabeling as sitting.,Directly relevant: warns against relabeling device low_movement_minutes as confirmed sitting per rules.,qwen3.8-max,775be88663cd0200d24eb984ea2d6cfb0d585149bdabe75be5b0edbc1c7070b2,blinded-annotation-v2-shortrefs
C023,K069,0,labeled,0,labeled,0,labeled,True,False,PROVISIONAL_LLM_GOLD,Activity increased (mean +8.7 min) while sleep decreased (mean -30 min) in window vs baseline.,General benefit statement; temporal co-occurrence does not imply causation.,"General benefit statement; here activity increased while sleep decreased, showing no causal link can be inferred.",qwen3.8-max,775be88663cd0200d24eb984ea2d6cfb0d585149bdabe75be5b0edbc1c7070b2,blinded-annotation-v2-shortrefs
C023,K070,0,labeled,0,labeled,0,labeled,True,False,PROVISIONAL_LLM_GOLD,No outdoor exposure data; only movement counts available.,Non-applicable if inferring outdoor exposure from movement counts.,Generic routine advice; cannot infer outdoor exposure from movement counts per rules.,qwen3.8-max,775be88663cd0200d24eb984ea2d6cfb0d585149bdabe75be5b0edbc1c7070b2,blinded-annotation-v2-shortrefs
C023,K071,1,labeled,1,labeled,1,labeled,True,False,PROVISIONAL_LLM_GOLD,Activity intervals occur at 20:30-22:00 or 17:30-18:15; sleep starts ~22:36-00:15 in window.,Requires activity close to bedtime; intensity must be known before applying intense-exercise advice.,"Late activity exists near bedtime, but intensity is 'unknown', so intense-exercise advice cannot be directly applied.",qwen3.8-max,775be88663cd0200d24eb984ea2d6cfb0d585149bdabe75be5b0edbc1c7070b2,blinded-annotation-v2-shortrefs
C023,K072,0,labeled,0,labeled,0,labeled,True,False,PROVISIONAL_LLM_GOLD,No insomnia symptoms reported; activity intensity unknown.,Requires exercise near bedtime with reported insomnia symptoms.,Only movement and sleep timestamps known; no reported sleeping difficulties to trigger this advice.,qwen3.8-max,775be88663cd0200d24eb984ea2d6cfb0d585149bdabe75be5b0edbc1c7070b2,blinded-annotation-v2-shortrefs
C023,K073,1,labeled,1,labeled,1,labeled,True,False,PROVISIONAL_LLM_GOLD,activity_intervals recorded with start/end times; sleep_start_at recorded nightly.,Applies when activity timing and subsequent sleep are being compared.,"Supported connection: activity timing data exists for comparison with sleep onset, preserving temporal context.",qwen3.8-max,775be88663cd0200d24eb984ea2d6cfb0d585149bdabe75be5b0edbc1c7070b2,blinded-annotation-v2-shortrefs
C023,K074,0,labeled,0,labeled,0,labeled,True,False,PROVISIONAL_LLM_GOLD,No emergency-response deployment context recorded.,Requires confirmed emergency-response deployment context.,Deployment context unknown; item explicitly non-applicable without it.,qwen3.8-max,775be88663cd0200d24eb984ea2d6cfb0d585149bdabe75be5b0edbc1c7070b2,blinded-annotation-v2-shortrefs
C023,K075,0,labeled,0,labeled,0,labeled,True,False,PROVISIONAL_LLM_GOLD,No tiredness or energy pattern history recorded.,Requires reported tiredness limiting activity and subjective energy pattern.,No tiredness or energy history; item non-applicable.,qwen3.8-max,775be88663cd0200d24eb984ea2d6cfb0d585149bdabe75be5b0edbc1c7070b2,blinded-annotation-v2-shortrefs
C023,K076,0,labeled,0,labeled,0,labeled,True,False,PROVISIONAL_LLM_GOLD,No substance or medication history recorded.,Requires substance and medication history for causal interpretation.,Exposures unrecorded; cannot attribute sleep changes to adjacent activity without this context.,qwen3.8-max,775be88663cd0200d24eb984ea2d6cfb0d585149bdabe75be5b0edbc1c7070b2,blinded-annotation-v2-shortrefs
C023,K077,1,labeled,1,labeled,1,labeled,True,False,PROVISIONAL_LLM_GOLD,resting_heart_rate_bpm 55-57 bpm recorded daily.,Applies when resting heart rate observations are available.,"Supported educational connection: defines RHR as measured while still and well-rested, matching the recorded metric.",qwen3.8-max,775be88663cd0200d24eb984ea2d6cfb0d585149bdabe75be5b0edbc1c7070b2,blinded-annotation-v2-shortrefs
C023,K078,1,labeled,1,labeled,1,labeled,True,False,PROVISIONAL_LLM_GOLD,Daily resting_heart_rate_bpm recorded (55-57 bpm); no sleeping heart rate separately reported.,Applies when daily resting heart-rate trend is being interpreted.,"Supported contextual connection: clarifies that reported RHR differs from sleeping HR, preventing metric confusion.",qwen3.8-max,775be88663cd0200d24eb984ea2d6cfb0d585149bdabe75be5b0edbc1c7070b2,blinded-annotation-v2-shortrefs
C023,K079,1,labeled,1,labeled,1,labeled,True,False,PROVISIONAL_LLM_GOLD,RHR stable 55-57 bpm throughout baseline and window.,Applies when RHR changes relative to previous readings; lists multiple possible influences.,Contextual connection: explains why RHR cannot be attributed to any single factor like stress; RHR is stable here.,qwen3.8-max,775be88663cd0200d24eb984ea2d6cfb0d585149bdabe75be5b0edbc1c7070b2,blinded-annotation-v2-shortrefs
C023,K080,1,labeled,1,labeled,1,labeled,True,False,PROVISIONAL_LLM_GOLD,RHR 55-57 bpm and HRV RMSSD 43-47 ms both recorded nightly.,Applies when HRV and heart-rate estimates are interpreted together.,Supported contextual distinction: clarifies that RHR and HRV are different metrics present in this dataset.,qwen3.8-max,775be88663cd0200d24eb984ea2d6cfb0d585149bdabe75be5b0edbc1c7070b2,blinded-annotation-v2-shortrefs
C023,K081,1,labeled,1,labeled,1,labeled,True,False,PROVISIONAL_LLM_GOLD,"HRV RMSSD baseline mean 45.0 ms, window mean 45.7 ms, range 43-47 ms throughout.",Applies when an HRV level or trend is being reviewed; requires personal history context.,Supported contextual connection: reminds that this person's HRV range is personal and should not be treated as universal.,qwen3.8-max,775be88663cd0200d24eb984ea2d6cfb0d585149bdabe75be5b0edbc1c7070b2,blinded-annotation-v2-shortrefs
C023,K082,1,labeled,1,labeled,1,labeled,True,False,PROVISIONAL_LLM_GOLD,28-day baseline provides personal history for all vitals.,Applies when a vital has changed from a recent personal baseline.,Supported connection: baseline data enables personal-range comparison for observed window changes.,qwen3.8-max,775be88663cd0200d24eb984ea2d6cfb0d585149bdabe75be5b0edbc1c7070b2,blinded-annotation-v2-shortrefs
C023,K083,1,labeled,1,labeled,1,labeled,True,False,PROVISIONAL_LLM_GOLD,28 baseline + 14 window daily RHR readings available (55-57 bpm).,Applies when repeated resting heart-rate readings or a recent change are available.,Supported connection: multiple RHR readings allow trend analysis rather than single-day conclusions.,qwen3.8-max,775be88663cd0200d24eb984ea2d6cfb0d585149bdabe75be5b0edbc1c7070b2,blinded-annotation-v2-shortrefs
C023,K084,1,labeled,1,labeled,1,labeled,True,False,PROVISIONAL_LLM_GOLD,HRV RMSSD 43-47 ms recorded throughout baseline and window.,Applies when HRV trend is available for wellness monitoring; non-applicable for diagnosing conditions.,"Supported contextual connection: HRV is a wellness observation here, not diagnostic of any condition.",qwen3.8-max,775be88663cd0200d24eb984ea2d6cfb0d585149bdabe75be5b0edbc1c7070b2,blinded-annotation-v2-shortrefs
C023,K085,2,labeled,1,labeled,2,labeled,False,False,PROVISIONAL_LLM_GOLD,hrv_rmssd_ms recorded; metadata states 'night RMSSD'.,Applies when HRV records identify RMSSD as their metric.,"Core direct confirmation: device uses RMSSD for HRV, matching metadata definition exactly.",qwen3.8-max,775be88663cd0200d24eb984ea2d6cfb0d585149bdabe75be5b0edbc1c7070b2,blinded-annotation-v2-shortrefs
C023,K086,1,labeled,1,labeled,1,labeled,True,False,PROVISIONAL_LLM_GOLD,All sleep durations >=385 min (>3h); nighttime_coverage >=405 min.,Applies when overnight HRV estimates are compared; requires sleep >3h.,"Contextual connection: all sleep periods exceed 3 hours, supporting valid HRV collection per this rule.",qwen3.8-max,775be88663cd0200d24eb984ea2d6cfb0d585149bdabe75be5b0edbc1c7070b2,blinded-annotation-v2-shortrefs
C023,K087,0,labeled,0,labeled,0,labeled,True,False,PROVISIONAL_LLM_GOLD,"Only sleep_duration_minutes, sleep_start_at, sleep_end_at recorded; no stage data.",Requires sleep-stage measurements; non-applicable if only duration and timing available.,Only duration and timing available; item explicitly non-applicable without stage data.,qwen3.8-max,775be88663cd0200d24eb984ea2d6cfb0d585149bdabe75be5b0edbc1c7070b2,blinded-annotation-v2-shortrefs
C023,K088,0,labeled,0,labeled,0,labeled,True,False,PROVISIONAL_LLM_GOLD,No reported health concerns in the data.,Requires a person reports concerns about a vital trend.,No reported concerns to trigger this generic advisory item.,qwen3.8-max,775be88663cd0200d24eb984ea2d6cfb0d585149bdabe75be5b0edbc1c7070b2,blinded-annotation-v2-shortrefs
C023,K089,0,labeled,0,labeled,1,labeled,False,False,PROVISIONAL_LLM_GOLD,RHR stable 55-57 bpm throughout; no fit issues or unreliable readings noted.,Requires heart-rate readings may be unreliable or wear quality changes.,No evidence of fit problems or unreliable readings; conditions not met.,qwen3.8-max,775be88663cd0200d24eb984ea2d6cfb0d585149bdabe75be5b0edbc1c7070b2,blinded-annotation-v2-shortrefs
C023,K090,1,labeled,1,labeled,1,labeled,True,False,PROVISIONAL_LLM_GOLD,nighttime_coverage_minutes 405-504 across all nights; daytime_wear_minutes 720 daily.,Applies when overnight vitals validity is considered; requires separate night-time wear info.,"Supported connection: confirms overnight coverage exists independently from daytime wear, supporting valid vitals.",qwen3.8-max,775be88663cd0200d24eb984ea2d6cfb0d585149bdabe75be5b0edbc1c7070b2,blinded-annotation-v2-shortrefs
C023,K091,0,labeled,0,labeled,1,labeled,False,False,PROVISIONAL_LLM_GOLD,All vitals present; minimum nighttime_coverage 405 min (>3h threshold).,Requires a vital missing with limited night-time data.,No missing vitals observed; coverage exceeds 3-hour minimum throughout.,qwen3.8-max,775be88663cd0200d24eb984ea2d6cfb0d585149bdabe75be5b0edbc1c7070b2,blinded-annotation-v2-shortrefs
C023,K092,0,labeled,0,labeled,1,labeled,False,False,PROVISIONAL_LLM_GOLD,All vitals present with valid_count matching expected days; no missing data flags.,Requires vitals are missing or delayed.,No missing data observed; conditions not met.,qwen3.8-max,775be88663cd0200d24eb984ea2d6cfb0d585149bdabe75be5b0edbc1c7070b2,blinded-annotation-v2-shortrefs
C023,K093,0,labeled,0,labeled,0,labeled,True,False,PROVISIONAL_LLM_GOLD,Single synthetic device used throughout; no device switch indicated.,Requires heart-rate series involve a device or algorithm change.,Same device throughout; no cross-device comparison issue present.,qwen3.8-max,775be88663cd0200d24eb984ea2d6cfb0d585149bdabe75be5b0edbc1c7070b2,blinded-annotation-v2-shortrefs
C023,K094,1,labeled,1,labeled,1,labeled,True,False,PROVISIONAL_LLM_GOLD,sleep_duration_minutes estimated by device; sleep_start_at and sleep_end_at define boundaries.,Applies when device-estimated sleep duration and boundaries are available.,"Supported connection: clarifies that reported sleep_duration_minutes is an estimate, not the full sleep period.",qwen3.8-max,775be88663cd0200d24eb984ea2d6cfb0d585149bdabe75be5b0edbc1c7070b2,blinded-annotation-v2-shortrefs
C023,K095,1,labeled,1,labeled,1,labeled,True,False,PROVISIONAL_LLM_GOLD,nighttime_coverage_minutes 405-504 across all nights; all sleep records present.,Applies when confirming overnight wear supports valid sleep records.,"Supported connection: confirms overnight wear was present, so recorded sleep values are not missing.",qwen3.8-max,775be88663cd0200d24eb984ea2d6cfb0d585149bdabe75be5b0edbc1c7070b2,blinded-annotation-v2-shortrefs
C023,K096,1,labeled,1,labeled,1,labeled,True,False,PROVISIONAL_LLM_GOLD,Steps 7582-8405 recorded via accelerometer; arm swing context unknown.,Applies when step readings change with possible measurement limitations.,Supported connection: explains that step counts depend on arm motion and wear context.,qwen3.8-max,775be88663cd0200d24eb984ea2d6cfb0d585149bdabe75be5b0edbc1c7070b2,blinded-annotation-v2-shortrefs
C024,K001,2,labeled,2,labeled,1,labeled,False,False,PROVISIONAL_LLM_GOLD,Age band 18-60; sleep duration consistently ~470min (7.8h) across both periods.,CDC recommends >=7h for adults 18-60; age band compatible.,Core directly explains that observed sleep meets the age-specific CDC recommendation consistently.,qwen3.8-max,fea2cc80e23b6b378dea20116183307fc373a41d8532ec635633f8d2ca0ec88c,blinded-annotation-v2-shortrefs
C024,K002,0,labeled,0,labeled,0,labeled,True,False,PROVISIONAL_LLM_GOLD,"Age band is 18-60, not 61-64.",Requires age 61 to 64 established.,Age group contradicted; not applicable.,qwen3.8-max,fea2cc80e23b6b378dea20116183307fc373a41d8532ec635633f8d2ca0ec88c,blinded-annotation-v2-shortrefs
C024,K003,0,labeled,0,labeled,0,labeled,True,False,PROVISIONAL_LLM_GOLD,"Age band 18-60, not 65+.",Requires age at least 65 established.,Age group contradicted; not applicable.,qwen3.8-max,fea2cc80e23b6b378dea20116183307fc373a41d8532ec635633f8d2ca0ec88c,blinded-annotation-v2-shortrefs
C024,K004,0,labeled,0,labeled,0,labeled,True,False,PROVISIONAL_LLM_GOLD,"Age band 18-60, not teenager.",Requires teenage age group 13-17 established.,Age group contradicted; not applicable.,qwen3.8-max,fea2cc80e23b6b378dea20116183307fc373a41d8532ec635633f8d2ca0ec88c,blinded-annotation-v2-shortrefs
C024,K005,0,labeled,0,labeled,0,labeled,True,False,PROVISIONAL_LLM_GOLD,"Sleep duration consistently ~7.8h, meeting recommendations.",Requires repeatedly shortened sleep opportunity or duration.,Sleep not insufficient; no busyness evidence; conditions not met.,qwen3.8-max,fea2cc80e23b6b378dea20116183307fc373a41d8532ec635633f8d2ca0ec88c,blinded-annotation-v2-shortrefs
C024,K006,0,labeled,0,labeled,0,labeled,True,False,PROVISIONAL_LLM_GOLD,Sleep duration ~7.8h consistently meets >=7h recommendation for age 18-60.,Requires consistently short sleep even without new decline.,Sleep duration sufficient; conditions not met.,qwen3.8-max,fea2cc80e23b6b378dea20116183307fc373a41d8532ec635633f8d2ca0ec88c,blinded-annotation-v2-shortrefs
C024,K007,0,labeled,1,labeled,0,labeled,False,False,PROVISIONAL_LLM_GOLD,Sleep duration recorded ~7.8h; no quality concern raised by data.,"Requires sleep-onset difficulty, awakenings, or subjective refreshment to establish quality concern.",Generic distinction; no quality concern raised by data.,qwen3.8-max,fea2cc80e23b6b378dea20116183307fc373a41d8532ec635633f8d2ca0ec88c,blinded-annotation-v2-shortrefs
C024,K008,0,labeled,0,labeled,0,labeled,True,False,PROVISIONAL_LLM_GOLD,"Only sleep duration, start, and end recorded; no awakening data.",Requires repeated awakenings documented or measured sleep continuity.,Awakenings not recorded; conditions not met.,qwen3.8-max,fea2cc80e23b6b378dea20116183307fc373a41d8532ec635633f8d2ca0ec88c,blinded-annotation-v2-shortrefs
C024,K009,0,labeled,0,labeled,0,labeled,True,False,PROVISIONAL_LLM_GOLD,Sleep consistently under 8h (~7.8h); no subjective refreshment data.,Requires more than 8h sleep with reported lack of refreshment.,Sleep under 8 hours; refreshment unknown; conditions not met.,qwen3.8-max,fea2cc80e23b6b378dea20116183307fc373a41d8532ec635633f8d2ca0ec88c,blinded-annotation-v2-shortrefs
C024,K010,0,labeled,0,labeled,0,labeled,True,False,PROVISIONAL_LLM_GOLD,Sleep not restricted; consistently ~7.8h.,Requires repeatedly shortened sleep and symptoms for cognitive impairment claim.,Sleep not shortened; no symptoms; conditions not met.,qwen3.8-max,fea2cc80e23b6b378dea20116183307fc373a41d8532ec635633f8d2ca0ec88c,blinded-annotation-v2-shortrefs
C024,K011,0,labeled,0,labeled,0,labeled,True,False,PROVISIONAL_LLM_GOLD,Sleep duration consistently ~470min (7.8h); no shortened nights.,Requires several nights of reduced sleep duration.,No repeated sleep restriction observed; conditions not met.,qwen3.8-max,fea2cc80e23b6b378dea20116183307fc373a41d8532ec635633f8d2ca0ec88c,blinded-annotation-v2-shortrefs
C024,K012,0,labeled,0,labeled,0,labeled,True,False,PROVISIONAL_LLM_GOLD,Sleep duration adequate throughout both periods (~7.8h).,Requires ongoing insufficient sleep.,Sleep not insufficient; generic background not connected.,qwen3.8-max,fea2cc80e23b6b378dea20116183307fc373a41d8532ec635633f8d2ca0ec88c,blinded-annotation-v2-shortrefs
C024,K013,0,labeled,0,labeled,0,labeled,True,False,PROVISIONAL_LLM_GOLD,Sleep not insufficient; no appetite data.,Requires repeated insufficient sleep and food intake info for individual claims.,Sleep not insufficient; appetite unknown; conditions not met.,qwen3.8-max,fea2cc80e23b6b378dea20116183307fc373a41d8532ec635633f8d2ca0ec88c,blinded-annotation-v2-shortrefs
C024,K014,0,labeled,0,labeled,0,labeled,True,False,PROVISIONAL_LLM_GOLD,No sleepiness or driving context recorded.,Requires reported sleepiness and driving plans.,Sleepiness and driving unknown; conditions not met.,qwen3.8-max,fea2cc80e23b6b378dea20116183307fc373a41d8532ec635633f8d2ca0ec88c,blinded-annotation-v2-shortrefs
C024,K015,1,labeled,1,labeled,1,labeled,True,False,PROVISIONAL_LLM_GOLD,"Baseline sleep mean 469.8min (~7.8h), window mean 470.4min (~7.8h).",Adult sleep duration being reviewed; individual experience needed for adequacy.,"Supported contextual connection: observed ~7.8h sleep falls within the 7-9h average range, but individual experience is unknown.",qwen3.8-max,fea2cc80e23b6b378dea20116183307fc373a41d8532ec635633f8d2ca0ec88c,blinded-annotation-v2-shortrefs
C024,K016,0,labeled,0,labeled,0,labeled,True,False,PROVISIONAL_LLM_GOLD,No insomnia symptoms reported; 14-day window only.,Requires months-long sleeping difficulties or failed habit changes.,No insomnia symptoms; brief window; conditions not met.,qwen3.8-max,fea2cc80e23b6b378dea20116183307fc373a41d8532ec635633f8d2ca0ec88c,blinded-annotation-v2-shortrefs
C024,K017,0,labeled,0,labeled,0,labeled,True,False,PROVISIONAL_LLM_GOLD,Sleep start range 22:42-22:58; sleep end fixed at 07:00 daily.,Requires repeated variability in bedtime or wake time.,Schedule highly consistent; conditions contradicted.,qwen3.8-max,fea2cc80e23b6b378dea20116183307fc373a41d8532ec635633f8d2ca0ec88c,blinded-annotation-v2-shortrefs
C024,K018,0,labeled,0,labeled,0,labeled,True,False,PROVISIONAL_LLM_GOLD,Sleep end at exactly 07:00:00 every day; variance 0.0 for sleep_end_minutes.,Requires inconsistent wake time with reported sleeping difficulties.,Wake time perfectly consistent; no insomnia symptoms; conditions contradicted.,qwen3.8-max,fea2cc80e23b6b378dea20116183307fc373a41d8532ec635633f8d2ca0ec88c,blinded-annotation-v2-shortrefs
C024,K019,0,labeled,0,labeled,0,labeled,True,False,PROVISIONAL_LLM_GOLD,"Weekday sleep mean 470.6min, weekend 470.0min; sleep times similar.",Requires bedtime or wake time differing substantially between weekdays and weekends.,Sleep times similar across days; conditions not met.,qwen3.8-max,fea2cc80e23b6b378dea20116183307fc373a41d8532ec635633f8d2ca0ec88c,blinded-annotation-v2-shortrefs
C024,K020,0,labeled,0,labeled,0,labeled,True,False,PROVISIONAL_LLM_GOLD,Bedtime timestamps available (22:42-22:58) but pre-bed activities unknown.,Requires information about pre-bed activities for targeted advice.,Pre-bed activities unknown; conditions not met.,qwen3.8-max,fea2cc80e23b6b378dea20116183307fc373a41d8532ec635633f8d2ca0ec88c,blinded-annotation-v2-shortrefs
C024,K021,0,labeled,0,labeled,0,labeled,True,False,PROVISIONAL_LLM_GOLD,No screen or light exposure data recorded.,Requires known bright-screen exposure shortly before bed.,Exposure unknown; conditions not met.,qwen3.8-max,fea2cc80e23b6b378dea20116183307fc373a41d8532ec635633f8d2ca0ec88c,blinded-annotation-v2-shortrefs
C024,K022,0,labeled,0,labeled,0,labeled,True,False,PROVISIONAL_LLM_GOLD,No caffeine timing or intake data recorded.,Requires known afternoon or evening caffeine use with sleeping difficulty.,Caffeine history unknown; conditions not met.,qwen3.8-max,fea2cc80e23b6b378dea20116183307fc373a41d8532ec635633f8d2ca0ec88c,blinded-annotation-v2-shortrefs
C024,K023,0,labeled,0,labeled,0,labeled,True,False,PROVISIONAL_LLM_GOLD,No meal timing or size data recorded.,Requires known large meal shortly before bed.,Meal information unknown; conditions not met.,qwen3.8-max,fea2cc80e23b6b378dea20116183307fc373a41d8532ec635633f8d2ca0ec88c,blinded-annotation-v2-shortrefs
C024,K024,0,labeled,0,labeled,0,labeled,True,False,PROVISIONAL_LLM_GOLD,No alcohol intake or timing data recorded.,Requires alcohol use near bedtime reported.,Alcohol exposure unknown; conditions not met.,qwen3.8-max,fea2cc80e23b6b378dea20116183307fc373a41d8532ec635633f8d2ca0ec88c,blinded-annotation-v2-shortrefs
C024,K025,0,labeled,0,labeled,0,labeled,True,False,PROVISIONAL_LLM_GOLD,No nicotine use data recorded.,Requires nicotine exposure with sleep concerns.,Nicotine use unknown; conditions not met.,qwen3.8-max,fea2cc80e23b6b378dea20116183307fc373a41d8532ec635633f8d2ca0ec88c,blinded-annotation-v2-shortrefs
C024,K026,0,labeled,0,labeled,0,labeled,True,False,PROVISIONAL_LLM_GOLD,No bedroom environment data recorded.,"Requires known disruptive bedroom environment (light, noise, temperature).",Environment unknown; conditions not met.,qwen3.8-max,fea2cc80e23b6b378dea20116183307fc373a41d8532ec635633f8d2ca0ec88c,blinded-annotation-v2-shortrefs
C024,K027,0,labeled,0,labeled,0,labeled,True,False,PROVISIONAL_LLM_GOLD,No relaxation routine or difficulty data recorded.,Requires reported difficulty relaxing or request for routine options.,No relaxation context; generic advice.,qwen3.8-max,fea2cc80e23b6b378dea20116183307fc373a41d8532ec635633f8d2ca0ec88c,blinded-annotation-v2-shortrefs
C024,K028,0,labeled,0,labeled,0,labeled,True,False,PROVISIONAL_LLM_GOLD,No nap information recorded.,Requires adult naps recorded or reported.,Nap history unknown; conditions not met.,qwen3.8-max,fea2cc80e23b6b378dea20116183307fc373a41d8532ec635633f8d2ca0ec88c,blinded-annotation-v2-shortrefs
C024,K029,0,labeled,0,labeled,0,labeled,True,False,PROVISIONAL_LLM_GOLD,Consistent overnight sleep pattern; sleep start variance ~30min across 42 days.,Requires confirmed shift-work schedule.,Shift work unknown; conditions not met.,qwen3.8-max,fea2cc80e23b6b378dea20116183307fc373a41d8532ec635633f8d2ca0ec88c,blinded-annotation-v2-shortrefs
C024,K030,0,labeled,0,labeled,0,labeled,True,False,PROVISIONAL_LLM_GOLD,No shift work confirmed; consistent overnight sleep pattern.,Requires shift work established.,Shift work unknown; conditions not met.,qwen3.8-max,fea2cc80e23b6b378dea20116183307fc373a41d8532ec635633f8d2ca0ec88c,blinded-annotation-v2-shortrefs
C024,K031,0,labeled,0,labeled,0,labeled,True,False,PROVISIONAL_LLM_GOLD,No shift work or caffeine data recorded.,Requires shift worker using caffeine.,Shift work and caffeine use unknown; conditions not met.,qwen3.8-max,fea2cc80e23b6b378dea20116183307fc373a41d8532ec635633f8d2ca0ec88c,blinded-annotation-v2-shortrefs
C024,K032,0,labeled,0,labeled,0,labeled,True,False,PROVISIONAL_LLM_GOLD,"Only ordinary overnight sleep recorded (22:42-22:58 start, 07:00 end).",Requires daytime sleep associated with shift work.,Only overnight sleep recorded; shift work condition contradicted.,qwen3.8-max,fea2cc80e23b6b378dea20116183307fc373a41d8532ec635633f8d2ca0ec88c,blinded-annotation-v2-shortrefs
C024,K033,1,labeled,1,labeled,0,labeled,False,False,PROVISIONAL_LLM_GOLD,"Notable vital changes: RHR spike to 65-67bpm Apr 3-6, HRV drop to 23-26ms Apr 7-10.",Changed or variable pattern needs review; diary preserves sequence.,Supported contextual connection: highlights need for diary data to explain observed vital changes beyond period averages.,qwen3.8-max,fea2cc80e23b6b378dea20116183307fc373a41d8532ec635633f8d2ca0ec88c,blinded-annotation-v2-shortrefs
C024,K034,0,labeled,0,labeled,0,labeled,True,False,PROVISIONAL_LLM_GOLD,Sleep duration consistently ~7.8h; no shortened nights.,Requires several shortened nights rather than single isolated reading.,No sleep loss accumulation; conditions not met.,qwen3.8-max,fea2cc80e23b6b378dea20116183307fc373a41d8532ec635633f8d2ca0ec88c,blinded-annotation-v2-shortrefs
C024,K035,0,labeled,0,labeled,0,labeled,True,False,PROVISIONAL_LLM_GOLD,"Weekday sleep mean 470.6min, weekend 470.0min in window; similar durations.",Requires longer sleep and later timing on days off.,No weekend sleep increase observed; conditions not met.,qwen3.8-max,fea2cc80e23b6b378dea20116183307fc373a41d8532ec635633f8d2ca0ec88c,blinded-annotation-v2-shortrefs
C024,K036,0,labeled,0,labeled,0,labeled,True,False,PROVISIONAL_LLM_GOLD,No nap information recorded in wearable data.,Requires recorded naps after shortened night-time sleep.,Nap history unknown; conditions not met.,qwen3.8-max,fea2cc80e23b6b378dea20116183307fc373a41d8532ec635633f8d2ca0ec88c,blinded-annotation-v2-shortrefs
C024,K037,0,labeled,0,labeled,0,labeled,True,False,PROVISIONAL_LLM_GOLD,No sleeping difficulties reported; only device estimates.,Requires recent bad night and reported sleeping difficulties.,No sleeping difficulties; conditions not met.,qwen3.8-max,fea2cc80e23b6b378dea20116183307fc373a41d8532ec635633f8d2ca0ec88c,blinded-annotation-v2-shortrefs
C024,K038,0,labeled,0,labeled,0,labeled,True,False,PROVISIONAL_LLM_GOLD,No sleeping difficulties or symptom history reported.,Requires reported sleeping difficulties with known duration.,No insomnia symptoms; conditions not met.,qwen3.8-max,fea2cc80e23b6b378dea20116183307fc373a41d8532ec635633f8d2ca0ec88c,blinded-annotation-v2-shortrefs
C024,K039,0,labeled,0,labeled,0,labeled,True,False,PROVISIONAL_LLM_GOLD,"No travel history; sleep timing stable (start ~22:45-22:58, end 07:00).","Requires confirmed travel, destination time zone, and trip duration.",No travel history; conditions not met.,qwen3.8-max,fea2cc80e23b6b378dea20116183307fc373a41d8532ec635633f8d2ca0ec88c,blinded-annotation-v2-shortrefs
C024,K040,0,labeled,0,labeled,0,labeled,True,False,PROVISIONAL_LLM_GOLD,No travel history recorded in wearable data.,Requires short trip across time zones planned.,Travel context unknown; conditions not met.,qwen3.8-max,fea2cc80e23b6b378dea20116183307fc373a41d8532ec635633f8d2ca0ec88c,blinded-annotation-v2-shortrefs
C024,K041,0,labeled,0,labeled,0,labeled,True,False,PROVISIONAL_LLM_GOLD,"Movement stable ~55min activity, ~8000 steps daily.",Requires low or declining movement giving opportunity to add activity.,Movement stable; generic advice not connected to observations.,qwen3.8-max,fea2cc80e23b6b378dea20116183307fc373a41d8532ec635633f8d2ca0ec88c,blinded-annotation-v2-shortrefs
C024,K042,0,labeled,0,labeled,0,labeled,True,False,PROVISIONAL_LLM_GOLD,Activity stable ~55min/day throughout both periods.,Requires recently low or reduced physical activity.,No inactivity; conditions not met.,qwen3.8-max,fea2cc80e23b6b378dea20116183307fc373a41d8532ec635633f8d2ca0ec88c,blinded-annotation-v2-shortrefs
C024,K043,0,labeled,0,labeled,0,labeled,True,False,PROVISIONAL_LLM_GOLD,All activity intensity 'unknown'; only moving minutes and steps available.,Requires known activity intensity for moderate-intensity classification.,Intensity unknown; conditions not met.,qwen3.8-max,fea2cc80e23b6b378dea20116183307fc373a41d8532ec635633f8d2ca0ec88c,blinded-annotation-v2-shortrefs
C024,K044,0,labeled,0,labeled,0,labeled,True,False,PROVISIONAL_LLM_GOLD,All activity intervals have intensity 'unknown'.,Requires documented vigorous aerobic activity.,Intensity unknown throughout; conditions not met.,qwen3.8-max,fea2cc80e23b6b378dea20116183307fc373a41d8532ec635633f8d2ca0ec88c,blinded-annotation-v2-shortrefs
C024,K045,0,labeled,0,labeled,0,labeled,True,False,PROVISIONAL_LLM_GOLD,"Activity duration stable: baseline mean 54.9min, window mean 55.3min.",Requires reduced activity or limited opportunities for long sessions.,No reduced activity observed; generic advice not connected.,qwen3.8-max,fea2cc80e23b6b378dea20116183307fc373a41d8532ec635633f8d2ca0ec88c,blinded-annotation-v2-shortrefs
C024,K046,0,labeled,0,labeled,0,labeled,True,False,PROVISIONAL_LLM_GOLD,Only steps and activity_duration available; no strengthening records.,Requires strengthening activity records including days and muscle groups.,Strengthening data unavailable; conditions not met.,qwen3.8-max,fea2cc80e23b6b378dea20116183307fc373a41d8532ec635633f8d2ca0ec88c,blinded-annotation-v2-shortrefs
C024,K047,0,labeled,0,labeled,0,labeled,True,False,PROVISIONAL_LLM_GOLD,All activity intervals have intensity 'unknown'.,Requires documented aerobic activity reaching guideline with known intensity.,Intensity unknown; conditions not met.,qwen3.8-max,fea2cc80e23b6b378dea20116183307fc373a41d8532ec635633f8d2ca0ec88c,blinded-annotation-v2-shortrefs
C024,K048,0,labeled,0,labeled,0,labeled,True,False,PROVISIONAL_LLM_GOLD,All activity intervals have intensity 'unknown'; fitness context unavailable.,Requires fitness or perceived effort for intensity interpretation.,Intensity and fitness unknown; conditions not met.,qwen3.8-max,fea2cc80e23b6b378dea20116183307fc373a41d8532ec635633f8d2ca0ec88c,blinded-annotation-v2-shortrefs
C024,K049,0,labeled,0,labeled,0,labeled,True,False,PROVISIONAL_LLM_GOLD,All activity intensity 'unknown'; no breathing or talk-test observation.,Requires aerobic activity and breathing/talk-test observation.,Effort unrecorded; conditions not met.,qwen3.8-max,fea2cc80e23b6b378dea20116183307fc373a41d8532ec635633f8d2ca0ec88c,blinded-annotation-v2-shortrefs
C024,K050,1,labeled,1,labeled,0,labeled,False,False,PROVISIONAL_LLM_GOLD,Steps stable ~8000/day; all activity intensity 'unknown'.,Steps change while other activity may differ; activity type needed.,"Supported contextual connection: steps may miss non-step exercise intensity, relevant given unknown intensity throughout.",qwen3.8-max,fea2cc80e23b6b378dea20116183307fc373a41d8532ec635633f8d2ca0ec88c,blinded-annotation-v2-shortrefs
C024,K051,0,labeled,0,labeled,0,labeled,True,False,PROVISIONAL_LLM_GOLD,"Activity stable ~55min/day, steps ~8000/day; no decline.",Requires low or declining routine movement.,"Activity is stable, not low or declining; advice not specifically informative.",qwen3.8-max,fea2cc80e23b6b378dea20116183307fc373a41d8532ec635633f8d2ca0ec88c,blinded-annotation-v2-shortrefs
C024,K052,0,labeled,0,labeled,0,labeled,True,False,PROVISIONAL_LLM_GOLD,Activity stable ~55min/day; no reported difficulty maintaining activity.,Requires activity habit low or difficult to maintain.,No evidence of activity difficulty; generic advice not connected.,qwen3.8-max,fea2cc80e23b6b378dea20116183307fc373a41d8532ec635633f8d2ca0ec88c,blinded-annotation-v2-shortrefs
C024,K053,0,labeled,0,labeled,0,labeled,True,False,PROVISIONAL_LLM_GOLD,No social preferences or motivational barriers reported.,Requires person wanting support maintaining activity.,No evidence of social/motivational barrier; generic advice.,qwen3.8-max,fea2cc80e23b6b378dea20116183307fc373a41d8532ec635633f8d2ca0ec88c,blinded-annotation-v2-shortrefs
C024,K054,0,labeled,0,labeled,0,labeled,True,False,PROVISIONAL_LLM_GOLD,Activity stable; no time barrier reported.,Requires low activity with reported time barrier.,No time barrier; activity stable; conditions not met.,qwen3.8-max,fea2cc80e23b6b378dea20116183307fc373a41d8532ec635633f8d2ca0ec88c,blinded-annotation-v2-shortrefs
C024,K055,0,labeled,0,labeled,0,labeled,True,False,PROVISIONAL_LLM_GOLD,No schedule constraints or competing demands reported.,Requires reported competing demands reducing activity.,Schedule reason unknown; conditions not met.,qwen3.8-max,fea2cc80e23b6b378dea20116183307fc373a41d8532ec635633f8d2ca0ec88c,blinded-annotation-v2-shortrefs
C024,K056,0,labeled,0,labeled,0,labeled,True,False,PROVISIONAL_LLM_GOLD,No chronic condition or disability information recorded.,"Requires established chronic condition, disability, or special need.",Medical context unknown; conditions not met.,qwen3.8-max,fea2cc80e23b6b378dea20116183307fc373a41d8532ec635633f8d2ca0ec88c,blinded-annotation-v2-shortrefs
C024,K057,1,labeled,1,labeled,0,labeled,False,False,PROVISIONAL_LLM_GOLD,"Low movement intervals ~44-46min each, 10 per day, with 720min daytime wear.",Long uninterrupted daytime low-movement intervals with adequate wear coverage; posture context needed.,"Supported contextual connection: low movement intervals exist with good coverage, but posture unconfirmed per instructions.",qwen3.8-max,fea2cc80e23b6b378dea20116183307fc373a41d8532ec635633f8d2ca0ec88c,blinded-annotation-v2-shortrefs
C024,K058,1,labeled,1,labeled,0,labeled,False,False,PROVISIONAL_LLM_GOLD,Activity ~55min/day coexists with low_movement ~450min/day; posture unconfirmed.,Recorded activity coexists with substantial low-movement periods.,"Supported contextual connection: activity and low movement coexist, but sitting posture is unconfirmed per instructions.",qwen3.8-max,fea2cc80e23b6b378dea20116183307fc373a41d8532ec635633f8d2ca0ec88c,blinded-annotation-v2-shortrefs
C024,K059,0,labeled,0,labeled,0,labeled,True,False,PROVISIONAL_LLM_GOLD,Low movement intervals recorded but device low movement is not confirmed sitting.,Requires substantial or increasing daily low movement with confirmed sitting.,Sitting not confirmed; low movement is not confirmed sitting per instructions.,qwen3.8-max,fea2cc80e23b6b378dea20116183307fc373a41d8532ec635633f8d2ca0ec88c,blinded-annotation-v2-shortrefs
C024,K060,0,labeled,0,labeled,0,labeled,True,False,PROVISIONAL_LLM_GOLD,No commute or transport data recorded.,Requires sedentary commuting established.,Commute unknown; conditions not met.,qwen3.8-max,fea2cc80e23b6b378dea20116183307fc373a41d8532ec635633f8d2ca0ec88c,blinded-annotation-v2-shortrefs
C024,K061,0,labeled,0,labeled,0,labeled,True,False,PROVISIONAL_LLM_GOLD,Work context unknown; no evidence of desk-based work patterns.,Requires desk work with prolonged sitting and workplace layout context.,No workplace or desk-sitting context in raw data; conditions not met.,qwen3.8-max,fea2cc80e23b6b378dea20116183307fc373a41d8532ec635633f8d2ca0ec88c,blinded-annotation-v2-shortrefs
C024,K062,0,labeled,0,labeled,0,labeled,True,False,PROVISIONAL_LLM_GOLD,No workplace or meeting information recorded.,Requires meetings or desk work involving prolonged sitting.,Workplace context unknown; conditions not met.,qwen3.8-max,fea2cc80e23b6b378dea20116183307fc373a41d8532ec635633f8d2ca0ec88c,blinded-annotation-v2-shortrefs
C024,K063,0,labeled,0,labeled,0,labeled,True,False,PROVISIONAL_LLM_GOLD,No screen habits or television viewing data recorded.,Requires prolonged sitting while watching television.,Screen habits unknown; conditions not met.,qwen3.8-max,fea2cc80e23b6b378dea20116183307fc373a41d8532ec635633f8d2ca0ec88c,blinded-annotation-v2-shortrefs
C024,K064,0,labeled,0,labeled,0,labeled,True,False,PROVISIONAL_LLM_GOLD,No leisure context or seated leisure data recorded.,Requires substantial habitual seated leisure.,Leisure context unknown; conditions not met.,qwen3.8-max,fea2cc80e23b6b378dea20116183307fc373a41d8532ec635633f8d2ca0ec88c,blinded-annotation-v2-shortrefs
C024,K065,1,labeled,1,labeled,0,labeled,False,False,PROVISIONAL_LLM_GOLD,Steps ~8000/day and activity_duration ~55min/day recorded; everyday movement distinct from exercise.,Low everyday movement despite possible formal exercise.,Supported contextual connection: distinguishes recorded steps/activity from total daily movement patterns.,qwen3.8-max,fea2cc80e23b6b378dea20116183307fc373a41d8532ec635633f8d2ca0ec88c,blinded-annotation-v2-shortrefs
C024,K066,0,labeled,0,labeled,0,labeled,True,False,PROVISIONAL_LLM_GOLD,No workday or lunch-break context recorded.,Requires daytime low movement with known workday lunch-break context.,Workday context unknown; conditions not met.,qwen3.8-max,fea2cc80e23b6b378dea20116183307fc373a41d8532ec635633f8d2ca0ec88c,blinded-annotation-v2-shortrefs
C024,K067,0,labeled,0,labeled,0,labeled,True,False,PROVISIONAL_LLM_GOLD,No stair access or mobility context recorded.,Requires low incidental movement with accessible stairs.,Context unknown; conditions not met.,qwen3.8-max,fea2cc80e23b6b378dea20116183307fc373a41d8532ec635633f8d2ca0ec88c,blinded-annotation-v2-shortrefs
C024,K068,2,labeled,2,labeled,1,labeled,False,False,PROVISIONAL_LLM_GOLD,Low movement intervals recorded daily (~440-462min) without posture measurement.,Low-movement intervals available without posture measurement; device low movement is not confirmed sitting.,"Core directly explains that device low movement is not confirmed sitting per annotation rules, directly applicable to observed low_movement data.",qwen3.8-max,fea2cc80e23b6b378dea20116183307fc373a41d8532ec635633f8d2ca0ec88c,blinded-annotation-v2-shortrefs
C024,K069,0,labeled,0,labeled,0,labeled,True,False,PROVISIONAL_LLM_GOLD,Activity and sleep patterns available but temporal co-occurrence does not imply causation.,Activity and sleep patterns available for joint review.,Generic background; temporal co-occurrence does not imply causation per instructions.,qwen3.8-max,fea2cc80e23b6b378dea20116183307fc373a41d8532ec635633f8d2ca0ec88c,blinded-annotation-v2-shortrefs
C024,K070,0,labeled,0,labeled,0,labeled,True,False,PROVISIONAL_LLM_GOLD,Activity stable; no outdoor exposure data.,Requires low daytime activity accompanying changed sleep routine.,Generic advice; outdoor exposure unknown; not specifically informative.,qwen3.8-max,fea2cc80e23b6b378dea20116183307fc373a41d8532ec635633f8d2ca0ec88c,blinded-annotation-v2-shortrefs
C024,K071,1,labeled,1,labeled,1,labeled,True,False,PROVISIONAL_LLM_GOLD,Activity intervals consistently 21:00-~21:55; sleep starts 22:42-22:58; intensity 'unknown'.,Activity occurs close to bedtime; intensity and actual timing relative to bedtime needed.,"Supported contextual connection: late activity timing matches, but unknown intensity limits direct application of intense-exercise advice.",qwen3.8-max,fea2cc80e23b6b378dea20116183307fc373a41d8532ec635633f8d2ca0ec88c,blinded-annotation-v2-shortrefs
C024,K072,0,labeled,0,labeled,0,labeled,True,False,PROVISIONAL_LLM_GOLD,Only movement timestamps known; no insomnia symptom history.,Requires exercise near bedtime with reported insomnia symptoms.,No insomnia reported; conditions not met.,qwen3.8-max,fea2cc80e23b6b378dea20116183307fc373a41d8532ec635633f8d2ca0ec88c,blinded-annotation-v2-shortrefs
C024,K073,1,labeled,1,labeled,1,labeled,True,False,PROVISIONAL_LLM_GOLD,Activity intervals recorded daily 21:00-~21:55; sleep start times recorded nightly.,Activity timing and subsequent sleep being compared; activity intervals needed.,Supported contextual connection: late activity timing available for comparison with subsequent sleep periods.,qwen3.8-max,fea2cc80e23b6b378dea20116183307fc373a41d8532ec635633f8d2ca0ec88c,blinded-annotation-v2-shortrefs
C024,K074,0,labeled,0,labeled,0,labeled,True,False,PROVISIONAL_LLM_GOLD,No emergency-response deployment context recorded.,Requires confirmed emergency-response deployment context.,Deployment context unknown; conditions not met.,qwen3.8-max,fea2cc80e23b6b378dea20116183307fc373a41d8532ec635633f8d2ca0ec88c,blinded-annotation-v2-shortrefs
C024,K075,0,labeled,0,labeled,0,labeled,True,False,PROVISIONAL_LLM_GOLD,No tiredness or energy pattern data recorded.,Requires reported tiredness limiting activity.,Tiredness unknown; conditions not met.,qwen3.8-max,fea2cc80e23b6b378dea20116183307fc373a41d8532ec635633f8d2ca0ec88c,blinded-annotation-v2-shortrefs
C024,K076,1,labeled,1,labeled,0,labeled,False,False,PROVISIONAL_LLM_GOLD,RHR and HRV changed in window; no substance or medication data recorded.,Sleep and activity show temporal relationship needing context; substance/medication history needed.,Supported contextual connection: missing substance data limits causal attribution of observed vital changes.,qwen3.8-max,fea2cc80e23b6b378dea20116183307fc373a41d8532ec635633f8d2ca0ec88c,blinded-annotation-v2-shortrefs
C024,K077,1,labeled,1,labeled,0,labeled,False,False,PROVISIONAL_LLM_GOLD,"RHR observations available: baseline 55-57bpm, window 55-67bpm.",RHR observations available; measured while still and well-rested.,Supported contextual connection: defines RHR measurement context for interpreting the observed 55-67bpm values.,qwen3.8-max,fea2cc80e23b6b378dea20116183307fc373a41d8532ec635633f8d2ca0ec88c,blinded-annotation-v2-shortrefs
C024,K078,1,labeled,1,labeled,0,labeled,False,False,PROVISIONAL_LLM_GOLD,Daily RHR values recorded (55-67bpm); no sleeping HR separately listed.,Daily resting heart-rate trend being interpreted; measure and context known.,Supported contextual connection: distinguishes daily RHR from sleeping HR for proper trend interpretation of observed RHR values.,qwen3.8-max,fea2cc80e23b6b378dea20116183307fc373a41d8532ec635633f8d2ca0ec88c,blinded-annotation-v2-shortrefs
C024,K079,2,labeled,2,labeled,2,labeled,True,False,PROVISIONAL_LLM_GOLD,"RHR rose from baseline 55-57bpm to 65-67bpm Apr 3-6, then returned to 55-57bpm.",RHR changes relative to previous readings; exposure/symptom info needed to attribute cause.,"Core directly explains that RHR rise has multiple possible causes (caffeine, stress, fever, etc.), not identifiable from data alone.",qwen3.8-max,fea2cc80e23b6b378dea20116183307fc373a41d8532ec635633f8d2ca0ec88c,blinded-annotation-v2-shortrefs
C024,K080,1,labeled,1,labeled,0,labeled,False,False,PROVISIONAL_LLM_GOLD,"Both HRV RMSSD and RHR show changes in window (HRV dropped, RHR spiked).",HRV and heart-rate estimates being interpreted together.,Supported contextual connection: clarifies HRV and RHR are different metrics when both show changes in the observed data.,qwen3.8-max,fea2cc80e23b6b378dea20116183307fc373a41d8532ec635633f8d2ca0ec88c,blinded-annotation-v2-shortrefs
C024,K081,2,labeled,2,labeled,1,labeled,False,False,PROVISIONAL_LLM_GOLD,Window HRV variance 84.5 vs baseline 1.86; values range 23-47ms in window vs 43-47ms in baseline.,HRV level or trend being reviewed; personal history and consistent context required.,"Core directly explains that HRV varies individually and the observed absolute drop needs personal baseline context, which is provided by the 28-day baseline.",qwen3.8-max,fea2cc80e23b6b378dea20116183307fc373a41d8532ec635633f8d2ca0ec88c,blinded-annotation-v2-shortrefs
C024,K082,2,labeled,2,labeled,1,labeled,False,False,PROVISIONAL_LLM_GOLD,28-day baseline provides personal range; window shows HRV drop from 45ms mean to 23-26ms and RHR rise from 56 to 65-67bpm.,Vital has changed from recent personal baseline; sufficient same-metric history available.,Core directly explains using 28-day baseline as personal range context for observed HRV/RHR changes.,qwen3.8-max,fea2cc80e23b6b378dea20116183307fc373a41d8532ec635633f8d2ca0ec88c,blinded-annotation-v2-shortrefs
C024,K083,2,labeled,2,labeled,1,labeled,False,False,PROVISIONAL_LLM_GOLD,RHR spiked to 65-67bpm Apr 3-6 then returned to 55-57bpm Apr 7-12; multi-day trend visible.,Repeated RHR readings or recent change available.,Core directly explains need to follow RHR over multiple days to interpret the transient spike observed Apr 3-6.,qwen3.8-max,fea2cc80e23b6b378dea20116183307fc373a41d8532ec635633f8d2ca0ec88c,blinded-annotation-v2-shortrefs
C024,K084,2,labeled,2,labeled,1,labeled,False,False,PROVISIONAL_LLM_GOLD,Window HRV RMSSD dropped from baseline mean 45ms to as low as 23ms (Apr 10).,HRV trend available for wellness monitoring; non-applicable if diagnosing disease from HRV.,"Core directly explains that the observed HRV drop is a wellness observation, not a diagnosis. Conditions supported.",qwen3.8-max,fea2cc80e23b6b378dea20116183307fc373a41d8532ec635633f8d2ca0ec88c,blinded-annotation-v2-shortrefs
C024,K085,2,labeled,2,labeled,1,labeled,False,False,PROVISIONAL_LLM_GOLD,Data records hrv_rmssd_ms; metadata confirms 'night RMSSD' metric definition.,HRV records identify RMSSD as their metric.,"Core directly explains the specific HRV metric (RMSSD) used in the observed data, matching metadata definition.",qwen3.8-max,fea2cc80e23b6b378dea20116183307fc373a41d8532ec635633f8d2ca0ec88c,blinded-annotation-v2-shortrefs
C024,K086,1,labeled,1,labeled,1,labeled,True,False,PROVISIONAL_LLM_GOLD,Sleep duration 462-478min (>3h threshold); HRV RMSSD recorded nightly.,Overnight HRV estimates being compared; compatible collection definition and sleep coverage.,Supported contextual connection: explains HRV collection requirements matching observed sleep coverage exceeding 3h minimum.,qwen3.8-max,fea2cc80e23b6b378dea20116183307fc373a41d8532ec635633f8d2ca0ec88c,blinded-annotation-v2-shortrefs
C024,K087,0,labeled,0,labeled,0,labeled,True,False,PROVISIONAL_LLM_GOLD,Only sleep duration and timing available; no sleep-stage data.,Requires sleep-stage measurements.,Sleep stages not available; conditions contradicted.,qwen3.8-max,fea2cc80e23b6b378dea20116183307fc373a41d8532ec635633f8d2ca0ec88c,blinded-annotation-v2-shortrefs
C024,K088,1,labeled,1,labeled,0,labeled,False,False,PROVISIONAL_LLM_GOLD,"Notable vital changes: RHR spike to 65-67bpm, HRV drop to 23-26ms in window.",Person reports concerns about a vital trend; requires reported health concerns.,"Supported contextual connection: notable vital changes warrant clinical conversation per source guidance, though no concerns are explicitly reported.",qwen3.8-max,fea2cc80e23b6b378dea20116183307fc373a41d8532ec635633f8d2ca0ec88c,blinded-annotation-v2-shortrefs
C024,K089,1,labeled,1,labeled,0,labeled,False,False,PROVISIONAL_LLM_GOLD,RHR spiked to 65-67bpm Apr 3-6 then returned to 55-57bpm; no placement info.,Heart-rate readings may be unreliable or wear quality changes.,Supported contextual connection: sensor fit could explain transient RHR elevation without placement info.,qwen3.8-max,fea2cc80e23b6b378dea20116183307fc373a41d8532ec635633f8d2ca0ec88c,blinded-annotation-v2-shortrefs
C024,K090,1,labeled,1,labeled,0,labeled,False,False,PROVISIONAL_LLM_GOLD,Nighttime coverage 482-498min every night; daytime wear 720min every day.,Overnight vitals have uncertain coverage; separate night-time wear info needed.,Supported contextual connection: confirms separate nighttime coverage validates overnight HRV/RHR data.,qwen3.8-max,fea2cc80e23b6b378dea20116183307fc373a41d8532ec635633f8d2ca0ec88c,blinded-annotation-v2-shortrefs
C024,K091,1,labeled,1,labeled,0,labeled,False,False,PROVISIONAL_LLM_GOLD,All nights have coverage >=482min (>180min threshold); no missing vitals.,Compatible device and sleep coverage; missing readings not physiological zeros.,"Supported contextual connection: confirms adequate sleep duration prevents missing vital readings, validating observed data completeness.",qwen3.8-max,fea2cc80e23b6b378dea20116183307fc373a41d8532ec635633f8d2ca0ec88c,blinded-annotation-v2-shortrefs
C024,K092,0,labeled,0,labeled,0,labeled,True,False,PROVISIONAL_LLM_GOLD,All 42 days have valid_count>0 for all metrics; no missing_reasons recorded.,Requires vitals missing or delayed.,No missing data observed; conditions not met.,qwen3.8-max,fea2cc80e23b6b378dea20116183307fc373a41d8532ec635633f8d2ca0ec88c,blinded-annotation-v2-shortrefs
C024,K093,0,labeled,0,labeled,0,labeled,True,False,PROVISIONAL_LLM_GOLD,Same synthetic device throughout; metadata shows single device definition.,Requires heart-rate series involving device or algorithm change.,Same device throughout; conditions not met.,qwen3.8-max,fea2cc80e23b6b378dea20116183307fc373a41d8532ec635633f8d2ca0ec88c,blinded-annotation-v2-shortrefs
C024,K094,1,labeled,1,labeled,0,labeled,False,False,PROVISIONAL_LLM_GOLD,Sleep duration estimated from device; sleep_start and sleep_end timestamps available.,Device-estimated sleep duration and sleep boundaries available.,"Supported contextual connection: clarifies that recorded sleep duration is an estimate, not full period.",qwen3.8-max,fea2cc80e23b6b378dea20116183307fc373a41d8532ec635633f8d2ca0ec88c,blinded-annotation-v2-shortrefs
C024,K095,1,labeled,1,labeled,0,labeled,False,False,PROVISIONAL_LLM_GOLD,Nighttime coverage 482-498min every night; no missing sleep data.,Sleep readings present with adequate night-time wear record.,Supported contextual connection: confirms adequate overnight wear validates sleep observations.,qwen3.8-max,fea2cc80e23b6b378dea20116183307fc373a41d8532ec635633f8d2ca0ec88c,blinded-annotation-v2-shortrefs
C024,K096,1,labeled,1,labeled,0,labeled,False,False,PROVISIONAL_LLM_GOLD,"Steps stable: baseline mean 8043, window mean 7996, min 7603, max 8404.",Step readings change with possible measurement limitations; wear context needed.,"Supported contextual connection: steps depend on arm motion sensing, relevant when interpreting stable step counts without wear context changes.",qwen3.8-max,fea2cc80e23b6b378dea20116183307fc373a41d8532ec635633f8d2ca0ec88c,blinded-annotation-v2-shortrefs
