case_id,knowledge_id,annotator_id,relevance,status,raw_data_evidence,item_condition_evidence,rationale,model,input_sha256,annotation_revision
C001,K001,judge_a,2,labeled,Window sleep mean 346 min vs CDC adult recommendation of at least 7 hours (420 min).,Applies to adults 18-60 with sleep below recommendation; metadata confirms age band 18-60.,Core directly explains that window sleep duration is substantially below the adult recommendation.,qwen3.8-max,0c8e6989f286be374484280826228748a4fb22018ae24b0332dd81626d12e86d,blinded-annotation-v2-shortrefs
C001,K002,judge_a,0,labeled,Metadata age_band is 18-60.,Applies to adults aged 61-64; non-applicable for other age groups.,Subject age band does not match this item's target population.,qwen3.8-max,0c8e6989f286be374484280826228748a4fb22018ae24b0332dd81626d12e86d,blinded-annotation-v2-shortrefs
C001,K003,judge_a,0,labeled,Metadata age_band is 18-60.,Applies to adults 65+; non-applicable for age below 65.,Subject age band does not match this item's target population.,qwen3.8-max,0c8e6989f286be374484280826228748a4fb22018ae24b0332dd81626d12e86d,blinded-annotation-v2-shortrefs
C001,K004,judge_a,0,labeled,Metadata age_band is 18-60.,Non-applicable for adults; applies only to teenagers aged 13-17.,"Subject is an adult, so teenage sleep recommendations do not apply.",qwen3.8-max,0c8e6989f286be374484280826228748a4fb22018ae24b0332dd81626d12e86d,blinded-annotation-v2-shortrefs
C001,K005,judge_a,1,labeled,Sleep start shifted from ~23:00 to ~00:50; duration dropped ~118 min; wake fixed at 07:00.,Requires schedule constraint to attribute shortage to busyness; non-applicable without evidence of insufficient sleep.,"Shortened sleep opportunity is observed, but schedule constraint causing it is unconfirmed.",qwen3.8-max,0c8e6989f286be374484280826228748a4fb22018ae24b0332dd81626d12e86d,blinded-annotation-v2-shortrefs
C001,K006,judge_a,2,labeled,Window sleep mean 346 min (~5.8h) consistently short across all 14 nights.,Applies when sleep is consistently short even without a new decline.,Directly explains that the stable short sleep pattern does not prove adaptation to reduced sleep.,qwen3.8-max,0c8e6989f286be374484280826228748a4fb22018ae24b0332dd81626d12e86d,blinded-annotation-v2-shortrefs
C001,K007,judge_a,1,labeled,Sleep duration recorded (mean 346 min window); no quality indicators like awakenings available.,"Requires sleep-onset difficulty, awakenings, or subjective refreshment; non-applicable claiming duration proves quality.",Clarifies that recorded duration alone does not establish sleep quality.,qwen3.8-max,0c8e6989f286be374484280826228748a4fb22018ae24b0332dd81626d12e86d,blinded-annotation-v2-shortrefs
C001,K008,judge_a,0,labeled,"Only sleep duration, start, and end times are recorded; no awakening data.",Requires documented repeated awakenings; non-applicable when only duration/start/end available.,No night awakening data exists in the observations.,qwen3.8-max,0c8e6989f286be374484280826228748a4fb22018ae24b0332dd81626d12e86d,blinded-annotation-v2-shortrefs
C001,K009,judge_a,0,labeled,"Window sleep mean 346 min (~5.8h), well under eight hours; no subjective refreshment data.",Requires more than eight hours sleep with reported lack of refreshment; non-applicable without feeling rested info.,"Sleep is short, not long, and no refreshment reports exist.",qwen3.8-max,0c8e6989f286be374484280826228748a4fb22018ae24b0332dd81626d12e86d,blinded-annotation-v2-shortrefs
C001,K010,judge_a,1,labeled,"14 consecutive nights averaging 346 min sleep, ~118 min below baseline.",Requires symptoms to claim actual cognitive impairment; non-applicable diagnosing from wearable alone.,"Repeated short sleep is observed, supporting relevance to learning/attention, but no cognitive symptoms recorded.",qwen3.8-max,0c8e6989f286be374484280826228748a4fb22018ae24b0332dd81626d12e86d,blinded-annotation-v2-shortrefs
C001,K011,judge_a,2,labeled,"Window sleep mean 346 min across 14 consecutive nights, ~118 min below baseline.",Applies when several nights of reduced sleep duration occur.,Core directly explains that repeated shortened nights can affect daytime performance.,qwen3.8-max,0c8e6989f286be374484280826228748a4fb22018ae24b0332dd81626d12e86d,blinded-annotation-v2-shortrefs
C001,K012,judge_a,1,labeled,"14 consecutive nights averaging 346 min sleep, ~118 min below baseline.",Non-applicable inferring infection from sleep or heart-rate changes.,"Ongoing sleep deficiency is observed, supporting general immune function context without diagnosing infection.",qwen3.8-max,0c8e6989f286be374484280826228748a4fb22018ae24b0332dd81626d12e86d,blinded-annotation-v2-shortrefs
C001,K013,judge_a,1,labeled,"Window sleep mean 346 min, repeatedly insufficient across 14 nights.",Applies with repeated insufficient sleep; requires food intake info for individual claims.,"Supported connection between repeated short sleep and appetite regulation, though no appetite data exists.",qwen3.8-max,0c8e6989f286be374484280826228748a4fb22018ae24b0332dd81626d12e86d,blinded-annotation-v2-shortrefs
C001,K014,judge_a,0,labeled,No reported sleepiness or driving context recorded.,Requires sleepiness and driving plans; non-applicable when unknown.,Sleepiness and driving context are unknown.,qwen3.8-max,0c8e6989f286be374484280826228748a4fb22018ae24b0332dd81626d12e86d,blinded-annotation-v2-shortrefs
C001,K015,judge_a,1,labeled,Window sleep mean 346 min; individual needs vary per NHS.,Requires individual sleep experience to assess adequacy; non-applicable using one target as diagnostic.,"Provides context that average recommendations may not match individual needs, though sleep is very short.",qwen3.8-max,0c8e6989f286be374484280826228748a4fb22018ae24b0332dd81626d12e86d,blinded-annotation-v2-shortrefs
C001,K016,judge_a,0,labeled,14-day window with short sleep; no reported sleeping difficulties or months-long history.,Requires months-long difficulties or failed habit changes; non-applicable with brief record without reported problems.,Two-week data alone cannot establish conditions warranting professional review.,qwen3.8-max,0c8e6989f286be374484280826228748a4fb22018ae24b0332dd81626d12e86d,blinded-annotation-v2-shortrefs
C001,K017,judge_a,2,labeled,Sleep start shifted from baseline mean 22:53 to window mean 00:51; wake time fixed at 07:00.,Applies with repeated variability in bedtime or wake time.,Core directly explains the importance of consistent sleep timing given the observed bedtime shift.,qwen3.8-max,0c8e6989f286be374484280826228748a4fb22018ae24b0332dd81626d12e86d,blinded-annotation-v2-shortrefs
C001,K018,judge_a,0,labeled,Wake time perfectly consistent at 07:00; no insomnia symptoms reported.,Requires inconsistent wake time with reported sleeping difficulties; non-applicable without insomnia evidence.,Wake time is already consistent; no insomnia symptoms reported.,qwen3.8-max,0c8e6989f286be374484280826228748a4fb22018ae24b0332dd81626d12e86d,blinded-annotation-v2-shortrefs
C001,K019,judge_a,0,labeled,Baseline weekday/weekend sleep start means differ by ~2 min; window differs by ~7 min.,Non-applicable when weekday and weekend sleep times are similar.,Weekday and weekend sleep timing differences are small in both periods.,qwen3.8-max,0c8e6989f286be374484280826228748a4fb22018ae24b0332dd81626d12e86d,blinded-annotation-v2-shortrefs
C001,K020,judge_a,0,labeled,Sleep start times shift from ~23:00 baseline to ~00:50 window; no pre-bed activity data.,Requires information about pre-bed activities; non-applicable assuming missing routine from timestamps.,No pre-bedtime activity information is available beyond timestamps.,qwen3.8-max,0c8e6989f286be374484280826228748a4fb22018ae24b0332dd81626d12e86d,blinded-annotation-v2-shortrefs
C001,K021,judge_a,0,labeled,No screen or light exposure data recorded before bed.,Requires screen or light exposure information; non-applicable when exposure unknown.,Screen/light exposure is unknown.,qwen3.8-max,0c8e6989f286be374484280826228748a4fb22018ae24b0332dd81626d12e86d,blinded-annotation-v2-shortrefs
C001,K022,judge_a,0,labeled,No caffeine intake or timing data recorded.,Requires caffeine timing and intake; non-applicable with no caffeine history.,Caffeine exposure is unknown.,qwen3.8-max,0c8e6989f286be374484280826228748a4fb22018ae24b0332dd81626d12e86d,blinded-annotation-v2-shortrefs
C001,K023,judge_a,0,labeled,No meal timing or size data recorded.,Requires meal timing and size; non-applicable when meal information unknown.,Meal information is unknown.,qwen3.8-max,0c8e6989f286be374484280826228748a4fb22018ae24b0332dd81626d12e86d,blinded-annotation-v2-shortrefs
C001,K024,judge_a,0,labeled,No alcohol intake or timing data recorded.,Requires alcohol intake and timing; non-applicable when alcohol exposure unknown.,Alcohol exposure is unknown.,qwen3.8-max,0c8e6989f286be374484280826228748a4fb22018ae24b0332dd81626d12e86d,blinded-annotation-v2-shortrefs
C001,K025,judge_a,0,labeled,No nicotine use data recorded.,Requires nicotine exposure; non-applicable when nicotine use unknown.,Nicotine exposure is unknown.,qwen3.8-max,0c8e6989f286be374484280826228748a4fb22018ae24b0332dd81626d12e86d,blinded-annotation-v2-shortrefs
C001,K026,judge_a,0,labeled,No bedroom environment data recorded.,"Requires bedroom light, noise, or temperature; non-applicable when environment unknown.",Bedroom environment is unknown.,qwen3.8-max,0c8e6989f286be374484280826228748a4fb22018ae24b0332dd81626d12e86d,blinded-annotation-v2-shortrefs
C001,K027,judge_a,0,labeled,No pre-bed routine or relaxation difficulty reported.,Requires reported difficulty relaxing or request for routine options; non-applicable inferring stress from signals.,No relaxation or routine information available.,qwen3.8-max,0c8e6989f286be374484280826228748a4fb22018ae24b0332dd81626d12e86d,blinded-annotation-v2-shortrefs
C001,K028,judge_a,0,labeled,No nap data recorded.,Requires nap duration or night-time sleep-onset difficulty; non-applicable when nap history unknown.,Nap information is absent.,qwen3.8-max,0c8e6989f286be374484280826228748a4fb22018ae24b0332dd81626d12e86d,blinded-annotation-v2-shortrefs
C001,K029,judge_a,0,labeled,No shift work data recorded.,Requires confirmed shift-work schedule; non-applicable when shift work unknown.,Shift work status is unknown.,qwen3.8-max,0c8e6989f286be374484280826228748a4fb22018ae24b0332dd81626d12e86d,blinded-annotation-v2-shortrefs
C001,K030,judge_a,0,labeled,No shift work information recorded.,Requires confirmed shift work; non-applicable without confirmed shift work.,Shift work status is unknown.,qwen3.8-max,0c8e6989f286be374484280826228748a4fb22018ae24b0332dd81626d12e86d,blinded-annotation-v2-shortrefs
C001,K031,judge_a,0,labeled,No shift work or caffeine data recorded.,Requires shift schedule and caffeine intake; non-applicable when unknown.,Shift work and caffeine context are unknown.,qwen3.8-max,0c8e6989f286be374484280826228748a4fb22018ae24b0332dd81626d12e86d,blinded-annotation-v2-shortrefs
C001,K032,judge_a,0,labeled,No shift work or daytime sleep recorded; all sleep overnight ending 07:00.,Requires shift work and daytime sleep; non-applicable with only ordinary overnight sleep.,No shift work or daytime sleep context exists.,qwen3.8-max,0c8e6989f286be374484280826228748a4fb22018ae24b0332dd81626d12e86d,blinded-annotation-v2-shortrefs
C001,K033,judge_a,1,labeled,Sleep start shifted ~2h later in window; duration dropped ~118 min; wake fixed 07:00.,Requires awakenings and naps separately if absent; non-applicable inventing unrecorded data.,"Supports maintaining a timeline of the observed sleep pattern change, though awakenings/naps are unrecorded.",qwen3.8-max,0c8e6989f286be374484280826228748a4fb22018ae24b0332dd81626d12e86d,blinded-annotation-v2-shortrefs
C001,K034,judge_a,2,labeled,"14 consecutive window nights averaging 346 min, ~118 min below baseline mean.",Applies when several shortened nights rather than a single isolated reading occur.,Core directly explains that repeated sleep loss accumulates over the two-week window.,qwen3.8-max,0c8e6989f286be374484280826228748a4fb22018ae24b0332dd81626d12e86d,blinded-annotation-v2-shortrefs
C001,K035,judge_a,0,labeled,Weekend sleep slightly shorter in baseline (463 vs 465 min); no extra sleep on days off.,Requires longer sleep and later timing on days off; non-applicable assuming every weekend is day off.,No evidence of compensatory longer sleep on weekends.,qwen3.8-max,0c8e6989f286be374484280826228748a4fb22018ae24b0332dd81626d12e86d,blinded-annotation-v2-shortrefs
C001,K036,judge_a,0,labeled,No nap data recorded in observations.,Requires recorded naps; non-applicable with no nap information.,Nap information is absent from the data.,qwen3.8-max,0c8e6989f286be374484280826228748a4fb22018ae24b0332dd81626d12e86d,blinded-annotation-v2-shortrefs
C001,K037,judge_a,0,labeled,Wake time perfectly consistent at 07:00; no bad night or insomnia reported.,Requires reported bad sleep or insomnia symptoms; non-applicable with only device estimate.,No insomnia symptoms or bad nights reported; wake time already consistent.,qwen3.8-max,0c8e6989f286be374484280826228748a4fb22018ae24b0332dd81626d12e86d,blinded-annotation-v2-shortrefs
C001,K038,judge_a,0,labeled,14-day window of short sleep; no symptom history or onset date recorded.,Requires symptom history and onset; non-applicable diagnosing insomnia from estimated sleep hours.,Cannot categorize insomnia duration from 14 days of device estimates alone.,qwen3.8-max,0c8e6989f286be374484280826228748a4fb22018ae24b0332dd81626d12e86d,blinded-annotation-v2-shortrefs
C001,K039,judge_a,0,labeled,No travel history recorded; timezone constant Asia/Shanghai.,Requires confirmed travel across time zones; non-applicable with no travel history.,No travel context exists to apply jet lag information.,qwen3.8-max,0c8e6989f286be374484280826228748a4fb22018ae24b0332dd81626d12e86d,blinded-annotation-v2-shortrefs
C001,K040,judge_a,0,labeled,No travel or trip data recorded.,Requires trip duration and time-zone change; non-applicable when travel context unknown.,Travel context is unknown.,qwen3.8-max,0c8e6989f286be374484280826228748a4fb22018ae24b0332dd81626d12e86d,blinded-annotation-v2-shortrefs
C001,K041,judge_a,0,labeled,Activity stable ~55 min/day; no declining movement observed.,Requires low or declining movement; non-applicable equating steps with guideline compliance.,No evidence of low or declining movement requiring this advice.,qwen3.8-max,0c8e6989f286be374484280826228748a4fb22018ae24b0332dd81626d12e86d,blinded-annotation-v2-shortrefs
C001,K042,judge_a,0,labeled,Activity duration stable ~55 min/day; steps ~8000/day in both periods.,Requires recently low or reduced physical activity.,No evidence of recently reduced physical activity.,qwen3.8-max,0c8e6989f286be374484280826228748a4fb22018ae24b0332dd81626d12e86d,blinded-annotation-v2-shortrefs
C001,K043,judge_a,0,labeled,All activity intervals have intensity unknown; only steps and active minutes recorded.,Requires known activity intensity; non-applicable when only steps or unspecified active minutes available.,"Intensity is unknown, preventing assessment against moderate-intensity targets.",qwen3.8-max,0c8e6989f286be374484280826228748a4fb22018ae24b0332dd81626d12e86d,blinded-annotation-v2-shortrefs
C001,K044,judge_a,0,labeled,All activity intensity is unknown.,Requires known vigorous intensity; non-applicable when intensity unknown.,Cannot assess vigorous activity targets without intensity data.,qwen3.8-max,0c8e6989f286be374484280826228748a4fb22018ae24b0332dd81626d12e86d,blinded-annotation-v2-shortrefs
C001,K045,judge_a,0,labeled,Activity duration stable ~55 min/day; intensity unknown.,Requires intensity for counting guideline minutes; non-applicable assuming every active minute is moderate.,No evidence of reduced activity or need to split sessions.,qwen3.8-max,0c8e6989f286be374484280826228748a4fb22018ae24b0332dd81626d12e86d,blinded-annotation-v2-shortrefs
C001,K046,judge_a,0,labeled,No muscle-strengthening activity records; only steps and active minutes available.,Requires strengthening activity records; non-applicable when only step or generic movement counts available.,No strengthening activity data exists.,qwen3.8-max,0c8e6989f286be374484280826228748a4fb22018ae24b0332dd81626d12e86d,blinded-annotation-v2-shortrefs
C001,K047,judge_a,0,labeled,Activity intensity unknown; only steps and active minutes recorded.,Requires known intensity and weekly duration; non-applicable with unknown intensity.,Cannot assess additional benefits without intensity data.,qwen3.8-max,0c8e6989f286be374484280826228748a4fb22018ae24b0332dd81626d12e86d,blinded-annotation-v2-shortrefs
C001,K048,judge_a,0,labeled,All activity intensity is unknown; no fitness data.,Requires fitness or perceived effort; non-applicable inferring intensity from steps alone.,Cannot assign intensity without fitness or effort data.,qwen3.8-max,0c8e6989f286be374484280826228748a4fb22018ae24b0332dd81626d12e86d,blinded-annotation-v2-shortrefs
C001,K049,judge_a,0,labeled,All window activity intervals have intensity unknown.,Requires observed effort or aerobic-activity context; non-applicable when effort unrecorded.,"Activity intensity is unknown in the data, so talk-test guidance cannot be applied.",qwen3.8-max,0c8e6989f286be374484280826228748a4fb22018ae24b0332dd81626d12e86d,blinded-annotation-v2-shortrefs
C001,K050,judge_a,0,labeled,Steps stable ~8000/day; activity types unknown.,Requires steps changing while other activity may differ.,Steps did not meaningfully change between periods.,qwen3.8-max,0c8e6989f286be374484280826228748a4fb22018ae24b0332dd81626d12e86d,blinded-annotation-v2-shortrefs
C001,K051,judge_a,0,labeled,Steps and activity stable across periods; no declining routine movement.,Requires low or declining routine movement.,No evidence of declining routine movement.,qwen3.8-max,0c8e6989f286be374484280826228748a4fb22018ae24b0332dd81626d12e86d,blinded-annotation-v2-shortrefs
C001,K052,judge_a,0,labeled,Activity stable; no personal preferences or availability data recorded.,Requires personal preferences and availability for choosing options; non-applicable prescribing without context.,Preference and availability context is unknown.,qwen3.8-max,0c8e6989f286be374484280826228748a4fb22018ae24b0332dd81626d12e86d,blinded-annotation-v2-shortrefs
C001,K053,judge_a,0,labeled,Activity stable ~55 min/day; no motivational barrier reported.,Requires social preferences or reported motivational barrier; non-applicable without evidence.,No evidence of activity decline or motivational barrier.,qwen3.8-max,0c8e6989f286be374484280826228748a4fb22018ae24b0332dd81626d12e86d,blinded-annotation-v2-shortrefs
C001,K054,judge_a,0,labeled,No reported time barrier; activity stable.,Requires actual daily schedule and time barrier; non-applicable assuming barrier from low steps.,No time barrier is reported.,qwen3.8-max,0c8e6989f286be374484280826228748a4fb22018ae24b0332dd81626d12e86d,blinded-annotation-v2-shortrefs
C001,K055,judge_a,0,labeled,No reported competing demands or schedule constraints.,Requires schedule constraints; non-applicable when schedule reason unknown.,Schedule context is unknown.,qwen3.8-max,0c8e6989f286be374484280826228748a4fb22018ae24b0332dd81626d12e86d,blinded-annotation-v2-shortrefs
C001,K056,judge_a,0,labeled,No chronic health condition or disability information recorded.,Requires established chronic condition or special need; non-applicable when medical context unknown.,Health condition context is unknown.,qwen3.8-max,0c8e6989f286be374484280826228748a4fb22018ae24b0332dd81626d12e86d,blinded-annotation-v2-shortrefs
C001,K057,judge_a,1,labeled,Daytime low-movement intervals ~45 min each spanning 10:00-18:26 daily with 720 min wear.,Requires long uninterrupted daytime low-movement intervals with adequate wear coverage.,"Data show repeated daytime low-movement blocks, but device low movement is not confirmed sitting.",qwen3.8-max,0c8e6989f286be374484280826228748a4fb22018ae24b0332dd81626d12e86d,blinded-annotation-v2-shortrefs
C001,K058,judge_a,1,labeled,Window shows ~55 activity minutes and ~452 low-movement minutes daily with 720 wear minutes.,Requires recorded activity coexisting with substantial low-movement periods; non-applicable assuming low-movement proves sitting.,"Data show activity alongside substantial low movement, but device low movement is not confirmed sitting.",qwen3.8-max,0c8e6989f286be374484280826228748a4fb22018ae24b0332dd81626d12e86d,blinded-annotation-v2-shortrefs
C001,K059,judge_a,0,labeled,Low movement stable ~450 min/day; no increasing trend.,Requires substantial or increasing daily low movement; non-applicable when non-wear recorded as no movement.,Low movement did not increase; wear was complete.,qwen3.8-max,0c8e6989f286be374484280826228748a4fb22018ae24b0332dd81626d12e86d,blinded-annotation-v2-shortrefs
C001,K060,judge_a,0,labeled,No commuting or transport data recorded.,Requires sedentary commuting established; non-applicable when commute unknown.,Commute context is entirely unknown from wearable data.,qwen3.8-max,0c8e6989f286be374484280826228748a4fb22018ae24b0332dd81626d12e86d,blinded-annotation-v2-shortrefs
C001,K061,judge_a,0,labeled,No workplace layout or desk work context recorded.,Requires workplace layout and ability to walk; non-applicable when work context unknown.,Work context is unknown.,qwen3.8-max,0c8e6989f286be374484280826228748a4fb22018ae24b0332dd81626d12e86d,blinded-annotation-v2-shortrefs
C001,K062,judge_a,0,labeled,No workplace or meeting information recorded.,Requires meetings or desk work involving prolonged sitting; non-applicable without workplace info.,Workplace context is unknown.,qwen3.8-max,0c8e6989f286be374484280826228748a4fb22018ae24b0332dd81626d12e86d,blinded-annotation-v2-shortrefs
C001,K063,judge_a,0,labeled,No television viewing or screen habits recorded.,Requires television-viewing context; non-applicable when screen habits unknown.,Screen habits are unknown.,qwen3.8-max,0c8e6989f286be374484280826228748a4fb22018ae24b0332dd81626d12e86d,blinded-annotation-v2-shortrefs
C001,K064,judge_a,0,labeled,No leisure context or seated habits recorded.,Requires substantial habitual seated leisure; non-applicable without leisure context.,Leisure context is unknown.,qwen3.8-max,0c8e6989f286be374484280826228748a4fb22018ae24b0332dd81626d12e86d,blinded-annotation-v2-shortrefs
C001,K065,judge_a,0,labeled,Daily activity ~55 min and steps ~8000 in both periods; no evidence of low everyday movement.,Requires low everyday movement despite possible formal exercise.,Movement levels are consistent and not notably low.,qwen3.8-max,0c8e6989f286be374484280826228748a4fb22018ae24b0332dd81626d12e86d,blinded-annotation-v2-shortrefs
C001,K066,judge_a,0,labeled,No workday lunch-break context recorded.,Requires known workday lunch-break access and mobility; non-applicable when unknown.,Workday and lunch-break context is unknown.,qwen3.8-max,0c8e6989f286be374484280826228748a4fb22018ae24b0332dd81626d12e86d,blinded-annotation-v2-shortrefs
C001,K067,judge_a,0,labeled,No stair access or mobility context recorded.,Requires stair access and safe mobility; non-applicable when context unknown.,Stair access context is unknown.,qwen3.8-max,0c8e6989f286be374484280826228748a4fb22018ae24b0332dd81626d12e86d,blinded-annotation-v2-shortrefs
C001,K068,judge_a,1,labeled,Low-movement intervals ~45 min each spanning daytime; no posture data.,Requires posture and waking context; non-applicable treating sleep or non-wear as confirmed sedentary.,Correctly notes low-movement estimates should not be relabelled as confirmed sitting.,qwen3.8-max,0c8e6989f286be374484280826228748a4fb22018ae24b0332dd81626d12e86d,blinded-annotation-v2-shortrefs
C001,K069,judge_a,0,labeled,Activity stable ~55 min/day; sleep decreased ~118 min.,Non-applicable declaring causal effect from paired observations.,Activity did not increase while sleep decreased; no causal link supported.,qwen3.8-max,0c8e6989f286be374484280826228748a4fb22018ae24b0332dd81626d12e86d,blinded-annotation-v2-shortrefs
C001,K070,judge_a,0,labeled,No outdoor exposure data; activity stable.,Requires outdoor access and mobility; non-applicable inferring outdoor exposure from movement counts.,Outdoor exposure is unknown and activity did not decline.,qwen3.8-max,0c8e6989f286be374484280826228748a4fb22018ae24b0332dd81626d12e86d,blinded-annotation-v2-shortrefs
C001,K071,judge_a,0,labeled,Activity intervals at 21:00 daily with unknown intensity; sleep starts ~00:50 in window.,Requires known intensity relative to bedtime; non-applicable assuming every late movement is intense.,"Activity intensity is unknown, so intense-exercise advice cannot be directly applied.",qwen3.8-max,0c8e6989f286be374484280826228748a4fb22018ae24b0332dd81626d12e86d,blinded-annotation-v2-shortrefs
C001,K072,judge_a,0,labeled,Activity at 21:00 daily; no insomnia symptoms reported.,Requires exercise near bedtime with reported insomnia symptoms; non-applicable with only timestamps.,No insomnia symptoms are reported to trigger this specific advice.,qwen3.8-max,0c8e6989f286be374484280826228748a4fb22018ae24b0332dd81626d12e86d,blinded-annotation-v2-shortrefs
C001,K073,judge_a,1,labeled,Activity intervals at 21:00 daily; sleep start shifted from ~23:00 to ~00:50.,Requires activity intervals for timing comparisons; non-applicable treating same-date activity as prior night exposure.,Supports recording exercise timing alongside sleep timing given observed late activity and shifted sleep.,qwen3.8-max,0c8e6989f286be374484280826228748a4fb22018ae24b0332dd81626d12e86d,blinded-annotation-v2-shortrefs
C001,K074,judge_a,0,labeled,No emergency responder deployment context recorded.,Requires confirmed emergency-response deployment context; non-applicable when unknown.,Deployment context is entirely unknown.,qwen3.8-max,0c8e6989f286be374484280826228748a4fb22018ae24b0332dd81626d12e86d,blinded-annotation-v2-shortrefs
C001,K075,judge_a,0,labeled,No tiredness or energy pattern data recorded.,Requires subjective energy pattern; non-applicable without tiredness or energy history.,Energy/tiredness context is unknown.,qwen3.8-max,0c8e6989f286be374484280826228748a4fb22018ae24b0332dd81626d12e86d,blinded-annotation-v2-shortrefs
C001,K076,judge_a,0,labeled,"No substance, medication, or caffeine records available.",Requires substance and medication history for causal interpretation; non-applicable assuming unrecorded exposures.,No substance or medication data exists to contextualize sleep changes.,qwen3.8-max,0c8e6989f286be374484280826228748a4fb22018ae24b0332dd81626d12e86d,blinded-annotation-v2-shortrefs
C001,K077,judge_a,1,labeled,RHR recorded daily across 42 days with consistent methodology.,Non-applicable substituting exercise heart rate for resting heart rate.,Clarifies that the recorded RHR values represent resting context measurements.,qwen3.8-max,0c8e6989f286be374484280826228748a4fb22018ae24b0332dd81626d12e86d,blinded-annotation-v2-shortrefs
C001,K078,judge_a,1,labeled,RHR recorded daily; no sleeping heart rate separately distinguished.,Requires heart-rate measure and collection context known; non-applicable mixing sleeping and resting series.,Clarifies distinction between resting and sleeping heart rate for interpreting the RHR data.,qwen3.8-max,0c8e6989f286be374484280826228748a4fb22018ae24b0332dd81626d12e86d,blinded-annotation-v2-shortrefs
C001,K079,judge_a,1,labeled,RHR slightly lower in window (55.4) vs baseline (56.1); no exposure data.,Requires exposure or symptom info to attribute cause; non-applicable inferring cause from rise alone.,RHR changed slightly; item correctly notes multiple factors influence RHR without identifiable cause here.,qwen3.8-max,0c8e6989f286be374484280826228748a4fb22018ae24b0332dd81626d12e86d,blinded-annotation-v2-shortrefs
C001,K080,judge_a,1,labeled,HRV RMSSD and RHR both recorded nightly across baseline and window.,Applies when HRV and heart-rate estimates are interpreted together.,Clarifies that HRV RMSSD and RHR are distinct metrics both present in the data.,qwen3.8-max,0c8e6989f286be374484280826228748a4fb22018ae24b0332dd81626d12e86d,blinded-annotation-v2-shortrefs
C001,K081,judge_a,1,labeled,HRV RMSSD stable ~44-45 ms across both periods.,Requires personal history and consistent measurement context; non-applicable for universal diagnosis.,Supports interpreting HRV within personal context rather than against universal norms.,qwen3.8-max,0c8e6989f286be374484280826228748a4fb22018ae24b0332dd81626d12e86d,blinded-annotation-v2-shortrefs
C001,K082,judge_a,1,labeled,28-day baseline provides personal history for all vitals; window shows sleep change.,Requires sufficient same-metric personal history; non-applicable with single isolated reading.,Baseline provides adequate personal range context for evaluating window changes.,qwen3.8-max,0c8e6989f286be374484280826228748a4fb22018ae24b0332dd81626d12e86d,blinded-annotation-v2-shortrefs
C001,K083,judge_a,1,labeled,RHR recorded daily across 42 days; window mean 55.4 vs baseline 56.1.,Applies with repeated resting heart-rate readings or a recent change.,Supports reviewing RHR trend over multiple days rather than isolated readings.,qwen3.8-max,0c8e6989f286be374484280826228748a4fb22018ae24b0332dd81626d12e86d,blinded-annotation-v2-shortrefs
C001,K084,judge_a,1,labeled,"HRV RMSSD stable (baseline 44.75, window 44.93); no diagnosis possible.","Non-applicable diagnosing stress, anxiety, infection, or disease from HRV.","Correctly frames HRV as wellness observation, consistent with stable RMSSD data.",qwen3.8-max,0c8e6989f286be374484280826228748a4fb22018ae24b0332dd81626d12e86d,blinded-annotation-v2-shortrefs
C001,K085,judge_a,1,labeled,HRV recorded as hrv_rmssd_ms in all observations.,Requires metric formula established; non-applicable comparing with unidentified HRV metric.,Confirms the HRV metric used matches the RMSSD definition described.,qwen3.8-max,0c8e6989f286be374484280826228748a4fb22018ae24b0332dd81626d12e86d,blinded-annotation-v2-shortrefs
C001,K086,judge_a,1,labeled,HRV RMSSD recorded nightly; shortest window sleep 335 min > 3-hour threshold.,Requires compatible Fitbit collection definition and sleep coverage.,"All sleep periods exceed 3 hours, supporting valid HRV collection per device guidance.",qwen3.8-max,0c8e6989f286be374484280826228748a4fb22018ae24b0332dd81626d12e86d,blinded-annotation-v2-shortrefs
C001,K087,judge_a,0,labeled,No sleep stage data recorded; only duration and timing available.,Requires sleep-stage measurements; non-applicable when only duration and timing available.,Sleep stage data is absent from the observations.,qwen3.8-max,0c8e6989f286be374484280826228748a4fb22018ae24b0332dd81626d12e86d,blinded-annotation-v2-shortrefs
C001,K088,judge_a,0,labeled,No reported health concerns or symptoms in the data.,Requires reported health concerns or symptoms; non-applicable declaring emergency from trend alone.,No health concerns are reported.,qwen3.8-max,0c8e6989f286be374484280826228748a4fb22018ae24b0332dd81626d12e86d,blinded-annotation-v2-shortrefs
C001,K089,judge_a,0,labeled,RHR variance low; no wear quality changes noted.,Requires device placement and contact information; non-applicable assuming fit problems without evidence.,No evidence of sensor fit issues affecting readings.,qwen3.8-max,0c8e6989f286be374484280826228748a4fb22018ae24b0332dd81626d12e86d,blinded-annotation-v2-shortrefs
C001,K090,judge_a,0,labeled,"Nighttime coverage ranges 355-495 min, all above 180-min threshold.",Applies when overnight vitals have missing readings or uncertain coverage.,Overnight coverage is sufficient throughout both periods.,qwen3.8-max,0c8e6989f286be374484280826228748a4fb22018ae24b0332dd81626d12e86d,blinded-annotation-v2-shortrefs
C001,K091,judge_a,0,labeled,All nights have coverage >=355 min; no vitals are missing.,Applies when a vital is missing with limited night-time data.,No vitals are missing and sleep coverage exceeds thresholds.,qwen3.8-max,0c8e6989f286be374484280826228748a4fb22018ae24b0332dd81626d12e86d,blinded-annotation-v2-shortrefs
C001,K092,judge_a,0,labeled,All vitals present with valid counts matching period lengths; no missing data flags.,Applies when vitals are missing or delayed; no missing vitals observed here.,"No vitals are missing, so sync or support issues are not relevant.",qwen3.8-max,0c8e6989f286be374484280826228748a4fb22018ae24b0332dd81626d12e86d,blinded-annotation-v2-shortrefs
C001,K093,judge_a,0,labeled,Single synthetic device used throughout; no device switch recorded.,Requires device or algorithm change; non-applicable assuming switch in same-device series.,No device change occurred during the observation period.,qwen3.8-max,0c8e6989f286be374484280826228748a4fb22018ae24b0332dd81626d12e86d,blinded-annotation-v2-shortrefs
C001,K094,judge_a,1,labeled,Sleep duration estimated from device; no sleep stage data provided.,Applies when device-estimated sleep duration and boundaries are available.,"Clarifies that recorded sleep duration is an estimate, not full sleep period measurement.",qwen3.8-max,0c8e6989f286be374484280826228748a4fb22018ae24b0332dd81626d12e86d,blinded-annotation-v2-shortrefs
C001,K095,judge_a,0,labeled,"All nights have nighttime coverage >=355 min, exceeding the 180-min validity threshold.",Applies when sleep readings are absent with non-wear; non-applicable treating non-wear as zero sleep.,Nighttime coverage is adequate throughout; no missing sleep observations to explain.,qwen3.8-max,0c8e6989f286be374484280826228748a4fb22018ae24b0332dd81626d12e86d,blinded-annotation-v2-shortrefs
C001,K096,judge_a,0,labeled,Steps stable ~8000/day; no device wear changes noted.,Requires step readings changing with possible measurement limitations.,Steps did not meaningfully change; no wear context issues indicated.,qwen3.8-max,0c8e6989f286be374484280826228748a4fb22018ae24b0332dd81626d12e86d,blinded-annotation-v2-shortrefs
C002,K001,judge_a,2,labeled,Sleep ~469min (7.8h) nightly; age band 18-60; CDC recommends ≥7h.,Applies to adults 18-60 with sleep duration data.,Core reference standard directly explaining observed adequate sleep duration.,qwen3.8-max,d721a1a85ae7e373dc926869a2561cd3001b2b69e4293decea52787b1044cbac,blinded-annotation-v2-shortrefs
C002,K002,judge_a,0,labeled,"Age band is 18-60, not 61-64.",Requires age 61 to 64 established.,Age group does not match; item explicitly non-applicable.,qwen3.8-max,d721a1a85ae7e373dc926869a2561cd3001b2b69e4293decea52787b1044cbac,blinded-annotation-v2-shortrefs
C002,K003,judge_a,0,labeled,"Age band is 18-60, not 65+.",Requires age at least 65 established.,Age group does not match; item explicitly non-applicable.,qwen3.8-max,d721a1a85ae7e373dc926869a2561cd3001b2b69e4293decea52787b1044cbac,blinded-annotation-v2-shortrefs
C002,K004,judge_a,0,labeled,"Age band is 18-60, not 13-17.",Requires teenage age group 13-17 established.,Age group does not match; item explicitly non-applicable.,qwen3.8-max,d721a1a85ae7e373dc926869a2561cd3001b2b69e4293decea52787b1044cbac,blinded-annotation-v2-shortrefs
C002,K005,judge_a,0,labeled,Sleep ~469min/night; no evidence of insufficient sleep or schedule constraint.,Requires repeatedly shortened sleep opportunity or duration.,No insufficient sleep observed; item conditions not met.,qwen3.8-max,d721a1a85ae7e373dc926869a2561cd3001b2b69e4293decea52787b1044cbac,blinded-annotation-v2-shortrefs
C002,K006,judge_a,0,labeled,"Sleep ~469min (7.8h), meeting ≥7h recommendation for age 18-60.",Non-applicable when sleep duration is sufficient for age group.,Sleep duration is sufficient; item explicitly non-applicable per conditions.,qwen3.8-max,d721a1a85ae7e373dc926869a2561cd3001b2b69e4293decea52787b1044cbac,blinded-annotation-v2-shortrefs
C002,K007,judge_a,1,labeled,Sleep duration stable ~469min; no quality metrics like awakenings recorded.,Applies when sleep duration recorded but quality unknown.,Contextual reminder that stable duration alone does not confirm sleep quality.,qwen3.8-max,d721a1a85ae7e373dc926869a2561cd3001b2b69e4293decea52787b1044cbac,blinded-annotation-v2-shortrefs
C002,K008,judge_a,0,labeled,Only sleep duration and timing recorded; no awakening data available.,Requires documented repeated awakenings.,Awakening history unknown; item conditions not met.,qwen3.8-max,d721a1a85ae7e373dc926869a2561cd3001b2b69e4293decea52787b1044cbac,blinded-annotation-v2-shortrefs
C002,K009,judge_a,0,labeled,Sleep duration ~7.8h; no subjective refreshment data available.,Requires >8h sleep with reported lack of refreshment.,Subjective restfulness unknown; item not applicable.,qwen3.8-max,d721a1a85ae7e373dc926869a2561cd3001b2b69e4293decea52787b1044cbac,blinded-annotation-v2-shortrefs
C002,K010,judge_a,0,labeled,Sleep ~469min/night consistently; no cognitive impairment symptoms reported.,Requires repeatedly shortened sleep and symptoms for impairment claims.,No sleep restriction or symptoms observed; item not applicable.,qwen3.8-max,d721a1a85ae7e373dc926869a2561cd3001b2b69e4293decea52787b1044cbac,blinded-annotation-v2-shortrefs
C002,K011,judge_a,0,labeled,Sleep ~469min/night consistently; no repeated sleep loss observed.,Requires several nights of reduced sleep duration.,No repeated sleep restriction; item conditions not met.,qwen3.8-max,d721a1a85ae7e373dc926869a2561cd3001b2b69e4293decea52787b1044cbac,blinded-annotation-v2-shortrefs
C002,K012,judge_a,0,labeled,"Sleep duration ~469min/night, meeting 7h recommendation; no infection signs.",Requires ongoing insufficient sleep.,No sleep deficiency observed; item conditions not met.,qwen3.8-max,d721a1a85ae7e373dc926869a2561cd3001b2b69e4293decea52787b1044cbac,blinded-annotation-v2-shortrefs
C002,K013,judge_a,0,labeled,Sleep ~469min/night; no appetite or food intake data recorded.,Requires repeated insufficient sleep and food intake info.,No sleep deficiency or appetite data; item not applicable.,qwen3.8-max,d721a1a85ae7e373dc926869a2561cd3001b2b69e4293decea52787b1044cbac,blinded-annotation-v2-shortrefs
C002,K014,judge_a,0,labeled,No sleepiness reports or driving context recorded.,Requires reported sleepiness and driving plans.,Sleepiness and driving unknown; item not applicable.,qwen3.8-max,d721a1a85ae7e373dc926869a2561cd3001b2b69e4293decea52787b1044cbac,blinded-annotation-v2-shortrefs
C002,K015,judge_a,1,labeled,Sleep ~469min/night for adult 18-60; individual experience unknown.,Applies when adult sleep duration is being reviewed.,Relevant context that sleep needs vary individually beyond population averages.,qwen3.8-max,d721a1a85ae7e373dc926869a2561cd3001b2b69e4293decea52787b1044cbac,blinded-annotation-v2-shortrefs
C002,K016,judge_a,0,labeled,No sleeping difficulties or insomnia symptoms reported; 14-day window only.,Requires months-long difficulties or failed habit changes with impact.,No reported insomnia; brief window insufficient for this guidance.,qwen3.8-max,d721a1a85ae7e373dc926869a2561cd3001b2b69e4293decea52787b1044cbac,blinded-annotation-v2-shortrefs
C002,K017,judge_a,0,labeled,Sleep start variance 23min²; wake time exactly 07:00 daily.,Requires repeated variability in bedtime or wake time.,Schedule is highly consistent; item conditions contradicted by stable data.,qwen3.8-max,d721a1a85ae7e373dc926869a2561cd3001b2b69e4293decea52787b1044cbac,blinded-annotation-v2-shortrefs
C002,K018,judge_a,0,labeled,Wake time exactly 07:00 daily; no sleeping difficulties reported.,Requires inconsistent wake time with reported sleeping difficulties.,Wake time perfectly consistent; no insomnia symptoms; conditions contradicted.,qwen3.8-max,d721a1a85ae7e373dc926869a2561cd3001b2b69e4293decea52787b1044cbac,blinded-annotation-v2-shortrefs
C002,K019,judge_a,0,labeled,Weekday/weekend sleep start means differ by <1min; wake times identical.,Requires substantial weekday/weekend schedule differences.,Sleep schedules are similar across weekdays and weekends; conditions contradicted.,qwen3.8-max,d721a1a85ae7e373dc926869a2561cd3001b2b69e4293decea52787b1044cbac,blinded-annotation-v2-shortrefs
C002,K020,judge_a,0,labeled,Bedtime ~22:50; no pre-bed activity information recorded.,Requires information about pre-bed activities.,Pre-bed routine unknown; item conditions not met.,qwen3.8-max,d721a1a85ae7e373dc926869a2561cd3001b2b69e4293decea52787b1044cbac,blinded-annotation-v2-shortrefs
C002,K021,judge_a,0,labeled,No screen or light exposure data recorded before bed.,Requires known bright-screen exposure shortly before bed.,Exposure unknown; item not applicable.,qwen3.8-max,d721a1a85ae7e373dc926869a2561cd3001b2b69e4293decea52787b1044cbac,blinded-annotation-v2-shortrefs
C002,K022,judge_a,0,labeled,No caffeine timing or intake data recorded.,Requires known afternoon/evening caffeine use with sleeping difficulty.,Caffeine history unknown; item not applicable.,qwen3.8-max,d721a1a85ae7e373dc926869a2561cd3001b2b69e4293decea52787b1044cbac,blinded-annotation-v2-shortrefs
C002,K023,judge_a,0,labeled,No meal timing or size data recorded.,Requires known large meal shortly before bed.,Meal information unknown; item not applicable.,qwen3.8-max,d721a1a85ae7e373dc926869a2561cd3001b2b69e4293decea52787b1044cbac,blinded-annotation-v2-shortrefs
C002,K024,judge_a,0,labeled,No alcohol intake or timing data recorded.,Requires alcohol intake and timing information.,Alcohol exposure unknown; item not applicable.,qwen3.8-max,d721a1a85ae7e373dc926869a2561cd3001b2b69e4293decea52787b1044cbac,blinded-annotation-v2-shortrefs
C002,K025,judge_a,0,labeled,No nicotine use information in the dataset.,Requires established nicotine exposure.,Nicotine use unknown; item conditions not met.,qwen3.8-max,d721a1a85ae7e373dc926869a2561cd3001b2b69e4293decea52787b1044cbac,blinded-annotation-v2-shortrefs
C002,K026,judge_a,0,labeled,"No bedroom environment data (light, noise, temperature) recorded.",Requires known disruptive bedroom environment.,Environment unknown; item not applicable.,qwen3.8-max,d721a1a85ae7e373dc926869a2561cd3001b2b69e4293decea52787b1044cbac,blinded-annotation-v2-shortrefs
C002,K027,judge_a,0,labeled,No relaxation difficulty or pre-bed routine request recorded.,Requires reported difficulty relaxing or request for routine options.,No relaxation context; item conditions not met.,qwen3.8-max,d721a1a85ae7e373dc926869a2561cd3001b2b69e4293decea52787b1044cbac,blinded-annotation-v2-shortrefs
C002,K028,judge_a,0,labeled,No nap data recorded in wearable observations.,Requires adult naps recorded or reported.,Nap history unknown; item conditions not met.,qwen3.8-max,d721a1a85ae7e373dc926869a2561cd3001b2b69e4293decea52787b1044cbac,blinded-annotation-v2-shortrefs
C002,K029,judge_a,0,labeled,No shift work schedule data recorded.,Requires confirmed shift-work schedule.,Shift work unknown; item not applicable.,qwen3.8-max,d721a1a85ae7e373dc926869a2561cd3001b2b69e4293decea52787b1044cbac,blinded-annotation-v2-shortrefs
C002,K030,judge_a,0,labeled,No shift work established in the data.,Requires confirmed shift work.,Shift work unknown; item not applicable.,qwen3.8-max,d721a1a85ae7e373dc926869a2561cd3001b2b69e4293decea52787b1044cbac,blinded-annotation-v2-shortrefs
C002,K031,judge_a,0,labeled,No shift work or caffeine data recorded.,Requires shift schedule and caffeine intake.,Shift work and caffeine unknown; item not applicable.,qwen3.8-max,d721a1a85ae7e373dc926869a2561cd3001b2b69e4293decea52787b1044cbac,blinded-annotation-v2-shortrefs
C002,K032,judge_a,0,labeled,All sleep occurs overnight ~22:45-07:00; no daytime sleep recorded.,Requires daytime sleep associated with shift work.,Only overnight sleep observed; item not applicable.,qwen3.8-max,d721a1a85ae7e373dc926869a2561cd3001b2b69e4293decea52787b1044cbac,blinded-annotation-v2-shortrefs
C002,K033,judge_a,0,labeled,Sleep pattern stable; no awakenings or naps recorded separately.,Requires changed or variable sleep pattern needing review.,No variable sleep pattern observed; item conditions not met.,qwen3.8-max,d721a1a85ae7e373dc926869a2561cd3001b2b69e4293decea52787b1044cbac,blinded-annotation-v2-shortrefs
C002,K034,judge_a,0,labeled,Sleep duration stable ~469min/night; no shortened nights observed.,Requires several shortened nights rather than single reading.,No repeated sleep loss observed; item conditions not met.,qwen3.8-max,d721a1a85ae7e373dc926869a2561cd3001b2b69e4293decea52787b1044cbac,blinded-annotation-v2-shortrefs
C002,K035,judge_a,0,labeled,Weekend sleep mean 471.5min vs weekday 468.8min; difference <3min.,Requires longer sleep and later timing on days off.,No meaningful weekend sleep increase observed; conditions not met.,qwen3.8-max,d721a1a85ae7e373dc926869a2561cd3001b2b69e4293decea52787b1044cbac,blinded-annotation-v2-shortrefs
C002,K036,judge_a,0,labeled,No nap data recorded in the dataset.,Requires recorded naps after shortened night-time sleep.,Nap information unavailable; item not applicable.,qwen3.8-max,d721a1a85ae7e373dc926869a2561cd3001b2b69e4293decea52787b1044cbac,blinded-annotation-v2-shortrefs
C002,K037,judge_a,0,labeled,No bad nights or insomnia symptoms reported; sleep stable.,Requires recent bad night and reported sleeping difficulties.,No sleeping difficulty evidence; item conditions not met.,qwen3.8-max,d721a1a85ae7e373dc926869a2561cd3001b2b69e4293decea52787b1044cbac,blinded-annotation-v2-shortrefs
C002,K038,judge_a,0,labeled,Sleep duration ~469min nightly; no symptom history recorded.,Requires reported sleeping difficulties with known duration.,No insomnia symptoms reported; cannot apply duration categories.,qwen3.8-max,d721a1a85ae7e373dc926869a2561cd3001b2b69e4293decea52787b1044cbac,blinded-annotation-v2-shortrefs
C002,K039,judge_a,0,labeled,No travel history or timezone changes recorded.,Requires confirmed travel across time zones.,Travel context unknown; item not applicable.,qwen3.8-max,d721a1a85ae7e373dc926869a2561cd3001b2b69e4293decea52787b1044cbac,blinded-annotation-v2-shortrefs
C002,K040,judge_a,0,labeled,No travel or trip data recorded.,Requires short trip across time zones planned.,Travel context unknown; item not applicable.,qwen3.8-max,d721a1a85ae7e373dc926869a2561cd3001b2b69e4293decea52787b1044cbac,blinded-annotation-v2-shortrefs
C002,K041,judge_a,0,labeled,Activity duration stable ~55min/day; intensity unknown.,Requires intensity info to count recommended aerobic minutes.,Unknown intensity prevents direct guideline compliance assessment.,qwen3.8-max,d721a1a85ae7e373dc926869a2561cd3001b2b69e4293decea52787b1044cbac,blinded-annotation-v2-shortrefs
C002,K042,judge_a,0,labeled,Activity duration stable ~55min/day; no recent inactivity period observed.,Requires recently low or reduced physical activity.,Activity duration did not decline; item conditions not met.,qwen3.8-max,d721a1a85ae7e373dc926869a2561cd3001b2b69e4293decea52787b1044cbac,blinded-annotation-v2-shortrefs
C002,K043,judge_a,0,labeled,Activity intensity unknown for all recorded intervals.,Requires known activity intensity to assess moderate-intensity target.,Unknown intensity prevents applying 150-minute moderate guideline.,qwen3.8-max,d721a1a85ae7e373dc926869a2561cd3001b2b69e4293decea52787b1044cbac,blinded-annotation-v2-shortrefs
C002,K044,judge_a,0,labeled,Activity intensity unknown for all recorded intervals.,Requires known vigorous intensity.,Intensity unknown; cannot apply vigorous activity target.,qwen3.8-max,d721a1a85ae7e373dc926869a2561cd3001b2b69e4293decea52787b1044cbac,blinded-annotation-v2-shortrefs
C002,K045,judge_a,0,labeled,Activity duration ~55min/day; intensity unknown.,Requires known intensity for counting guideline minutes.,Unknown activity intensity prevents applying this guidance.,qwen3.8-max,d721a1a85ae7e373dc926869a2561cd3001b2b69e4293decea52787b1044cbac,blinded-annotation-v2-shortrefs
C002,K046,judge_a,0,labeled,Only steps and activity minutes recorded; no strengthening data.,Requires strengthening activity records including days and muscle groups.,No muscle-strengthening data available; item not applicable.,qwen3.8-max,d721a1a85ae7e373dc926869a2561cd3001b2b69e4293decea52787b1044cbac,blinded-annotation-v2-shortrefs
C002,K047,judge_a,0,labeled,Activity intensity unknown; guideline attainment unverified.,Requires known intensity and weekly duration meeting guidelines.,Unknown intensity prevents assessing additional benefit thresholds.,qwen3.8-max,d721a1a85ae7e373dc926869a2561cd3001b2b69e4293decea52787b1044cbac,blinded-annotation-v2-shortrefs
C002,K048,judge_a,0,labeled,Activity intensity unknown; no fitness level data available.,Requires fitness or perceived effort for intensity interpretation.,Cannot assign intensity from daily movement totals alone.,qwen3.8-max,d721a1a85ae7e373dc926869a2561cd3001b2b69e4293decea52787b1044cbac,blinded-annotation-v2-shortrefs
C002,K049,judge_a,0,labeled,Activity intensity labeled unknown for all intervals.,Requires observed effort or aerobic-activity context.,Effort unrecorded; item conditions not met.,qwen3.8-max,d721a1a85ae7e373dc926869a2561cd3001b2b69e4293decea52787b1044cbac,blinded-annotation-v2-shortrefs
C002,K050,judge_a,2,labeled,Steps dropped from ~8009 to ~2335/day; activity duration remained ~55min/day.,Applies when steps change while other activity may differ.,Core explanation for step drop despite stable activity duration; steps miss non-step exercise.,qwen3.8-max,d721a1a85ae7e373dc926869a2561cd3001b2b69e4293decea52787b1044cbac,blinded-annotation-v2-shortrefs
C002,K051,judge_a,0,labeled,Activity duration stable ~55min/day; no transport or mobility context.,Requires mobility and transport context for specific options.,Transport context unknown; item conditions not met.,qwen3.8-max,d721a1a85ae7e373dc926869a2561cd3001b2b69e4293decea52787b1044cbac,blinded-annotation-v2-shortrefs
C002,K052,judge_a,0,labeled,Activity duration stable ~55min/day; no preference or availability data.,Requires personal preferences and availability for individualized options.,Preferences unknown; item conditions not met.,qwen3.8-max,d721a1a85ae7e373dc926869a2561cd3001b2b69e4293decea52787b1044cbac,blinded-annotation-v2-shortrefs
C002,K053,judge_a,0,labeled,No social preference or motivational barrier data recorded.,Requires social preferences or reported motivational barrier.,No evidence of social/motivational barrier; item not applicable.,qwen3.8-max,d721a1a85ae7e373dc926869a2561cd3001b2b69e4293decea52787b1044cbac,blinded-annotation-v2-shortrefs
C002,K054,judge_a,0,labeled,No reported time barrier; activity duration stable ~55min/day.,Requires low activity with reported time barrier.,No time barrier reported; item conditions not met.,qwen3.8-max,d721a1a85ae7e373dc926869a2561cd3001b2b69e4293decea52787b1044cbac,blinded-annotation-v2-shortrefs
C002,K055,judge_a,0,labeled,No schedule constraint or competing demand data available.,Requires reported competing demands reducing activity.,Schedule reason unknown; item conditions not met.,qwen3.8-max,d721a1a85ae7e373dc926869a2561cd3001b2b69e4293decea52787b1044cbac,blinded-annotation-v2-shortrefs
C002,K056,judge_a,0,labeled,No chronic condition or disability information recorded.,Requires established chronic condition or special need.,Medical context unknown; item not applicable.,qwen3.8-max,d721a1a85ae7e373dc926869a2561cd3001b2b69e4293decea52787b1044cbac,blinded-annotation-v2-shortrefs
C002,K057,judge_a,0,labeled,Low movement ~452min/day; device low movement is not confirmed sitting.,Requires long uninterrupted daytime low-movement with posture context.,Cannot confirm sitting posture from low movement data alone.,qwen3.8-max,d721a1a85ae7e373dc926869a2561cd3001b2b69e4293decea52787b1044cbac,blinded-annotation-v2-shortrefs
C002,K058,judge_a,0,labeled,Low movement ~452min/day; device low movement is not confirmed sitting.,Requires confirmed sitting posture and known activity intensity.,Cannot confirm sitting from low movement; item conditions unmet.,qwen3.8-max,d721a1a85ae7e373dc926869a2561cd3001b2b69e4293decea52787b1044cbac,blinded-annotation-v2-shortrefs
C002,K059,judge_a,0,labeled,Low movement ~452min/day; device low movement is not confirmed sitting.,Requires confirmed sitting for sedentary-time conclusion.,Cannot confirm sitting from low movement data; item conditions unmet.,qwen3.8-max,d721a1a85ae7e373dc926869a2561cd3001b2b69e4293decea52787b1044cbac,blinded-annotation-v2-shortrefs
C002,K060,judge_a,0,labeled,No commuting or transport data recorded.,Requires established sedentary commuting context.,Commute unknown; item not applicable.,qwen3.8-max,d721a1a85ae7e373dc926869a2561cd3001b2b69e4293decea52787b1044cbac,blinded-annotation-v2-shortrefs
C002,K061,judge_a,0,labeled,No workplace layout or desk work context recorded.,Requires desk work with prolonged sitting and workplace context.,Work context unknown; item not applicable.,qwen3.8-max,d721a1a85ae7e373dc926869a2561cd3001b2b69e4293decea52787b1044cbac,blinded-annotation-v2-shortrefs
C002,K062,judge_a,0,labeled,No workplace or meeting context data recorded.,Requires meetings or desk work involving prolonged sitting.,Workplace context unknown; item not applicable.,qwen3.8-max,d721a1a85ae7e373dc926869a2561cd3001b2b69e4293decea52787b1044cbac,blinded-annotation-v2-shortrefs
C002,K063,judge_a,0,labeled,No television viewing or screen habit data recorded.,Requires prolonged sitting while watching television.,Screen habits unknown; item not applicable.,qwen3.8-max,d721a1a85ae7e373dc926869a2561cd3001b2b69e4293decea52787b1044cbac,blinded-annotation-v2-shortrefs
C002,K064,judge_a,0,labeled,No leisure context or seated habit data recorded.,Requires substantial habitual seated leisure.,Leisure context unknown; item not applicable.,qwen3.8-max,d721a1a85ae7e373dc926869a2561cd3001b2b69e4293decea52787b1044cbac,blinded-annotation-v2-shortrefs
C002,K065,judge_a,1,labeled,Steps dropped ~71% but activity duration stable ~55min/day.,Applies when low everyday movement despite possible formal exercise.,Supports distinguishing everyday step-based movement from other physical activity.,qwen3.8-max,d721a1a85ae7e373dc926869a2561cd3001b2b69e4293decea52787b1044cbac,blinded-annotation-v2-shortrefs
C002,K066,judge_a,0,labeled,No workday lunch-break context recorded.,Requires daytime low movement with known workday lunch-break context.,Workday context unknown; item not applicable.,qwen3.8-max,d721a1a85ae7e373dc926869a2561cd3001b2b69e4293decea52787b1044cbac,blinded-annotation-v2-shortrefs
C002,K067,judge_a,0,labeled,No stair access or mobility context recorded.,Requires accessible stairs and safe mobility.,Mobility context unknown; item not applicable.,qwen3.8-max,d721a1a85ae7e373dc926869a2561cd3001b2b69e4293decea52787b1044cbac,blinded-annotation-v2-shortrefs
C002,K068,judge_a,1,labeled,Low movement ~452min/day recorded without posture measurement.,Applies when low-movement intervals available without posture measurement.,Directly warns against relabeling device low movement as confirmed sitting.,qwen3.8-max,d721a1a85ae7e373dc926869a2561cd3001b2b69e4293decea52787b1044cbac,blinded-annotation-v2-shortrefs
C002,K069,judge_a,0,labeled,Activity duration stable ~55min; sleep stable ~469min; no causal link testable.,Non-applicable for declaring causal effect from paired observations.,General benefit statement; cannot establish causation from this data.,qwen3.8-max,d721a1a85ae7e373dc926869a2561cd3001b2b69e4293decea52787b1044cbac,blinded-annotation-v2-shortrefs
C002,K070,judge_a,0,labeled,Activity duration stable ~55min; no outdoor exposure data recorded.,Requires low daytime activity accompanying changed sleep routine.,No low activity or changed sleep routine observed; conditions not met.,qwen3.8-max,d721a1a85ae7e373dc926869a2561cd3001b2b69e4293decea52787b1044cbac,blinded-annotation-v2-shortrefs
C002,K071,judge_a,0,labeled,"Activity intervals 21:00-~22:00 daily, but intensity is unknown.",Requires known intensity and actual timing relative to bedtime.,Intensity unknown; cannot assume late activity is intense exercise.,qwen3.8-max,d721a1a85ae7e373dc926869a2561cd3001b2b69e4293decea52787b1044cbac,blinded-annotation-v2-shortrefs
C002,K072,judge_a,0,labeled,No insomnia symptoms reported; activity intensity unknown.,Requires reported sleeping difficulties and exercise near bedtime.,Insomnia not established in data; item conditions unmet.,qwen3.8-max,d721a1a85ae7e373dc926869a2561cd3001b2b69e4293decea52787b1044cbac,blinded-annotation-v2-shortrefs
C002,K073,judge_a,1,labeled,Activity intervals 21:00-~22:00 recorded alongside sleep start ~22:50.,Applies when activity timing and subsequent sleep are compared.,Supports recording both activity and sleep timing for temporal context.,qwen3.8-max,d721a1a85ae7e373dc926869a2561cd3001b2b69e4293decea52787b1044cbac,blinded-annotation-v2-shortrefs
C002,K074,judge_a,0,labeled,No emergency responder deployment context established.,Requires confirmed emergency-response deployment context.,Deployment context unknown; item not applicable.,qwen3.8-max,d721a1a85ae7e373dc926869a2561cd3001b2b69e4293decea52787b1044cbac,blinded-annotation-v2-shortrefs
C002,K075,judge_a,0,labeled,No subjective tiredness or energy reports available.,Requires reported tiredness limiting activity.,Tiredness context missing; item not applicable to observed data.,qwen3.8-max,d721a1a85ae7e373dc926869a2561cd3001b2b69e4293decea52787b1044cbac,blinded-annotation-v2-shortrefs
C002,K076,judge_a,0,labeled,No substance or medication history recorded alongside sleep/activity data.,Requires substance and medication history for causal interpretation.,Substance exposures unknown; cannot interpret temporal relationships causally.,qwen3.8-max,d721a1a85ae7e373dc926869a2561cd3001b2b69e4293decea52787b1044cbac,blinded-annotation-v2-shortrefs
C002,K077,judge_a,1,labeled,RHR measured daily at 55-57bpm during rest periods.,Applies when resting heart rate observations are available.,Defines what RHR represents in the context of these measurements.,qwen3.8-max,d721a1a85ae7e373dc926869a2561cd3001b2b69e4293decea52787b1044cbac,blinded-annotation-v2-shortrefs
C002,K078,judge_a,1,labeled,Daily RHR recorded at 55-57bpm; distinct from sleeping HR.,Applies when daily RHR trend is being interpreted.,Clarifies that reported RHR differs from sleeping heart rate metric.,qwen3.8-max,d721a1a85ae7e373dc926869a2561cd3001b2b69e4293decea52787b1044cbac,blinded-annotation-v2-shortrefs
C002,K079,judge_a,1,labeled,RHR stable 55-57bpm; no causal factors like caffeine or stress recorded.,Applies when RHR changes relative to previous readings.,Relevant context that RHR has multiple influences even when stable.,qwen3.8-max,d721a1a85ae7e373dc926869a2561cd3001b2b69e4293decea52787b1044cbac,blinded-annotation-v2-shortrefs
C002,K080,judge_a,1,labeled,HRV RMSSD ~45ms and RHR ~56bpm recorded as separate metrics.,Applies when HRV and heart-rate estimates interpreted together.,"Clarifies HRV measures beat-to-beat variation, distinct from average HR.",qwen3.8-max,d721a1a85ae7e373dc926869a2561cd3001b2b69e4293decea52787b1044cbac,blinded-annotation-v2-shortrefs
C002,K081,judge_a,1,labeled,"HRV RMSSD baseline mean 45.07ms, window mean 45.29ms, stable across periods.",Applies when an HRV level or trend is being reviewed.,Directly relevant contextual note for interpreting stable HRV values.,qwen3.8-max,d721a1a85ae7e373dc926869a2561cd3001b2b69e4293decea52787b1044cbac,blinded-annotation-v2-shortrefs
C002,K082,judge_a,1,labeled,28-day baseline provides personal range for all vitals before 14-day window.,Applies when a vital has changed from recent personal baseline.,Supports using 28-day baseline as personal range context for comparisons.,qwen3.8-max,d721a1a85ae7e373dc926869a2561cd3001b2b69e4293decea52787b1044cbac,blinded-annotation-v2-shortrefs
C002,K083,judge_a,1,labeled,RHR stable at 55-57bpm over 42 days of continuous readings.,Applies when repeated RHR readings or recent change available.,Supports reviewing RHR trends over time as done in this dataset.,qwen3.8-max,d721a1a85ae7e373dc926869a2561cd3001b2b69e4293decea52787b1044cbac,blinded-annotation-v2-shortrefs
C002,K084,judge_a,1,labeled,HRV RMSSD stable ~45ms; no diagnosis attempted from these values.,Applies when HRV trend available for wellness monitoring.,"Relevant context that HRV is for wellness observation, not diagnosis.",qwen3.8-max,d721a1a85ae7e373dc926869a2561cd3001b2b69e4293decea52787b1044cbac,blinded-annotation-v2-shortrefs
C002,K085,judge_a,1,labeled,HRV recorded as hrv_rmssd_ms with values 43-47ms.,Applies when HRV records identify RMSSD as their metric.,Confirms metric definition matches device-reported RMSSD formula.,qwen3.8-max,d721a1a85ae7e373dc926869a2561cd3001b2b69e4293decea52787b1044cbac,blinded-annotation-v2-shortrefs
C002,K086,judge_a,1,labeled,HRV RMSSD recorded nightly; sleep periods 462-478min exceed 3h minimum.,Applies when overnight HRV estimates are being compared.,Confirms sleep periods meet device-specific >3h HRV collection requirement.,qwen3.8-max,d721a1a85ae7e373dc926869a2561cd3001b2b69e4293decea52787b1044cbac,blinded-annotation-v2-shortrefs
C002,K087,judge_a,0,labeled,Only sleep duration and timing recorded; no sleep-stage data available.,Requires sleep-stage measurements.,No sleep-stage data; item explicitly non-applicable per conditions.,qwen3.8-max,d721a1a85ae7e373dc926869a2561cd3001b2b69e4293decea52787b1044cbac,blinded-annotation-v2-shortrefs
C002,K088,judge_a,0,labeled,No health concerns or symptoms reported in the data.,Requires reported health concerns about vital trends.,No reported concerns; item conditions not met.,qwen3.8-max,d721a1a85ae7e373dc926869a2561cd3001b2b69e4293decea52787b1044cbac,blinded-annotation-v2-shortrefs
C002,K089,judge_a,0,labeled,RHR stable 55-57bpm; no wear quality issues indicated.,Requires unreliable readings or changed wear quality.,No evidence of fit problems; item conditions not met.,qwen3.8-max,d721a1a85ae7e373dc926869a2561cd3001b2b69e4293decea52787b1044cbac,blinded-annotation-v2-shortrefs
C002,K090,judge_a,1,labeled,"Nighttime coverage 482-498min nightly, all above 180min threshold.",Applies when overnight vitals have uncertain coverage.,Confirms adequate nighttime coverage supporting valid overnight vitals.,qwen3.8-max,d721a1a85ae7e373dc926869a2561cd3001b2b69e4293decea52787b1044cbac,blinded-annotation-v2-shortrefs
C002,K091,judge_a,0,labeled,No missing vitals; nighttime coverage 482-498min exceeds 3h requirement.,Applies when a vital is missing with limited night-time data.,All vitals present with adequate coverage; item conditions not met.,qwen3.8-max,d721a1a85ae7e373dc926869a2561cd3001b2b69e4293decea52787b1044cbac,blinded-annotation-v2-shortrefs
C002,K092,judge_a,0,labeled,No missing vitals; all metrics recorded with full coverage daily.,Applies when vitals are missing or delayed.,All data present; item conditions not met.,qwen3.8-max,d721a1a85ae7e373dc926869a2561cd3001b2b69e4293decea52787b1044cbac,blinded-annotation-v2-shortrefs
C002,K093,judge_a,0,labeled,Single synthetic device used throughout; no device switch recorded.,Requires heart-rate series involving device or algorithm change.,Same device throughout; no cross-device comparison issue.,qwen3.8-max,d721a1a85ae7e373dc926869a2561cd3001b2b69e4293decea52787b1044cbac,blinded-annotation-v2-shortrefs
C002,K094,judge_a,1,labeled,Sleep duration estimated from device; sleep boundaries recorded precisely.,Applies when device-estimated sleep duration and boundaries available.,Relevant methodological context for interpreting device sleep estimates.,qwen3.8-max,d721a1a85ae7e373dc926869a2561cd3001b2b69e4293decea52787b1044cbac,blinded-annotation-v2-shortrefs
C002,K095,judge_a,1,labeled,Nighttime coverage 482-498min every night; no missing sleep records.,Applies when sleep readings absent with non-wear or incomplete coverage.,"Confirms device was worn overnight, supporting valid sleep detection.",qwen3.8-max,d721a1a85ae7e373dc926869a2561cd3001b2b69e4293decea52787b1044cbac,blinded-annotation-v2-shortrefs
C002,K096,judge_a,2,labeled,Steps dropped ~71% while activity duration unchanged; arm swing needed for steps.,Applies when step readings change with possible measurement limitations.,Core explanation: step counts depend on arm motion; non-step activity won't register.,qwen3.8-max,d721a1a85ae7e373dc926869a2561cd3001b2b69e4293decea52787b1044cbac,blinded-annotation-v2-shortrefs
C003,K001,judge_a,2,labeled,"Age band 18-60; window sleep mean 421.6 min (~7.0h), Apr 6-12 mean ~363 min (~6.0h).",Requires age 18-60 and sleep below seven hours recommendation.,"Directly applicable: age matches, and window sleep falls below 7h recommendation on multiple nights.",qwen3.8-max,835ffe5de294b68eb7e4cffe44f3dc2fe191113b8367a0ee8d925f5d765eb695,blinded-annotation-v2-shortrefs
C003,K002,judge_a,0,labeled,Age band 18-60; item targets ages 61-64.,Requires age 61 to 64 established.,Age band contradicts item's target population.,qwen3.8-max,835ffe5de294b68eb7e4cffe44f3dc2fe191113b8367a0ee8d925f5d765eb695,blinded-annotation-v2-shortrefs
C003,K003,judge_a,0,labeled,Age band is 18-60; item applies to adults 65 and older.,Requires age at least 65; non-applicable for age below 65.,Age band contradicts item's target population.,qwen3.8-max,835ffe5de294b68eb7e4cffe44f3dc2fe191113b8367a0ee8d925f5d765eb695,blinded-annotation-v2-shortrefs
C003,K004,judge_a,0,labeled,Age band 18-60; item targets teenagers 13-17.,Requires teenage age group established.,Age band contradicts item's target population.,qwen3.8-max,835ffe5de294b68eb7e4cffe44f3dc2fe191113b8367a0ee8d925f5d765eb695,blinded-annotation-v2-shortrefs
C003,K005,judge_a,1,labeled,Window sleep mean 421.6 min vs baseline 480.9 min; sleep start shifted ~59 min later.,Requires repeatedly shortened sleep opportunity; schedule constraint needed for attribution.,"Sleep duration decreased substantially in window, but no schedule constraint evidence to attribute cause.",qwen3.8-max,835ffe5de294b68eb7e4cffe44f3dc2fe191113b8367a0ee8d925f5d765eb695,blinded-annotation-v2-shortrefs
C003,K006,judge_a,1,labeled,"Window sleep mean 421.6 min (~7h), with Apr 6-12 averaging ~363 min (~6h).",Applies when sleep is consistently short even without new decline.,Window shows sustained shorter sleep; item warns against assuming adaptation to short sleep.,qwen3.8-max,835ffe5de294b68eb7e4cffe44f3dc2fe191113b8367a0ee8d925f5d765eb695,blinded-annotation-v2-shortrefs
C003,K007,judge_a,0,labeled,Sleep duration recorded nightly; no subjective quality or awakening data available.,"Requires sleep-onset difficulty, awakenings, or subjective refreshment to establish quality concern.",Only duration is measured; item correctly notes duration alone does not establish quality.,qwen3.8-max,835ffe5de294b68eb7e4cffe44f3dc2fe191113b8367a0ee8d925f5d765eb695,blinded-annotation-v2-shortrefs
C003,K008,judge_a,0,labeled,Sleep duration and timing recorded; no awakening data available.,Requires awakening history or measured sleep continuity.,Only duration and start/end available; cannot assess night awakenings.,qwen3.8-max,835ffe5de294b68eb7e4cffe44f3dc2fe191113b8367a0ee8d925f5d765eb695,blinded-annotation-v2-shortrefs
C003,K009,judge_a,0,labeled,Baseline sleep ~8h; window sleep ~7h then ~6h; no subjective refreshment data.,Requires more than eight hours sleep with reported lack of refreshment.,Sleep is not over eight hours in window; no refreshment reports available.,qwen3.8-max,835ffe5de294b68eb7e4cffe44f3dc2fe191113b8367a0ee8d925f5d765eb695,blinded-annotation-v2-shortrefs
C003,K010,judge_a,1,labeled,Window sleep reduced to mean 421.6 min; 7 nights ~363 min Apr 6-12.,Requires repeatedly shortened sleep; symptoms needed for cognitive impairment claim.,Repeated sleep restriction observed; item notes review value but cannot diagnose impairment.,qwen3.8-max,835ffe5de294b68eb7e4cffe44f3dc2fe191113b8367a0ee8d925f5d765eb695,blinded-annotation-v2-shortrefs
C003,K011,judge_a,1,labeled,Seven consecutive nights ~363 min sleep Apr 6-12 vs baseline ~481 min.,Requires several nights of reduced sleep duration; symptoms needed for impairment claim.,Several shortened nights observed; item notes attention warranted but cannot claim impairment.,qwen3.8-max,835ffe5de294b68eb7e4cffe44f3dc2fe191113b8367a0ee8d925f5d765eb695,blinded-annotation-v2-shortrefs
C003,K012,judge_a,0,labeled,Sleep decreased in window; no infection or immune data.,General education about sleep and immunity; cannot diagnose infection.,Cannot infer infection from sleep or heart-rate changes per annotation rules.,qwen3.8-max,835ffe5de294b68eb7e4cffe44f3dc2fe191113b8367a0ee8d925f5d765eb695,blinded-annotation-v2-shortrefs
C003,K013,judge_a,0,labeled,Sleep decreased in window; no food intake or appetite data.,Requires food intake or appetite information for individual claims.,No appetite data; cannot infer metabolic effects from sleep duration alone.,qwen3.8-max,835ffe5de294b68eb7e4cffe44f3dc2fe191113b8367a0ee8d925f5d765eb695,blinded-annotation-v2-shortrefs
C003,K014,judge_a,0,labeled,No sleepiness reports or driving context available.,Requires reported sleepiness and driving plans.,Neither sleepiness nor driving context established from wearable data.,qwen3.8-max,835ffe5de294b68eb7e4cffe44f3dc2fe191113b8367a0ee8d925f5d765eb695,blinded-annotation-v2-shortrefs
C003,K015,judge_a,1,labeled,Window sleep varies 357-485 min; baseline 474-488 min; individual variation exists.,Requires individual sleep experience to assess adequacy.,Supports considering personal baseline rather than universal target for this individual.,qwen3.8-max,835ffe5de294b68eb7e4cffe44f3dc2fe191113b8367a0ee8d925f5d765eb695,blinded-annotation-v2-shortrefs
C003,K016,judge_a,0,labeled,14-day window only; no months-long history or reported insomnia symptoms.,Requires months-long sleeping difficulties or failed habit changes.,Two-week window insufficient; no reported sleeping difficulties.,qwen3.8-max,835ffe5de294b68eb7e4cffe44f3dc2fe191113b8367a0ee8d925f5d765eb695,blinded-annotation-v2-shortrefs
C003,K017,judge_a,2,labeled,"Sleep start SD increased dramatically in window; baseline ~22:40, window Apr 6-12 ~00:37.",Requires repeated variability in bedtime or wake time.,"Core pattern: sleep start shifted ~2 hours later from Apr 6 onward, breaking consistency.",qwen3.8-max,835ffe5de294b68eb7e4cffe44f3dc2fe191113b8367a0ee8d925f5d765eb695,blinded-annotation-v2-shortrefs
C003,K018,judge_a,0,labeled,Wake time constant at 07:00 throughout both periods; no reported sleeping difficulties.,Requires inconsistent wake time with reported sleeping difficulties.,Wake time is perfectly consistent; no insomnia symptoms reported.,qwen3.8-max,835ffe5de294b68eb7e4cffe44f3dc2fe191113b8367a0ee8d925f5d765eb695,blinded-annotation-v2-shortrefs
C003,K019,judge_a,0,labeled,"Sleep start variance increased in window due to late shift, not weekend/weekday difference.",Requires substantial weekday/weekend bedtime or wake time differences.,"Wake time constant 07:00; sleep start shift affects all days equally, not just weekends.",qwen3.8-max,835ffe5de294b68eb7e4cffe44f3dc2fe191113b8367a0ee8d925f5d765eb695,blinded-annotation-v2-shortrefs
C003,K020,judge_a,0,labeled,Sleep start times recorded; no pre-bed activity information available.,Requires information about pre-bed activities for targeted advice.,Bedtime routine content unknown from timestamps alone.,qwen3.8-max,835ffe5de294b68eb7e4cffe44f3dc2fe191113b8367a0ee8d925f5d765eb695,blinded-annotation-v2-shortrefs
C003,K021,judge_a,0,labeled,No screen or light exposure data before bedtime.,Requires known bright-screen exposure shortly before bed.,Exposure unknown; cannot attribute sleep timing changes to screens.,qwen3.8-max,835ffe5de294b68eb7e4cffe44f3dc2fe191113b8367a0ee8d925f5d765eb695,blinded-annotation-v2-shortrefs
C003,K022,judge_a,0,labeled,No caffeine timing or intake data recorded.,Requires caffeine timing and intake information.,Caffeine history unknown; item conditions not met.,qwen3.8-max,835ffe5de294b68eb7e4cffe44f3dc2fe191113b8367a0ee8d925f5d765eb695,blinded-annotation-v2-shortrefs
C003,K023,judge_a,0,labeled,No meal timing or size data recorded.,Requires meal timing and size information.,Meal information unknown; item conditions not met.,qwen3.8-max,835ffe5de294b68eb7e4cffe44f3dc2fe191113b8367a0ee8d925f5d765eb695,blinded-annotation-v2-shortrefs
C003,K024,judge_a,0,labeled,No alcohol intake or timing data recorded.,Requires alcohol intake and timing information.,Alcohol exposure unknown; item conditions not met.,qwen3.8-max,835ffe5de294b68eb7e4cffe44f3dc2fe191113b8367a0ee8d925f5d765eb695,blinded-annotation-v2-shortrefs
C003,K025,judge_a,0,labeled,No nicotine or smoking data recorded.,Requires established nicotine exposure.,Nicotine use unknown; item conditions not met.,qwen3.8-max,835ffe5de294b68eb7e4cffe44f3dc2fe191113b8367a0ee8d925f5d765eb695,blinded-annotation-v2-shortrefs
C003,K026,judge_a,0,labeled,No bedroom environment data recorded by wearable.,"Requires bedroom light, noise, or temperature information.",Environment unknown; wearable cannot establish bedroom conditions.,qwen3.8-max,835ffe5de294b68eb7e4cffe44f3dc2fe191113b8367a0ee8d925f5d765eb695,blinded-annotation-v2-shortrefs
C003,K027,judge_a,0,labeled,No relaxation routine or pre-bed difficulty data.,Requires reported difficulty relaxing or request for routine options.,No evidence of relaxation issues; generic optional advice.,qwen3.8-max,835ffe5de294b68eb7e4cffe44f3dc2fe191113b8367a0ee8d925f5d765eb695,blinded-annotation-v2-shortrefs
C003,K028,judge_a,0,labeled,No nap data recorded in wearable observations.,Requires nap duration or nap history.,Nap history unknown; item conditions not met.,qwen3.8-max,835ffe5de294b68eb7e4cffe44f3dc2fe191113b8367a0ee8d925f5d765eb695,blinded-annotation-v2-shortrefs
C003,K029,judge_a,0,labeled,Sleep start times vary; no shift-work schedule information provided.,Requires confirmed shift-work schedule.,Shift work unknown; variable sleep times alone do not prove rotating shifts.,qwen3.8-max,835ffe5de294b68eb7e4cffe44f3dc2fe191113b8367a0ee8d925f5d765eb695,blinded-annotation-v2-shortrefs
C003,K030,judge_a,0,labeled,No shift work confirmation in data.,Requires confirmed shift work and lighting context.,Shift work unknown; item conditions not met.,qwen3.8-max,835ffe5de294b68eb7e4cffe44f3dc2fe191113b8367a0ee8d925f5d765eb695,blinded-annotation-v2-shortrefs
C003,K031,judge_a,0,labeled,No shift work or caffeine intake data available.,Requires shift schedule and caffeine intake information.,Neither shift work nor caffeine use is established.,qwen3.8-max,835ffe5de294b68eb7e4cffe44f3dc2fe191113b8367a0ee8d925f5d765eb695,blinded-annotation-v2-shortrefs
C003,K032,judge_a,0,labeled,All sleep occurs overnight ending 07:00; no shift work or daytime sleep.,Requires daytime sleep associated with shift work.,Only ordinary overnight sleep recorded; item conditions not met.,qwen3.8-max,835ffe5de294b68eb7e4cffe44f3dc2fe191113b8367a0ee8d925f5d765eb695,blinded-annotation-v2-shortrefs
C003,K033,judge_a,0,labeled,Wearable provides sleep timing data; no diary entries for awakenings or naps.,Requires awakenings and naps recorded separately if absent from device data.,Generic diary recommendation; wearable already captures timing but not awakenings or naps.,qwen3.8-max,835ffe5de294b68eb7e4cffe44f3dc2fe191113b8367a0ee8d925f5d765eb695,blinded-annotation-v2-shortrefs
C003,K034,judge_a,2,labeled,Window sleep mean 421.6 min vs baseline 480.9 min; 7 consecutive nights ~363 min Apr 6-12.,Requires several shortened nights rather than single isolated reading.,Multiple consecutive shortened nights in window directly match item's accumulation concept.,qwen3.8-max,835ffe5de294b68eb7e4cffe44f3dc2fe191113b8367a0ee8d925f5d765eb695,blinded-annotation-v2-shortrefs
C003,K035,judge_a,0,labeled,Weekend vs weekday sleep similar in baseline (484.6 vs 479.4 min); no workday/off info.,Requires actual workdays and days off identification.,Cannot assume weekends are days off; sleep differences minimal in baseline.,qwen3.8-max,835ffe5de294b68eb7e4cffe44f3dc2fe191113b8367a0ee8d925f5d765eb695,blinded-annotation-v2-shortrefs
C003,K036,judge_a,0,labeled,No nap data recorded in wearable observations.,Requires recorded naps after shortened night-time sleep.,Nap information unavailable; cannot assess compensation.,qwen3.8-max,835ffe5de294b68eb7e4cffe44f3dc2fe191113b8367a0ee8d925f5d765eb695,blinded-annotation-v2-shortrefs
C003,K037,judge_a,0,labeled,No reported bad nights or insomnia symptoms; wake time fixed at 07:00.,Requires reported bad sleep or insomnia symptoms.,No sleeping difficulties reported; item conditions not met.,qwen3.8-max,835ffe5de294b68eb7e4cffe44f3dc2fe191113b8367a0ee8d925f5d765eb695,blinded-annotation-v2-shortrefs
C003,K038,judge_a,0,labeled,Window shows 14 days of shorter sleep; no symptom history beyond device estimates.,Requires symptom history and onset; non-applicable for diagnosing insomnia from estimated hours.,Item explicitly states diagnosis cannot be made from estimated sleep hours alone.,qwen3.8-max,835ffe5de294b68eb7e4cffe44f3dc2fe191113b8367a0ee8d925f5d765eb695,blinded-annotation-v2-shortrefs
C003,K039,judge_a,0,labeled,No travel history or flight data.,"Requires confirmed travel, destination time zone, and trip duration.",Travel context unknown; sleep timing change has no travel attribution.,qwen3.8-max,835ffe5de294b68eb7e4cffe44f3dc2fe191113b8367a0ee8d925f5d765eb695,blinded-annotation-v2-shortrefs
C003,K040,judge_a,0,labeled,No travel context or time-zone change information.,Requires trip duration and time-zone change.,Travel context unknown; item conditions not met.,qwen3.8-max,835ffe5de294b68eb7e4cffe44f3dc2fe191113b8367a0ee8d925f5d765eb695,blinded-annotation-v2-shortrefs
C003,K041,judge_a,0,labeled,Activity ~55 min/day; all intensities unknown.,Requires intensity information to count recommended aerobic minutes.,Unknown activity intensity is not moderate exercise per annotation rules.,qwen3.8-max,835ffe5de294b68eb7e4cffe44f3dc2fe191113b8367a0ee8d925f5d765eb695,blinded-annotation-v2-shortrefs
C003,K042,judge_a,0,labeled,Activity stable ~55 min/day; no evidence of recent inactivity.,Requires recently low or reduced physical activity.,Activity levels maintained; no inactivity period requiring gradual buildup.,qwen3.8-max,835ffe5de294b68eb7e4cffe44f3dc2fe191113b8367a0ee8d925f5d765eb695,blinded-annotation-v2-shortrefs
C003,K043,judge_a,0,labeled,Activity duration ~55 min/day recorded; intensity unknown for all intervals.,Requires known activity intensity to assess guideline compliance.,Unknown intensity prevents determining if 150 min moderate target is met.,qwen3.8-max,835ffe5de294b68eb7e4cffe44f3dc2fe191113b8367a0ee8d925f5d765eb695,blinded-annotation-v2-shortrefs
C003,K044,judge_a,0,labeled,Activity intensity unknown for all intervals.,Requires known vigorous intensity documentation.,Unknown activity intensity is not vigorous per annotation rules.,qwen3.8-max,835ffe5de294b68eb7e4cffe44f3dc2fe191113b8367a0ee8d925f5d765eb695,blinded-annotation-v2-shortrefs
C003,K045,judge_a,0,labeled,Activity duration stable ~55 min/day; all activity intervals have unknown intensity.,Requires intensity information for counting guideline minutes.,Intensity unknown; item's condition about intensity prevents direct application.,qwen3.8-max,835ffe5de294b68eb7e4cffe44f3dc2fe191113b8367a0ee8d925f5d765eb695,blinded-annotation-v2-shortrefs
C003,K046,judge_a,0,labeled,Only steps and activity duration recorded; no strengthening data.,Requires strengthening activity records including days and muscle groups.,No muscle-strengthening records available; steps cannot show this.,qwen3.8-max,835ffe5de294b68eb7e4cffe44f3dc2fe191113b8367a0ee8d925f5d765eb695,blinded-annotation-v2-shortrefs
C003,K047,judge_a,0,labeled,Activity intensity unknown; cannot verify guideline attainment.,Requires known intensity and weekly duration above minimum.,Unknown intensity prevents assessing additional benefit thresholds.,qwen3.8-max,835ffe5de294b68eb7e4cffe44f3dc2fe191113b8367a0ee8d925f5d765eb695,blinded-annotation-v2-shortrefs
C003,K048,judge_a,0,labeled,Activity intensity unknown for all intervals; no fitness level data.,Requires fitness or perceived effort to interpret intensity.,Cannot assign intensity from daily movement totals alone.,qwen3.8-max,835ffe5de294b68eb7e4cffe44f3dc2fe191113b8367a0ee8d925f5d765eb695,blinded-annotation-v2-shortrefs
C003,K049,judge_a,0,labeled,All activity intervals have unknown intensity; no breathing or talk-test data.,Requires observed effort during aerobic activity.,Effort unrecorded; intensity cannot be assessed from available data.,qwen3.8-max,835ffe5de294b68eb7e4cffe44f3dc2fe191113b8367a0ee8d925f5d765eb695,blinded-annotation-v2-shortrefs
C003,K050,judge_a,0,labeled,Steps stable ~7979/day; no non-step exercise type information.,Requires activity type for interpreting non-step exercise.,Steps unchanged; no evidence of missed non-step exercise intensity.,qwen3.8-max,835ffe5de294b68eb7e4cffe44f3dc2fe191113b8367a0ee8d925f5d765eb695,blinded-annotation-v2-shortrefs
C003,K051,judge_a,0,labeled,Steps stable ~7979/day; no transport or mobility context.,Requires mobility and transport context for specific options.,Generic walking advice; no evidence of declining routine movement needing intervention.,qwen3.8-max,835ffe5de294b68eb7e4cffe44f3dc2fe191113b8367a0ee8d925f5d765eb695,blinded-annotation-v2-shortrefs
C003,K052,judge_a,0,labeled,No personal preference or availability data.,Requires personal preferences and availability for choosing options.,Generic planning advice; no individual context available.,qwen3.8-max,835ffe5de294b68eb7e4cffe44f3dc2fe191113b8367a0ee8d925f5d765eb695,blinded-annotation-v2-shortrefs
C003,K053,judge_a,0,labeled,Activity stable; no social preference or motivational barrier data.,Requires social preferences or reported motivational barrier.,No evidence of motivational issues; generic encouragement not tied to observations.,qwen3.8-max,835ffe5de294b68eb7e4cffe44f3dc2fe191113b8367a0ee8d925f5d765eb695,blinded-annotation-v2-shortrefs
C003,K054,judge_a,0,labeled,Activity ~55 min/day stable; no reported time barrier.,Requires actual daily schedule and reported time barrier.,No time barrier evidence; activity maintained consistently.,qwen3.8-max,835ffe5de294b68eb7e4cffe44f3dc2fe191113b8367a0ee8d925f5d765eb695,blinded-annotation-v2-shortrefs
C003,K055,judge_a,0,labeled,Activity stable ~55 min/day; no schedule constraint data.,Requires reported competing demands reducing activity.,No evidence of schedule barriers; activity levels maintained.,qwen3.8-max,835ffe5de294b68eb7e4cffe44f3dc2fe191113b8367a0ee8d925f5d765eb695,blinded-annotation-v2-shortrefs
C003,K056,judge_a,0,labeled,No chronic condition or disability data available.,Requires relevant health condition and activity safety history.,Medical context unknown; item conditions not met.,qwen3.8-max,835ffe5de294b68eb7e4cffe44f3dc2fe191113b8367a0ee8d925f5d765eb695,blinded-annotation-v2-shortrefs
C003,K057,judge_a,0,labeled,"Low movement intervals ~45 min each, 10 per day; not confirmed sitting.",Requires long uninterrupted daytime low-movement intervals with posture context.,Device low movement is not confirmed sitting per annotation rules.,qwen3.8-max,835ffe5de294b68eb7e4cffe44f3dc2fe191113b8367a0ee8d925f5d765eb695,blinded-annotation-v2-shortrefs
C003,K058,judge_a,0,labeled,Activity ~55 min/day with low movement ~450 min/day; sitting not confirmed.,Requires sitting posture and known activity intensity for guideline claims.,Low movement is not confirmed sitting; intensity unknown.,qwen3.8-max,835ffe5de294b68eb7e4cffe44f3dc2fe191113b8367a0ee8d925f5d765eb695,blinded-annotation-v2-shortrefs
C003,K059,judge_a,0,labeled,Low movement ~450 min/day stable across periods; not confirmed sitting.,Requires confirmed sitting for sedentary-time conclusion; low movement not posture.,Device low movement is not confirmed sitting per annotation rules.,qwen3.8-max,835ffe5de294b68eb7e4cffe44f3dc2fe191113b8367a0ee8d925f5d765eb695,blinded-annotation-v2-shortrefs
C003,K060,judge_a,0,labeled,No commuting or transport data available.,"Requires transport, mobility, and safety context.",Commute unknown; item conditions not met.,qwen3.8-max,835ffe5de294b68eb7e4cffe44f3dc2fe191113b8367a0ee8d925f5d765eb695,blinded-annotation-v2-shortrefs
C003,K061,judge_a,0,labeled,No workplace layout or colleague interaction data.,Requires workplace layout and ability to walk.,Work context unknown; item conditions not met.,qwen3.8-max,835ffe5de294b68eb7e4cffe44f3dc2fe191113b8367a0ee8d925f5d765eb695,blinded-annotation-v2-shortrefs
C003,K062,judge_a,0,labeled,No workplace or meeting context data.,Requires workplace and mobility context.,Work context unknown; item conditions not met.,qwen3.8-max,835ffe5de294b68eb7e4cffe44f3dc2fe191113b8367a0ee8d925f5d765eb695,blinded-annotation-v2-shortrefs
C003,K063,judge_a,0,labeled,Low movement intervals recorded ~450 min/day; no television viewing context.,Requires television-viewing context; low-movement estimate alone insufficient.,Screen habits unknown; device low movement is not confirmed sitting or TV watching.,qwen3.8-max,835ffe5de294b68eb7e4cffe44f3dc2fe191113b8367a0ee8d925f5d765eb695,blinded-annotation-v2-shortrefs
C003,K064,judge_a,0,labeled,No seated leisure context or routine data.,"Requires routine, preferences, and mobility information.",Leisure context unknown; item conditions not met.,qwen3.8-max,835ffe5de294b68eb7e4cffe44f3dc2fe191113b8367a0ee8d925f5d765eb695,blinded-annotation-v2-shortrefs
C003,K065,judge_a,0,labeled,Activity and steps recorded; no distinction between formal exercise and everyday movement.,General definition; no specific observable condition required.,Generic educational definition with no concrete connection to observed patterns.,qwen3.8-max,835ffe5de294b68eb7e4cffe44f3dc2fe191113b8367a0ee8d925f5d765eb695,blinded-annotation-v2-shortrefs
C003,K066,judge_a,0,labeled,No workday lunch-break context available.,Requires workday lunch-break access and mobility.,Work context unknown; item conditions not met.,qwen3.8-max,835ffe5de294b68eb7e4cffe44f3dc2fe191113b8367a0ee8d925f5d765eb695,blinded-annotation-v2-shortrefs
C003,K067,judge_a,0,labeled,Steps ~7979/day average; no stair access or mobility context.,Requires stair access and safe mobility information.,Context unknown; generic suggestion not tied to observed data.,qwen3.8-max,835ffe5de294b68eb7e4cffe44f3dc2fe191113b8367a0ee8d925f5d765eb695,blinded-annotation-v2-shortrefs
C003,K068,judge_a,0,labeled,Low movement ~450 min/day recorded; posture not measured.,Requires posture and waking context to establish sitting.,Device low movement is not confirmed sitting per annotation rules.,qwen3.8-max,835ffe5de294b68eb7e4cffe44f3dc2fe191113b8367a0ee8d925f5d765eb695,blinded-annotation-v2-shortrefs
C003,K069,judge_a,0,labeled,Activity stable ~55 min/day; sleep decreased in window.,General benefit statement; cannot establish causal effect from paired observations.,Activity did not increase while sleep decreased; no causal link supportable.,qwen3.8-max,835ffe5de294b68eb7e4cffe44f3dc2fe191113b8367a0ee8d925f5d765eb695,blinded-annotation-v2-shortrefs
C003,K070,judge_a,0,labeled,Daytime activity ~55 min; no outdoor exposure data.,Requires outdoor access and mobility for specific plan.,Cannot infer outdoor exposure from movement counts.,qwen3.8-max,835ffe5de294b68eb7e4cffe44f3dc2fe191113b8367a0ee8d925f5d765eb695,blinded-annotation-v2-shortrefs
C003,K071,judge_a,0,labeled,"Activity intervals 21:00-~21:55 daily with unknown intensity; sleep starts ~22:40 baseline, ~00:35 window.",Requires known intensity and actual timing relative to bedtime.,Intensity unknown per annotation rules; cannot apply intense-exercise advice.,qwen3.8-max,835ffe5de294b68eb7e4cffe44f3dc2fe191113b8367a0ee8d925f5d765eb695,blinded-annotation-v2-shortrefs
C003,K072,judge_a,0,labeled,Activity at 21:00 daily; no insomnia symptoms reported.,Requires exercise near bedtime with reported insomnia symptoms.,No insomnia symptoms reported; temporal adjacency alone insufficient.,qwen3.8-max,835ffe5de294b68eb7e4cffe44f3dc2fe191113b8367a0ee8d925f5d765eb695,blinded-annotation-v2-shortrefs
C003,K073,judge_a,1,labeled,Activity intervals recorded daily ~21:00; sleep start times shifted ~2h later in window.,Requires activity intervals for timing comparisons with subsequent sleep.,Both activity timing and sleep timing available; supports temporal context review.,qwen3.8-max,835ffe5de294b68eb7e4cffe44f3dc2fe191113b8367a0ee8d925f5d765eb695,blinded-annotation-v2-shortrefs
C003,K074,judge_a,0,labeled,No emergency responder deployment context in the data.,Requires confirmed emergency-response deployment context.,Deployment context unknown; item conditions not met.,qwen3.8-max,835ffe5de294b68eb7e4cffe44f3dc2fe191113b8367a0ee8d925f5d765eb695,blinded-annotation-v2-shortrefs
C003,K075,judge_a,0,labeled,No subjective energy or tiredness data recorded.,Requires subjective energy pattern and availability.,Tiredness history unknown; wearable sleep hours do not establish energy patterns.,qwen3.8-max,835ffe5de294b68eb7e4cffe44f3dc2fe191113b8367a0ee8d925f5d765eb695,blinded-annotation-v2-shortrefs
C003,K076,judge_a,0,labeled,"No substance, medication, alcohol, or caffeine data recorded.",Requires substance and medication history for causal interpretation.,These exposures are unrecorded; cannot attribute sleep changes to them.,qwen3.8-max,835ffe5de294b68eb7e4cffe44f3dc2fe191113b8367a0ee8d925f5d765eb695,blinded-annotation-v2-shortrefs
C003,K077,judge_a,0,labeled,RHR recorded as resting_heart_rate_bpm; no exercise HR confusion present.,General definition of resting heart rate measurement context.,Educational clarification; data correctly uses resting measure only.,qwen3.8-max,835ffe5de294b68eb7e4cffe44f3dc2fe191113b8367a0ee8d925f5d765eb695,blinded-annotation-v2-shortrefs
C003,K078,judge_a,0,labeled,Only resting_heart_rate_bpm recorded; no sleeping heart rate metric present.,Requires both measures being interpreted or mixed.,Only one heart rate measure present; no risk of mixing sleeping and resting values.,qwen3.8-max,835ffe5de294b68eb7e4cffe44f3dc2fe191113b8367a0ee8d925f5d765eb695,blinded-annotation-v2-shortrefs
C003,K079,judge_a,0,labeled,"Window RHR mean 56.2 bpm, baseline 56.1 bpm; difference +0.14 bpm.",Requires exposure or symptom information to attribute a cause of RHR change.,RHR is stable across periods; no causal context available for this generic list.,qwen3.8-max,835ffe5de294b68eb7e4cffe44f3dc2fe191113b8367a0ee8d925f5d765eb695,blinded-annotation-v2-shortrefs
C003,K080,judge_a,0,labeled,HRV RMSSD and RHR both recorded; distinct metrics in data.,General definition distinguishing HRV from average heart rate.,Educational clarification; data already separates these metrics correctly.,qwen3.8-max,835ffe5de294b68eb7e4cffe44f3dc2fe191113b8367a0ee8d925f5d765eb695,blinded-annotation-v2-shortrefs
C003,K081,judge_a,1,labeled,HRV RMSSD 43-47 ms range stable; 28-day baseline available for personal context.,Requires personal history and consistent measurement context.,Personal baseline available; item correctly notes HRV should be compared to own history.,qwen3.8-max,835ffe5de294b68eb7e4cffe44f3dc2fe191113b8367a0ee8d925f5d765eb695,blinded-annotation-v2-shortrefs
C003,K082,judge_a,1,labeled,28-day baseline provides personal range; window shows sleep start shifted ~59 min later.,Requires sufficient same-metric personal history for trend comparison.,Baseline provides adequate personal history to contextualize the window changes.,qwen3.8-max,835ffe5de294b68eb7e4cffe44f3dc2fe191113b8367a0ee8d925f5d765eb695,blinded-annotation-v2-shortrefs
C003,K083,judge_a,1,labeled,RHR stable 55-57 bpm across 42 days; 28-day baseline available for trend context.,Requires repeated resting heart-rate readings or recent change.,Extended RHR series available; item supports reviewing trends over multiple days.,qwen3.8-max,835ffe5de294b68eb7e4cffe44f3dc2fe191113b8367a0ee8d925f5d765eb695,blinded-annotation-v2-shortrefs
C003,K084,judge_a,1,labeled,Window HRV RMSSD mean 44.2 ms vs baseline 45.3 ms; slight decrease observed.,Applies when HRV trend is available for wellness monitoring; not for diagnosis.,"HRV slightly decreased; item correctly frames HRV as wellness observation, not diagnostic.",qwen3.8-max,835ffe5de294b68eb7e4cffe44f3dc2fe191113b8367a0ee8d925f5d765eb695,blinded-annotation-v2-shortrefs
C003,K085,judge_a,1,labeled,HRV recorded as hrv_rmssd_ms; metadata confirms RMSSD definition.,Requires metric formula established for HRV comparisons.,Data uses RMSSD matching item's specification; supports correct metric interpretation.,qwen3.8-max,835ffe5de294b68eb7e4cffe44f3dc2fe191113b8367a0ee8d925f5d765eb695,blinded-annotation-v2-shortrefs
C003,K086,judge_a,1,labeled,Nighttime coverage drops from ~500 min to ~380 min in window Apr 6-12; HRV still recorded.,Requires compatible Fitbit collection definition and sleep coverage over three hours.,Coverage remains above three hours even in window; explains why HRV is still captured.,qwen3.8-max,835ffe5de294b68eb7e4cffe44f3dc2fe191113b8367a0ee8d925f5d765eb695,blinded-annotation-v2-shortrefs
C003,K087,judge_a,0,labeled,Only sleep duration and timing recorded; no sleep-stage data available.,Requires sleep-stage measurements; non-applicable when only duration and timing available.,Item explicitly non-applicable without sleep-stage data.,qwen3.8-max,835ffe5de294b68eb7e4cffe44f3dc2fe191113b8367a0ee8d925f5d765eb695,blinded-annotation-v2-shortrefs
C003,K088,judge_a,0,labeled,No reported health concerns; only wearable trends observed.,Requires reported health concerns or symptoms.,No clinical concerns raised; item is generic guidance.,qwen3.8-max,835ffe5de294b68eb7e4cffe44f3dc2fe191113b8367a0ee8d925f5d765eb695,blinded-annotation-v2-shortrefs
C003,K089,judge_a,0,labeled,RHR and HRV recorded consistently with full daytime wear 720 min daily.,Requires device placement or contact issues affecting heart-rate accuracy.,No evidence of sensor fit problems; data collection appears consistent throughout.,qwen3.8-max,835ffe5de294b68eb7e4cffe44f3dc2fe191113b8367a0ee8d925f5d765eb695,blinded-annotation-v2-shortrefs
C003,K090,judge_a,1,labeled,Nighttime coverage drops from ~500 min (baseline) to ~380 min (window Apr 6-12).,Requires separate night-time wear information for overnight vitals validity.,Reduced nighttime coverage in window directly relevant to overnight metric validity.,qwen3.8-max,835ffe5de294b68eb7e4cffe44f3dc2fe191113b8367a0ee8d925f5d765eb695,blinded-annotation-v2-shortrefs
C003,K091,judge_a,1,labeled,Nighttime coverage ~380 min Apr 6-12; vitals still present with >3h sleep.,Requires at least three hours of quality sleep for vitals; missing not zero.,Explains why vitals persist despite reduced coverage; all nights exceed 3h threshold.,qwen3.8-max,835ffe5de294b68eb7e4cffe44f3dc2fe191113b8367a0ee8d925f5d765eb695,blinded-annotation-v2-shortrefs
C003,K092,judge_a,0,labeled,All vitals present with zero missing counts in both periods; full wear compliance.,Requires missing or delayed vitals to troubleshoot.,No missing data observed; item not applicable to complete records.,qwen3.8-max,835ffe5de294b68eb7e4cffe44f3dc2fe191113b8367a0ee8d925f5d765eb695,blinded-annotation-v2-shortrefs
C003,K093,judge_a,0,labeled,Single synthetic device used throughout; no device switch indicated.,Requires device or algorithm change affecting comparisons.,Same device throughout; no cross-device comparison issue.,qwen3.8-max,835ffe5de294b68eb7e4cffe44f3dc2fe191113b8367a0ee8d925f5d765eb695,blinded-annotation-v2-shortrefs
C003,K094,judge_a,1,labeled,Sleep duration estimated from device; sleep_start and sleep_end define boundaries.,Applies when device-estimated sleep duration and boundaries are available.,"Clarifies that recorded sleep_duration_minutes is estimated time asleep, not total period.",qwen3.8-max,835ffe5de294b68eb7e4cffe44f3dc2fe191113b8367a0ee8d925f5d765eb695,blinded-annotation-v2-shortrefs
C003,K095,judge_a,1,labeled,Nighttime coverage drops from ~500 min to ~380 min in window; sleep still detected.,Requires night-time wear record; unworn night should remain missing.,Coverage reduced but above threshold; explains continued sleep detection despite shorter coverage.,qwen3.8-max,835ffe5de294b68eb7e4cffe44f3dc2fe191113b8367a0ee8d925f5d765eb695,blinded-annotation-v2-shortrefs
C003,K096,judge_a,0,labeled,Steps stable ~7979/day across periods; no wear context changes noted.,Requires step readings changing with possible measurement limitations.,Steps unchanged between periods; no evidence of measurement artifact.,qwen3.8-max,835ffe5de294b68eb7e4cffe44f3dc2fe191113b8367a0ee8d925f5d765eb695,blinded-annotation-v2-shortrefs
C004,K001,judge_a,2,labeled,"Sleep duration mean 470.5 min baseline, 468.5 min window (~7.8h); age_band 18-60.",Item requires age 18-60 and sleep duration below recommendation of 7+ hours.,Directly explains observed sleep duration relative to age-specific CDC recommendation; user meets threshold.,qwen3.8-max,2e3ff28b37db00fbd4aebad9383dfbaae4f1ca22c9f62a9193e8401bce5946a1,blinded-annotation-v2-shortrefs
C004,K002,judge_a,0,labeled,Age band is 18-60; item applies to adults 61-64.,Item requires age 61-64; non-applicable for other age groups.,User age band 18-60 contradicts the required population of 61-64.,qwen3.8-max,2e3ff28b37db00fbd4aebad9383dfbaae4f1ca22c9f62a9193e8401bce5946a1,blinded-annotation-v2-shortrefs
C004,K003,judge_a,0,labeled,Age band is 18-60; item applies to adults 65 and older.,Item requires age at least 65; non-applicable for age below 65.,User age band 18-60 contradicts the required population of 65+.,qwen3.8-max,2e3ff28b37db00fbd4aebad9383dfbaae4f1ca22c9f62a9193e8401bce5946a1,blinded-annotation-v2-shortrefs
C004,K004,judge_a,0,labeled,Age band is 18-60; item applies to teenagers 13-17.,Item requires teenage age group; non-applicable for adults.,User age band contradicts the required teenage population.,qwen3.8-max,2e3ff28b37db00fbd4aebad9383dfbaae4f1ca22c9f62a9193e8401bce5946a1,blinded-annotation-v2-shortrefs
C004,K005,judge_a,0,labeled,Sleep duration ~7.8h/night consistently; no evidence of schedule squeezing sleep.,Item requires repeatedly shortened sleep opportunity; non-applicable without evidence of insufficient sleep.,Sleep is adequate and stable; no evidence of busy schedule reducing sleep time.,qwen3.8-max,2e3ff28b37db00fbd4aebad9383dfbaae4f1ca22c9f62a9193e8401bce5946a1,blinded-annotation-v2-shortrefs
C004,K006,judge_a,0,labeled,"Sleep duration ~7.8h/night, which exceeds the 7h minimum for adults 18-60.",Item requires consistently short sleep; non-applicable when duration is sufficient for age group.,Sleep duration is sufficient per age-band recommendation; not a short sleep routine.,qwen3.8-max,2e3ff28b37db00fbd4aebad9383dfbaae4f1ca22c9f62a9193e8401bce5946a1,blinded-annotation-v2-shortrefs
C004,K007,judge_a,0,labeled,Only sleep duration and timing recorded; no subjective quality or awakening data available.,"Item requires sleep-onset difficulty, awakenings, or subjective refreshment; non-applicable when claiming duration proves quality.",Duration alone cannot establish sleep quality; no quality metrics recorded.,qwen3.8-max,2e3ff28b37db00fbd4aebad9383dfbaae4f1ca22c9f62a9193e8401bce5946a1,blinded-annotation-v2-shortrefs
C004,K008,judge_a,0,labeled,"Only sleep duration, start, and end times recorded; no awakening data available.",Item requires repeated awakenings documented; non-applicable when only duration/timing available.,Awakening history is not captured by available metrics; item conditions not met.,qwen3.8-max,2e3ff28b37db00fbd4aebad9383dfbaae4f1ca22c9f62a9193e8401bce5946a1,blinded-annotation-v2-shortrefs
C004,K009,judge_a,0,labeled,Sleep duration ~7.8h/night; no subjective refreshment data recorded.,Item requires >8h sleep with reported lack of refreshment; non-applicable without feeling rested info.,Sleep is under 8h and no refreshment complaints recorded; conditions not met.,qwen3.8-max,2e3ff28b37db00fbd4aebad9383dfbaae4f1ca22c9f62a9193e8401bce5946a1,blinded-annotation-v2-shortrefs
C004,K010,judge_a,0,labeled,Sleep ~7.8h/night consistently; no cognitive or learning symptom data recorded.,Item requires repeatedly shortened sleep and symptoms to claim impairment.,Sleep is adequate and stable; no evidence of restriction or cognitive impairment.,qwen3.8-max,2e3ff28b37db00fbd4aebad9383dfbaae4f1ca22c9f62a9193e8401bce5946a1,blinded-annotation-v2-shortrefs
C004,K011,judge_a,0,labeled,Sleep duration stable ~468-470 min mean; no performance or symptom data recorded.,Item requires several nights of reduced sleep and actual performance/symptoms to claim impairment.,Sleep is stable and above 7h; no evidence of repeated restriction or impairment.,qwen3.8-max,2e3ff28b37db00fbd4aebad9383dfbaae4f1ca22c9f62a9193e8401bce5946a1,blinded-annotation-v2-shortrefs
C004,K012,judge_a,0,labeled,Sleep ~7.8h/night consistently; no infection or immune data recorded.,Item requires ongoing insufficient sleep; non-applicable when inferring infection from sleep/HR changes.,Sleep is adequate; no evidence of deficiency or infection to connect.,qwen3.8-max,2e3ff28b37db00fbd4aebad9383dfbaae4f1ca22c9f62a9193e8401bce5946a1,blinded-annotation-v2-shortrefs
C004,K013,judge_a,0,labeled,Sleep duration ~462-478 min/night; no appetite or food intake data recorded.,Item requires repeated insufficient sleep and food intake info for individual claims.,No appetite data; generic background about sleep and hormones without concrete connection.,qwen3.8-max,2e3ff28b37db00fbd4aebad9383dfbaae4f1ca22c9f62a9193e8401bce5946a1,blinded-annotation-v2-shortrefs
C004,K014,judge_a,0,labeled,No reported sleepiness or driving context in the data.,Item requires reported sleepiness and driving plans; non-applicable when unknown.,Sleepiness and driving context are unknown; item not applicable.,qwen3.8-max,2e3ff28b37db00fbd4aebad9383dfbaae4f1ca22c9f62a9193e8401bce5946a1,blinded-annotation-v2-shortrefs
C004,K015,judge_a,1,labeled,Sleep duration ~462-478 min/night consistently across 42 days.,Item requires adult sleep duration being reviewed.,Provides context that individual sleep needs vary; supports reviewing this person's stable ~7.8h pattern.,qwen3.8-max,2e3ff28b37db00fbd4aebad9383dfbaae4f1ca22c9f62a9193e8401bce5946a1,blinded-annotation-v2-shortrefs
C004,K016,judge_a,0,labeled,No reported sleeping difficulties; 14-day window shows stable sleep patterns.,Item requires months-long sleeping difficulties or failed habit changes; non-applicable with brief record.,No insomnia symptoms reported; two-week window cannot establish conditions for professional review.,qwen3.8-max,2e3ff28b37db00fbd4aebad9383dfbaae4f1ca22c9f62a9193e8401bce5946a1,blinded-annotation-v2-shortrefs
C004,K017,judge_a,1,labeled,Sleep end is exactly 07:00 daily; sleep start varies 22:42-22:58 (16-min range).,Item requires repeated variability in bedtime or wake time; stable schedule does not establish problem.,Wake time is perfectly consistent; sleep start has minor variation within normal range. Supports that schedule is stable.,qwen3.8-max,2e3ff28b37db00fbd4aebad9383dfbaae4f1ca22c9f62a9193e8401bce5946a1,blinded-annotation-v2-shortrefs
C004,K018,judge_a,0,labeled,Wake time is exactly 07:00 every day; no sleeping difficulties reported.,Item requires inconsistent wake time with reported sleeping difficulties; non-applicable without insomnia evidence.,Wake time is perfectly consistent; no insomnia symptoms reported.,qwen3.8-max,2e3ff28b37db00fbd4aebad9383dfbaae4f1ca22c9f62a9193e8401bce5946a1,blinded-annotation-v2-shortrefs
C004,K019,judge_a,1,labeled,"Weekday sleep start mean 649.4 min, weekend 649.9 min from noon baseline; <1 min difference.",Item requires bedtime/wake time differing substantially between weekdays and weekends; non-applicable when similar.,"Directly relevant: confirms weekday/weekend schedules are similar, within the recommended ~1 hour limit.",qwen3.8-max,2e3ff28b37db00fbd4aebad9383dfbaae4f1ca22c9f62a9193e8401bce5946a1,blinded-annotation-v2-shortrefs
C004,K020,judge_a,0,labeled,Sleep start times recorded ~22:42-22:58; no pre-bed activity information available.,Item requires information about pre-bed activities; non-applicable when assuming missing routine from timestamps.,Bedtime is known but pre-bed activities are not recorded; item conditions partially unmet.,qwen3.8-max,2e3ff28b37db00fbd4aebad9383dfbaae4f1ca22c9f62a9193e8401bce5946a1,blinded-annotation-v2-shortrefs
C004,K021,judge_a,0,labeled,No screen or light exposure data recorded before bedtime.,Item requires known bright-screen exposure shortly before bed; non-applicable when exposure unknown.,Screen exposure is unknown; item conditions not met.,qwen3.8-max,2e3ff28b37db00fbd4aebad9383dfbaae4f1ca22c9f62a9193e8401bce5946a1,blinded-annotation-v2-shortrefs
C004,K022,judge_a,0,labeled,No caffeine timing or intake data recorded in wearable observations.,Item requires known afternoon/evening caffeine use with sleeping difficulty; non-applicable without history.,Caffeine history is unknown; item conditions not met.,qwen3.8-max,2e3ff28b37db00fbd4aebad9383dfbaae4f1ca22c9f62a9193e8401bce5946a1,blinded-annotation-v2-shortrefs
C004,K023,judge_a,0,labeled,No meal timing or size data recorded in wearable observations.,Item requires known large meal shortly before bed; non-applicable when meal info unknown.,Meal information is unknown; item conditions not met.,qwen3.8-max,2e3ff28b37db00fbd4aebad9383dfbaae4f1ca22c9f62a9193e8401bce5946a1,blinded-annotation-v2-shortrefs
C004,K024,judge_a,0,labeled,No alcohol intake data recorded in wearable observations.,Item requires alcohol use near bedtime reported; non-applicable when exposure unknown.,Alcohol exposure is unknown; item conditions not met.,qwen3.8-max,2e3ff28b37db00fbd4aebad9383dfbaae4f1ca22c9f62a9193e8401bce5946a1,blinded-annotation-v2-shortrefs
C004,K025,judge_a,0,labeled,No nicotine use data recorded in wearable observations.,Item requires nicotine exposure; non-applicable when nicotine use unknown.,Nicotine use is unknown; item conditions not met.,qwen3.8-max,2e3ff28b37db00fbd4aebad9383dfbaae4f1ca22c9f62a9193e8401bce5946a1,blinded-annotation-v2-shortrefs
C004,K026,judge_a,0,labeled,No bedroom environment data recorded in wearable observations.,Item requires known disruptive bedroom environment; non-applicable when environment unknown.,Bedroom conditions are unknown; item cannot be applied to these observations.,qwen3.8-max,2e3ff28b37db00fbd4aebad9383dfbaae4f1ca22c9f62a9193e8401bce5946a1,blinded-annotation-v2-shortrefs
C004,K027,judge_a,0,labeled,No reported difficulty relaxing or request for routine options in the data.,Item requires reported difficulty relaxing or request for options; non-applicable when inferring stress from signals.,No relaxation difficulties reported; item conditions not met.,qwen3.8-max,2e3ff28b37db00fbd4aebad9383dfbaae4f1ca22c9f62a9193e8401bce5946a1,blinded-annotation-v2-shortrefs
C004,K028,judge_a,0,labeled,No nap data recorded; only nighttime sleep and daytime low-movement intervals present.,Item requires adult naps recorded or reported; non-applicable when nap history unknown.,Nap history is unknown; item conditions not met.,qwen3.8-max,2e3ff28b37db00fbd4aebad9383dfbaae4f1ca22c9f62a9193e8401bce5946a1,blinded-annotation-v2-shortrefs
C004,K029,judge_a,0,labeled,Sleep start times stable ~22:42-22:58; no shift work information recorded.,Item requires confirmed shift-work schedule; non-applicable when shift work unknown.,No evidence of shift work; sleep timing is stable and consistent.,qwen3.8-max,2e3ff28b37db00fbd4aebad9383dfbaae4f1ca22c9f62a9193e8401bce5946a1,blinded-annotation-v2-shortrefs
C004,K030,judge_a,0,labeled,No shift work established; all sleep occurs overnight ~22:42-07:00.,Item requires shift work established; non-applicable without confirmed shift work.,No shift work evidence; item conditions not met.,qwen3.8-max,2e3ff28b37db00fbd4aebad9383dfbaae4f1ca22c9f62a9193e8401bce5946a1,blinded-annotation-v2-shortrefs
C004,K031,judge_a,0,labeled,No shift work or caffeine intake data recorded.,Item requires shift worker using caffeine; non-applicable when shift work or caffeine unknown.,Neither shift work nor caffeine use is established; item conditions not met.,qwen3.8-max,2e3ff28b37db00fbd4aebad9383dfbaae4f1ca22c9f62a9193e8401bce5946a1,blinded-annotation-v2-shortrefs
C004,K032,judge_a,0,labeled,All sleep occurs overnight ~22:42-07:00; no daytime sleep or shift work recorded.,Item requires daytime sleep associated with shift work; non-applicable for ordinary overnight sleep.,No shift work or daytime sleep observed; item conditions not met.,qwen3.8-max,2e3ff28b37db00fbd4aebad9383dfbaae4f1ca22c9f62a9193e8401bce5946a1,blinded-annotation-v2-shortrefs
C004,K033,judge_a,0,labeled,Sleep timing is stable; no variable pattern requiring diary review observed.,Item requires a changed or variable sleep pattern needing review.,Sleep pattern is stable and consistent; no change requiring timeline documentation.,qwen3.8-max,2e3ff28b37db00fbd4aebad9383dfbaae4f1ca22c9f62a9193e8401bce5946a1,blinded-annotation-v2-shortrefs
C004,K034,judge_a,0,labeled,Sleep duration stable ~7.8h/night; no shortened nights accumulating over time.,Item requires several shortened nights; non-applicable when claiming fixed recovery nights.,No evidence of repeated sleep loss; sleep duration is consistently adequate.,qwen3.8-max,2e3ff28b37db00fbd4aebad9383dfbaae4f1ca22c9f62a9193e8401bce5946a1,blinded-annotation-v2-shortrefs
C004,K035,judge_a,0,labeled,"Weekday sleep mean 470.6 min, weekend mean 470.1 min baseline; similar in window.",Item requires longer sleep and later timing on days off; non-applicable when assuming every weekend is day off.,No meaningful weekday/weekend sleep difference observed; sleep is consistent across days.,qwen3.8-max,2e3ff28b37db00fbd4aebad9383dfbaae4f1ca22c9f62a9193e8401bce5946a1,blinded-annotation-v2-shortrefs
C004,K036,judge_a,0,labeled,No nap data recorded in wearable observations.,Item requires recorded naps after shortened night-time sleep; non-applicable without nap information.,Nap information is unavailable; item conditions not met.,qwen3.8-max,2e3ff28b37db00fbd4aebad9383dfbaae4f1ca22c9f62a9193e8401bce5946a1,blinded-annotation-v2-shortrefs
C004,K037,judge_a,0,labeled,No reported bad nights or insomnia symptoms; sleep is stable ~7.8h.,Item requires recent bad night and sleeping difficulties; non-applicable without reported difficulty.,No sleeping difficulties reported; item conditions not met.,qwen3.8-max,2e3ff28b37db00fbd4aebad9383dfbaae4f1ca22c9f62a9193e8401bce5946a1,blinded-annotation-v2-shortrefs
C004,K038,judge_a,0,labeled,14-day window shows stable sleep ~468 min mean; no symptom history recorded.,Item requires reported sleeping difficulties with known duration; non-applicable for diagnosis from hours.,No insomnia symptoms reported; cannot diagnose from wearable sleep estimates alone.,qwen3.8-max,2e3ff28b37db00fbd4aebad9383dfbaae4f1ca22c9f62a9193e8401bce5946a1,blinded-annotation-v2-shortrefs
C004,K039,judge_a,0,labeled,No travel history or time-zone changes recorded in the data.,Item requires confirmed travel across time zones; non-applicable without travel history.,Travel context unknown; item conditions not met.,qwen3.8-max,2e3ff28b37db00fbd4aebad9383dfbaae4f1ca22c9f62a9193e8401bce5946a1,blinded-annotation-v2-shortrefs
C004,K040,judge_a,0,labeled,No travel or time-zone change information in the wearable data.,Item requires a short trip across time zones; non-applicable when travel context unknown.,No evidence of travel; item conditions not met.,qwen3.8-max,2e3ff28b37db00fbd4aebad9383dfbaae4f1ca22c9f62a9193e8401bce5946a1,blinded-annotation-v2-shortrefs
C004,K041,judge_a,0,labeled,"Steps ~8000/day, activity ~53 min/day consistently; no declining movement observed.",Item requires low or declining movement giving opportunity to add activity.,Movement is stable and not low; generic encouragement without concrete connection to observations.,qwen3.8-max,2e3ff28b37db00fbd4aebad9383dfbaae4f1ca22c9f62a9193e8401bce5946a1,blinded-annotation-v2-shortrefs
C004,K042,judge_a,0,labeled,Steps stable ~8000/day; activity duration ~50-60 min/day across both periods.,Item requires recently low or reduced physical activity.,No evidence of recent inactivity; activity levels are stable throughout.,qwen3.8-max,2e3ff28b37db00fbd4aebad9383dfbaae4f1ca22c9f62a9193e8401bce5946a1,blinded-annotation-v2-shortrefs
C004,K043,judge_a,0,labeled,Activity intensity is 'unknown'; only steps and active minutes recorded.,Item requires moderate-intensity aerobic minutes documented; non-applicable with unspecified active minutes.,Unknown intensity prevents determining if 150-min moderate guideline is met.,qwen3.8-max,2e3ff28b37db00fbd4aebad9383dfbaae4f1ca22c9f62a9193e8401bce5946a1,blinded-annotation-v2-shortrefs
C004,K044,judge_a,0,labeled,Activity intensity is 'unknown' for all intervals; no vigorous activity documented.,Item requires vigorous aerobic activity documented; non-applicable when intensity unknown.,Cannot apply vigorous activity target when intensity is unknown.,qwen3.8-max,2e3ff28b37db00fbd4aebad9383dfbaae4f1ca22c9f62a9193e8401bce5946a1,blinded-annotation-v2-shortrefs
C004,K045,judge_a,0,labeled,Activity duration ~50-60 min/day; intensity is 'unknown' for all intervals.,Item requires known intensity for counting guideline minutes; non-applicable when assuming moderate intensity.,Unknown intensity prevents applying guidance about splitting aerobic activity into chunks.,qwen3.8-max,2e3ff28b37db00fbd4aebad9383dfbaae4f1ca22c9f62a9193e8401bce5946a1,blinded-annotation-v2-shortrefs
C004,K046,judge_a,0,labeled,Only steps and active minutes recorded; no strengthening activity data available.,Item requires strengthening activity records including days and muscle groups; non-applicable with only steps.,Step counts cannot show muscle-strengthening activity; item conditions not met by available data.,qwen3.8-max,2e3ff28b37db00fbd4aebad9383dfbaae4f1ca22c9f62a9193e8401bce5946a1,blinded-annotation-v2-shortrefs
C004,K047,judge_a,0,labeled,Activity intensity is 'unknown' for all recorded intervals; steps ~8000/day.,Item requires documented aerobic activity reaching guidelines with known intensity.,Unknown intensity prevents assessing guideline attainment or additional benefits.,qwen3.8-max,2e3ff28b37db00fbd4aebad9383dfbaae4f1ca22c9f62a9193e8401bce5946a1,blinded-annotation-v2-shortrefs
C004,K048,judge_a,0,labeled,Activity intensity is 'unknown' for all intervals; steps ~8000/day.,Item requires activity intensity needing interpretation; non-applicable when inferring from steps alone.,Intensity is unknown; item explains why steps alone cannot determine effort level.,qwen3.8-max,2e3ff28b37db00fbd4aebad9383dfbaae4f1ca22c9f62a9193e8401bce5946a1,blinded-annotation-v2-shortrefs
C004,K049,judge_a,0,labeled,Activity intensity is 'unknown'; no breathing or talk-test observations recorded.,Item requires an aerobic activity and breathing/talk-test observation; non-applicable when unrecorded.,No effort observations available; item cannot be applied to unknown-intensity data.,qwen3.8-max,2e3ff28b37db00fbd4aebad9383dfbaae4f1ca22c9f62a9193e8401bce5946a1,blinded-annotation-v2-shortrefs
C004,K050,judge_a,0,labeled,Steps stable ~8000/day baseline and window; no significant step change observed.,Item requires steps changing while other activity may differ.,No meaningful step change observed between periods; item not directly relevant to current pattern.,qwen3.8-max,2e3ff28b37db00fbd4aebad9383dfbaae4f1ca22c9f62a9193e8401bce5946a1,blinded-annotation-v2-shortrefs
C004,K051,judge_a,0,labeled,Steps ~8000/day stable; no declining routine movement observed.,Item requires low or declining routine movement; non-applicable when assuming everyone can walk/cycle.,Movement is stable and not declining; item conditions not met.,qwen3.8-max,2e3ff28b37db00fbd4aebad9383dfbaae4f1ca22c9f62a9193e8401bce5946a1,blinded-annotation-v2-shortrefs
C004,K052,judge_a,0,labeled,No personal preferences or availability data recorded; activity is stable.,Item requires activity habit being low or difficult to maintain.,Activity is stable and not low; no evidence of difficulty maintaining habits.,qwen3.8-max,2e3ff28b37db00fbd4aebad9383dfbaae4f1ca22c9f62a9193e8401bce5946a1,blinded-annotation-v2-shortrefs
C004,K053,judge_a,0,labeled,No social preferences or motivational barriers recorded; activity is stable.,Item requires a person wanting support maintaining activity; non-applicable without motivational barrier.,No evidence of motivational issues; activity levels are stable.,qwen3.8-max,2e3ff28b37db00fbd4aebad9383dfbaae4f1ca22c9f62a9193e8401bce5946a1,blinded-annotation-v2-shortrefs
C004,K054,judge_a,0,labeled,"Activity stable ~53 min/day, steps ~8000/day; no reported time barrier.",Item requires low activity with a reported time barrier; non-applicable when assuming barrier from low steps.,No time barrier reported; activity levels are stable and adequate.,qwen3.8-max,2e3ff28b37db00fbd4aebad9383dfbaae4f1ca22c9f62a9193e8401bce5946a1,blinded-annotation-v2-shortrefs
C004,K055,judge_a,0,labeled,No reported competing demands or schedule constraints in the data.,Item requires reported competing demands reducing activity; non-applicable when schedule reason unknown.,Schedule context unknown; activity levels are stable without evidence of barriers.,qwen3.8-max,2e3ff28b37db00fbd4aebad9383dfbaae4f1ca22c9f62a9193e8401bce5946a1,blinded-annotation-v2-shortrefs
C004,K056,judge_a,0,labeled,No chronic conditions or special health needs recorded in the data.,"Item requires a chronic condition, disability, or special need established.",Medical context unknown; item conditions not met.,qwen3.8-max,2e3ff28b37db00fbd4aebad9383dfbaae4f1ca22c9f62a9193e8401bce5946a1,blinded-annotation-v2-shortrefs
C004,K057,judge_a,0,labeled,"Low movement intervals ~44-46 min each, 10 per day; device low movement is not confirmed sitting.",Item requires long uninterrupted daytime low-movement intervals; non-applicable when low movement is not posture.,Low movement does not confirm sitting posture; item explicitly warns against this assumption.,qwen3.8-max,2e3ff28b37db00fbd4aebad9383dfbaae4f1ca22c9f62a9193e8401bce5946a1,blinded-annotation-v2-shortrefs
C004,K058,judge_a,0,labeled,"Activity ~53 min/day with low movement ~448 min/day; intensity unknown, posture unconfirmed.",Item requires sitting posture and known intensity; non-applicable when assuming low-movement proves sitting.,Cannot confirm sitting or guideline compliance from available data.,qwen3.8-max,2e3ff28b37db00fbd4aebad9383dfbaae4f1ca22c9f62a9193e8401bce5946a1,blinded-annotation-v2-shortrefs
C004,K059,judge_a,0,labeled,Low movement ~448 min/day stable; device low movement is not confirmed sitting.,Item requires confirmed sitting for sedentary conclusion; non-applicable when non-wear recorded as no movement.,Low movement does not confirm sitting; item explicitly warns against this assumption.,qwen3.8-max,2e3ff28b37db00fbd4aebad9383dfbaae4f1ca22c9f62a9193e8401bce5946a1,blinded-annotation-v2-shortrefs
C004,K060,judge_a,0,labeled,No commuting or transport context recorded in the data.,Item requires sedentary commuting established; non-applicable when commute unknown.,Commute context unknown; item conditions not met.,qwen3.8-max,2e3ff28b37db00fbd4aebad9383dfbaae4f1ca22c9f62a9193e8401bce5946a1,blinded-annotation-v2-shortrefs
C004,K061,judge_a,0,labeled,No workplace layout or desk work context recorded.,Item requires desk work with prolonged sitting; non-applicable when work context unknown.,Work context unknown; item conditions not met.,qwen3.8-max,2e3ff28b37db00fbd4aebad9383dfbaae4f1ca22c9f62a9193e8401bce5946a1,blinded-annotation-v2-shortrefs
C004,K062,judge_a,0,labeled,No workplace or meeting information recorded in wearable data.,Item requires meetings or desk work involving prolonged sitting; non-applicable without workplace info.,Workplace context unknown; item conditions not met.,qwen3.8-max,2e3ff28b37db00fbd4aebad9383dfbaae4f1ca22c9f62a9193e8401bce5946a1,blinded-annotation-v2-shortrefs
C004,K063,judge_a,0,labeled,No television-viewing or screen habit data recorded.,Item requires prolonged sitting while watching television; non-applicable when screen habits unknown.,Screen habits unknown; item conditions not met.,qwen3.8-max,2e3ff28b37db00fbd4aebad9383dfbaae4f1ca22c9f62a9193e8401bce5946a1,blinded-annotation-v2-shortrefs
C004,K064,judge_a,0,labeled,"Low movement ~440-460 min/day, but no leisure context or routine details recorded.",Item requires substantial habitual seated leisure; non-applicable without leisure context.,Leisure context unknown; low movement does not confirm seated leisure specifically.,qwen3.8-max,2e3ff28b37db00fbd4aebad9383dfbaae4f1ca22c9f62a9193e8401bce5946a1,blinded-annotation-v2-shortrefs
C004,K065,judge_a,0,labeled,"Steps ~8000/day, activity ~53 min/day, low movement ~448 min/day recorded consistently.",Item requires low everyday movement despite possible formal exercise.,Movement levels are stable and adequate; no evidence of low everyday movement to explain.,qwen3.8-max,2e3ff28b37db00fbd4aebad9383dfbaae4f1ca22c9f62a9193e8401bce5946a1,blinded-annotation-v2-shortrefs
C004,K066,judge_a,0,labeled,No workday lunch-break context recorded in the data.,Item requires daytime low movement with known workday lunch-break context.,Workday context unknown; item conditions not met.,qwen3.8-max,2e3ff28b37db00fbd4aebad9383dfbaae4f1ca22c9f62a9193e8401bce5946a1,blinded-annotation-v2-shortrefs
C004,K067,judge_a,0,labeled,No stair access or mobility context recorded in the data.,Item requires low incidental movement with accessible stairs; non-applicable when context unknown.,Context unknown; steps are stable at ~8000/day without evidence of low incidental movement.,qwen3.8-max,2e3ff28b37db00fbd4aebad9383dfbaae4f1ca22c9f62a9193e8401bce5946a1,blinded-annotation-v2-shortrefs
C004,K068,judge_a,0,labeled,Low movement intervals recorded but no posture measurement; metadata says 'low movement not posture'.,Item requires posture and waking context; non-applicable when treating low-movement as confirmed sitting.,"Explicitly states low movement should not be relabeled as confirmed sitting, matching metadata constraint.",qwen3.8-max,2e3ff28b37db00fbd4aebad9383dfbaae4f1ca22c9f62a9193e8401bce5946a1,blinded-annotation-v2-shortrefs
C004,K069,judge_a,0,labeled,"Activity ~53 min/day, sleep ~470 min/night; paired correlation r=0.13 baseline, r=-0.25 window.",Item requires activity and sleep patterns for joint review; non-applicable for declaring causal effect.,Generic benefit statement; correlations do not establish causation between activity and sleep.,qwen3.8-max,2e3ff28b37db00fbd4aebad9383dfbaae4f1ca22c9f62a9193e8401bce5946a1,blinded-annotation-v2-shortrefs
C004,K070,judge_a,0,labeled,Daytime activity ~53 min/day stable; no outdoor exposure data recorded.,Item requires low daytime activity accompanying changed sleep routine; non-applicable when inferring outdoor exposure.,Activity is stable and not low; no changed sleep routine to address.,qwen3.8-max,2e3ff28b37db00fbd4aebad9383dfbaae4f1ca22c9f62a9193e8401bce5946a1,blinded-annotation-v2-shortrefs
C004,K071,judge_a,0,labeled,"Activity intensity is 'unknown' for all late intervals (e.g., 2026-04-03 21:00-21:55).",Item requires known intensity; non-applicable when assuming every late movement is intense.,"Intensity is unknown, so advice about intense exercise before bed cannot be directly applied.",qwen3.8-max,2e3ff28b37db00fbd4aebad9383dfbaae4f1ca22c9f62a9193e8401bce5946a1,blinded-annotation-v2-shortrefs
C004,K072,judge_a,0,labeled,"Activity ~21:00-22:00, sleep start ~22:42-22:58; no insomnia symptoms reported.",Item requires exercise near bedtime with reported insomnia symptoms; non-applicable with only timestamps.,No insomnia symptoms reported; temporal adjacency alone does not establish condition.,qwen3.8-max,2e3ff28b37db00fbd4aebad9383dfbaae4f1ca22c9f62a9193e8401bce5946a1,blinded-annotation-v2-shortrefs
C004,K073,judge_a,1,labeled,Activity intervals ~21:00-22:00 daily; sleep starts ~22:42-22:58.,Item requires activity timing and subsequent sleep being compared.,"Late activity and sleep timing are both recorded, supporting temporal context review.",qwen3.8-max,2e3ff28b37db00fbd4aebad9383dfbaae4f1ca22c9f62a9193e8401bce5946a1,blinded-annotation-v2-shortrefs
C004,K074,judge_a,0,labeled,No emergency-response deployment context recorded in the data.,Item requires confirmed emergency-response deployment context; non-applicable when unknown.,Deployment context unknown; item conditions not met.,qwen3.8-max,2e3ff28b37db00fbd4aebad9383dfbaae4f1ca22c9f62a9193e8401bce5946a1,blinded-annotation-v2-shortrefs
C004,K075,judge_a,0,labeled,No subjective energy or tiredness data recorded in wearable observations.,Item requires reported tiredness limiting activity; non-applicable without tiredness history.,No tiredness reported; activity levels are stable.,qwen3.8-max,2e3ff28b37db00fbd4aebad9383dfbaae4f1ca22c9f62a9193e8401bce5946a1,blinded-annotation-v2-shortrefs
C004,K076,judge_a,0,labeled,No substance or medication data recorded alongside sleep and activity.,Item requires substance and medication history for causal interpretation; non-applicable when assuming exposures.,Substance history unknown; cannot attribute any patterns to unrecorded exposures.,qwen3.8-max,2e3ff28b37db00fbd4aebad9383dfbaae4f1ca22c9f62a9193e8401bce5946a1,blinded-annotation-v2-shortrefs
C004,K077,judge_a,1,labeled,"RHR recorded daily, baseline mean 56.1 bpm, window mean 56.0 bpm.",Item requires RHR observations available; applies to adults.,Supports interpreting the recorded RHR metric but no specific change observed requiring explanation.,qwen3.8-max,2e3ff28b37db00fbd4aebad9383dfbaae4f1ca22c9f62a9193e8401bce5946a1,blinded-annotation-v2-shortrefs
C004,K078,judge_a,1,labeled,"Daily resting_heart_rate_bpm recorded (mean 56.1 baseline, 56.0 window); no sleeping HR separate metric.",Item requires a daily resting heart-rate trend being interpreted.,"Clarifies that recorded RHR differs from sleeping HR, supporting correct interpretation of the single RHR metric.",qwen3.8-max,2e3ff28b37db00fbd4aebad9383dfbaae4f1ca22c9f62a9193e8401bce5946a1,blinded-annotation-v2-shortrefs
C004,K079,judge_a,0,labeled,RHR stable 55-57 bpm across both periods; mean difference -0.14 bpm.,Item requires RHR changes relative to previous readings; non-applicable when inferring cause from rise alone.,No meaningful RHR change observed; item lists factors but none are relevant to stable readings.,qwen3.8-max,2e3ff28b37db00fbd4aebad9383dfbaae4f1ca22c9f62a9193e8401bce5946a1,blinded-annotation-v2-shortrefs
C004,K080,judge_a,1,labeled,Both RHR (55-57 bpm) and HRV RMSSD (22-47 ms) recorded for same periods.,Item requires HRV and heart-rate estimates being interpreted together.,"Clarifies that HRV and RHR are distinct metrics, supporting correct interpretation of divergent trends.",qwen3.8-max,2e3ff28b37db00fbd4aebad9383dfbaae4f1ca22c9f62a9193e8401bce5946a1,blinded-annotation-v2-shortrefs
C004,K081,judge_a,1,labeled,HRV RMSSD dropped from baseline mean 44.5ms to window mean 39.4ms; variance increased substantially.,Item requires an HRV level or trend being reviewed.,Directly relevant to interpreting the observed HRV decrease and increased variability in the window.,qwen3.8-max,2e3ff28b37db00fbd4aebad9383dfbaae4f1ca22c9f62a9193e8401bce5946a1,blinded-annotation-v2-shortrefs
C004,K082,judge_a,1,labeled,28-day baseline provides personal history; HRV changed from mean 44.5 to 39.4 ms in window.,Item requires sufficient same-metric personal history; non-applicable for single isolated reading.,Baseline provides the personal range context needed to interpret the window HRV change.,qwen3.8-max,2e3ff28b37db00fbd4aebad9383dfbaae4f1ca22c9f62a9193e8401bce5946a1,blinded-annotation-v2-shortrefs
C004,K083,judge_a,1,labeled,RHR recorded over 28 baseline + 14 window days; stable 55-57 bpm throughout.,Item requires repeated RHR readings or a recent change.,Supports reviewing the multi-week RHR trend rather than isolated daily values.,qwen3.8-max,2e3ff28b37db00fbd4aebad9383dfbaae4f1ca22c9f62a9193e8401bce5946a1,blinded-annotation-v2-shortrefs
C004,K084,judge_a,1,labeled,HRV RMSSD decreased from baseline mean 44.5ms to window mean 39.4ms with increased variance.,Item requires an HRV trend available for wellness monitoring; non-applicable for diagnosing disease from HRV.,"Directly relevant: frames the observed HRV change as a wellness observation, not a diagnosis.",qwen3.8-max,2e3ff28b37db00fbd4aebad9383dfbaae4f1ca22c9f62a9193e8401bce5946a1,blinded-annotation-v2-shortrefs
C004,K085,judge_a,1,labeled,Data records hrv_rmssd_ms; metadata confirms 'synthetic-wearable-v1; night RMSSD'.,Item requires HRV records identifying RMSSD as their metric.,"Confirms the HRV metric used is RMSSD, supporting consistent interpretation of values.",qwen3.8-max,2e3ff28b37db00fbd4aebad9383dfbaae4f1ca22c9f62a9193e8401bce5946a1,blinded-annotation-v2-shortrefs
C004,K086,judge_a,1,labeled,HRV RMSSD recorded nightly; metadata notes 'night RMSSD'; device is synthetic common wearable.,Item requires compatible Fitbit collection definition; non-applicable to other devices universally.,"Provides context for overnight HRV collection, though device is synthetic, not confirmed Fitbit.",qwen3.8-max,2e3ff28b37db00fbd4aebad9383dfbaae4f1ca22c9f62a9193e8401bce5946a1,blinded-annotation-v2-shortrefs
C004,K087,judge_a,0,labeled,Only sleep duration and timing recorded; no sleep-stage data available.,Item requires sleep-stage measurements; non-applicable when only duration and timing available.,No sleep-stage data in observations; item conditions not met.,qwen3.8-max,2e3ff28b37db00fbd4aebad9383dfbaae4f1ca22c9f62a9193e8401bce5946a1,blinded-annotation-v2-shortrefs
C004,K088,judge_a,0,labeled,No reported health concerns or symptoms in the wearable data.,Item requires a person reporting concerns about a vital trend.,No health concerns reported; generic guidance without concrete connection to observations.,qwen3.8-max,2e3ff28b37db00fbd4aebad9383dfbaae4f1ca22c9f62a9193e8401bce5946a1,blinded-annotation-v2-shortrefs
C004,K089,judge_a,0,labeled,RHR stable 55-57 bpm; no device placement changes or fit issues recorded.,Item requires heart-rate readings unreliable or wear quality changes; non-applicable without evidence.,No evidence of sensor fit problems; RHR readings are stable and consistent.,qwen3.8-max,2e3ff28b37db00fbd4aebad9383dfbaae4f1ca22c9f62a9193e8401bce5946a1,blinded-annotation-v2-shortrefs
C004,K090,judge_a,1,labeled,Nighttime coverage 482-498 min/night; daytime wear 720 min/day consistently.,Item requires separate night-time wear information for overnight vitals validity.,"Confirms adequate night-time coverage exists independently of daytime wear, supporting overnight metric validity.",qwen3.8-max,2e3ff28b37db00fbd4aebad9383dfbaae4f1ca22c9f62a9193e8401bce5946a1,blinded-annotation-v2-shortrefs
C004,K091,judge_a,0,labeled,Nighttime coverage 482-498 min (>180 min threshold); no missing vitals in either period.,Item requires a vital missing with limited night-time data.,All vitals present with adequate coverage; item about missing data not applicable here.,qwen3.8-max,2e3ff28b37db00fbd4aebad9383dfbaae4f1ca22c9f62a9193e8401bce5946a1,blinded-annotation-v2-shortrefs
C004,K092,judge_a,0,labeled,No missing vitals; all metrics recorded for all 42 days with adequate coverage.,Item requires vitals missing or delayed; non-applicable when treating unsupported metrics as zeros.,All data present; no missing vitals to troubleshoot.,qwen3.8-max,2e3ff28b37db00fbd4aebad9383dfbaae4f1ca22c9f62a9193e8401bce5946a1,blinded-annotation-v2-shortrefs
C004,K093,judge_a,0,labeled,Single synthetic device used throughout; no device switch recorded.,Item requires heart-rate series involving a device or algorithm change.,No device change occurred; same device used across baseline and window periods.,qwen3.8-max,2e3ff28b37db00fbd4aebad9383dfbaae4f1ca22c9f62a9193e8401bce5946a1,blinded-annotation-v2-shortrefs
C004,K094,judge_a,1,labeled,Sleep duration ~462-478 min estimated from device; sleep start/end times also recorded.,Item requires device-estimated sleep duration and boundaries available.,"Clarifies that recorded sleep duration is an estimate from classified sleep portions, not total time in bed.",qwen3.8-max,2e3ff28b37db00fbd4aebad9383dfbaae4f1ca22c9f62a9193e8401bce5946a1,blinded-annotation-v2-shortrefs
C004,K095,judge_a,1,labeled,Nighttime coverage 482-498 min/night; no missing sleep observations in either period.,Item requires sleep readings absent with non-wear; non-applicable when treating non-wear as zero.,Supports that consistent overnight wear produced complete sleep records without gaps.,qwen3.8-max,2e3ff28b37db00fbd4aebad9383dfbaae4f1ca22c9f62a9193e8401bce5946a1,blinded-annotation-v2-shortrefs
C004,K096,judge_a,0,labeled,Steps stable ~8000/day; no device wear changes or measurement limitations noted.,Item requires step readings changing with possible measurement limitations.,Steps are stable; no evidence of measurement artifacts affecting readings.,qwen3.8-max,2e3ff28b37db00fbd4aebad9383dfbaae4f1ca22c9f62a9193e8401bce5946a1,blinded-annotation-v2-shortrefs
C005,K001,judge_a,2,labeled,"Age band 18-60; window sleep mean 421 min with 7 nights ~360 min, below 420 min (7h) recommendation.",Applies to adults 18-60 with sleep below 7 hours; recommends reviewing time available.,Core directly explains that observed short sleep nights fall below CDC recommendation for this age band.,qwen3.8-max,eeda2a33f7659c3042c19642631b8b7df5059ce2af31cc8a7155edc167a3f54b,blinded-annotation-v2-shortrefs
C005,K002,judge_a,0,labeled,Age band 18-60; subject is not aged 61-64.,Requires age 61-64 established; non-applicable for other age groups.,Age band contradicts the 61-64 requirement; item not applicable to this subject.,qwen3.8-max,eeda2a33f7659c3042c19642631b8b7df5059ce2af31cc8a7155edc167a3f54b,blinded-annotation-v2-shortrefs
C005,K003,judge_a,0,labeled,"Age band is 18-60, not 65 or older.",Requires age at least 65; non-applicable for age below 65.,Subject age band 18-60 contradicts the 65+ requirement for this recommendation.,qwen3.8-max,eeda2a33f7659c3042c19642631b8b7df5059ce2af31cc8a7155edc167a3f54b,blinded-annotation-v2-shortrefs
C005,K004,judge_a,0,labeled,Age band 18-60; subject is not a teenager.,Requires teenage age group 13-17; non-applicable for adults.,Subject age band explicitly excludes teenagers; item contradicts known demographics.,qwen3.8-max,eeda2a33f7659c3042c19642631b8b7df5059ce2af31cc8a7155edc167a3f54b,blinded-annotation-v2-shortrefs
C005,K005,judge_a,1,labeled,Sleep duration dropped ~120 min/night for 7 nights (Mar 30-Apr 5); schedule constraint unknown.,Applies to repeatedly shortened sleep; requires schedule constraint to attribute to busyness.,"Sleep was repeatedly shortened; item relevant for reviewing time available, though busyness unconfirmed.",qwen3.8-max,eeda2a33f7659c3042c19642631b8b7df5059ce2af31cc8a7155edc167a3f54b,blinded-annotation-v2-shortrefs
C005,K006,judge_a,1,labeled,Baseline sleep ~481 min consistently; window sleep temporarily ~360 min then recovered.,Applies when sleep is consistently short; rejects adaptation to little sleep without adverse effects.,"Relevant context that even stable short sleep does not prove adaptation, though baseline was adequate.",qwen3.8-max,eeda2a33f7659c3042c19642631b8b7df5059ce2af31cc8a7155edc167a3f54b,blinded-annotation-v2-shortrefs
C005,K007,judge_a,1,labeled,Sleep duration varied widely in window (357-485 min); no awakenings or refreshment data.,Applies when sleep duration is recorded but quality may be unknown.,Clarifies that recorded duration changes do not establish sleep quality without additional measures.,qwen3.8-max,eeda2a33f7659c3042c19642631b8b7df5059ce2af31cc8a7155edc167a3f54b,blinded-annotation-v2-shortrefs
C005,K008,judge_a,1,labeled,Sleep duration recorded nightly; no awakening count or sleep continuity data available.,Applies when only duration and start/end available; notes awakenings are separate concern.,Clarifies that observed duration data alone cannot indicate whether night awakenings occurred.,qwen3.8-max,eeda2a33f7659c3042c19642631b8b7df5059ce2af31cc8a7155edc167a3f54b,blinded-annotation-v2-shortrefs
C005,K009,judge_a,0,labeled,Baseline sleep ~481 min (~8h); window sleep shorter. No subjective refreshment data.,Requires more than eight hours sleep with reported lack of refreshment.,No report of feeling unrefreshed; sleep duration mostly under 8h in window.,qwen3.8-max,eeda2a33f7659c3042c19642631b8b7df5059ce2af31cc8a7155edc167a3f54b,blinded-annotation-v2-shortrefs
C005,K010,judge_a,1,labeled,Seven nights of ~360 min sleep observed; no cognitive performance data recorded.,Applies to repeatedly shortened sleep; symptoms needed to claim actual impairment.,Connects observed sleep restriction to general learning/attention context without claiming impairment.,qwen3.8-max,eeda2a33f7659c3042c19642631b8b7df5059ce2af31cc8a7155edc167a3f54b,blinded-annotation-v2-shortrefs
C005,K011,judge_a,2,labeled,Seven consecutive nights of ~360 min sleep (Mar 30-Apr 5) vs ~481 min baseline.,Applies to several nights of reduced sleep duration affecting daytime performance.,"Core directly explains that repeated short nights can affect performance, matching the 7-night deficit pattern.",qwen3.8-max,eeda2a33f7659c3042c19642631b8b7df5059ce2af31cc8a7155edc167a3f54b,blinded-annotation-v2-shortrefs
C005,K012,judge_a,0,labeled,Seven nights of short sleep observed; no infection or immune outcome data.,General benefit statement; non-applicable for inferring infection from sleep changes.,Generic background about immune function; no concrete connection to specific observed outcomes.,qwen3.8-max,eeda2a33f7659c3042c19642631b8b7df5059ce2af31cc8a7155edc167a3f54b,blinded-annotation-v2-shortrefs
C005,K013,judge_a,0,labeled,Sleep duration dropped ~59 min mean in window; no food intake or appetite data.,Requires food intake or appetite information for individual claims.,No appetite or food intake data available; cannot infer individual metabolic effects.,qwen3.8-max,eeda2a33f7659c3042c19642631b8b7df5059ce2af31cc8a7155edc167a3f54b,blinded-annotation-v2-shortrefs
C005,K014,judge_a,0,labeled,No sleepiness reports or driving context recorded.,Requires reported sleepiness and driving plans; non-applicable when context unknown.,Sleepiness and driving context unknown; safety advice not connected to observed data.,qwen3.8-max,eeda2a33f7659c3042c19642631b8b7df5059ce2af31cc8a7155edc167a3f54b,blinded-annotation-v2-shortrefs
C005,K015,judge_a,1,labeled,Baseline sleep ~481 min; window sleep dropped to ~360 min then recovered to ~480 min.,Applies when adult sleep duration is being reviewed; notes individual variation.,Provides context that sleep needs vary individually when evaluating the observed duration changes.,qwen3.8-max,eeda2a33f7659c3042c19642631b8b7df5059ce2af31cc8a7155edc167a3f54b,blinded-annotation-v2-shortrefs
C005,K016,judge_a,0,labeled,14-day window with temporary sleep disruption; no months-long symptom history or reported insomnia.,Requires months-long difficulties or failed habit changes; non-applicable for brief record without problems.,Two-week window insufficient to establish persistent insomnia conditions described in item.,qwen3.8-max,eeda2a33f7659c3042c19642631b8b7df5059ce2af31cc8a7155edc167a3f54b,blinded-annotation-v2-shortrefs
C005,K017,judge_a,2,labeled,"Sleep start shifted from ~22:40 baseline to ~00:35 window (Mar 30-Apr 5), then returned to ~22:40.",Applies to repeated variability in bedtime or wake time independently of total hours.,Core directly explains why the observed sleep start time shift is relevant to schedule consistency review.,qwen3.8-max,eeda2a33f7659c3042c19642631b8b7df5059ce2af31cc8a7155edc167a3f54b,blinded-annotation-v2-shortrefs
C005,K018,judge_a,0,labeled,Sleep end exactly 07:00:00 every single day; no reported sleeping difficulties.,Requires inconsistent wake time with reported sleeping difficulties; non-applicable without insomnia evidence.,Wake time perfectly consistent; no insomnia symptoms reported; conditions not met.,qwen3.8-max,eeda2a33f7659c3042c19642631b8b7df5059ce2af31cc8a7155edc167a3f54b,blinded-annotation-v2-shortrefs
C005,K019,judge_a,0,labeled,Sleep end fixed at 07:00 every day including weekends; sleep start varied by period not weekday/weekend.,Requires substantial weekday/weekend differences; non-applicable when times are similar.,Wake time identical every day; sleep start variation was period-based not weekday/weekend-based.,qwen3.8-max,eeda2a33f7659c3042c19642631b8b7df5059ce2af31cc8a7155edc167a3f54b,blinded-annotation-v2-shortrefs
C005,K020,judge_a,0,labeled,Sleep start times recorded but no pre-bed activity information available.,Requires information about pre-bed activities for targeted advice.,Pre-bed activities unknown; timestamps alone do not reveal what someone did before bed.,qwen3.8-max,eeda2a33f7659c3042c19642631b8b7df5059ce2af31cc8a7155edc167a3f54b,blinded-annotation-v2-shortrefs
C005,K021,judge_a,0,labeled,No screen or light exposure data recorded before bedtime.,Requires known bright-screen exposure shortly before bed; non-applicable when exposure unknown.,Screen exposure unknown; cannot attribute sleep start delay to bright screens.,qwen3.8-max,eeda2a33f7659c3042c19642631b8b7df5059ce2af31cc8a7155edc167a3f54b,blinded-annotation-v2-shortrefs
C005,K022,judge_a,0,labeled,No caffeine timing or intake data recorded.,Requires caffeine timing and intake; non-applicable with no caffeine history.,Caffeine exposure unknown; cannot link late sleep starts to caffeine without data.,qwen3.8-max,eeda2a33f7659c3042c19642631b8b7df5059ce2af31cc8a7155edc167a3f54b,blinded-annotation-v2-shortrefs
C005,K023,judge_a,0,labeled,No meal timing or size data recorded.,Requires known large meal shortly before bed; non-applicable when meal info unknown.,Meal information completely unknown; cannot connect sleep timing to eating habits.,qwen3.8-max,eeda2a33f7659c3042c19642631b8b7df5059ce2af31cc8a7155edc167a3f54b,blinded-annotation-v2-shortrefs
C005,K024,judge_a,0,labeled,No alcohol intake or timing data recorded.,Requires alcohol use near bedtime reported; non-applicable when alcohol exposure unknown.,Alcohol exposure unknown; cannot link sleep changes to drinking habits.,qwen3.8-max,eeda2a33f7659c3042c19642631b8b7df5059ce2af31cc8a7155edc167a3f54b,blinded-annotation-v2-shortrefs
C005,K025,judge_a,0,labeled,No nicotine use or smoking data recorded.,Requires nicotine exposure established; non-applicable when nicotine use unknown.,Nicotine use unknown; cannot link sleep pattern changes to stimulant use.,qwen3.8-max,eeda2a33f7659c3042c19642631b8b7df5059ce2af31cc8a7155edc167a3f54b,blinded-annotation-v2-shortrefs
C005,K026,judge_a,0,labeled,"No bedroom environment data (light, noise, temperature) recorded.",Requires known disruptive bedroom environment; non-applicable when environment unknown.,Bedroom conditions completely unknown; item cannot connect to any observed data.,qwen3.8-max,eeda2a33f7659c3042c19642631b8b7df5059ce2af31cc8a7155edc167a3f54b,blinded-annotation-v2-shortrefs
C005,K027,judge_a,0,labeled,No pre-bed routine information or relaxation difficulty reported.,Requires reported difficulty relaxing or request for routine options.,No relaxation issues reported; optional routine advice without connection to observed data.,qwen3.8-max,eeda2a33f7659c3042c19642631b8b7df5059ce2af31cc8a7155edc167a3f54b,blinded-annotation-v2-shortrefs
C005,K028,judge_a,0,labeled,No nap data recorded in baseline or window observations.,Requires adult naps recorded or reported; non-applicable when nap history unknown.,"Nap history is unknown, so item conditions are not met and it is not informative.",qwen3.8-max,eeda2a33f7659c3042c19642631b8b7df5059ce2af31cc8a7155edc167a3f54b,blinded-annotation-v2-shortrefs
C005,K029,judge_a,0,labeled,No shift work schedule confirmed in the data.,Requires confirmed shift-work schedule; non-applicable when shift work unknown.,Shift work unknown; variable sleep times in window not linked to rotating shifts.,qwen3.8-max,eeda2a33f7659c3042c19642631b8b7df5059ce2af31cc8a7155edc167a3f54b,blinded-annotation-v2-shortrefs
C005,K030,judge_a,0,labeled,No shift work established in the data.,Requires confirmed shift work; non-applicable without confirmed shift work.,Shift work unknown; bright lighting advice specific to shift workers not applicable here.,qwen3.8-max,eeda2a33f7659c3042c19642631b8b7df5059ce2af31cc8a7155edc167a3f54b,blinded-annotation-v2-shortrefs
C005,K031,judge_a,0,labeled,No shift work or caffeine intake data recorded.,Requires shift worker using caffeine; non-applicable when shift work or caffeine unknown.,"Shift work and caffeine use unknown, so item conditions are not met.",qwen3.8-max,eeda2a33f7659c3042c19642631b8b7df5059ce2af31cc8a7155edc167a3f54b,blinded-annotation-v2-shortrefs
C005,K032,judge_a,0,labeled,All sleep occurred overnight starting ~22:40 or ~00:35; no daytime sleep recorded.,Requires daytime sleep associated with shift work; non-applicable for ordinary overnight sleep.,Only overnight sleep recorded; no daytime sleep or shift work to trigger this advice.,qwen3.8-max,eeda2a33f7659c3042c19642631b8b7df5059ce2af31cc8a7155edc167a3f54b,blinded-annotation-v2-shortrefs
C005,K033,judge_a,1,labeled,"Sleep start times shifted from ~22:40 baseline to ~00:35 window Mar 30-Apr 5, then returned.",Applies when a changed or variable sleep pattern needs review.,Sleep timing changed substantially in early window; diary advice is contextually relevant for tracking changes.,qwen3.8-max,eeda2a33f7659c3042c19642631b8b7df5059ce2af31cc8a7155edc167a3f54b,blinded-annotation-v2-shortrefs
C005,K034,judge_a,2,labeled,Sleep duration dropped to ~360 min for 7 consecutive nights (Mar 30-Apr 5) from ~481 min baseline.,Applies to several shortened nights rather than a single isolated reading.,"Core directly explains that seven consecutive short nights accumulate sleep loss, matching observed pattern.",qwen3.8-max,eeda2a33f7659c3042c19642631b8b7df5059ce2af31cc8a7155edc167a3f54b,blinded-annotation-v2-shortrefs
C005,K035,judge_a,0,labeled,Sleep end fixed at 07:00 every day; no distinction between workdays and days off in sleep duration.,Requires longer sleep and later timing on days off vs workdays.,No weekend/workday sleep difference observed; wake time identical every day.,qwen3.8-max,eeda2a33f7659c3042c19642631b8b7df5059ce2af31cc8a7155edc167a3f54b,blinded-annotation-v2-shortrefs
C005,K036,judge_a,0,labeled,No nap information recorded in any observation period.,Requires recorded naps after shortened sleep; non-applicable with no nap information.,"Nap information absent, required conditions not met.",qwen3.8-max,eeda2a33f7659c3042c19642631b8b7df5059ce2af31cc8a7155edc167a3f54b,blinded-annotation-v2-shortrefs
C005,K037,judge_a,0,labeled,Sleep end fixed at 07:00 every day; no reported bad night or insomnia.,Requires recent bad night and reported sleeping difficulties.,No insomnia symptoms or reported bad nights; wake time perfectly consistent.,qwen3.8-max,eeda2a33f7659c3042c19642631b8b7df5059ce2af31cc8a7155edc167a3f54b,blinded-annotation-v2-shortrefs
C005,K038,judge_a,0,labeled,14-day window only; no symptom history or onset date for sleeping difficulties.,Requires symptom history and onset; non-applicable diagnosing insomnia from estimated hours.,Insufficient duration and no symptom history to categorize insomnia type.,qwen3.8-max,eeda2a33f7659c3042c19642631b8b7df5059ce2af31cc8a7155edc167a3f54b,blinded-annotation-v2-shortrefs
C005,K039,judge_a,0,labeled,No travel history provided; timezone Asia/Shanghai constant throughout.,Requires confirmed travel across time zones; non-applicable without travel history.,"Travel history unknown, required conditions not met, item not applicable.",qwen3.8-max,eeda2a33f7659c3042c19642631b8b7df5059ce2af31cc8a7155edc167a3f54b,blinded-annotation-v2-shortrefs
C005,K040,judge_a,0,labeled,No travel or trip data recorded.,Requires a known short trip across time zones; non-applicable when travel context unknown.,Travel context unknown; item conditions not met.,qwen3.8-max,eeda2a33f7659c3042c19642631b8b7df5059ce2af31cc8a7155edc167a3f54b,blinded-annotation-v2-shortrefs
C005,K041,judge_a,0,labeled,Activity ~55 min/day and steps ~8000/day stable; no low movement concern.,Applies to low or declining movement giving opportunity to add activity.,Movement not low or declining; generic encouragement without specific connection to observations.,qwen3.8-max,eeda2a33f7659c3042c19642631b8b7df5059ce2af31cc8a7155edc167a3f54b,blinded-annotation-v2-shortrefs
C005,K042,judge_a,0,labeled,Activity duration stable ~55 min/day; no recent inactivity observed.,Applies to recently low or reduced physical activity; requires health context for prescription.,No inactivity observed to trigger gradual build-up advice; activity levels maintained.,qwen3.8-max,eeda2a33f7659c3042c19642631b8b7df5059ce2af31cc8a7155edc167a3f54b,blinded-annotation-v2-shortrefs
C005,K043,judge_a,0,labeled,Activity duration ~55 min/day but all intensities listed as unknown.,Requires known activity intensity; non-applicable when only unspecified active minutes available.,Unknown activity intensity prevents determining if moderate-intensity guideline is met.,qwen3.8-max,eeda2a33f7659c3042c19642631b8b7df5059ce2af31cc8a7155edc167a3f54b,blinded-annotation-v2-shortrefs
C005,K044,judge_a,0,labeled,All activity intensities unknown; no vigorous aerobic activity documented.,Requires known vigorous intensity; non-applicable when intensity unknown.,Cannot apply vigorous activity target when no activity intensity is classified as vigorous.,qwen3.8-max,eeda2a33f7659c3042c19642631b8b7df5059ce2af31cc8a7155edc167a3f54b,blinded-annotation-v2-shortrefs
C005,K045,judge_a,0,labeled,Activity duration stable ~55 min/day; no reduction or limited session opportunities observed.,Applies to reduced activity or limited opportunities for long sessions.,Activity levels unchanged; no evidence of reduced activity requiring chunking advice.,qwen3.8-max,eeda2a33f7659c3042c19642631b8b7df5059ce2af31cc8a7155edc167a3f54b,blinded-annotation-v2-shortrefs
C005,K046,judge_a,0,labeled,Only steps and activity duration minutes recorded; no strengthening activity data.,Requires strengthening activity records; non-applicable when only step counts available.,No muscle-strengthening records exist; item cannot be applied to available data.,qwen3.8-max,eeda2a33f7659c3042c19642631b8b7df5059ce2af31cc8a7155edc167a3f54b,blinded-annotation-v2-shortrefs
C005,K047,judge_a,0,labeled,Activity intensity unknown throughout; weekly totals cannot be classified by intensity.,Requires known intensity and weekly duration; non-applicable with unknown intensity.,Cannot assess additional benefits without knowing if base intensity guidelines are met.,qwen3.8-max,eeda2a33f7659c3042c19642631b8b7df5059ce2af31cc8a7155edc167a3f54b,blinded-annotation-v2-shortrefs
C005,K048,judge_a,0,labeled,All activity intensities labeled unknown; no fitness or perceived effort data.,Requires fitness or perceived effort context; non-applicable inferring intensity from steps alone.,Intensity unknown throughout; item correctly notes steps alone cannot assign intensity.,qwen3.8-max,eeda2a33f7659c3042c19642631b8b7df5059ce2af31cc8a7155edc167a3f54b,blinded-annotation-v2-shortrefs
C005,K049,judge_a,0,labeled,All activity intensities labeled unknown; no breathing or talk-test observations.,Requires observed effort during aerobic activity; non-applicable when effort unrecorded.,Effort and aerobic context unrecorded; cannot apply talk test to unknown intensity data.,qwen3.8-max,eeda2a33f7659c3042c19642631b8b7df5059ce2af31cc8a7155edc167a3f54b,blinded-annotation-v2-shortrefs
C005,K050,judge_a,0,labeled,Steps stable ~8000/day baseline and window; no non-step exercise type changes noted.,Applies when steps change while other activity may differ.,Steps did not meaningfully change between periods; item addresses a non-observed scenario.,qwen3.8-max,eeda2a33f7659c3042c19642631b8b7df5059ce2af31cc8a7155edc167a3f54b,blinded-annotation-v2-shortrefs
C005,K051,judge_a,0,labeled,Window steps mean 7979 vs baseline 7976; activity duration similar across periods.,Requires low or declining routine movement observable condition.,"No decline in routine movement observed; steps and activity stable, so item not applicable.",qwen3.8-max,eeda2a33f7659c3042c19642631b8b7df5059ce2af31cc8a7155edc167a3f54b,blinded-annotation-v2-shortrefs
C005,K052,judge_a,0,labeled,Activity levels stable; no personal preferences or availability barriers recorded.,Requires personal preferences and availability for choosing options; applies when habit difficult to maintain.,No activity maintenance difficulty observed; preferences unknown; generic advice without connection.,qwen3.8-max,eeda2a33f7659c3042c19642631b8b7df5059ce2af31cc8a7155edc167a3f54b,blinded-annotation-v2-shortrefs
C005,K053,judge_a,0,labeled,No social preferences or motivational barriers recorded; activity stable.,Requires social preferences or reported motivational barrier; non-applicable without evidence.,No motivational or social barrier evidenced; activity levels maintained without intervention.,qwen3.8-max,eeda2a33f7659c3042c19642631b8b7df5059ce2af31cc8a7155edc167a3f54b,blinded-annotation-v2-shortrefs
C005,K054,judge_a,0,labeled,Steps and activity duration stable; no reported time barrier.,Requires low activity with a reported time barrier; non-applicable assuming barrier from low steps.,"No time barrier reported and activity not declined, so conditions not met.",qwen3.8-max,eeda2a33f7659c3042c19642631b8b7df5059ce2af31cc8a7155edc167a3f54b,blinded-annotation-v2-shortrefs
C005,K055,judge_a,0,labeled,No reported competing demands or schedule constraints reducing activity.,Requires reported competing demands reducing activity and schedule constraints.,Activity maintained consistently; no schedule reason identified for potential decline.,qwen3.8-max,eeda2a33f7659c3042c19642631b8b7df5059ce2af31cc8a7155edc167a3f54b,blinded-annotation-v2-shortrefs
C005,K056,judge_a,0,labeled,"No chronic conditions, disabilities, or special health needs recorded.",Requires relevant health condition established; non-applicable when medical context unknown.,Medical context unknown; item conditions not met for activity planning modifications.,qwen3.8-max,eeda2a33f7659c3042c19642631b8b7df5059ce2af31cc8a7155edc167a3f54b,blinded-annotation-v2-shortrefs
C005,K057,judge_a,0,labeled,Low movement intervals ~45 min each separated by 5-min gaps; posture unknown.,Requires mobility and posture context for individual sitting claim; low movement not posture.,Device low movement is not confirmed sitting; cannot apply sedentary interruption advice directly.,qwen3.8-max,eeda2a33f7659c3042c19642631b8b7df5059ce2af31cc8a7155edc167a3f54b,blinded-annotation-v2-shortrefs
C005,K058,judge_a,0,labeled,Activity ~55 min/day and low movement ~450 min/day; sitting posture not confirmed.,Requires confirmed sitting posture and known activity intensity for guideline claims.,Sitting not confirmed from low movement; intensity unknown; conditions not met.,qwen3.8-max,eeda2a33f7659c3042c19642631b8b7df5059ce2af31cc8a7155edc167a3f54b,blinded-annotation-v2-shortrefs
C005,K059,judge_a,0,labeled,Low movement ~450 min/day both periods; device low movement is not confirmed sitting.,Requires confirmed sitting for sedentary conclusion; non-applicable treating low movement as sitting.,Low movement does not confirm sitting posture; item conditions not fully met by available data.,qwen3.8-max,eeda2a33f7659c3042c19642631b8b7df5059ce2af31cc8a7155edc167a3f54b,blinded-annotation-v2-shortrefs
C005,K060,judge_a,0,labeled,No commuting or transport context recorded.,Requires sedentary commuting established with transport and mobility context.,Commute unknown; item conditions not met for suggesting standing during travel.,qwen3.8-max,eeda2a33f7659c3042c19642631b8b7df5059ce2af31cc8a7155edc167a3f54b,blinded-annotation-v2-shortrefs
C005,K061,judge_a,0,labeled,No desk work or workplace layout context recorded.,Requires desk work with prolonged sitting and workplace ability to walk.,Work context unknown; item conditions not met for workplace movement suggestions.,qwen3.8-max,eeda2a33f7659c3042c19642631b8b7df5059ce2af31cc8a7155edc167a3f54b,blinded-annotation-v2-shortrefs
C005,K062,judge_a,0,labeled,"No workplace, meeting, or desk work context recorded.",Requires meetings or desk work involving prolonged sitting; workplace context needed.,Workplace and meeting information unknown; item not applicable to available data.,qwen3.8-max,eeda2a33f7659c3042c19642631b8b7df5059ce2af31cc8a7155edc167a3f54b,blinded-annotation-v2-shortrefs
C005,K063,judge_a,0,labeled,Low movement intervals ~450 min/day but no screen-viewing context recorded.,Requires prolonged sitting while watching television; non-applicable when screen habits unknown.,Television viewing context unknown; device low movement is not confirmed sitting.,qwen3.8-max,eeda2a33f7659c3042c19642631b8b7df5059ce2af31cc8a7155edc167a3f54b,blinded-annotation-v2-shortrefs
C005,K064,judge_a,0,labeled,"No leisure context, seated habits, or routine preferences recorded.",Requires substantial habitual seated leisure with routine and preference context.,Leisure context unknown; cannot suggest replacing seated leisure without knowing actual habits.,qwen3.8-max,eeda2a33f7659c3042c19642631b8b7df5059ce2af31cc8a7155edc167a3f54b,blinded-annotation-v2-shortrefs
C005,K065,judge_a,0,labeled,Activity duration ~55 min/day baseline and window; steps ~8000/day both periods.,Applies to low everyday movement despite possible formal exercise.,Movement levels are stable and not notably low; generic definition without specific connection.,qwen3.8-max,eeda2a33f7659c3042c19642631b8b7df5059ce2af31cc8a7155edc167a3f54b,blinded-annotation-v2-shortrefs
C005,K066,judge_a,0,labeled,No workday lunch-break context or walking opportunity data recorded.,Requires known workday lunch-break access and mobility; non-applicable when context unknown.,Lunch break and workday context unknown; cannot connect low movement to missed walking opportunities.,qwen3.8-max,eeda2a33f7659c3042c19642631b8b7df5059ce2af31cc8a7155edc167a3f54b,blinded-annotation-v2-shortrefs
C005,K067,judge_a,0,labeled,No stair access or workplace mobility context recorded.,Requires stair access and safe mobility; non-applicable when context unknown.,Mobility and stair access context unknown; generic suggestion without data connection.,qwen3.8-max,eeda2a33f7659c3042c19642631b8b7df5059ce2af31cc8a7155edc167a3f54b,blinded-annotation-v2-shortrefs
C005,K068,judge_a,1,labeled,Low movement ~450 min/day in structured ~45 min intervals; no posture sensor data.,Applies when low-movement intervals available without posture; warns against relabeling as sitting.,Directly supports that observed low movement intervals should not be automatically called confirmed sitting.,qwen3.8-max,eeda2a33f7659c3042c19642631b8b7df5059ce2af31cc8a7155edc167a3f54b,blinded-annotation-v2-shortrefs
C005,K069,judge_a,0,labeled,Activity stable ~55 min/day; sleep changed due to timing shift not activity change.,General benefit statement; non-applicable for declaring causal effect from paired observations.,"Generic background; activity did not change while sleep did, so no causal link supported.",qwen3.8-max,eeda2a33f7659c3042c19642631b8b7df5059ce2af31cc8a7155edc167a3f54b,blinded-annotation-v2-shortrefs
C005,K070,judge_a,0,labeled,Activity stable ~55 min/day; no outdoor access or exposure data recorded.,Requires outdoor access and mobility; non-applicable inferring outdoor exposure from movement.,Generic routine advice; cannot infer outdoor exposure from step counts or activity minutes.,qwen3.8-max,eeda2a33f7659c3042c19642631b8b7df5059ce2af31cc8a7155edc167a3f54b,blinded-annotation-v2-shortrefs
C005,K071,judge_a,0,labeled,Activity intervals at 21:00 daily with intensity labeled unknown; sleep starts ~22:40 baseline.,Requires known intensity and actual timing relative to bedtime; non-applicable assuming intense exercise.,Activity intensity is unknown; cannot determine if late movement constitutes intense exercise before bed.,qwen3.8-max,eeda2a33f7659c3042c19642631b8b7df5059ce2af31cc8a7155edc167a3f54b,blinded-annotation-v2-shortrefs
C005,K072,judge_a,0,labeled,Activity intervals at 21:00 most days with unknown intensity; no insomnia symptoms reported.,Requires exercise near bedtime with reported insomnia symptoms.,Insomnia not reported and activity intensity unknown; conditions not met.,qwen3.8-max,eeda2a33f7659c3042c19642631b8b7df5059ce2af31cc8a7155edc167a3f54b,blinded-annotation-v2-shortrefs
C005,K073,judge_a,1,labeled,Activity intervals at 21:00 each day; sleep start times shifted in early window period.,Applies when activity timing and subsequent sleep are being compared together.,Supports recording both exercise and sleep timing to preserve temporal context for reviewing changes.,qwen3.8-max,eeda2a33f7659c3042c19642631b8b7df5059ce2af31cc8a7155edc167a3f54b,blinded-annotation-v2-shortrefs
C005,K074,judge_a,0,labeled,No emergency response deployment context recorded.,Requires confirmed emergency-response deployment context; non-applicable when context unknown.,Deployment context unknown; highly specific population item not applicable to general observations.,qwen3.8-max,eeda2a33f7659c3042c19642631b8b7df5059ce2af31cc8a7155edc167a3f54b,blinded-annotation-v2-shortrefs
C005,K075,judge_a,0,labeled,No subjective tiredness or energy pattern data recorded.,Requires reported tiredness limiting activity and subjective energy pattern.,Tiredness and energy history unknown; conditions not met for scheduling advice.,qwen3.8-max,eeda2a33f7659c3042c19642631b8b7df5059ce2af31cc8a7155edc167a3f54b,blinded-annotation-v2-shortrefs
C005,K076,judge_a,1,labeled,Sleep start shifted ~2h later Mar 30-Apr 5; no substance or medication records available.,Applies when sleep and activity show temporal relationship needing context from substances/medications.,"Supports that unrecorded substances could explain sleep timing changes, cautioning against single-cause attribution.",qwen3.8-max,eeda2a33f7659c3042c19642631b8b7df5059ce2af31cc8a7155edc167a3f54b,blinded-annotation-v2-shortrefs
C005,K077,judge_a,1,labeled,RHR recorded daily 55-57 bpm during sleep/rest periods across 42 days.,Applies when resting heart rate observations are available; defines measurement context.,"Clarifies that observed RHR values represent resting context measurements, supporting proper interpretation.",qwen3.8-max,eeda2a33f7659c3042c19642631b8b7df5059ce2af31cc8a7155edc167a3f54b,blinded-annotation-v2-shortrefs
C005,K078,judge_a,1,labeled,"Baseline RHR mean 56.07 bpm, window 56.21 bpm; nightly HRV RMSSD recorded.",Applies when a daily resting heart-rate trend is being interpreted.,Provides supported context that sleeping HR differs from daily RHR for interpreting recorded vitals.,qwen3.8-max,eeda2a33f7659c3042c19642631b8b7df5059ce2af31cc8a7155edc167a3f54b,blinded-annotation-v2-shortrefs
C005,K079,judge_a,1,labeled,RHR stable 55-57 bpm across all 42 days; mean difference 0.14 bpm between periods.,Applies when RHR changes relative to previous readings; lists multiple possible influences.,"Contextualizes that even if RHR had changed, multiple factors could explain it beyond one cause.",qwen3.8-max,eeda2a33f7659c3042c19642631b8b7df5059ce2af31cc8a7155edc167a3f54b,blinded-annotation-v2-shortrefs
C005,K080,judge_a,1,labeled,HRV RMSSD recorded nightly alongside RHR; both reported for same sleep periods.,Applies when HRV and heart-rate estimates are interpreted together; distinguishes the quantities.,"Clarifies that observed HRV RMSSD values measure beat-to-beat variation, distinct from average RHR.",qwen3.8-max,eeda2a33f7659c3042c19642631b8b7df5059ce2af31cc8a7155edc167a3f54b,blinded-annotation-v2-shortrefs
C005,K081,judge_a,1,labeled,HRV RMSSD ranged 43-47 ms baseline and window; mean difference -1.07 ms.,Applies when an HRV level or trend is being reviewed; warns against universal norms.,"Contextualizes the small HRV variation as person-specific, supporting interpretation of observed values.",qwen3.8-max,eeda2a33f7659c3042c19642631b8b7df5059ce2af31cc8a7155edc167a3f54b,blinded-annotation-v2-shortrefs
C005,K082,judge_a,1,labeled,28-day baseline provides personal range for all vitals; window shows deviations from this baseline.,Applies when a vital has changed from a recent personal baseline with sufficient history.,Supports comparing window vitals against the 28-day personal baseline rather than population norms.,qwen3.8-max,eeda2a33f7659c3042c19642631b8b7df5059ce2af31cc8a7155edc167a3f54b,blinded-annotation-v2-shortrefs
C005,K083,judge_a,1,labeled,RHR stable 55-57 bpm across 28 baseline and 14 window days; mean difference 0.14 bpm.,Applies when repeated RHR readings or a recent change need trend context.,Supports interpreting stable RHR over multiple days rather than focusing on single daily estimates.,qwen3.8-max,eeda2a33f7659c3042c19642631b8b7df5059ce2af31cc8a7155edc167a3f54b,blinded-annotation-v2-shortrefs
C005,K084,judge_a,1,labeled,HRV RMSSD mean decreased 1.07 ms from baseline to window; variance increased slightly.,Applies when an HRV trend is available for wellness monitoring; not for diagnosis.,"Directly supports interpreting the small HRV change as wellness observation, not diagnostic evidence.",qwen3.8-max,eeda2a33f7659c3042c19642631b8b7df5059ce2af31cc8a7155edc167a3f54b,blinded-annotation-v2-shortrefs
C005,K085,judge_a,1,labeled,HRV metric defined as hrv_rmssd_ms in metadata; device is synthetic wearable.,Applies when HRV records identify RMSSD as their metric; preserves metric definition.,"Confirms the observed HRV uses RMSSD formula, supporting consistent metric interpretation across periods.",qwen3.8-max,eeda2a33f7659c3042c19642631b8b7df5059ce2af31cc8a7155edc167a3f54b,blinded-annotation-v2-shortrefs
C005,K086,judge_a,0,labeled,"Device is synthetic common wearable, not Fitbit; HRV RMSSD recorded nightly.",Requires compatible Fitbit collection definition; non-applicable to other devices universally.,Device is explicitly not a commercial Fitbit export; Fitbit-specific collection rules may not apply.,qwen3.8-max,eeda2a33f7659c3042c19642631b8b7df5059ce2af31cc8a7155edc167a3f54b,blinded-annotation-v2-shortrefs
C005,K087,judge_a,0,labeled,Only sleep duration and timing recorded; no sleep stage data available.,Requires sleep-stage measurements; non-applicable when only duration and timing available.,No sleep stage data in observations; item specifically concerns stage patterns which are absent.,qwen3.8-max,eeda2a33f7659c3042c19642631b8b7df5059ce2af31cc8a7155edc167a3f54b,blinded-annotation-v2-shortrefs
C005,K088,judge_a,0,labeled,No health concerns or symptoms reported in the data.,Requires reported health concerns about a vital trend.,No health concerns reported; generic guidance without specific connection to observations.,qwen3.8-max,eeda2a33f7659c3042c19642631b8b7df5059ce2af31cc8a7155edc167a3f54b,blinded-annotation-v2-shortrefs
C005,K089,judge_a,0,labeled,RHR stable 55-57 bpm; no device placement changes or fit issues recorded.,Applies when heart-rate readings may be unreliable or wear quality changes.,No evidence of fit problems or unreliable readings; RHR variance minimal across 42 days.,qwen3.8-max,eeda2a33f7659c3042c19642631b8b7df5059ce2af31cc8a7155edc167a3f54b,blinded-annotation-v2-shortrefs
C005,K090,judge_a,1,labeled,Nighttime coverage drops to ~380 min Mar 30-Apr 5 vs ~500 min baseline; all above 180 min threshold.,Applies when overnight vitals have uncertain coverage; requires separate night-time wear info.,Supports interpreting reduced nighttime coverage days as valid since coverage exceeds minimum thresholds.,qwen3.8-max,eeda2a33f7659c3042c19642631b8b7df5059ce2af31cc8a7155edc167a3f54b,blinded-annotation-v2-shortrefs
C005,K091,judge_a,0,labeled,All vitals recorded every night; shortest sleep 357 min exceeds 3-hour threshold.,Applies when a vital is missing with limited night-time data below quality thresholds.,No missing vitals observed; all sleep durations exceeded minimum quality thresholds for measurement.,qwen3.8-max,eeda2a33f7659c3042c19642631b8b7df5059ce2af31cc8a7155edc167a3f54b,blinded-annotation-v2-shortrefs
C005,K092,judge_a,0,labeled,All vitals present every day; no missing data in baseline or window periods.,Applies when vitals are missing or delayed due to sync or device support issues.,No missing vitals observed; item addresses a scenario not present in the data.,qwen3.8-max,eeda2a33f7659c3042c19642631b8b7df5059ce2af31cc8a7155edc167a3f54b,blinded-annotation-v2-shortrefs
C005,K093,judge_a,0,labeled,Single synthetic device used throughout; no device switch or algorithm change indicated.,Requires heart-rate series involving device or algorithm change; non-applicable for same-device series.,Same device used across all 42 days; no cross-device comparison complications present.,qwen3.8-max,eeda2a33f7659c3042c19642631b8b7df5059ce2af31cc8a7155edc167a3f54b,blinded-annotation-v2-shortrefs
C005,K094,judge_a,1,labeled,Sleep duration estimated from device; sleep start/end timestamps recorded each night.,Applies when device-estimated sleep duration and boundaries are available.,"Clarifies that estimated sleep duration differs from time-in-bed, relevant for interpreting recorded metrics.",qwen3.8-max,eeda2a33f7659c3042c19642631b8b7df5059ce2af31cc8a7155edc167a3f54b,blinded-annotation-v2-shortrefs
C005,K095,judge_a,1,labeled,Nighttime coverage 377-388 min Mar 30-Apr 5 vs ~500 min baseline; all above validity threshold.,Applies when sleep readings have incomplete night-time coverage; unworn night is missing not zero.,Supports that reduced coverage nights still produced valid sleep records since above minimum thresholds.,qwen3.8-max,eeda2a33f7659c3042c19642631b8b7df5059ce2af31cc8a7155edc167a3f54b,blinded-annotation-v2-shortrefs
C005,K096,judge_a,0,labeled,"Steps stable ~8000/day; device is synthetic wearable, not specifically Fitbit.",Applies when step readings change with possible measurement limitations on Fitbit.,"Steps did not change meaningfully; device is synthetic, not necessarily Fitbit accelerometer-based.",qwen3.8-max,eeda2a33f7659c3042c19642631b8b7df5059ce2af31cc8a7155edc167a3f54b,blinded-annotation-v2-shortrefs
C006,K001,judge_a,2,labeled,"Adult aged 18-60 sleeps mean 470.9 min baseline, 467.7 min window (~7.8h), near the 7-hour minimum.",Applies to adults 18-60 with sleep below recommendation; requires age band compatible with 18-60 years.,"Core directly applies the age-matched CDC sleep recommendation to the observed ~7.8h duration, establishing adequacy context.",qwen3.8-max,45320d770af5fcbbd0584d9cacf57610e6f4a8312d4fe3fcc732e070aad2133e,blinded-annotation-v2-shortrefs
C006,K002,judge_a,0,labeled,Age band is 18-60; the 61-64 age group is not applicable to this individual.,Requires age 61-64 to be established; non-applicable for other age groups.,Age condition explicitly contradicts applicability; item targets a different age group.,qwen3.8-max,45320d770af5fcbbd0584d9cacf57610e6f4a8312d4fe3fcc732e070aad2133e,blinded-annotation-v2-shortrefs
C006,K003,judge_a,0,labeled,Age band is 18-60; the 65+ age group is not applicable.,Requires age at least 65 to be established; non-applicable for age below 65.,"Age condition explicitly contradicts applicability; item targets older adults, not the observed age band.",qwen3.8-max,45320d770af5fcbbd0584d9cacf57610e6f4a8312d4fe3fcc732e070aad2133e,blinded-annotation-v2-shortrefs
C006,K004,judge_a,0,labeled,Age band is 18-60; the 13-17 teenage group is not applicable.,Requires teenage age group to be established; non-applicable for adults.,"Age condition explicitly contradicts applicability; item targets teenagers, not the observed adult.",qwen3.8-max,45320d770af5fcbbd0584d9cacf57610e6f4a8312d4fe3fcc732e070aad2133e,blinded-annotation-v2-shortrefs
C006,K005,judge_a,0,labeled,Sleep opportunity appears adequate (~8h in bed); no schedule constraint causing shortage is documented.,Requires repeatedly shortened sleep opportunity and schedule constraint attribution; non-applicable without insufficient sleep evidence.,No evidence of sleep being squeezed out by busy schedule; sleep duration is relatively stable.,qwen3.8-max,45320d770af5fcbbd0584d9cacf57610e6f4a8312d4fe3fcc732e070aad2133e,blinded-annotation-v2-shortrefs
C006,K006,judge_a,1,labeled,Sleep is consistently ~7.8h across all 42 days with minimal variance (baseline SD ~4.9 min).,Applies when sleep is consistently short even without new decline; non-applicable when duration is sufficient.,"Sleep is stable but under 8h; item provides context that stable short sleep doesn't prove adaptation, though sufficiency is unclear.",qwen3.8-max,45320d770af5fcbbd0584d9cacf57610e6f4a8312d4fe3fcc732e070aad2133e,blinded-annotation-v2-shortrefs
C006,K007,judge_a,1,labeled,Sleep duration is recorded nightly (462-478 min) but no awakenings or subjective quality data exists.,Applies when sleep duration is recorded but quality may be unknown; requires onset difficulty or refreshment data.,"Supports the distinction that recorded duration alone does not establish sleep quality, matching data limitations.",qwen3.8-max,45320d770af5fcbbd0584d9cacf57610e6f4a8312d4fe3fcc732e070aad2133e,blinded-annotation-v2-shortrefs
C006,K008,judge_a,0,labeled,Only sleep start/end and total duration are recorded; no awakening events are captured.,Requires awakening history or measured sleep continuity; non-applicable with only duration and start/end available.,Awakening data is absent; item correctly notes duration alone cannot indicate night awakenings.,qwen3.8-max,45320d770af5fcbbd0584d9cacf57610e6f4a8312d4fe3fcc732e070aad2133e,blinded-annotation-v2-shortrefs
C006,K009,judge_a,0,labeled,"Sleep duration averages ~7.8h, below eight hours; no subjective restfulness data is recorded.",Requires more than eight hours of sleep with reported lack of refreshment; non-applicable without feeling rested info.,Sleep is under 8 hours and no subjective refreshment data exists; required conditions are contradicted or unknown.,qwen3.8-max,45320d770af5fcbbd0584d9cacf57610e6f4a8312d4fe3fcc732e070aad2133e,blinded-annotation-v2-shortrefs
C006,K010,judge_a,0,labeled,Sleep averages ~7.8h; no cognitive performance or learning impairment symptoms are recorded.,Requires repeatedly shortened sleep and symptoms to claim cognitive impairment; non-applicable diagnosing from wearable alone.,Generic educational content about sleep and cognition with no concrete connection to observed individual impairment.,qwen3.8-max,45320d770af5fcbbd0584d9cacf57610e6f4a8312d4fe3fcc732e070aad2133e,blinded-annotation-v2-shortrefs
C006,K011,judge_a,0,labeled,Sleep averages ~7.8h; no daytime performance errors or reaction time data is recorded.,Requires several nights of reduced sleep and actual performance symptoms; non-applicable without repeated restriction.,Sleep is not severely restricted and no performance data exists; generic background without concrete connection.,qwen3.8-max,45320d770af5fcbbd0584d9cacf57610e6f4a8312d4fe3fcc732e070aad2133e,blinded-annotation-v2-shortrefs
C006,K012,judge_a,0,labeled,Sleep averages ~7.8h nightly; no infection or immune markers are recorded.,Applies to ongoing insufficient sleep; non-applicable when inferring infection from sleep or heart-rate changes.,Generic background about sleep and immunity with no concrete connection to observed data patterns.,qwen3.8-max,45320d770af5fcbbd0584d9cacf57610e6f4a8312d4fe3fcc732e070aad2133e,blinded-annotation-v2-shortrefs
C006,K013,judge_a,0,labeled,"No food intake, appetite, or hunger hormone data is recorded in the wearable dataset.",Requires food intake or appetite information for individual claims; non-applicable diagnosing metabolic disorder from wearables.,Generic background about sleep and appetite hormones with no concrete connection to observed data.,qwen3.8-max,45320d770af5fcbbd0584d9cacf57610e6f4a8312d4fe3fcc732e070aad2133e,blinded-annotation-v2-shortrefs
C006,K014,judge_a,0,labeled,No subjective sleepiness or driving context is recorded in the wearable data.,Requires reported sleepiness and driving plans; non-applicable when sleepiness or driving context is unknown.,"Safety advice requiring subjective sleepiness and driving context, neither of which is available.",qwen3.8-max,45320d770af5fcbbd0584d9cacf57610e6f4a8312d4fe3fcc732e070aad2133e,blinded-annotation-v2-shortrefs
C006,K015,judge_a,2,labeled,Sleep duration averages ~470 min (~7.8h) across 42 days in an adult aged 18-60.,Applies when adult sleep duration is being reviewed; requires individual sleep experience to assess adequacy.,"Core directly explains that the observed ~7.8h sleep should be considered alongside individual needs, not as universal diagnostic.",qwen3.8-max,45320d770af5fcbbd0584d9cacf57610e6f4a8312d4fe3fcc732e070aad2133e,blinded-annotation-v2-shortrefs
C006,K016,judge_a,0,labeled,No sleeping difficulties or insomnia symptoms are reported; 14-day window shows stable sleep.,Requires months-long sleeping difficulties or failed habit changes; non-applicable with brief duration record alone.,No insomnia symptoms and observation period is too short; item conditions are explicitly not met.,qwen3.8-max,45320d770af5fcbbd0584d9cacf57610e6f4a8312d4fe3fcc732e070aad2133e,blinded-annotation-v2-shortrefs
C006,K017,judge_a,1,labeled,Sleep start varies 22:42-22:58 (SD ~4.9 min baseline); wake time is fixed at 07:00 daily.,Applies when repeated variability in bedtime or wake time exists; non-applicable for stable schedule alone.,Bedtime shows minor natural variation while wake time is perfectly stable; item provides context for evaluating consistency.,qwen3.8-max,45320d770af5fcbbd0584d9cacf57610e6f4a8312d4fe3fcc732e070aad2133e,blinded-annotation-v2-shortrefs
C006,K018,judge_a,0,labeled,Wake time is exactly 07:00 daily (variance 0.0); no sleeping difficulties are reported.,Requires inconsistent wake time with reported sleeping difficulties; non-applicable with no insomnia evidence.,Wake time is perfectly consistent and no insomnia is reported; item conditions are contradicted.,qwen3.8-max,45320d770af5fcbbd0584d9cacf57610e6f4a8312d4fe3fcc732e070aad2133e,blinded-annotation-v2-shortrefs
C006,K019,judge_a,1,labeled,Weekend sleep mean 468.0 min vs weekday 467.6 min in window; sleep start varies slightly by day type.,Applies when bedtime/wake time differs substantially between weekdays and weekends; non-applicable when similar.,"Weekday/weekend differences are minimal (<1 min duration), so item's concern about large differences is not triggered but contextually relevant.",qwen3.8-max,45320d770af5fcbbd0584d9cacf57610e6f4a8312d4fe3fcc732e070aad2133e,blinded-annotation-v2-shortrefs
C006,K020,judge_a,0,labeled,Bedtime is ~22:50 but no pre-bed activity information is recorded beyond 21:00 exercise.,Requires information about pre-bed activities for targeted advice; non-applicable assuming missing routine from timestamps.,Pre-bed quiet activities are not documented; item conditions require more context than timestamps provide.,qwen3.8-max,45320d770af5fcbbd0584d9cacf57610e6f4a8312d4fe3fcc732e070aad2133e,blinded-annotation-v2-shortrefs
C006,K021,judge_a,0,labeled,No screen time or bright light exposure data is recorded before bedtimes.,Requires known bright-screen exposure shortly before bed; non-applicable when exposure is unknown.,Screen exposure is unknown; item conditions cannot be evaluated from available data.,qwen3.8-max,45320d770af5fcbbd0584d9cacf57610e6f4a8312d4fe3fcc732e070aad2133e,blinded-annotation-v2-shortrefs
C006,K022,judge_a,0,labeled,No caffeine timing or intake data is recorded in the wearable dataset.,Requires known afternoon/evening caffeine use with sleeping difficulty; non-applicable with no caffeine history.,Caffeine history is completely unknown; item conditions cannot be evaluated.,qwen3.8-max,45320d770af5fcbbd0584d9cacf57610e6f4a8312d4fe3fcc732e070aad2133e,blinded-annotation-v2-shortrefs
C006,K023,judge_a,0,labeled,"No meal timing, size, or dietary data is recorded in the wearable dataset.",Requires known large meal shortly before bed; non-applicable when meal information is unknown.,Meal information is completely unknown; item conditions cannot be evaluated.,qwen3.8-max,45320d770af5fcbbd0584d9cacf57610e6f4a8312d4fe3fcc732e070aad2133e,blinded-annotation-v2-shortrefs
C006,K024,judge_a,0,labeled,No alcohol consumption or timing data is recorded in the wearable dataset.,Requires reported alcohol use near bedtime; non-applicable when alcohol exposure is unknown.,Alcohol exposure is unknown; item conditions cannot be evaluated from available data.,qwen3.8-max,45320d770af5fcbbd0584d9cacf57610e6f4a8312d4fe3fcc732e070aad2133e,blinded-annotation-v2-shortrefs
C006,K025,judge_a,0,labeled,"No nicotine use, smoking status, or substance exposure is recorded in the dataset.",Requires established nicotine exposure; non-applicable when nicotine use is unknown.,Nicotine exposure is completely unknown; item conditions cannot be evaluated.,qwen3.8-max,45320d770af5fcbbd0584d9cacf57610e6f4a8312d4fe3fcc732e070aad2133e,blinded-annotation-v2-shortrefs
C006,K026,judge_a,0,labeled,"No bedroom temperature, light, or noise environment data is recorded in the wearable dataset.",Requires known disruptive bedroom environment; non-applicable when environment is unknown.,Environment context is completely unknown; item conditions cannot be evaluated.,qwen3.8-max,45320d770af5fcbbd0584d9cacf57610e6f4a8312d4fe3fcc732e070aad2133e,blinded-annotation-v2-shortrefs
C006,K027,judge_a,0,labeled,"No pre-bed routine, relaxation practices, or difficulty relaxing is reported in the data.",Requires reported difficulty relaxing or request for routine options; non-applicable inferring stress from signals.,Generic routine advice with no connection to observed data or reported needs.,qwen3.8-max,45320d770af5fcbbd0584d9cacf57610e6f4a8312d4fe3fcc732e070aad2133e,blinded-annotation-v2-shortrefs
C006,K028,judge_a,0,labeled,No nap data is recorded in the wearable dataset; only nighttime sleep is tracked.,Requires adult naps to be recorded or reported; non-applicable when nap history is unknown.,Nap information is absent; item conditions cannot be evaluated.,qwen3.8-max,45320d770af5fcbbd0584d9cacf57610e6f4a8312d4fe3fcc732e070aad2133e,blinded-annotation-v2-shortrefs
C006,K029,judge_a,0,labeled,No shift work schedule is indicated; sleep timing varies within a narrow normal range.,Requires confirmed shift-work schedule; non-applicable when shift work is unknown.,Shift work is not established; variable sleep times alone do not prove rotating shifts per item conditions.,qwen3.8-max,45320d770af5fcbbd0584d9cacf57610e6f4a8312d4fe3fcc732e070aad2133e,blinded-annotation-v2-shortrefs
C006,K030,judge_a,0,labeled,No shift work schedule is indicated; sleep occurs consistently overnight.,Requires established shift work; non-applicable with no confirmed shift work.,Shift work is not established; item's specific population condition is not met.,qwen3.8-max,45320d770af5fcbbd0584d9cacf57610e6f4a8312d4fe3fcc732e070aad2133e,blinded-annotation-v2-shortrefs
C006,K031,judge_a,0,labeled,No shift work schedule or caffeine intake timing is recorded.,Requires shift schedule and caffeine intake context; non-applicable when shift work or caffeine use unknown.,Neither shift work nor caffeine data exists; item conditions are entirely unmet.,qwen3.8-max,45320d770af5fcbbd0584d9cacf57610e6f4a8312d4fe3fcc732e070aad2133e,blinded-annotation-v2-shortrefs
C006,K032,judge_a,0,labeled,"All sleep periods occur overnight (e.g., 22:43-07:00); no daytime sleep recorded.",Requires daytime sleep associated with shift work; non-applicable when only ordinary overnight sleep is recorded.,Only overnight sleep is observed; shift work and daytime sleep conditions are absent.,qwen3.8-max,45320d770af5fcbbd0584d9cacf57610e6f4a8312d4fe3fcc732e070aad2133e,blinded-annotation-v2-shortrefs
C006,K033,judge_a,0,labeled,Wearable provides sleep start/end times but no awakenings or naps are separately recorded.,Requires awakenings and naps records if absent; non-applicable when inventing unrecorded awakenings or naps.,Diary elements like awakenings and naps are not captured; item describes a tool not present in data.,qwen3.8-max,45320d770af5fcbbd0584d9cacf57610e6f4a8312d4fe3fcc732e070aad2133e,blinded-annotation-v2-shortrefs
C006,K034,judge_a,1,labeled,Window mean sleep 467.7 min vs baseline 470.9 min; most nights under 480 min consistently.,Applies when several shortened nights rather than a single isolated reading are observed.,"Sleep is consistently below 8 hours across both periods, providing contextual support for accumulated sleep loss.",qwen3.8-max,45320d770af5fcbbd0584d9cacf57610e6f4a8312d4fe3fcc732e070aad2133e,blinded-annotation-v2-shortrefs
C006,K035,judge_a,0,labeled,Weekend sleep mean 468.0 min vs weekday 467.6 min in window; no extra sleep on weekends observed.,Requires longer sleep and later timing on days off; non-applicable when assuming every weekend is a day off.,No meaningful weekend sleep extension observed; actual workdays/days off distinction is unknown.,qwen3.8-max,45320d770af5fcbbd0584d9cacf57610e6f4a8312d4fe3fcc732e070aad2133e,blinded-annotation-v2-shortrefs
C006,K036,judge_a,0,labeled,No nap data is recorded in the wearable dataset; only nighttime sleep periods are tracked.,Requires recorded naps after shortened night-time sleep; non-applicable with no nap information.,Nap information is absent; item conditions cannot be evaluated.,qwen3.8-max,45320d770af5fcbbd0584d9cacf57610e6f4a8312d4fe3fcc732e070aad2133e,blinded-annotation-v2-shortrefs
C006,K037,judge_a,0,labeled,No reported bad nights or insomnia symptoms; sleep is stable across the observation period.,Requires recent bad night and reported sleeping difficulties; non-applicable with only device estimate.,No sleeping difficulties reported; item's insomnia-specific advice conditions are not met.,qwen3.8-max,45320d770af5fcbbd0584d9cacf57610e6f4a8312d4fe3fcc732e070aad2133e,blinded-annotation-v2-shortrefs
C006,K038,judge_a,0,labeled,14-day window shows stable sleep ~468 min; no symptom history or sleeping difficulties are reported.,Requires reported sleeping difficulties with known duration; non-applicable diagnosing insomnia from estimated sleep hours.,No insomnia symptoms reported; item explicitly states diagnosis cannot come from duration estimates alone.,qwen3.8-max,45320d770af5fcbbd0584d9cacf57610e6f4a8312d4fe3fcc732e070aad2133e,blinded-annotation-v2-shortrefs
C006,K039,judge_a,0,labeled,Timezone is Asia/Shanghai throughout; no travel or flight history is recorded.,Requires confirmed travel across time zones; non-applicable with no travel history.,No travel history exists; sleep timing variations are within normal range without jet lag context.,qwen3.8-max,45320d770af5fcbbd0584d9cacf57610e6f4a8312d4fe3fcc732e070aad2133e,blinded-annotation-v2-shortrefs
C006,K040,judge_a,0,labeled,"No travel, trip duration, or time-zone change data is recorded.",Requires a short trip across time zones to be planned; non-applicable when travel context is unknown.,Travel context is completely unknown; item conditions cannot be evaluated.,qwen3.8-max,45320d770af5fcbbd0584d9cacf57610e6f4a8312d4fe3fcc732e070aad2133e,blinded-annotation-v2-shortrefs
C006,K041,judge_a,0,labeled,Activity intensity is 'unknown'; ~55 min daily activity recorded but guideline compliance cannot be assessed.,Requires intensity information to count recommended aerobic minutes; non-applicable equating steps with guideline compliance.,Generic encouragement without specific connection to observed data patterns or intensity verification.,qwen3.8-max,45320d770af5fcbbd0584d9cacf57610e6f4a8312d4fe3fcc732e070aad2133e,blinded-annotation-v2-shortrefs
C006,K042,judge_a,0,labeled,Activity is stable ~55 min/day; no recent inactivity period requiring gradual buildup is observed.,Applies to recently low or reduced physical activity; requires health/mobility context for prescription.,No inactivity period is evident; item conditions for gradual buildup are not triggered.,qwen3.8-max,45320d770af5fcbbd0584d9cacf57610e6f4a8312d4fe3fcc732e070aad2133e,blinded-annotation-v2-shortrefs
C006,K043,judge_a,0,labeled,Activity intensity is 'unknown' for all intervals; only steps and total active minutes are available.,Requires known activity intensity; non-applicable when only steps or unspecified active minutes are available.,Intensity is unknown throughout; moderate-intensity requirement cannot be assessed from available data.,qwen3.8-max,45320d770af5fcbbd0584d9cacf57610e6f4a8312d4fe3fcc732e070aad2133e,blinded-annotation-v2-shortrefs
C006,K044,judge_a,0,labeled,Activity intensity is labeled 'unknown' for all daily intervals; no vigorous activity is documented.,Requires documented vigorous aerobic activity; non-applicable when intensity is unknown.,Intensity is unknown throughout; vigorous activity condition cannot be established from available data.,qwen3.8-max,45320d770af5fcbbd0584d9cacf57610e6f4a8312d4fe3fcc732e070aad2133e,blinded-annotation-v2-shortrefs
C006,K045,judge_a,0,labeled,Activity intensity is 'unknown'; cannot determine if recorded minutes meet aerobic guideline criteria.,Requires intensity for counting guideline minutes; non-applicable assuming every active minute is moderate.,Unknown intensity prevents application of activity-splitting guidance for aerobic accumulation.,qwen3.8-max,45320d770af5fcbbd0584d9cacf57610e6f4a8312d4fe3fcc732e070aad2133e,blinded-annotation-v2-shortrefs
C006,K046,judge_a,0,labeled,Only steps and activity duration are recorded; no muscle-strengthening activities are documented.,Requires strengthening activity records including days and muscle groups; non-applicable with only step counts.,No strengthening data exists; item correctly notes steps don't capture this separate activity type.,qwen3.8-max,45320d770af5fcbbd0584d9cacf57610e6f4a8312d4fe3fcc732e070aad2133e,blinded-annotation-v2-shortrefs
C006,K047,judge_a,0,labeled,Activity intensity is 'unknown'; weekly moderate/vigorous guideline attainment cannot be verified.,Requires documented aerobic activity reaching adult guidelines with known intensity; non-applicable with unknown intensity.,Intensity is unknown; guideline attainment cannot be established to apply additional-benefit context.,qwen3.8-max,45320d770af5fcbbd0584d9cacf57610e6f4a8312d4fe3fcc732e070aad2133e,blinded-annotation-v2-shortrefs
C006,K048,judge_a,0,labeled,Activity intensity is 'unknown' for all intervals; no fitness level or perceived effort is recorded.,Requires fitness or perceived effort context; non-applicable when inferring intensity from steps alone.,Intensity cannot be assigned from available data; item correctly notes this limitation.,qwen3.8-max,45320d770af5fcbbd0584d9cacf57610e6f4a8312d4fe3fcc732e070aad2133e,blinded-annotation-v2-shortrefs
C006,K049,judge_a,0,labeled,Activity intensity is 'unknown'; no breathing effort or talk-test observations are recorded.,Requires an aerobic activity and breathing or talk-test observation; non-applicable when effort is unrecorded.,Effort context is unrecorded; item conditions cannot be applied to unknown-intensity data.,qwen3.8-max,45320d770af5fcbbd0584d9cacf57610e6f4a8312d4fe3fcc732e070aad2133e,blinded-annotation-v2-shortrefs
C006,K050,judge_a,1,labeled,Window steps decreased slightly (mean 7954 vs 8066 baseline) while activity duration remained stable (54.9 vs 55.1 min).,Applies when steps change while other activity may differ; requires activity type for interpreting non-step exercise.,"Steps declined slightly without activity duration decline, supporting the point that steps may miss non-step intensity.",qwen3.8-max,45320d770af5fcbbd0584d9cacf57610e6f4a8312d4fe3fcc732e070aad2133e,blinded-annotation-v2-shortrefs
C006,K051,judge_a,0,labeled,Daily steps average ~8000 with ~55 min activity; no clear declining routine movement pattern.,Applies to low or declining routine movement; requires mobility and transport context.,Activity levels are stable and adequate; no evidence of low or declining routine movement requiring intervention.,qwen3.8-max,45320d770af5fcbbd0584d9cacf57610e6f4a8312d4fe3fcc732e070aad2133e,blinded-annotation-v2-shortrefs
C006,K052,judge_a,0,labeled,"Activity is stable (~55 min/day, ~8000 steps); no evidence of difficulty maintaining habits.",Applies when activity habit is low or difficult to maintain; requires personal preferences context.,No activity maintenance problem is evident; generic advice without connection to observed patterns.,qwen3.8-max,45320d770af5fcbbd0584d9cacf57610e6f4a8312d4fe3fcc732e070aad2133e,blinded-annotation-v2-shortrefs
C006,K053,judge_a,0,labeled,No social activity preferences or motivational barriers are recorded in the data.,Requires social preferences or reported motivational barrier; non-applicable with no evidence of such barrier.,Generic motivation advice with no connection to any observed data pattern or reported barrier.,qwen3.8-max,45320d770af5fcbbd0584d9cacf57610e6f4a8312d4fe3fcc732e070aad2133e,blinded-annotation-v2-shortrefs
C006,K054,judge_a,0,labeled,Activity is stable ~55 min/day; no reported time barrier to physical activity exists.,Requires low activity with a reported time barrier; non-applicable assuming time barrier from low steps.,No time barrier is reported and activity is adequate; item conditions are not met.,qwen3.8-max,45320d770af5fcbbd0584d9cacf57610e6f4a8312d4fe3fcc732e070aad2133e,blinded-annotation-v2-shortrefs
C006,K055,judge_a,0,labeled,Activity is stable at ~55 min/day; no competing demands or schedule constraints are reported.,Requires reported competing demands reducing activity; non-applicable when schedule reason is unknown.,No activity reduction due to scheduling is evident; generic advice without data connection.,qwen3.8-max,45320d770af5fcbbd0584d9cacf57610e6f4a8312d4fe3fcc732e070aad2133e,blinded-annotation-v2-shortrefs
C006,K056,judge_a,0,labeled,No chronic health condition or disability is recorded in the wearable data.,"Requires an established chronic condition, disability, or special need; non-applicable when medical context unknown.",Medical context is unknown; item conditions are not met by any observed data.,qwen3.8-max,45320d770af5fcbbd0584d9cacf57610e6f4a8312d4fe3fcc732e070aad2133e,blinded-annotation-v2-shortrefs
C006,K057,judge_a,1,labeled,Ten ~45-min low-movement intervals span 10:00-18:25 daily with 720 min daytime wear coverage.,Applies to long uninterrupted daytime low-movement intervals with adequate wear; non-applicable for sleep/non-wear.,"Long daytime low-movement blocks are observed with adequate wear, but device definition notes low movement is not confirmed sitting.",qwen3.8-max,45320d770af5fcbbd0584d9cacf57610e6f4a8312d4fe3fcc732e070aad2133e,blinded-annotation-v2-shortrefs
C006,K058,judge_a,1,labeled,Daily ~55 min activity coexists with ~451 min low-movement periods across all recorded days.,Applies when recorded activity coexists with substantial low-movement periods; requires sitting posture confirmation.,"Activity and low-movement coexist as described, but low-movement is not confirmed sitting per device definition.",qwen3.8-max,45320d770af5fcbbd0584d9cacf57610e6f4a8312d4fe3fcc732e070aad2133e,blinded-annotation-v2-shortrefs
C006,K059,judge_a,0,labeled,Low movement averages ~451 min/day but device notes low movement is not confirmed sitting.,Requires confirmed sitting for sedentary conclusion; non-applicable when non-wear is recorded as no movement.,Low movement is not confirmed sitting per metadata; item's sedentary behavior conditions are not fully met.,qwen3.8-max,45320d770af5fcbbd0584d9cacf57610e6f4a8312d4fe3fcc732e070aad2133e,blinded-annotation-v2-shortrefs
C006,K060,judge_a,0,labeled,No commuting or transport information is available in the wearable data.,Requires sedentary commuting to be established; non-applicable when commute is unknown.,Commute context is entirely unknown; item conditions cannot be evaluated from available data.,qwen3.8-max,45320d770af5fcbbd0584d9cacf57610e6f4a8312d4fe3fcc732e070aad2133e,blinded-annotation-v2-shortrefs
C006,K061,judge_a,0,labeled,"No workplace layout, desk work, or colleague interaction context is recorded.",Requires desk work with prolonged sitting and workplace layout context; non-applicable when work context unknown.,Work context is unknown; item conditions cannot be evaluated.,qwen3.8-max,45320d770af5fcbbd0584d9cacf57610e6f4a8312d4fe3fcc732e070aad2133e,blinded-annotation-v2-shortrefs
C006,K062,judge_a,0,labeled,"No workplace, meeting, or desk work context is recorded in the data.",Requires meetings or desk work involving prolonged sitting; non-applicable with no workplace information.,Workplace context is entirely unknown; item conditions cannot be evaluated.,qwen3.8-max,45320d770af5fcbbd0584d9cacf57610e6f4a8312d4fe3fcc732e070aad2133e,blinded-annotation-v2-shortrefs
C006,K063,judge_a,0,labeled,No television viewing or screen-related sitting context is recorded in the data.,Requires prolonged sitting while watching television; non-applicable when screen habits are unknown.,Television context is unknown; item conditions cannot be evaluated.,qwen3.8-max,45320d770af5fcbbd0584d9cacf57610e6f4a8312d4fe3fcc732e070aad2133e,blinded-annotation-v2-shortrefs
C006,K064,judge_a,0,labeled,"No seated leisure context, meal preparation, or routine preference data is recorded.",Requires substantial habitual seated leisure and routine context; non-applicable with no leisure context.,Leisure context is unknown; item conditions cannot be evaluated from available data.,qwen3.8-max,45320d770af5fcbbd0584d9cacf57610e6f4a8312d4fe3fcc732e070aad2133e,blinded-annotation-v2-shortrefs
C006,K065,judge_a,1,labeled,~55 min activity duration coexists with ~8000 steps and ~451 min low-movement daily.,Applies when low everyday movement despite possible formal exercise; non-applicable counting unworn periods as inactivity.,Supports distinguishing recorded activity minutes from overall daily movement including steps and incidental motion.,qwen3.8-max,45320d770af5fcbbd0584d9cacf57610e6f4a8312d4fe3fcc732e070aad2133e,blinded-annotation-v2-shortrefs
C006,K066,judge_a,0,labeled,No workday lunch-break context or workplace walking opportunity data is recorded.,Requires known workday lunch-break access and mobility; non-applicable with unknown workday context.,Lunch break context is unknown; item conditions cannot be evaluated.,qwen3.8-max,45320d770af5fcbbd0584d9cacf57610e6f4a8312d4fe3fcc732e070aad2133e,blinded-annotation-v2-shortrefs
C006,K067,judge_a,0,labeled,"No stair access, building layout, or incidental movement context is recorded.",Requires accessible stairs and safe mobility context; non-applicable when mobility limitations or context unknown.,Stair access and mobility context are unknown; item conditions cannot be evaluated.,qwen3.8-max,45320d770af5fcbbd0584d9cacf57610e6f4a8312d4fe3fcc732e070aad2133e,blinded-annotation-v2-shortrefs
C006,K068,judge_a,2,labeled,~451 min daily low-movement recorded; metadata states 'low movement not posture' and device is synthetic.,Applies when low-movement intervals lack posture measurement; non-applicable treating sleep/non-wear as confirmed sedentary.,Core directly explains that observed low-movement minutes cannot be automatically relabeled as confirmed sitting behavior.,qwen3.8-max,45320d770af5fcbbd0584d9cacf57610e6f4a8312d4fe3fcc732e070aad2133e,blinded-annotation-v2-shortrefs
C006,K069,judge_a,0,labeled,Paired statistics show activity-sleep correlation r=-0.015 in window; no causal pattern established.,Applies when activity and sleep patterns are jointly reviewed; non-applicable declaring causal effect from few observations.,Generic benefit statement; temporal co-occurrence in data does not imply causation per annotation rules.,qwen3.8-max,45320d770af5fcbbd0584d9cacf57610e6f4a8312d4fe3fcc732e070aad2133e,blinded-annotation-v2-shortrefs
C006,K070,judge_a,0,labeled,Daytime activity is ~55 min daily; no outdoor access or light exposure data is recorded.,Applies when low daytime activity accompanies changed sleep routine; non-applicable when inferring outdoor exposure from steps.,Activity is not notably low and outdoor exposure cannot be inferred; generic advice without specific data connection.,qwen3.8-max,45320d770af5fcbbd0584d9cacf57610e6f4a8312d4fe3fcc732e070aad2133e,blinded-annotation-v2-shortrefs
C006,K071,judge_a,1,labeled,"Activity intervals consistently occur 21:00-21:55, approximately 1 hour before sleep start ~22:50.",Applies when activity occurs close to bedtime; requires intensity and actual timing relative to bedtime.,"Late activity timing matches item's concern, but unknown intensity prevents direct application of intense-exercise advice.",qwen3.8-max,45320d770af5fcbbd0584d9cacf57610e6f4a8312d4fe3fcc732e070aad2133e,blinded-annotation-v2-shortrefs
C006,K072,judge_a,0,labeled,"Activity intervals occur around 21:00 daily, but no insomnia symptoms are reported.",Requires exercise near bedtime with reported insomnia symptoms; non-applicable when only movement and sleep timestamps known.,Insomnia symptoms are not established; temporal adjacency alone does not satisfy conditions.,qwen3.8-max,45320d770af5fcbbd0584d9cacf57610e6f4a8312d4fe3fcc732e070aad2133e,blinded-annotation-v2-shortrefs
C006,K073,judge_a,1,labeled,Activity intervals at 21:00 precede sleep starting ~22:50 on same calendar date; sleep attributed to wake date.,Requires activity intervals for timing comparisons; non-applicable treating same-date activity as before previous night's sleep.,Supports correct temporal alignment of evening activity with subsequent sleep using the provided timestamp conventions.,qwen3.8-max,45320d770af5fcbbd0584d9cacf57610e6f4a8312d4fe3fcc732e070aad2133e,blinded-annotation-v2-shortrefs
C006,K074,judge_a,0,labeled,No emergency responder deployment context is recorded; activity and sleep appear independent.,Requires confirmed emergency-response deployment context; non-applicable when deployment context is unknown.,Population and context conditions are entirely unmet; item is irrelevant to observed data.,qwen3.8-max,45320d770af5fcbbd0584d9cacf57610e6f4a8312d4fe3fcc732e070aad2133e,blinded-annotation-v2-shortrefs
C006,K075,judge_a,0,labeled,No subjective tiredness or energy pattern data is recorded; activity timing is stable around 21:00.,Requires reported tiredness limiting activity and subjective energy pattern; non-applicable with no tiredness history.,Tiredness is not reported; item conditions regarding energy-based scheduling are unmet.,qwen3.8-max,45320d770af5fcbbd0584d9cacf57610e6f4a8312d4fe3fcc732e070aad2133e,blinded-annotation-v2-shortrefs
C006,K076,judge_a,0,labeled,"No alcohol, caffeine, or medication records exist in the wearable dataset.",Requires substance and medication history for causal interpretation of sleep-activity relationships.,Substance and medication context is completely absent; item conditions are not supported.,qwen3.8-max,45320d770af5fcbbd0584d9cacf57610e6f4a8312d4fe3fcc732e070aad2133e,blinded-annotation-v2-shortrefs
C006,K077,judge_a,2,labeled,Daily RHR values (55-57 bpm) are recorded alongside sleep periods ending at 07:00 consistently.,Applies when resting heart rate observations are available; non-applicable substituting exercise HR for RHR.,Core directly explains what the recorded RHR metric represents—beats per minute while still and well-rested.,qwen3.8-max,45320d770af5fcbbd0584d9cacf57610e6f4a8312d4fe3fcc732e070aad2133e,blinded-annotation-v2-shortrefs
C006,K078,judge_a,1,labeled,RHR recorded as resting_heart_rate_bpm (55-57 bpm); no separate sleeping heart rate metric is present.,Applies when daily RHR trend is interpreted; requires heart-rate measure and collection context to be known.,"Clarifies that the observed RHR metric differs from sleeping heart rate, preventing misinterpretation of the single available measure.",qwen3.8-max,45320d770af5fcbbd0584d9cacf57610e6f4a8312d4fe3fcc732e070aad2133e,blinded-annotation-v2-shortrefs
C006,K079,judge_a,1,labeled,RHR varied between 55-57 bpm across both periods with slight window decrease (mean 55.8 vs 56.3).,Applies when RHR changes relative to previous readings; requires exposure info to attribute cause.,"Small RHR variation observed; item correctly notes multiple factors influence RHR, preventing single-cause attribution.",qwen3.8-max,45320d770af5fcbbd0584d9cacf57610e6f4a8312d4fe3fcc732e070aad2133e,blinded-annotation-v2-shortrefs
C006,K080,judge_a,1,labeled,HRV RMSSD (mean 43.1ms window) and RHR (mean 55.8bpm window) are both reported for same periods.,Applies when HRV and heart-rate estimates are being interpreted together; non-applicable when treating HRV as average HR.,"Both metrics are present; item clarifies they measure different things, supporting correct joint interpretation.",qwen3.8-max,45320d770af5fcbbd0584d9cacf57610e6f4a8312d4fe3fcc732e070aad2133e,blinded-annotation-v2-shortrefs
C006,K081,judge_a,2,labeled,Window HRV RMSSD mean 43.1ms with variance 32.8 vs baseline mean 45.3ms variance 1.6; includes 23ms outlier Apr 5.,Applies when an HRV level or trend is being reviewed; requires personal history and consistent measurement context.,"Directly explains that HRV varies individually and should be interpreted against personal baseline, matching observed window variability.",qwen3.8-max,45320d770af5fcbbd0584d9cacf57610e6f4a8312d4fe3fcc732e070aad2133e,blinded-annotation-v2-shortrefs
C006,K082,judge_a,2,labeled,"28-day baseline provides personal ranges (e.g., HRV 43-47ms) against which 14-day window changes are compared.",Applies when a vital has changed from a recent personal baseline; requires sufficient same-metric personal history.,Core directly explains how the 28-day baseline establishes personal ranges for evaluating window-period deviations like HRV drop.,qwen3.8-max,45320d770af5fcbbd0584d9cacf57610e6f4a8312d4fe3fcc732e070aad2133e,blinded-annotation-v2-shortrefs
C006,K083,judge_a,2,labeled,RHR recorded daily over 42 days (55-57 bpm); window mean 55.8 vs baseline 56.3 with small variance.,Applies when repeated RHR readings or a recent change exist; non-applicable concluding persistent trend from one reading.,"Core directly supports interpreting the multi-day RHR trend rather than isolated daily values, matching the available longitudinal data.",qwen3.8-max,45320d770af5fcbbd0584d9cacf57610e6f4a8312d4fe3fcc732e070aad2133e,blinded-annotation-v2-shortrefs
C006,K084,judge_a,2,labeled,HRV RMSSD dropped to 23ms on Apr 5 from baseline 43-47ms range; no illness or stress is reported.,Applies when HRV trend is available for wellness monitoring; non-applicable diagnosing stress/infection/disease from HRV.,"Core directly explains that the observed HRV anomaly is a wellness observation, not a basis for medical diagnosis.",qwen3.8-max,45320d770af5fcbbd0584d9cacf57610e6f4a8312d4fe3fcc732e070aad2133e,blinded-annotation-v2-shortrefs
C006,K085,judge_a,2,labeled,"HRV is recorded as hrv_rmssd_ms (baseline mean 45.3, window mean 43.1) matching RMSSD formula.",Applies when HRV records identify RMSSD as their metric; requires metric formula to be established.,"Core directly confirms the HRV metric definition used in the data, ensuring correct interpretation of reported values.",qwen3.8-max,45320d770af5fcbbd0584d9cacf57610e6f4a8312d4fe3fcc732e070aad2133e,blinded-annotation-v2-shortrefs
C006,K086,judge_a,1,labeled,HRV RMSSD dropped to 23ms on Apr 5 while sleep duration was 468 min (>3h); device is synthetic common wearable.,Applies when overnight HRV estimates are compared; requires compatible Fitbit collection definition and sleep coverage.,"Provides relevant device-specific context for interpreting the HRV outlier, though device compatibility is uncertain.",qwen3.8-max,45320d770af5fcbbd0584d9cacf57610e6f4a8312d4fe3fcc732e070aad2133e,blinded-annotation-v2-shortrefs
C006,K087,judge_a,0,labeled,Only sleep duration and timing are recorded; no sleep-stage data (light/deep/REM) is available.,Requires sleep-stage measurements; non-applicable when only sleep duration and timing are available.,Sleep stage data is absent from the wearable record; item explicitly requires it.,qwen3.8-max,45320d770af5fcbbd0584d9cacf57610e6f4a8312d4fe3fcc732e070aad2133e,blinded-annotation-v2-shortrefs
C006,K088,judge_a,0,labeled,No health concerns or symptoms are reported alongside the wellness vital trends.,Requires reported health concerns or symptoms; non-applicable declaring emergency from relative trend without clinical context.,Generic disclaimer about consulting providers; no reported health concerns trigger its application.,qwen3.8-max,45320d770af5fcbbd0584d9cacf57610e6f4a8312d4fe3fcc732e070aad2133e,blinded-annotation-v2-shortrefs
C006,K089,judge_a,0,labeled,RHR readings are consistent (55-57 bpm) with no indication of wear quality changes or unreliable readings.,Applies when heart-rate readings may be unreliable or wear quality changes; non-applicable assuming fit problems without evidence.,No evidence of sensor fit issues or unreliable readings; item conditions are not triggered by the data.,qwen3.8-max,45320d770af5fcbbd0584d9cacf57610e6f4a8312d4fe3fcc732e070aad2133e,blinded-annotation-v2-shortrefs
C006,K090,judge_a,1,labeled,Nighttime coverage is 482-498 min daily alongside 720 min daytime wear; all overnight vitals present.,Applies when overnight vitals have uncertain coverage; requires separate night-time wear information.,"Data shows both day and night wear are present, satisfying the item's point about needing night-time coverage for overnight vitals.",qwen3.8-max,45320d770af5fcbbd0584d9cacf57610e6f4a8312d4fe3fcc732e070aad2133e,blinded-annotation-v2-shortrefs
C006,K091,judge_a,0,labeled,"Nighttime coverage ranges 482-498 min, well above 180 min threshold; no vitals are missing.",Applies when a vital is missing with limited night-time data; non-applicable when interpreting missing as zero.,All vitals are present with adequate coverage; item conditions regarding missing data are not met.,qwen3.8-max,45320d770af5fcbbd0584d9cacf57610e6f4a8312d4fe3fcc732e070aad2133e,blinded-annotation-v2-shortrefs
C006,K092,judge_a,0,labeled,All days have 720 daytime wear minutes and sufficient nighttime coverage; no vitals are missing.,Applies when vitals are missing or delayed; non-applicable when treating unsupported metrics as measured zeros.,No missing data observed; item conditions regarding missing vitals are not triggered.,qwen3.8-max,45320d770af5fcbbd0584d9cacf57610e6f4a8312d4fe3fcc732e070aad2133e,blinded-annotation-v2-shortrefs
C006,K093,judge_a,0,labeled,Device is 'synthetic common wearable' used consistently; no device switch or algorithm change is indicated.,Requires heart-rate series involving a device or algorithm change; non-applicable assuming switch in same-device series.,Same device used throughout; no cross-device comparison issue exists in the data.,qwen3.8-max,45320d770af5fcbbd0584d9cacf57610e6f4a8312d4fe3fcc732e070aad2133e,blinded-annotation-v2-shortrefs
C006,K094,judge_a,1,labeled,Sleep duration (462-478 min) is derived from sleep_start and sleep_end timestamps with device estimation.,Applies when device-estimated sleep duration and boundaries are available; non-applicable treating as clinical study.,"Clarifies that observed sleep duration is device-estimated from classified periods, not equivalent to full sleep opportunity.",qwen3.8-max,45320d770af5fcbbd0584d9cacf57610e6f4a8312d4fe3fcc732e070aad2133e,blinded-annotation-v2-shortrefs
C006,K095,judge_a,1,labeled,Nighttime coverage is 482-498 min daily; all sleep readings are present with no non-wear gaps.,Applies when sleep readings are absent with non-wear; non-applicable treating non-wear as zero sleep.,"Confirms that consistent overnight wear produced complete sleep records, supporting valid data interpretation.",qwen3.8-max,45320d770af5fcbbd0584d9cacf57610e6f4a8312d4fe3fcc732e070aad2133e,blinded-annotation-v2-shortrefs
C006,K096,judge_a,1,labeled,Steps vary daily (7632-8418) with unknown arm swing or wear context changes; device is synthetic wearable.,Applies when step readings change with possible measurement limitations; requires wear context and activity type.,Provides relevant context for interpreting step count variability given accelerometer-based measurement limitations.,qwen3.8-max,45320d770af5fcbbd0584d9cacf57610e6f4a8312d4fe3fcc732e070aad2133e,blinded-annotation-v2-shortrefs
C007,K001,judge_a,2,labeled,Baseline sleep mean 328 min (~5.5h); metadata age band 18-60; recommendation ≥7h.,Applies to adults 18-60 with sleep below 7 hours.,Core direct explanation: baseline sleep consistently below age-specific CDC recommendation.,qwen3.8-max,3784d64f8643fe64573cbb3702d8cd5da07df10c8cfaca7a03900fe0e0add0a5,blinded-annotation-v2-shortrefs
C007,K002,judge_a,0,labeled,Metadata age band 18-60; not 61-64.,Requires age 61-64 to be established.,Age band does not match; item not applicable.,qwen3.8-max,3784d64f8643fe64573cbb3702d8cd5da07df10c8cfaca7a03900fe0e0add0a5,blinded-annotation-v2-shortrefs
C007,K003,judge_a,0,labeled,Metadata age band 18-60; not 65 or older.,Requires age at least 65 to be established.,Age band contradicts applicability; item not relevant to this person.,qwen3.8-max,3784d64f8643fe64573cbb3702d8cd5da07df10c8cfaca7a03900fe0e0add0a5,blinded-annotation-v2-shortrefs
C007,K004,judge_a,0,labeled,Metadata age band 18-60; not a teenager.,Requires teenage age group (13-17) to be established.,Age band contradicts applicability; item not relevant.,qwen3.8-max,3784d64f8643fe64573cbb3702d8cd5da07df10c8cfaca7a03900fe0e0add0a5,blinded-annotation-v2-shortrefs
C007,K005,judge_a,1,labeled,Baseline sleep mean 328 min (~5.5h) for 28 consecutive days; no schedule data.,Applies when repeatedly shortened sleep duration is observed; schedule constraint needed for busyness attribution.,"Shortened sleep observed; item relevant for protecting sleep time, though busyness unconfirmed.",qwen3.8-max,3784d64f8643fe64573cbb3702d8cd5da07df10c8cfaca7a03900fe0e0add0a5,blinded-annotation-v2-shortrefs
C007,K006,judge_a,1,labeled,Baseline sleep consistently 322-338 min (~5.4-5.6h) for 28 days with low variance.,Applies when sleep is consistently short even without a new decline.,Stable short baseline sleep matches condition; item warns against assuming adaptation.,qwen3.8-max,3784d64f8643fe64573cbb3702d8cd5da07df10c8cfaca7a03900fe0e0add0a5,blinded-annotation-v2-shortrefs
C007,K007,judge_a,1,labeled,Sleep duration recorded (322-457 min); no subjective quality or refreshment data.,Applies when sleep duration is recorded but sleep quality may be unknown.,Directly relevant: duration data exists but quality cannot be inferred from it.,qwen3.8-max,3784d64f8643fe64573cbb3702d8cd5da07df10c8cfaca7a03900fe0e0add0a5,blinded-annotation-v2-shortrefs
C007,K008,judge_a,0,labeled,Only total sleep duration and start/end times recorded; no awakening data.,Requires repeated awakenings to be documented.,Awakening history unavailable; item conditions not met.,qwen3.8-max,3784d64f8643fe64573cbb3702d8cd5da07df10c8cfaca7a03900fe0e0add0a5,blinded-annotation-v2-shortrefs
C007,K009,judge_a,0,labeled,Window sleep 442-457 min (>7.5h); no subjective refreshment data recorded.,Requires more than 8h sleep with reported lack of refreshment.,Refreshment status unknown; cannot apply despite longer window sleep.,qwen3.8-max,3784d64f8643fe64573cbb3702d8cd5da07df10c8cfaca7a03900fe0e0add0a5,blinded-annotation-v2-shortrefs
C007,K010,judge_a,0,labeled,Baseline sleep ~5.5h for 28 days; no cognitive performance or symptom data.,Requires symptoms to claim actual cognitive impairment.,No cognitive symptoms reported; cannot infer impairment from duration alone.,qwen3.8-max,3784d64f8643fe64573cbb3702d8cd5da07df10c8cfaca7a03900fe0e0add0a5,blinded-annotation-v2-shortrefs
C007,K011,judge_a,0,labeled,Baseline sleep mean 328 min (~5.5h); window sleep increased to 448 min.,Requires several nights of reduced sleep duration currently occurring.,"Current window shows longer sleep, not repeated short nights; resolved historical pattern.",qwen3.8-max,3784d64f8643fe64573cbb3702d8cd5da07df10c8cfaca7a03900fe0e0add0a5,blinded-annotation-v2-shortrefs
C007,K012,judge_a,0,labeled,Baseline sleep ~5.5h for 28 days; no infection or immune markers recorded.,Cannot infer infection from sleep or heart-rate changes.,General educational fact; no individual immune or infection data to connect.,qwen3.8-max,3784d64f8643fe64573cbb3702d8cd5da07df10c8cfaca7a03900fe0e0add0a5,blinded-annotation-v2-shortrefs
C007,K013,judge_a,0,labeled,"No food intake, appetite, or hunger data recorded.",Requires food intake or appetite information for individual claims.,Appetite data unavailable; cannot link sleep to appetite regulation individually.,qwen3.8-max,3784d64f8643fe64573cbb3702d8cd5da07df10c8cfaca7a03900fe0e0add0a5,blinded-annotation-v2-shortrefs
C007,K014,judge_a,0,labeled,No reported sleepiness or driving context in data.,Requires reported sleepiness and driving plans.,Sleepiness and driving context unknown; item not applicable.,qwen3.8-max,3784d64f8643fe64573cbb3702d8cd5da07df10c8cfaca7a03900fe0e0add0a5,blinded-annotation-v2-shortrefs
C007,K015,judge_a,1,labeled,Baseline sleep mean 328 min (~5.5h); metadata age band 18-60.,Applies when adult sleep duration is being reviewed.,Directly relevant context for interpreting the short baseline sleep duration.,qwen3.8-max,3784d64f8643fe64573cbb3702d8cd5da07df10c8cfaca7a03900fe0e0add0a5,blinded-annotation-v2-shortrefs
C007,K016,judge_a,0,labeled,14-day window data only; no reported insomnia symptoms or months-long history.,Requires months-long sleeping difficulties or failed habit changes.,Insufficient duration and no symptom report; cannot establish insomnia conditions.,qwen3.8-max,3784d64f8643fe64573cbb3702d8cd5da07df10c8cfaca7a03900fe0e0add0a5,blinded-annotation-v2-shortrefs
C007,K017,judge_a,0,labeled,"Sleep end fixed at 07:00 daily; sleep start variance ~16 min baseline, ~15 min window.",Requires repeated variability in bedtime or wake time.,Schedule highly consistent; no problematic variability to address.,qwen3.8-max,3784d64f8643fe64573cbb3702d8cd5da07df10c8cfaca7a03900fe0e0add0a5,blinded-annotation-v2-shortrefs
C007,K018,judge_a,0,labeled,Wake time exactly 07:00 every day; no sleeping difficulties reported.,Requires inconsistent wake time with reported sleeping difficulties.,Wake time perfectly consistent; no insomnia evidence; not applicable.,qwen3.8-max,3784d64f8643fe64573cbb3702d8cd5da07df10c8cfaca7a03900fe0e0add0a5,blinded-annotation-v2-shortrefs
C007,K019,judge_a,0,labeled,Sleep end fixed at 07:00 daily; sleep start variance similar weekdays/weekends in both periods.,Requires substantial weekday-weekend schedule differences.,No meaningful weekday/weekend difference in sleep timing; condition not met.,qwen3.8-max,3784d64f8643fe64573cbb3702d8cd5da07df10c8cfaca7a03900fe0e0add0a5,blinded-annotation-v2-shortrefs
C007,K020,judge_a,0,labeled,No pre-bed activity information recorded beyond unknown-intensity intervals at 21:00.,Requires information about pre-bed activities for targeted advice.,Pre-bed routine unknown; cannot apply quiet-time advice specifically.,qwen3.8-max,3784d64f8643fe64573cbb3702d8cd5da07df10c8cfaca7a03900fe0e0add0a5,blinded-annotation-v2-shortrefs
C007,K021,judge_a,0,labeled,No screen or light exposure data recorded before bedtime.,Requires known bright-screen exposure shortly before bed.,Exposure unknown; item conditions not met.,qwen3.8-max,3784d64f8643fe64573cbb3702d8cd5da07df10c8cfaca7a03900fe0e0add0a5,blinded-annotation-v2-shortrefs
C007,K022,judge_a,0,labeled,No caffeine timing or intake data recorded.,Requires known afternoon/evening caffeine use with sleeping difficulty.,Caffeine history unknown; item conditions not met.,qwen3.8-max,3784d64f8643fe64573cbb3702d8cd5da07df10c8cfaca7a03900fe0e0add0a5,blinded-annotation-v2-shortrefs
C007,K023,judge_a,0,labeled,No meal timing or size data recorded.,Requires known large meal shortly before bed.,Meal information unknown; item conditions not met.,qwen3.8-max,3784d64f8643fe64573cbb3702d8cd5da07df10c8cfaca7a03900fe0e0add0a5,blinded-annotation-v2-shortrefs
C007,K024,judge_a,0,labeled,No alcohol intake or timing data recorded.,Requires alcohol intake and timing near bedtime.,Alcohol exposure unknown; item conditions not met.,qwen3.8-max,3784d64f8643fe64573cbb3702d8cd5da07df10c8cfaca7a03900fe0e0add0a5,blinded-annotation-v2-shortrefs
C007,K025,judge_a,0,labeled,No nicotine use information in wearable data.,Requires established nicotine exposure.,Nicotine use unknown; item conditions not met.,qwen3.8-max,3784d64f8643fe64573cbb3702d8cd5da07df10c8cfaca7a03900fe0e0add0a5,blinded-annotation-v2-shortrefs
C007,K026,judge_a,0,labeled,"No bedroom environment data (light, noise, temperature) recorded.",Requires known disruptive bedroom environment.,Environment unknown; item conditions not met.,qwen3.8-max,3784d64f8643fe64573cbb3702d8cd5da07df10c8cfaca7a03900fe0e0add0a5,blinded-annotation-v2-shortrefs
C007,K027,judge_a,0,labeled,No pre-bed routine or relaxation difficulty reported in data.,Requires reported difficulty relaxing or request for routine options.,No evidence of relaxation issues; item not applicable.,qwen3.8-max,3784d64f8643fe64573cbb3702d8cd5da07df10c8cfaca7a03900fe0e0add0a5,blinded-annotation-v2-shortrefs
C007,K028,judge_a,0,labeled,No nap data recorded in wearable observations.,Requires adult naps to be recorded or reported.,Nap history unknown; item conditions not met.,qwen3.8-max,3784d64f8643fe64573cbb3702d8cd5da07df10c8cfaca7a03900fe0e0add0a5,blinded-annotation-v2-shortrefs
C007,K029,judge_a,0,labeled,No shift work schedule recorded; sleep timing consistent within each period.,Requires confirmed shift-work schedule with changing shifts.,Shift work unknown; item not applicable.,qwen3.8-max,3784d64f8643fe64573cbb3702d8cd5da07df10c8cfaca7a03900fe0e0add0a5,blinded-annotation-v2-shortrefs
C007,K030,judge_a,0,labeled,No shift work context recorded; regular overnight sleep pattern.,Requires established shift work.,Shift work unknown; item not applicable.,qwen3.8-max,3784d64f8643fe64573cbb3702d8cd5da07df10c8cfaca7a03900fe0e0add0a5,blinded-annotation-v2-shortrefs
C007,K031,judge_a,0,labeled,No shift work or caffeine use data recorded.,Requires shift schedule and caffeine intake.,Shift work and caffeine unknown; item not applicable.,qwen3.8-max,3784d64f8643fe64573cbb3702d8cd5da07df10c8cfaca7a03900fe0e0add0a5,blinded-annotation-v2-shortrefs
C007,K032,judge_a,0,labeled,"All sleep occurs overnight (start 23:00-01:18, end 07:00); no shift work indicated.",Requires daytime sleep associated with shift work.,No daytime sleep or shift work; item not applicable.,qwen3.8-max,3784d64f8643fe64573cbb3702d8cd5da07df10c8cfaca7a03900fe0e0add0a5,blinded-annotation-v2-shortrefs
C007,K033,judge_a,0,labeled,Wearable records bedtimes and wake times; no awakenings or naps captured.,Requires awakenings and naps needing separate records.,Diary would add context but no specific sleep pattern change requiring it is identified.,qwen3.8-max,3784d64f8643fe64573cbb3702d8cd5da07df10c8cfaca7a03900fe0e0add0a5,blinded-annotation-v2-shortrefs
C007,K034,judge_a,1,labeled,"Baseline sleep mean 328 min (~5.5h) for 28 days, below 7h recommendation.",Applies when several shortened nights occurred rather than a single reading.,28 consecutive short baseline nights match the accumulation condition described.,qwen3.8-max,3784d64f8643fe64573cbb3702d8cd5da07df10c8cfaca7a03900fe0e0add0a5,blinded-annotation-v2-shortrefs
C007,K035,judge_a,0,labeled,Weekend vs weekday sleep duration difference <1 min in both periods; wake time fixed 07:00.,Requires longer sleep and later timing on days off.,No weekend sleep extension observed; condition not met.,qwen3.8-max,3784d64f8643fe64573cbb3702d8cd5da07df10c8cfaca7a03900fe0e0add0a5,blinded-annotation-v2-shortrefs
C007,K036,judge_a,0,labeled,No nap data recorded in wearable observations.,Requires recorded naps after shortened night-time sleep.,Nap information unavailable; item conditions not met.,qwen3.8-max,3784d64f8643fe64573cbb3702d8cd5da07df10c8cfaca7a03900fe0e0add0a5,blinded-annotation-v2-shortrefs
C007,K037,judge_a,0,labeled,No reported bad nights or insomnia symptoms; sleep timing consistent.,Requires recent bad night and reported sleeping difficulties.,No insomnia symptoms reported; item not applicable.,qwen3.8-max,3784d64f8643fe64573cbb3702d8cd5da07df10c8cfaca7a03900fe0e0add0a5,blinded-annotation-v2-shortrefs
C007,K038,judge_a,0,labeled,14-day window only; no symptom history or reported sleeping difficulties.,Requires symptom history and onset for insomnia categorization.,Cannot diagnose or categorize insomnia from 14 days of duration estimates alone.,qwen3.8-max,3784d64f8643fe64573cbb3702d8cd5da07df10c8cfaca7a03900fe0e0add0a5,blinded-annotation-v2-shortrefs
C007,K039,judge_a,0,labeled,Sleep start shifted ~2h earlier on Mar 30; no travel history recorded.,Requires confirmed travel across time zones.,Timing change observed but travel context unknown; conditions not met.,qwen3.8-max,3784d64f8643fe64573cbb3702d8cd5da07df10c8cfaca7a03900fe0e0add0a5,blinded-annotation-v2-shortrefs
C007,K040,judge_a,0,labeled,No travel context or time-zone changes recorded.,Requires a short trip across time zones being planned.,Travel context unknown; item not applicable.,qwen3.8-max,3784d64f8643fe64573cbb3702d8cd5da07df10c8cfaca7a03900fe0e0add0a5,blinded-annotation-v2-shortrefs
C007,K041,judge_a,0,labeled,"Activity ~55 min/day, steps ~8000 baseline and window; no decline observed.",Requires low or declining movement to be applicable.,No activity decline in data; generic advice with no specific connection.,qwen3.8-max,3784d64f8643fe64573cbb3702d8cd5da07df10c8cfaca7a03900fe0e0add0a5,blinded-annotation-v2-shortrefs
C007,K042,judge_a,0,labeled,Activity ~55 min/day consistently; no period of inactivity observed.,Requires recently low or reduced physical activity.,No inactivity period; item conditions not met.,qwen3.8-max,3784d64f8643fe64573cbb3702d8cd5da07df10c8cfaca7a03900fe0e0add0a5,blinded-annotation-v2-shortrefs
C007,K043,judge_a,0,labeled,Activity intensity labeled 'unknown' for all intervals; only moving minutes available.,Requires known moderate-intensity aerobic minutes.,Intensity unknown; cannot determine if 150-min moderate target is met.,qwen3.8-max,3784d64f8643fe64573cbb3702d8cd5da07df10c8cfaca7a03900fe0e0add0a5,blinded-annotation-v2-shortrefs
C007,K044,judge_a,0,labeled,All activity intensity labeled 'unknown'; no vigorous activity documented.,Requires documented vigorous aerobic activity.,Intensity unknown; cannot apply vigorous activity targets.,qwen3.8-max,3784d64f8643fe64573cbb3702d8cd5da07df10c8cfaca7a03900fe0e0add0a5,blinded-annotation-v2-shortrefs
C007,K045,judge_a,0,labeled,Activity ~55 min/day; intensity unknown; no reduction in activity observed.,Requires reduced activity or limited opportunities for long sessions.,No activity reduction; intensity unknown; item conditions not met.,qwen3.8-max,3784d64f8643fe64573cbb3702d8cd5da07df10c8cfaca7a03900fe0e0add0a5,blinded-annotation-v2-shortrefs
C007,K046,judge_a,0,labeled,No muscle-strengthening activity records; only steps and moving minutes available.,Requires strengthening activity records including days and muscle groups.,Only step/movement data available; cannot assess strengthening compliance.,qwen3.8-max,3784d64f8643fe64573cbb3702d8cd5da07df10c8cfaca7a03900fe0e0add0a5,blinded-annotation-v2-shortrefs
C007,K047,judge_a,0,labeled,Activity intensity labeled 'unknown' throughout all intervals.,Requires known intensity and documented guideline attainment.,Intensity unknown; cannot assess guideline compliance or additional benefits.,qwen3.8-max,3784d64f8643fe64573cbb3702d8cd5da07df10c8cfaca7a03900fe0e0add0a5,blinded-annotation-v2-shortrefs
C007,K048,judge_a,0,labeled,All activity intervals have intensity 'unknown'; steps ~8000/day.,Requires activity intensity needing interpretation with fitness context.,Intensity unknown; cannot assign relative intensity from steps alone.,qwen3.8-max,3784d64f8643fe64573cbb3702d8cd5da07df10c8cfaca7a03900fe0e0add0a5,blinded-annotation-v2-shortrefs
C007,K049,judge_a,0,labeled,All activity intensity labeled 'unknown'; no talk-test or effort observations.,Requires observed effort during aerobic activity with breathing/talk-test observation.,Effort unrecorded; cannot apply talk test to unknown-intensity data.,qwen3.8-max,3784d64f8643fe64573cbb3702d8cd5da07df10c8cfaca7a03900fe0e0add0a5,blinded-annotation-v2-shortrefs
C007,K050,judge_a,1,labeled,Steps slightly decreased in window (-81 mean); activity duration unchanged (+0.3 min).,Applies when steps change while other activity may differ.,Relevant: stable activity duration despite step change illustrates steps may miss non-step exercise.,qwen3.8-max,3784d64f8643fe64573cbb3702d8cd5da07df10c8cfaca7a03900fe0e0add0a5,blinded-annotation-v2-shortrefs
C007,K051,judge_a,0,labeled,Steps stable ~8000/day; no routine movement decline observed.,Requires low or declining routine movement.,No movement decline present; generic walking advice not specifically connected.,qwen3.8-max,3784d64f8643fe64573cbb3702d8cd5da07df10c8cfaca7a03900fe0e0add0a5,blinded-annotation-v2-shortrefs
C007,K052,judge_a,0,labeled,Activity stable ~55 min/day; no difficulty maintaining habits observed.,Requires activity habit to be low or difficult to maintain.,No activity maintenance problem evident; generic preference advice not connected.,qwen3.8-max,3784d64f8643fe64573cbb3702d8cd5da07df10c8cfaca7a03900fe0e0add0a5,blinded-annotation-v2-shortrefs
C007,K053,judge_a,0,labeled,No social preferences or motivational barriers recorded.,Requires social preferences or reported motivational barrier.,No evidence of social/motivational barrier; generic advice not connected.,qwen3.8-max,3784d64f8643fe64573cbb3702d8cd5da07df10c8cfaca7a03900fe0e0add0a5,blinded-annotation-v2-shortrefs
C007,K054,judge_a,0,labeled,No reported time barrier to activity; steps ~8000/day consistently.,Requires low activity with a reported time barrier.,No time barrier reported; activity levels stable; item not applicable.,qwen3.8-max,3784d64f8643fe64573cbb3702d8cd5da07df10c8cfaca7a03900fe0e0add0a5,blinded-annotation-v2-shortrefs
C007,K055,judge_a,0,labeled,No schedule or competing demands recorded in wearable data.,Requires reported competing demands reducing activity.,Schedule context unknown; item not applicable to observed data.,qwen3.8-max,3784d64f8643fe64573cbb3702d8cd5da07df10c8cfaca7a03900fe0e0add0a5,blinded-annotation-v2-shortrefs
C007,K056,judge_a,0,labeled,No chronic health conditions or disabilities recorded.,"Requires established chronic condition, disability, or special need.",Medical context unknown; item not applicable.,qwen3.8-max,3784d64f8643fe64573cbb3702d8cd5da07df10c8cfaca7a03900fe0e0add0a5,blinded-annotation-v2-shortrefs
C007,K057,judge_a,0,labeled,Low movement intervals ~45 min each during daytime; device low movement is not confirmed sitting.,Requires long uninterrupted low-movement intervals with posture context for sitting claim.,Cannot confirm sitting from device low movement; item conditions not fully met.,qwen3.8-max,3784d64f8643fe64573cbb3702d8cd5da07df10c8cfaca7a03900fe0e0add0a5,blinded-annotation-v2-shortrefs
C007,K058,judge_a,0,labeled,Low movement ~448 min/day; activity ~55 min/day; intensity unknown.,Requires confirmed sitting posture and known activity intensity for guideline claims.,Device low movement is not confirmed sitting; intensity unknown.,qwen3.8-max,3784d64f8643fe64573cbb3702d8cd5da07df10c8cfaca7a03900fe0e0add0a5,blinded-annotation-v2-shortrefs
C007,K059,judge_a,0,labeled,Low movement ~448-450 min/day; device low movement is not confirmed sitting.,Requires confirmed sitting for a specific sedentary-time conclusion.,Cannot confirm sitting from low movement data; item conditions not fully met.,qwen3.8-max,3784d64f8643fe64573cbb3702d8cd5da07df10c8cfaca7a03900fe0e0add0a5,blinded-annotation-v2-shortrefs
C007,K060,judge_a,0,labeled,No commuting or transport context recorded in data.,Requires established sedentary commuting with transport context.,Commute unknown; item not applicable.,qwen3.8-max,3784d64f8643fe64573cbb3702d8cd5da07df10c8cfaca7a03900fe0e0add0a5,blinded-annotation-v2-shortrefs
C007,K061,judge_a,0,labeled,No workplace layout or desk work context recorded.,Requires desk work with prolonged sitting and workplace layout.,Work context unknown; item not applicable.,qwen3.8-max,3784d64f8643fe64573cbb3702d8cd5da07df10c8cfaca7a03900fe0e0add0a5,blinded-annotation-v2-shortrefs
C007,K062,judge_a,0,labeled,No workplace or meeting context recorded in data.,Requires meetings or desk work involving prolonged sitting with workplace context.,Workplace context unknown; item not applicable.,qwen3.8-max,3784d64f8643fe64573cbb3702d8cd5da07df10c8cfaca7a03900fe0e0add0a5,blinded-annotation-v2-shortrefs
C007,K063,judge_a,0,labeled,No television viewing or screen habits recorded.,Requires prolonged sitting while watching television.,Screen habits unknown; item not applicable.,qwen3.8-max,3784d64f8643fe64573cbb3702d8cd5da07df10c8cfaca7a03900fe0e0add0a5,blinded-annotation-v2-shortrefs
C007,K064,judge_a,0,labeled,No leisure context or seated habits recorded.,Requires substantial habitual seated leisure with routine context.,Leisure context unknown; item not applicable.,qwen3.8-max,3784d64f8643fe64573cbb3702d8cd5da07df10c8cfaca7a03900fe0e0add0a5,blinded-annotation-v2-shortrefs
C007,K065,judge_a,1,labeled,"Steps ~8000/day, activity ~55 min/day; everyday movement recorded alongside unknown-intensity intervals.",Applies when distinguishing everyday movement from formal exercise.,"Relevant: wearable captures everyday movement, not just planned exercise.",qwen3.8-max,3784d64f8643fe64573cbb3702d8cd5da07df10c8cfaca7a03900fe0e0add0a5,blinded-annotation-v2-shortrefs
C007,K066,judge_a,0,labeled,No workday lunch-break context recorded in data.,Requires known workday lunch-break access and mobility.,Workday context unknown; item not applicable.,qwen3.8-max,3784d64f8643fe64573cbb3702d8cd5da07df10c8cfaca7a03900fe0e0add0a5,blinded-annotation-v2-shortrefs
C007,K067,judge_a,0,labeled,No stair access or mobility context recorded.,Requires accessible stairs and safe mobility.,Context unknown; item not applicable.,qwen3.8-max,3784d64f8643fe64573cbb3702d8cd5da07df10c8cfaca7a03900fe0e0add0a5,blinded-annotation-v2-shortrefs
C007,K068,judge_a,1,labeled,Low movement ~448-450 min/day recorded; no posture measurement available.,Applies when low-movement intervals are available without posture measurement.,Directly relevant: warns against relabeling device low movement as confirmed sitting.,qwen3.8-max,3784d64f8643fe64573cbb3702d8cd5da07df10c8cfaca7a03900fe0e0add0a5,blinded-annotation-v2-shortrefs
C007,K069,judge_a,0,labeled,Activity stable ~55 min/day; sleep increased by ~120 min; no causal data.,Cannot declare causal effect from paired observations.,Generic benefit statement; temporal co-occurrence does not imply causation per instructions.,qwen3.8-max,3784d64f8643fe64573cbb3702d8cd5da07df10c8cfaca7a03900fe0e0add0a5,blinded-annotation-v2-shortrefs
C007,K070,judge_a,0,labeled,Daytime activity ~55 min/day; no outdoor exposure data recorded.,Requires outdoor access and mobility for a specific plan.,Generic routine advice; no specific connection to observed sleep timing change.,qwen3.8-max,3784d64f8643fe64573cbb3702d8cd5da07df10c8cfaca7a03900fe0e0add0a5,blinded-annotation-v2-shortrefs
C007,K071,judge_a,0,labeled,Activity intervals at 21:00 daily with intensity 'unknown'; sleep starts 23:00-01:18.,Requires known intensity and actual timing relative to bedtime.,Intensity unknown; cannot determine if late activity qualifies as intense exercise.,qwen3.8-max,3784d64f8643fe64573cbb3702d8cd5da07df10c8cfaca7a03900fe0e0add0a5,blinded-annotation-v2-shortrefs
C007,K072,judge_a,0,labeled,Activity at 21:00 daily; no insomnia symptoms reported; sleep timing stable within periods.,Requires exercise near bedtime with reported insomnia symptoms.,No insomnia symptoms; temporal adjacency alone insufficient to apply.,qwen3.8-max,3784d64f8643fe64573cbb3702d8cd5da07df10c8cfaca7a03900fe0e0add0a5,blinded-annotation-v2-shortrefs
C007,K073,judge_a,1,labeled,Activity intervals at 21:00 daily; sleep start shifted from ~01:15 to ~23:15 on Mar 30.,Applies when activity timing and subsequent sleep are being compared.,Relevant: activity timing data exists alongside sleep timing change for temporal review.,qwen3.8-max,3784d64f8643fe64573cbb3702d8cd5da07df10c8cfaca7a03900fe0e0add0a5,blinded-annotation-v2-shortrefs
C007,K074,judge_a,0,labeled,No emergency responder deployment context in data.,Requires confirmed emergency-response deployment context.,Deployment context unknown; item not applicable.,qwen3.8-max,3784d64f8643fe64573cbb3702d8cd5da07df10c8cfaca7a03900fe0e0add0a5,blinded-annotation-v2-shortrefs
C007,K075,judge_a,0,labeled,No subjective tiredness or energy pattern data recorded.,Requires reported tiredness limiting activity and subjective energy pattern.,Tiredness history unknown; item not applicable.,qwen3.8-max,3784d64f8643fe64573cbb3702d8cd5da07df10c8cfaca7a03900fe0e0add0a5,blinded-annotation-v2-shortrefs
C007,K076,judge_a,0,labeled,"No substance, medication, or caffeine records in wearable data.",Requires substance and medication history for causal interpretation.,Context unavailable; cannot apply diary-based substance tracking advice.,qwen3.8-max,3784d64f8643fe64573cbb3702d8cd5da07df10c8cfaca7a03900fe0e0add0a5,blinded-annotation-v2-shortrefs
C007,K077,judge_a,1,labeled,Daily RHR values 55-57 bpm recorded consistently across 42 days.,Applies when resting heart rate observations are available.,RHR data present; item clarifies these are resting-context measurements.,qwen3.8-max,3784d64f8643fe64573cbb3702d8cd5da07df10c8cfaca7a03900fe0e0add0a5,blinded-annotation-v2-shortrefs
C007,K078,judge_a,1,labeled,Daily RHR 55-57 bpm recorded; metadata specifies nocturnal RHR measurement.,Applies when a daily resting heart-rate trend is being interpreted.,Relevant: distinguishes daily RHR from sleeping HR for proper trend interpretation.,qwen3.8-max,3784d64f8643fe64573cbb3702d8cd5da07df10c8cfaca7a03900fe0e0add0a5,blinded-annotation-v2-shortrefs
C007,K079,judge_a,0,labeled,RHR stable 55-57 bpm across baseline and window; no meaningful change.,Requires RHR changes relative to previous readings.,No RHR change observed; item conditions not triggered.,qwen3.8-max,3784d64f8643fe64573cbb3702d8cd5da07df10c8cfaca7a03900fe0e0add0a5,blinded-annotation-v2-shortrefs
C007,K080,judge_a,1,labeled,HRV RMSSD 43-47 ms and RHR 55-57 bpm both recorded nightly/daily.,Applies when HRV and heart-rate estimates are interpreted together.,Both metrics present; item clarifies they measure different physiological quantities.,qwen3.8-max,3784d64f8643fe64573cbb3702d8cd5da07df10c8cfaca7a03900fe0e0add0a5,blinded-annotation-v2-shortrefs
C007,K081,judge_a,1,labeled,HRV RMSSD 43-47 ms across 42 days; personal range stable.,Applies when an HRV level or trend is being reviewed.,"Relevant context: HRV should be interpreted against personal range, not universal norms.",qwen3.8-max,3784d64f8643fe64573cbb3702d8cd5da07df10c8cfaca7a03900fe0e0add0a5,blinded-annotation-v2-shortrefs
C007,K082,judge_a,1,labeled,28-day baseline provides personal ranges for all vitals before 14-day window comparison.,Applies when a vital has changed from a recent personal baseline with sufficient history.,Baseline data supports personal range context for evaluating window changes.,qwen3.8-max,3784d64f8643fe64573cbb3702d8cd5da07df10c8cfaca7a03900fe0e0add0a5,blinded-annotation-v2-shortrefs
C007,K083,judge_a,1,labeled,"RHR recorded daily over 42 days (28 baseline + 14 window), range 55-57 bpm.",Applies when repeated RHR readings are available.,Repeated RHR data present; item supports reviewing trends over multiple days.,qwen3.8-max,3784d64f8643fe64573cbb3702d8cd5da07df10c8cfaca7a03900fe0e0add0a5,blinded-annotation-v2-shortrefs
C007,K084,judge_a,1,labeled,HRV RMSSD stable 43-47 ms across both periods; no diagnostic claim possible.,Applies when HRV trend is available for wellness monitoring.,"HRV data present; item correctly frames HRV as wellness observation, not diagnosis.",qwen3.8-max,3784d64f8643fe64573cbb3702d8cd5da07df10c8cfaca7a03900fe0e0add0a5,blinded-annotation-v2-shortrefs
C007,K085,judge_a,1,labeled,HRV recorded as hrv_rmssd_ms; metadata notes 'night RMSSD'.,Applies when HRV records identify RMSSD as their metric.,Metric definition confirmed; relevant for proper interpretation of HRV values.,qwen3.8-max,3784d64f8643fe64573cbb3702d8cd5da07df10c8cfaca7a03900fe0e0add0a5,blinded-annotation-v2-shortrefs
C007,K086,judge_a,1,labeled,HRV RMSSD recorded nightly; sleep durations 322-457 min all exceed 3 hours.,Applies when overnight HRV estimates are being compared with Fitbit collection rules.,All sleep periods exceed 3h threshold; confirms HRV collection validity per device rules.,qwen3.8-max,3784d64f8643fe64573cbb3702d8cd5da07df10c8cfaca7a03900fe0e0add0a5,blinded-annotation-v2-shortrefs
C007,K087,judge_a,0,labeled,Only sleep duration and timing recorded; no sleep-stage data available.,Requires sleep-stage measurements varying between nights.,No sleep-stage data; item conditions not met.,qwen3.8-max,3784d64f8643fe64573cbb3702d8cd5da07df10c8cfaca7a03900fe0e0add0a5,blinded-annotation-v2-shortrefs
C007,K088,judge_a,0,labeled,No reported health concerns or symptoms in the data.,Requires reported health concerns about a vital trend.,No health concerns reported; item not applicable.,qwen3.8-max,3784d64f8643fe64573cbb3702d8cd5da07df10c8cfaca7a03900fe0e0add0a5,blinded-annotation-v2-shortrefs
C007,K089,judge_a,0,labeled,RHR stable 55-57 bpm; no evidence of fit problems or unreliable readings.,Requires heart-rate readings that may be unreliable or wear quality changes.,No evidence of sensor fit issues; item conditions not triggered.,qwen3.8-max,3784d64f8643fe64573cbb3702d8cd5da07df10c8cfaca7a03900fe0e0add0a5,blinded-annotation-v2-shortrefs
C007,K090,judge_a,1,labeled,"Nighttime coverage 342-358 min baseline, 462-477 min window; all above 180 min threshold.",Applies when overnight vitals have uncertain coverage.,Confirms night-time wear was adequate for overnight vitals in both periods.,qwen3.8-max,3784d64f8643fe64573cbb3702d8cd5da07df10c8cfaca7a03900fe0e0add0a5,blinded-annotation-v2-shortrefs
C007,K091,judge_a,0,labeled,All nightly vitals present; nighttime coverage >340 min every night; no missing readings.,Requires a vital missing with limited night-time data.,No missing vitals; item conditions not triggered.,qwen3.8-max,3784d64f8643fe64573cbb3702d8cd5da07df10c8cfaca7a03900fe0e0add0a5,blinded-annotation-v2-shortrefs
C007,K092,judge_a,0,labeled,No missing vitals; all daily metrics present with adequate coverage.,Requires vitals to be missing or delayed.,Data complete; no missing vitals to troubleshoot.,qwen3.8-max,3784d64f8643fe64573cbb3702d8cd5da07df10c8cfaca7a03900fe0e0add0a5,blinded-annotation-v2-shortrefs
C007,K093,judge_a,0,labeled,Single synthetic device used throughout; no device switch indicated.,Requires heart-rate series involving a device or algorithm change.,Same device throughout; no cross-device comparison issue.,qwen3.8-max,3784d64f8643fe64573cbb3702d8cd5da07df10c8cfaca7a03900fe0e0add0a5,blinded-annotation-v2-shortrefs
C007,K094,judge_a,1,labeled,Sleep duration estimated from wearable; sleep start/end timestamps recorded.,Applies when device-estimated sleep duration and boundaries are available.,Relevant methodological note: estimated sleep differs from full sleep period.,qwen3.8-max,3784d64f8643fe64573cbb3702d8cd5da07df10c8cfaca7a03900fe0e0add0a5,blinded-annotation-v2-shortrefs
C007,K095,judge_a,1,labeled,Nighttime coverage 342-477 min every night; no missing sleep observations.,Applies when sleep readings are absent with non-wear or incomplete coverage.,"Consistent overnight wear confirmed; supports that sleep records are valid, not missing.",qwen3.8-max,3784d64f8643fe64573cbb3702d8cd5da07df10c8cfaca7a03900fe0e0add0a5,blinded-annotation-v2-shortrefs
C007,K096,judge_a,1,labeled,Steps 7638-8413 across 42 days; slight window decrease (-81 mean diff).,Applies when step readings change with possible measurement limitations.,Relevant context: step counts depend on arm motion and sensing; minor changes may reflect measurement.,qwen3.8-max,3784d64f8643fe64573cbb3702d8cd5da07df10c8cfaca7a03900fe0e0add0a5,blinded-annotation-v2-shortrefs
C008,K001,judge_a,2,labeled,Age band 18-60; sleep duration mean ~470 min (~7.8h) across all days.,Adults 18-60 need >=7h sleep; age band compatible.,Directly confirms observed sleep meets CDC recommendation for this age group.,qwen3.8-max,064faade407578ba161d2b0d0771c647ed387dc1c21a2c3c4e43e92bae576022,blinded-annotation-v2-shortrefs
C008,K002,judge_a,0,labeled,Age band 18-60; not 61-64.,Requires age 61-64 established.,Age band does not match; condition contradicted.,qwen3.8-max,064faade407578ba161d2b0d0771c647ed387dc1c21a2c3c4e43e92bae576022,blinded-annotation-v2-shortrefs
C008,K003,judge_a,0,labeled,Age band 18-60; not 65+.,Requires age at least 65.,Age band explicitly excludes 65+; condition contradicted.,qwen3.8-max,064faade407578ba161d2b0d0771c647ed387dc1c21a2c3c4e43e92bae576022,blinded-annotation-v2-shortrefs
C008,K004,judge_a,0,labeled,Metadata age_band is 18-60.,Applies only to teenagers aged 13-17.,Age band explicitly excludes teenagers; item not applicable.,qwen3.8-max,064faade407578ba161d2b0d0771c647ed387dc1c21a2c3c4e43e92bae576022,blinded-annotation-v2-shortrefs
C008,K005,judge_a,0,labeled,Sleep duration stable ~470 min across both periods; no shortening observed.,Requires repeatedly shortened sleep opportunity.,No evidence of insufficient or squeezed sleep; condition not met.,qwen3.8-max,064faade407578ba161d2b0d0771c647ed387dc1c21a2c3c4e43e92bae576022,blinded-annotation-v2-shortrefs
C008,K006,judge_a,0,labeled,"Sleep ~470 min (~7.8h), meeting adult recommendations.",Requires consistently short sleep below needs.,Sleep duration is sufficient; condition contradicted.,qwen3.8-max,064faade407578ba161d2b0d0771c647ed387dc1c21a2c3c4e43e92bae576022,blinded-annotation-v2-shortrefs
C008,K007,judge_a,1,labeled,Only sleep duration/timing recorded; no quality indicators like awakenings.,Duration recorded but quality unknown; requires subjective measures.,Clarifies that available duration data does not establish sleep quality.,qwen3.8-max,064faade407578ba161d2b0d0771c647ed387dc1c21a2c3c4e43e92bae576022,blinded-annotation-v2-shortrefs
C008,K008,judge_a,0,labeled,"Only sleep start, end, and duration recorded; no awakening data.",Requires documented repeated awakenings or sleep continuity measure.,Awakening history unavailable; condition not met.,qwen3.8-max,064faade407578ba161d2b0d0771c647ed387dc1c21a2c3c4e43e92bae576022,blinded-annotation-v2-shortrefs
C008,K009,judge_a,0,labeled,Mean sleep duration ~470 min (~7.8h); no subjective refreshment data.,Requires >8h sleep plus reported lack of refreshment.,Sleep under 8h and no refreshment report; required conditions absent.,qwen3.8-max,064faade407578ba161d2b0d0771c647ed387dc1c21a2c3c4e43e92bae576022,blinded-annotation-v2-shortrefs
C008,K010,judge_a,0,labeled,Sleep ~470 min nightly; no cognitive performance data.,Requires repeatedly shortened sleep and symptoms of impairment.,Sleep is adequate and no cognitive symptoms reported; condition not met.,qwen3.8-max,064faade407578ba161d2b0d0771c647ed387dc1c21a2c3c4e43e92bae576022,blinded-annotation-v2-shortrefs
C008,K011,judge_a,0,labeled,Sleep duration stable ~470 min; no repeated restriction observed.,Requires several nights of reduced sleep duration.,No sleep restriction present; condition contradicted.,qwen3.8-max,064faade407578ba161d2b0d0771c647ed387dc1c21a2c3c4e43e92bae576022,blinded-annotation-v2-shortrefs
C008,K012,judge_a,0,labeled,Sleep ~470 min nightly; no infection or immune data.,Requires ongoing insufficient sleep.,Sleep is sufficient; condition contradicted.,qwen3.8-max,064faade407578ba161d2b0d0771c647ed387dc1c21a2c3c4e43e92bae576022,blinded-annotation-v2-shortrefs
C008,K013,judge_a,0,labeled,Sleep duration ~470 min nightly; no food intake or appetite data.,Requires repeated insufficient sleep and appetite information.,Sleep is sufficient and no appetite data exists; conditions not met.,qwen3.8-max,064faade407578ba161d2b0d0771c647ed387dc1c21a2c3c4e43e92bae576022,blinded-annotation-v2-shortrefs
C008,K014,judge_a,0,labeled,No sleepiness or driving data recorded.,Requires reported sleepiness and driving plans.,Sleepiness and driving context unknown; condition not met.,qwen3.8-max,064faade407578ba161d2b0d0771c647ed387dc1c21a2c3c4e43e92bae576022,blinded-annotation-v2-shortrefs
C008,K015,judge_a,1,labeled,Sleep ~470 min (~7.8h); age band 18-60.,Adult sleep duration being reviewed; individual experience needed.,Contextualizes evaluating this person's sleep against population averages.,qwen3.8-max,064faade407578ba161d2b0d0771c647ed387dc1c21a2c3c4e43e92bae576022,blinded-annotation-v2-shortrefs
C008,K016,judge_a,0,labeled,No sleeping difficulties reported; 14-day window only.,Requires months-long difficulties or failed habit changes.,No reported insomnia; brief window insufficient for this guidance.,qwen3.8-max,064faade407578ba161d2b0d0771c647ed387dc1c21a2c3c4e43e92bae576022,blinded-annotation-v2-shortrefs
C008,K017,judge_a,0,labeled,Sleep start SD small; wake time exactly 07:00 daily.,Requires repeated variability in bedtime or wake time.,Schedule is highly consistent; condition contradicted.,qwen3.8-max,064faade407578ba161d2b0d0771c647ed387dc1c21a2c3c4e43e92bae576022,blinded-annotation-v2-shortrefs
C008,K018,judge_a,0,labeled,Wake time exactly 07:00 every single day; no sleeping difficulties reported.,Requires inconsistent wake time with reported sleeping difficulties.,Wake time perfectly consistent; condition contradicted.,qwen3.8-max,064faade407578ba161d2b0d0771c647ed387dc1c21a2c3c4e43e92bae576022,blinded-annotation-v2-shortrefs
C008,K019,judge_a,0,labeled,Sleep start variance similar on weekdays/weekends; wake time fixed at 07:00 always.,Requires substantial weekday-weekend schedule difference.,Weekday and weekend sleep times are nearly identical; condition contradicted.,qwen3.8-max,064faade407578ba161d2b0d0771c647ed387dc1c21a2c3c4e43e92bae576022,blinded-annotation-v2-shortrefs
C008,K020,judge_a,0,labeled,Sleep start ~22:45-22:57; no pre-bed activity data recorded.,Requires information about pre-bed activities for targeted advice.,Pre-bed activities unknown; condition not met.,qwen3.8-max,064faade407578ba161d2b0d0771c647ed387dc1c21a2c3c4e43e92bae576022,blinded-annotation-v2-shortrefs
C008,K021,judge_a,0,labeled,No screen or light exposure data recorded.,Requires known bright-screen exposure before bed.,Exposure unknown; condition not met.,qwen3.8-max,064faade407578ba161d2b0d0771c647ed387dc1c21a2c3c4e43e92bae576022,blinded-annotation-v2-shortrefs
C008,K022,judge_a,0,labeled,No caffeine intake data recorded.,Requires known afternoon/evening caffeine use.,Caffeine history absent; condition not met.,qwen3.8-max,064faade407578ba161d2b0d0771c647ed387dc1c21a2c3c4e43e92bae576022,blinded-annotation-v2-shortrefs
C008,K023,judge_a,0,labeled,No meal timing or size data recorded.,Requires known large meal shortly before bed.,Meal information unknown; condition not met.,qwen3.8-max,064faade407578ba161d2b0d0771c647ed387dc1c21a2c3c4e43e92bae576022,blinded-annotation-v2-shortrefs
C008,K024,judge_a,0,labeled,No alcohol intake data recorded.,Requires reported alcohol use near bedtime.,Alcohol exposure unknown; condition not met.,qwen3.8-max,064faade407578ba161d2b0d0771c647ed387dc1c21a2c3c4e43e92bae576022,blinded-annotation-v2-shortrefs
C008,K025,judge_a,0,labeled,No nicotine or smoking data recorded.,Requires established nicotine exposure.,Nicotine use unknown; condition not met.,qwen3.8-max,064faade407578ba161d2b0d0771c647ed387dc1c21a2c3c4e43e92bae576022,blinded-annotation-v2-shortrefs
C008,K026,judge_a,0,labeled,No bedroom environment data recorded.,Requires known disruptive bedroom environment.,Environment unknown; condition not met.,qwen3.8-max,064faade407578ba161d2b0d0771c647ed387dc1c21a2c3c4e43e92bae576022,blinded-annotation-v2-shortrefs
C008,K027,judge_a,0,labeled,Sleep start times stable ~22:45-22:57; sleep end fixed at 07:00 throughout.,Requires pre-bed routine consideration or relaxation difficulty.,No sleep timing shift or reported relaxation difficulty; generic advice with no connection.,qwen3.8-max,064faade407578ba161d2b0d0771c647ed387dc1c21a2c3c4e43e92bae576022,blinded-annotation-v2-shortrefs
C008,K028,judge_a,0,labeled,No nap data recorded.,Requires adult naps recorded or reported.,Nap history unknown; condition not met.,qwen3.8-max,064faade407578ba161d2b0d0771c647ed387dc1c21a2c3c4e43e92bae576022,blinded-annotation-v2-shortrefs
C008,K029,judge_a,0,labeled,Sleep timing highly consistent; no shift work indicated.,Requires confirmed changing shift-work schedule.,Shift work unknown; condition not met.,qwen3.8-max,064faade407578ba161d2b0d0771c647ed387dc1c21a2c3c4e43e92bae576022,blinded-annotation-v2-shortrefs
C008,K030,judge_a,0,labeled,No shift work data recorded.,Requires confirmed shift work.,Shift work unknown; condition not met.,qwen3.8-max,064faade407578ba161d2b0d0771c647ed387dc1c21a2c3c4e43e92bae576022,blinded-annotation-v2-shortrefs
C008,K031,judge_a,0,labeled,No shift work or caffeine data recorded.,Requires shift schedule and caffeine intake.,Both conditions unknown; item not applicable.,qwen3.8-max,064faade407578ba161d2b0d0771c647ed387dc1c21a2c3c4e43e92bae576022,blinded-annotation-v2-shortrefs
C008,K032,judge_a,0,labeled,"All sleep occurs overnight, ending at 07:00 daily.",Requires confirmed daytime sleep and shift work.,Only overnight sleep recorded; shift work and daytime sleep conditions not met.,qwen3.8-max,064faade407578ba161d2b0d0771c647ed387dc1c21a2c3c4e43e92bae576022,blinded-annotation-v2-shortrefs
C008,K033,judge_a,0,labeled,Sleep pattern highly stable; no awakenings or naps recorded.,Requires changed or variable sleep pattern needing review.,"Sleep pattern is stable, not variable; condition not met.",qwen3.8-max,064faade407578ba161d2b0d0771c647ed387dc1c21a2c3c4e43e92bae576022,blinded-annotation-v2-shortrefs
C008,K034,judge_a,0,labeled,"Sleep duration mean 469.5 baseline, 469.9 window; consistently ~7.8h.",Requires several shortened nights below needed amount.,Sleep duration is stable and adequate; no repeated sleep loss observed.,qwen3.8-max,064faade407578ba161d2b0d0771c647ed387dc1c21a2c3c4e43e92bae576022,blinded-annotation-v2-shortrefs
C008,K035,judge_a,0,labeled,Weekday/weekend sleep means nearly identical (~469.5 vs 469.5 baseline).,Requires longer sleep and later timing on days off.,No weekend sleep extension observed; condition contradicted.,qwen3.8-max,064faade407578ba161d2b0d0771c647ed387dc1c21a2c3c4e43e92bae576022,blinded-annotation-v2-shortrefs
C008,K036,judge_a,0,labeled,No nap data recorded.,Requires recorded naps after shortened sleep.,Nap information absent; condition not met.,qwen3.8-max,064faade407578ba161d2b0d0771c647ed387dc1c21a2c3c4e43e92bae576022,blinded-annotation-v2-shortrefs
C008,K037,judge_a,0,labeled,Wake time fixed at 07:00 every day; no bad night reported.,Requires recent bad night and reported sleeping difficulties.,No reported bad night or insomnia symptoms; condition not met.,qwen3.8-max,064faade407578ba161d2b0d0771c647ed387dc1c21a2c3c4e43e92bae576022,blinded-annotation-v2-shortrefs
C008,K038,judge_a,0,labeled,14-day window sleep mean ~470 min; no symptom history provided.,Requires symptom history and onset for insomnia categorization.,No reported sleeping difficulties; cannot diagnose insomnia from duration alone.,qwen3.8-max,064faade407578ba161d2b0d0771c647ed387dc1c21a2c3c4e43e92bae576022,blinded-annotation-v2-shortrefs
C008,K039,judge_a,0,labeled,No travel history recorded; timezone Asia/Shanghai constant.,Requires confirmed travel across time zones.,Travel context unknown; condition not met.,qwen3.8-max,064faade407578ba161d2b0d0771c647ed387dc1c21a2c3c4e43e92bae576022,blinded-annotation-v2-shortrefs
C008,K040,judge_a,0,labeled,No travel or time-zone change data recorded.,Requires planned short trip across time zones.,Travel context unknown; condition not met.,qwen3.8-max,064faade407578ba161d2b0d0771c647ed387dc1c21a2c3c4e43e92bae576022,blinded-annotation-v2-shortrefs
C008,K041,judge_a,0,labeled,Activity duration ~53 min daily; intensity unknown.,Requires intensity information to count recommended aerobic minutes.,Generic encouragement; intensity unknown so guideline relevance unclear.,qwen3.8-max,064faade407578ba161d2b0d0771c647ed387dc1c21a2c3c4e43e92bae576022,blinded-annotation-v2-shortrefs
C008,K042,judge_a,0,labeled,Activity duration stable ~53 min; steps dropped but intensity unknown.,Requires recently low or reduced physical activity with health context.,Activity minutes stable; step drop doesn't confirm inactivity without intensity.,qwen3.8-max,064faade407578ba161d2b0d0771c647ed387dc1c21a2c3c4e43e92bae576022,blinded-annotation-v2-shortrefs
C008,K043,judge_a,0,labeled,Activity duration ~53 min daily; all intensities unknown.,Requires known moderate-intensity aerobic minutes.,Intensity unknown; condition not met for guideline assessment.,qwen3.8-max,064faade407578ba161d2b0d0771c647ed387dc1c21a2c3c4e43e92bae576022,blinded-annotation-v2-shortrefs
C008,K044,judge_a,0,labeled,Activity intensity unknown for all intervals.,Requires known vigorous intensity documentation.,Intensity unknown; condition not met.,qwen3.8-max,064faade407578ba161d2b0d0771c647ed387dc1c21a2c3c4e43e92bae576022,blinded-annotation-v2-shortrefs
C008,K045,judge_a,0,labeled,Activity duration ~53 min daily; intensity unknown.,Requires intensity for counting guideline minutes.,Intensity unknown; cannot assess guideline accumulation.,qwen3.8-max,064faade407578ba161d2b0d0771c647ed387dc1c21a2c3c4e43e92bae576022,blinded-annotation-v2-shortrefs
C008,K046,judge_a,0,labeled,"Only steps, activity minutes, and low movement recorded; no strengthening data.",Requires strengthening activity records including days and muscle groups.,No muscle-strengthening records available; condition not met.,qwen3.8-max,064faade407578ba161d2b0d0771c647ed387dc1c21a2c3c4e43e92bae576022,blinded-annotation-v2-shortrefs
C008,K047,judge_a,0,labeled,Activity intensity unknown; guideline attainment unverified.,Requires known intensity and weekly duration above minimum.,Intensity unknown; cannot assess additional benefit eligibility.,qwen3.8-max,064faade407578ba161d2b0d0771c647ed387dc1c21a2c3c4e43e92bae576022,blinded-annotation-v2-shortrefs
C008,K048,judge_a,0,labeled,All activity intensities unknown; no fitness level data.,Requires fitness or perceived effort for intensity interpretation.,Intensity and fitness unknown; condition not met.,qwen3.8-max,064faade407578ba161d2b0d0771c647ed387dc1c21a2c3c4e43e92bae576022,blinded-annotation-v2-shortrefs
C008,K049,judge_a,0,labeled,All activity interval intensities marked unknown.,Requires observed effort or talk-test during aerobic activity.,Effort unrecorded; condition not met.,qwen3.8-max,064faade407578ba161d2b0d0771c647ed387dc1c21a2c3c4e43e92bae576022,blinded-annotation-v2-shortrefs
C008,K050,judge_a,2,labeled,Steps dropped ~3119/day in window; activity duration remained ~53 min.,Steps change while other activity may differ; intensity unknown.,Core explains why large step drop coexists with stable activity minutes.,qwen3.8-max,064faade407578ba161d2b0d0771c647ed387dc1c21a2c3c4e43e92bae576022,blinded-annotation-v2-shortrefs
C008,K051,judge_a,0,labeled,Steps dropped; no transport or mobility context recorded.,Requires mobility and transport context for specific options.,Transport context unknown; generic advice without connection.,qwen3.8-max,064faade407578ba161d2b0d0771c647ed387dc1c21a2c3c4e43e92bae576022,blinded-annotation-v2-shortrefs
C008,K052,judge_a,0,labeled,No preference or availability data recorded.,Requires personal preferences and availability for choosing options.,Preferences unknown; generic advice without connection.,qwen3.8-max,064faade407578ba161d2b0d0771c647ed387dc1c21a2c3c4e43e92bae576022,blinded-annotation-v2-shortrefs
C008,K053,judge_a,0,labeled,Activity duration stable; no social preference or motivation data.,Requires reported motivational or social barrier.,No evidence of motivational barrier; generic advice without connection.,qwen3.8-max,064faade407578ba161d2b0d0771c647ed387dc1c21a2c3c4e43e92bae576022,blinded-annotation-v2-shortrefs
C008,K054,judge_a,0,labeled,Window steps dropped ~3100/day; activity duration stable ~53 min.,Requires reported time barrier to apply diary suggestion.,Steps declined but activity minutes did not; no reported time barrier supports this item.,qwen3.8-max,064faade407578ba161d2b0d0771c647ed387dc1c21a2c3c4e43e92bae576022,blinded-annotation-v2-shortrefs
C008,K055,judge_a,0,labeled,No schedule constraint or competing demand data recorded.,Requires reported competing demands reducing activity.,Schedule reason unknown; condition not met.,qwen3.8-max,064faade407578ba161d2b0d0771c647ed387dc1c21a2c3c4e43e92bae576022,blinded-annotation-v2-shortrefs
C008,K056,judge_a,0,labeled,No chronic condition or disability data recorded.,Requires established chronic condition or special need.,Medical context unknown; condition not met.,qwen3.8-max,064faade407578ba161d2b0d0771c647ed387dc1c21a2c3c4e43e92bae576022,blinded-annotation-v2-shortrefs
C008,K057,judge_a,0,labeled,Low movement intervals ~44-46 min each; device low movement is not confirmed sitting.,Requires mobility/posture context for individual sitting claim.,Posture unconfirmed; cannot establish actual sitting behavior.,qwen3.8-max,064faade407578ba161d2b0d0771c647ed387dc1c21a2c3c4e43e92bae576022,blinded-annotation-v2-shortrefs
C008,K058,judge_a,0,labeled,Activity ~53 min; low movement ~450 min; posture unconfirmed.,Requires sitting posture and known intensity for guideline claims.,Posture unconfirmed; cannot establish prolonged sitting concern.,qwen3.8-max,064faade407578ba161d2b0d0771c647ed387dc1c21a2c3c4e43e92bae576022,blinded-annotation-v2-shortrefs
C008,K059,judge_a,0,labeled,"Low movement minutes baseline mean 448, window mean 451; device low movement is not confirmed sitting.",Requires confirmed sitting for sedentary-time conclusion.,Low movement increased slightly but posture unconfirmed; condition not met.,qwen3.8-max,064faade407578ba161d2b0d0771c647ed387dc1c21a2c3c4e43e92bae576022,blinded-annotation-v2-shortrefs
C008,K060,judge_a,0,labeled,No commuting or transport data recorded.,Requires established sedentary commuting context.,Commute unknown; condition not met.,qwen3.8-max,064faade407578ba161d2b0d0771c647ed387dc1c21a2c3c4e43e92bae576022,blinded-annotation-v2-shortrefs
C008,K061,judge_a,0,labeled,Low movement intervals present; no workplace or desk context known.,Requires desk work with prolonged sitting context.,Work context unknown; condition not met.,qwen3.8-max,064faade407578ba161d2b0d0771c647ed387dc1c21a2c3c4e43e92bae576022,blinded-annotation-v2-shortrefs
C008,K062,judge_a,0,labeled,No workplace or meeting data recorded.,Requires meetings or desk work involving prolonged sitting.,Workplace context unknown; condition not met.,qwen3.8-max,064faade407578ba161d2b0d0771c647ed387dc1c21a2c3c4e43e92bae576022,blinded-annotation-v2-shortrefs
C008,K063,judge_a,0,labeled,No television viewing or screen habit data recorded.,Requires prolonged sitting while watching television.,Screen habits unknown; condition not met.,qwen3.8-max,064faade407578ba161d2b0d0771c647ed387dc1c21a2c3c4e43e92bae576022,blinded-annotation-v2-shortrefs
C008,K064,judge_a,0,labeled,No leisure routine or seated hobby data recorded.,Requires substantial habitual seated leisure context.,Leisure context unknown; condition not met.,qwen3.8-max,064faade407578ba161d2b0d0771c647ed387dc1c21a2c3c4e43e92bae576022,blinded-annotation-v2-shortrefs
C008,K065,judge_a,1,labeled,Steps dropped ~3119; activity duration stable ~53 min; low movement stable.,Everyday movement considered separately from formal exercise.,Supports distinguishing step-based movement from total activity in observed data.,qwen3.8-max,064faade407578ba161d2b0d0771c647ed387dc1c21a2c3c4e43e92bae576022,blinded-annotation-v2-shortrefs
C008,K066,judge_a,0,labeled,No workday lunch-break context recorded.,Requires known workday lunch-break access and mobility.,Lunch-break context unknown; condition not met.,qwen3.8-max,064faade407578ba161d2b0d0771c647ed387dc1c21a2c3c4e43e92bae576022,blinded-annotation-v2-shortrefs
C008,K067,judge_a,0,labeled,Steps decreased; no stair access or mobility data.,Requires accessible stairs and safe mobility context.,Stair access unknown; generic advice without connection.,qwen3.8-max,064faade407578ba161d2b0d0771c647ed387dc1c21a2c3c4e43e92bae576022,blinded-annotation-v2-shortrefs
C008,K068,judge_a,1,labeled,Low movement ~448-451 min/day in ~45 min intervals; posture unconfirmed.,Low-movement intervals available without posture measurement.,Directly warns against treating these low-movement intervals as confirmed sitting.,qwen3.8-max,064faade407578ba161d2b0d0771c647ed387dc1c21a2c3c4e43e92bae576022,blinded-annotation-v2-shortrefs
C008,K069,judge_a,0,labeled,Activity duration stable; sleep stable; no causal link established.,Requires joint review without declaring causation from few observations.,Generic benefit statement; no specific pattern explained here.,qwen3.8-max,064faade407578ba161d2b0d0771c647ed387dc1c21a2c3c4e43e92bae576022,blinded-annotation-v2-shortrefs
C008,K070,judge_a,0,labeled,Activity duration stable; no outdoor exposure data.,Requires outdoor access and mobility for specific plan.,Cannot infer outdoor exposure from movement counts; condition not met.,qwen3.8-max,064faade407578ba161d2b0d0771c647ed387dc1c21a2c3c4e43e92bae576022,blinded-annotation-v2-shortrefs
C008,K071,judge_a,1,labeled,Activity intervals 21:00-~22:00; sleep starts ~22:45-22:57; intensity unknown.,Activity occurs close to bedtime; intensity must be known.,Late activity present but intensity unknown; partially relevant context.,qwen3.8-max,064faade407578ba161d2b0d0771c647ed387dc1c21a2c3c4e43e92bae576022,blinded-annotation-v2-shortrefs
C008,K072,judge_a,0,labeled,Activity 21:00-22:00; no insomnia symptoms reported.,Requires exercise near bedtime with reported insomnia symptoms.,No insomnia symptoms; temporal adjacency alone insufficient.,qwen3.8-max,064faade407578ba161d2b0d0771c647ed387dc1c21a2c3c4e43e92bae576022,blinded-annotation-v2-shortrefs
C008,K073,judge_a,1,labeled,Activity intervals recorded 21:00-~22:00 daily; sleep starts ~22:45-22:57.,Activity intervals needed for timing comparisons with subsequent sleep.,Supports comparing evening activity timing with following sleep onset.,qwen3.8-max,064faade407578ba161d2b0d0771c647ed387dc1c21a2c3c4e43e92bae576022,blinded-annotation-v2-shortrefs
C008,K074,judge_a,0,labeled,No emergency responder deployment context recorded.,Requires confirmed emergency-response deployment context.,Deployment context unknown; condition not met.,qwen3.8-max,064faade407578ba161d2b0d0771c647ed387dc1c21a2c3c4e43e92bae576022,blinded-annotation-v2-shortrefs
C008,K075,judge_a,0,labeled,No tiredness or energy level data recorded.,Requires reported tiredness limiting activity.,No tiredness history; condition not met.,qwen3.8-max,064faade407578ba161d2b0d0771c647ed387dc1c21a2c3c4e43e92bae576022,blinded-annotation-v2-shortrefs
C008,K076,judge_a,0,labeled,No substance or medication data recorded.,Requires substance and medication history for causal interpretation.,Exposures unrecorded; condition not met.,qwen3.8-max,064faade407578ba161d2b0d0771c647ed387dc1c21a2c3c4e43e92bae576022,blinded-annotation-v2-shortrefs
C008,K077,judge_a,1,labeled,"RHR recorded daily, mean ~56 bpm, range 55-57.",Resting heart rate observations available for interpretation.,Defines what the recorded RHR metric represents in this dataset.,qwen3.8-max,064faade407578ba161d2b0d0771c647ed387dc1c21a2c3c4e43e92bae576022,blinded-annotation-v2-shortrefs
C008,K078,judge_a,1,labeled,Daily RHR recorded; metadata notes nocturnal RHR and RMSSD separately.,Daily resting heart-rate trend being interpreted; measure context known.,Supports distinguishing daily RHR from sleeping heart rate in this dataset.,qwen3.8-max,064faade407578ba161d2b0d0771c647ed387dc1c21a2c3c4e43e92bae576022,blinded-annotation-v2-shortrefs
C008,K079,judge_a,0,labeled,"RHR stable 55-57 bpm; no caffeine, stress, or medication data.",Requires RHR change and exposure info to attribute cause.,RHR essentially unchanged; no exposures recorded to explain anything.,qwen3.8-max,064faade407578ba161d2b0d0771c647ed387dc1c21a2c3c4e43e92bae576022,blinded-annotation-v2-shortrefs
C008,K080,judge_a,1,labeled,"RHR mean 56.1 baseline, 56.3 window; HRV RMSSD mean 45.2 baseline, 45.5 window.",HRV and heart-rate estimates interpreted together.,Supports distinguishing RHR from HRV when reviewing both stable trends.,qwen3.8-max,064faade407578ba161d2b0d0771c647ed387dc1c21a2c3c4e43e92bae576022,blinded-annotation-v2-shortrefs
C008,K081,judge_a,1,labeled,HRV RMSSD stable 43-47 ms across both periods.,HRV level being reviewed; personal history context needed.,Supports interpreting stable HRV within personal context rather than universally.,qwen3.8-max,064faade407578ba161d2b0d0771c647ed387dc1c21a2c3c4e43e92bae576022,blinded-annotation-v2-shortrefs
C008,K082,judge_a,1,labeled,28-day baseline provides personal history for all vitals.,Sufficient same-metric personal history for trend context.,Baseline period enables personal-range comparison for window observations.,qwen3.8-max,064faade407578ba161d2b0d0771c647ed387dc1c21a2c3c4e43e92bae576022,blinded-annotation-v2-shortrefs
C008,K083,judge_a,1,labeled,"RHR recorded daily over 28 baseline + 14 window days, mean ~56 bpm.",Repeated resting heart-rate readings available for trend review.,Supports interpreting the multi-day RHR series rather than isolated values.,qwen3.8-max,064faade407578ba161d2b0d0771c647ed387dc1c21a2c3c4e43e92bae576022,blinded-annotation-v2-shortrefs
C008,K084,judge_a,1,labeled,"HRV RMSSD recorded nightly, stable 43-47 ms.",HRV trend available for wellness monitoring.,"Clarifies HRV data is for wellness observation, not medical diagnosis.",qwen3.8-max,064faade407578ba161d2b0d0771c647ed387dc1c21a2c3c4e43e92bae576022,blinded-annotation-v2-shortrefs
C008,K085,judge_a,2,labeled,HRV metric is hrv_rmssd_ms; metadata defines night RMSSD.,HRV records identify RMSSD as their metric.,Directly confirms the HRV metric definition used in the wearable data.,qwen3.8-max,064faade407578ba161d2b0d0771c647ed387dc1c21a2c3c4e43e92bae576022,blinded-annotation-v2-shortrefs
C008,K086,judge_a,1,labeled,HRV RMSSD recorded nightly; sleep durations 463-478 min (>3h).,Compatible collection definition and sleep coverage for HRV.,Confirms sleep periods exceed 3h threshold needed for valid HRV collection.,qwen3.8-max,064faade407578ba161d2b0d0771c647ed387dc1c21a2c3c4e43e92bae576022,blinded-annotation-v2-shortrefs
C008,K087,judge_a,0,labeled,Only sleep duration and timing recorded; no sleep-stage data.,Requires sleep-stage measurements.,No sleep-stage data available; condition not met.,qwen3.8-max,064faade407578ba161d2b0d0771c647ed387dc1c21a2c3c4e43e92bae576022,blinded-annotation-v2-shortrefs
C008,K088,judge_a,0,labeled,RHR and HRV stable; no health concerns reported.,Requires reported health concerns about a vital trend.,No reported concerns; generic disclaimer without specific connection.,qwen3.8-max,064faade407578ba161d2b0d0771c647ed387dc1c21a2c3c4e43e92bae576022,blinded-annotation-v2-shortrefs
C008,K089,judge_a,0,labeled,RHR stable 55-57 bpm; no wear quality issues noted.,Requires unreliable readings or wear quality changes.,No evidence of fit problems; condition not met.,qwen3.8-max,064faade407578ba161d2b0d0771c647ed387dc1c21a2c3c4e43e92bae576022,blinded-annotation-v2-shortrefs
C008,K090,judge_a,1,labeled,Nighttime coverage 483-498 min; Apr 7 daytime wear only 360 min.,Overnight vitals require separate night-time wear information.,Confirms night coverage validity despite Apr 7 daytime insufficiency.,qwen3.8-max,064faade407578ba161d2b0d0771c647ed387dc1c21a2c3c4e43e92bae576022,blinded-annotation-v2-shortrefs
C008,K091,judge_a,1,labeled,Apr 7 steps/activity null due to 360 min daytime wear; sleep metrics present.,Missing vitals with limited data; not physiological zeros.,"Explains Apr 7 missing daytime metrics reflect insufficient coverage, not zero activity.",qwen3.8-max,064faade407578ba161d2b0d0771c647ed387dc1c21a2c3c4e43e92bae576022,blinded-annotation-v2-shortrefs
C008,K092,judge_a,1,labeled,Apr 7 steps null with insufficient_coverage reason; sleep metrics present.,Missing data can result from sync/support rather than health change.,"Explains Apr 7 missing steps as data availability issue, not physiological change.",qwen3.8-max,064faade407578ba161d2b0d0771c647ed387dc1c21a2c3c4e43e92bae576022,blinded-annotation-v2-shortrefs
C008,K093,judge_a,0,labeled,Single synthetic device used throughout; no device switch indicated.,Requires device or algorithm change affecting comparisons.,Same device throughout; condition not met.,qwen3.8-max,064faade407578ba161d2b0d0771c647ed387dc1c21a2c3c4e43e92bae576022,blinded-annotation-v2-shortrefs
C008,K094,judge_a,1,labeled,Sleep duration ~470 min derived from device; boundaries recorded.,Device-estimated sleep duration and boundaries available.,"Clarifies that recorded sleep duration is an estimate, not clinical measurement.",qwen3.8-max,064faade407578ba161d2b0d0771c647ed387dc1c21a2c3c4e43e92bae576022,blinded-annotation-v2-shortrefs
C008,K095,judge_a,1,labeled,Nighttime coverage 483-498 min all nights; no missing sleep records.,Night-time wear record available for sleep detection.,Confirms device was worn overnight supporting valid sleep detection.,qwen3.8-max,064faade407578ba161d2b0d0771c647ed387dc1c21a2c3c4e43e92bae576022,blinded-annotation-v2-shortrefs
C008,K096,judge_a,2,labeled,Steps dropped ~3119/day while activity duration stayed ~53 min.,Step readings change with possible measurement limitations; arm swing needed.,Core explains step drop mechanism when arm motion changes despite stable activity.,qwen3.8-max,064faade407578ba161d2b0d0771c647ed387dc1c21a2c3c4e43e92bae576022,blinded-annotation-v2-shortrefs
C009,K001,judge_a,2,labeled,Sleep duration mean 471 min (~7.85 hrs); age band 18-60.,Requires sleep duration below recommendation for age 18-60.,Directly confirms observed sleep meets the 7+ hour recommendation for this age band; core context.,qwen3.8-max,5c2ece7f992b23677c6a4a5349f2112dacb383178467d4af5a2672405ed00273,blinded-annotation-v2-shortrefs
C009,K002,judge_a,0,labeled,Age band 18-60; not 61-64.,Requires age 61 to 64 established.,Age group explicitly contradicts applicability.,qwen3.8-max,5c2ece7f992b23677c6a4a5349f2112dacb383178467d4af5a2672405ed00273,blinded-annotation-v2-shortrefs
C009,K003,judge_a,0,labeled,Age band 18-60; not 65 or older.,Requires age at least 65 established.,Age group explicitly contradicts applicability; not relevant.,qwen3.8-max,5c2ece7f992b23677c6a4a5349f2112dacb383178467d4af5a2672405ed00273,blinded-annotation-v2-shortrefs
C009,K004,judge_a,0,labeled,Age band 18-60; not teenager.,Requires teenage age group established.,Age group explicitly contradicts applicability.,qwen3.8-max,5c2ece7f992b23677c6a4a5349f2112dacb383178467d4af5a2672405ed00273,blinded-annotation-v2-shortrefs
C009,K005,judge_a,0,labeled,Sleep duration ~471 min nightly; no schedule constraint data.,Requires repeatedly shortened sleep opportunity or duration.,Sleep is adequate and stable; no evidence of schedule-related shortage.,qwen3.8-max,5c2ece7f992b23677c6a4a5349f2112dacb383178467d4af5a2672405ed00273,blinded-annotation-v2-shortrefs
C009,K006,judge_a,0,labeled,Mean sleep ~471 min (~7.85 hrs) in both periods; meets adult recommendations.,Requires consistently short sleep even without new decline.,"Sleep duration is adequate per CDC guidelines, not short.",qwen3.8-max,5c2ece7f992b23677c6a4a5349f2112dacb383178467d4af5a2672405ed00273,blinded-annotation-v2-shortrefs
C009,K007,judge_a,1,labeled,Sleep duration ~471 min recorded; no awakenings or refreshment data.,Requires sleep duration recorded but quality may be unknown.,Directly relevant caveat: duration alone doesn't establish quality; no quality metrics available.,qwen3.8-max,5c2ece7f992b23677c6a4a5349f2112dacb383178467d4af5a2672405ed00273,blinded-annotation-v2-shortrefs
C009,K008,judge_a,0,labeled,No awakening data recorded; only sleep start/end/duration.,Requires awakening history or measured sleep continuity.,Awakenings not measured; duration alone cannot indicate them.,qwen3.8-max,5c2ece7f992b23677c6a4a5349f2112dacb383178467d4af5a2672405ed00273,blinded-annotation-v2-shortrefs
C009,K009,judge_a,0,labeled,Sleep ~471 min (<8 hrs); no subjective refreshment data.,Requires more than eight hours sleep with reported lack of refreshment.,Sleep under 8 hours; feeling rested status unknown.,qwen3.8-max,5c2ece7f992b23677c6a4a5349f2112dacb383178467d4af5a2672405ed00273,blinded-annotation-v2-shortrefs
C009,K010,judge_a,0,labeled,Sleep duration adequate ~471 min; no cognitive performance data.,Requires repeatedly shortened sleep.,No sleep restriction observed; cannot infer cognitive effects.,qwen3.8-max,5c2ece7f992b23677c6a4a5349f2112dacb383178467d4af5a2672405ed00273,blinded-annotation-v2-shortrefs
C009,K011,judge_a,0,labeled,Sleep duration mean 471 min (~7.85 hrs) in both periods; no reduction observed.,Requires several nights of reduced sleep duration.,No repeated sleep restriction present; sleep is adequate and stable.,qwen3.8-max,5c2ece7f992b23677c6a4a5349f2112dacb383178467d4af5a2672405ed00273,blinded-annotation-v2-shortrefs
C009,K012,judge_a,0,labeled,Sleep duration adequate ~471 min; no ongoing deficiency observed.,Requires ongoing insufficient sleep.,No sleep deficiency present; general immune information not applicable.,qwen3.8-max,5c2ece7f992b23677c6a4a5349f2112dacb383178467d4af5a2672405ed00273,blinded-annotation-v2-shortrefs
C009,K013,judge_a,0,labeled,Sleep adequate ~471 min; no appetite or food intake data.,Requires repeated insufficient sleep.,No sleep insufficiency; appetite data unavailable.,qwen3.8-max,5c2ece7f992b23677c6a4a5349f2112dacb383178467d4af5a2672405ed00273,blinded-annotation-v2-shortrefs
C009,K014,judge_a,0,labeled,No sleepiness or driving context recorded.,Requires reported sleepiness and driving plans.,Neither sleepiness nor driving context established.,qwen3.8-max,5c2ece7f992b23677c6a4a5349f2112dacb383178467d4af5a2672405ed00273,blinded-annotation-v2-shortrefs
C009,K015,judge_a,1,labeled,Sleep ~471 min nightly; individual experience unknown.,Requires adult sleep duration being reviewed.,Provides context that duration adequacy depends on individual needs beyond population averages.,qwen3.8-max,5c2ece7f992b23677c6a4a5349f2112dacb383178467d4af5a2672405ed00273,blinded-annotation-v2-shortrefs
C009,K016,judge_a,0,labeled,No sleeping difficulties reported; 14-day window only.,Requires reported sleeping difficulties or months-long insomnia.,No insomnia symptoms; brief window insufficient for this guidance.,qwen3.8-max,5c2ece7f992b23677c6a4a5349f2112dacb383178467d4af5a2672405ed00273,blinded-annotation-v2-shortrefs
C009,K017,judge_a,1,labeled,Sleep start varies 22:42-22:58; wake time fixed at 07:00.,Requires repeated variability in bedtime or wake time.,"Bedtime varies ~16 min range; item provides context for evaluating consistency, though variation is modest.",qwen3.8-max,5c2ece7f992b23677c6a4a5349f2112dacb383178467d4af5a2672405ed00273,blinded-annotation-v2-shortrefs
C009,K018,judge_a,0,labeled,Wake time perfectly consistent at 07:00 every day; no sleeping difficulties reported.,Requires inconsistent wake time with reported sleeping difficulties.,Wake time is already maximally consistent; no insomnia symptoms present.,qwen3.8-max,5c2ece7f992b23677c6a4a5349f2112dacb383178467d4af5a2672405ed00273,blinded-annotation-v2-shortrefs
C009,K019,judge_a,1,labeled,"Weekday sleep start mean 649.2 min, weekend 650.0 min from noon (baseline).",Requires bedtime/wake time differs substantially between weekdays and weekends.,Data show weekday-weekend difference is <1 min; item's condition not met but provides relevant comparison context.,qwen3.8-max,5c2ece7f992b23677c6a4a5349f2112dacb383178467d4af5a2672405ed00273,blinded-annotation-v2-shortrefs
C009,K020,judge_a,0,labeled,Sleep start ~22:45-22:58; no pre-bed activity data.,Requires information about pre-bed activities.,Pre-bedtime activities unknown; timestamps alone insufficient.,qwen3.8-max,5c2ece7f992b23677c6a4a5349f2112dacb383178467d4af5a2672405ed00273,blinded-annotation-v2-shortrefs
C009,K021,judge_a,0,labeled,No screen exposure data recorded before bed.,Requires known bright-screen exposure shortly before bed.,Screen exposure unknown; cannot attribute sleep patterns to screens.,qwen3.8-max,5c2ece7f992b23677c6a4a5349f2112dacb383178467d4af5a2672405ed00273,blinded-annotation-v2-shortrefs
C009,K022,judge_a,0,labeled,No caffeine intake records in wearable data.,Requires known afternoon or evening caffeine use.,Caffeine history unknown; cannot connect to observed patterns.,qwen3.8-max,5c2ece7f992b23677c6a4a5349f2112dacb383178467d4af5a2672405ed00273,blinded-annotation-v2-shortrefs
C009,K023,judge_a,0,labeled,No meal timing or size data recorded.,Requires known large meal shortly before bed.,Meal information completely absent from wearable data.,qwen3.8-max,5c2ece7f992b23677c6a4a5349f2112dacb383178467d4af5a2672405ed00273,blinded-annotation-v2-shortrefs
C009,K024,judge_a,0,labeled,No alcohol consumption data recorded.,Requires alcohol use near bedtime reported.,Alcohol exposure unknown; cannot connect to sleep observations.,qwen3.8-max,5c2ece7f992b23677c6a4a5349f2112dacb383178467d4af5a2672405ed00273,blinded-annotation-v2-shortrefs
C009,K025,judge_a,0,labeled,No nicotine use data recorded.,Requires nicotine exposure established.,Nicotine use unknown; cannot link to sleep observations.,qwen3.8-max,5c2ece7f992b23677c6a4a5349f2112dacb383178467d4af5a2672405ed00273,blinded-annotation-v2-shortrefs
C009,K026,judge_a,0,labeled,No bedroom environment data recorded.,Requires known disruptive bedroom environment.,Bedroom conditions unknown; cannot connect to sleep observations.,qwen3.8-max,5c2ece7f992b23677c6a4a5349f2112dacb383178467d4af5a2672405ed00273,blinded-annotation-v2-shortrefs
C009,K027,judge_a,0,labeled,No relaxation difficulty or routine request data.,Requires reported difficulty relaxing or request for options.,No evidence of relaxation issues; generic routine suggestion.,qwen3.8-max,5c2ece7f992b23677c6a4a5349f2112dacb383178467d4af5a2672405ed00273,blinded-annotation-v2-shortrefs
C009,K028,judge_a,0,labeled,No nap data recorded in wearable observations.,Requires adult naps recorded or reported.,Nap history unknown; cannot apply nap guidance.,qwen3.8-max,5c2ece7f992b23677c6a4a5349f2112dacb383178467d4af5a2672405ed00273,blinded-annotation-v2-shortrefs
C009,K029,judge_a,0,labeled,No shift work data; sleep schedule stable.,Requires confirmed shift-work schedule.,Shift work not established; sleep times are consistent.,qwen3.8-max,5c2ece7f992b23677c6a4a5349f2112dacb383178467d4af5a2672405ed00273,blinded-annotation-v2-shortrefs
C009,K030,judge_a,0,labeled,No shift work established.,Requires confirmed shift work.,Shift work unknown; lighting advice not applicable.,qwen3.8-max,5c2ece7f992b23677c6a4a5349f2112dacb383178467d4af5a2672405ed00273,blinded-annotation-v2-shortrefs
C009,K031,judge_a,0,labeled,No shift work or caffeine data recorded.,Requires shift worker using caffeine.,Neither shift work nor caffeine use established.,qwen3.8-max,5c2ece7f992b23677c6a4a5349f2112dacb383178467d4af5a2672405ed00273,blinded-annotation-v2-shortrefs
C009,K032,judge_a,0,labeled,"All sleep occurs overnight (start ~22:45-22:58, end 07:00); no shift work indicated.",Requires daytime sleep associated with shift work.,Only ordinary overnight sleep recorded; shift work not established.,qwen3.8-max,5c2ece7f992b23677c6a4a5349f2112dacb383178467d4af5a2672405ed00273,blinded-annotation-v2-shortrefs
C009,K033,judge_a,1,labeled,Sleep start varies ~22:42-22:58; no awakenings or naps recorded.,Requires changed or variable sleep pattern needing review.,Supports value of diary for capturing unrecorded awakenings/naps alongside observed timing variation.,qwen3.8-max,5c2ece7f992b23677c6a4a5349f2112dacb383178467d4af5a2672405ed00273,blinded-annotation-v2-shortrefs
C009,K034,judge_a,0,labeled,Sleep duration stable ~471 min; no shortened nights observed.,Requires several shortened nights rather than single reading.,No sleep loss accumulation present; sleep is consistently adequate.,qwen3.8-max,5c2ece7f992b23677c6a4a5349f2112dacb383178467d4af5a2672405ed00273,blinded-annotation-v2-shortrefs
C009,K035,judge_a,0,labeled,Weekend sleep mean 470.0 min vs weekday 470.8 min (baseline); no extra sleep on weekends.,Requires longer sleep and later timing on days off.,No weekend sleep extension observed; condition not met.,qwen3.8-max,5c2ece7f992b23677c6a4a5349f2112dacb383178467d4af5a2672405ed00273,blinded-annotation-v2-shortrefs
C009,K036,judge_a,0,labeled,No nap data recorded.,Requires recorded naps after shortened night-time sleep.,No nap information available; sleep duration adequate.,qwen3.8-max,5c2ece7f992b23677c6a4a5349f2112dacb383178467d4af5a2672405ed00273,blinded-annotation-v2-shortrefs
C009,K037,judge_a,0,labeled,Sleep duration stable ~471 min; no bad nights or insomnia reported.,Requires recent bad night and sleeping difficulties.,No evidence of bad nights or sleeping difficulties in data.,qwen3.8-max,5c2ece7f992b23677c6a4a5349f2112dacb383178467d4af5a2672405ed00273,blinded-annotation-v2-shortrefs
C009,K038,judge_a,0,labeled,Sleep duration stable ~470 min/night across 42 days; no reported sleeping difficulties.,Requires reported sleeping difficulties with known duration.,"No insomnia symptoms reported; sleep duration is stable, not diagnostic of insomnia.",qwen3.8-max,5c2ece7f992b23677c6a4a5349f2112dacb383178467d4af5a2672405ed00273,blinded-annotation-v2-shortrefs
C009,K039,judge_a,0,labeled,No travel history; sleep start times stable around 22:45-22:58.,Requires confirmed travel across time zones.,No travel context; sleep timing changes are minimal and stable.,qwen3.8-max,5c2ece7f992b23677c6a4a5349f2112dacb383178467d4af5a2672405ed00273,blinded-annotation-v2-shortrefs
C009,K040,judge_a,0,labeled,No travel history or timezone changes recorded.,Requires a short trip across time zones planned.,Travel context unknown; sleep timing stable throughout.,qwen3.8-max,5c2ece7f992b23677c6a4a5349f2112dacb383178467d4af5a2672405ed00273,blinded-annotation-v2-shortrefs
C009,K041,judge_a,0,labeled,Activity ~55 min/day; intensity unknown.,Requires intensity information to count recommended aerobic minutes.,Generic encouragement; intensity unknown prevents guideline assessment.,qwen3.8-max,5c2ece7f992b23677c6a4a5349f2112dacb383178467d4af5a2672405ed00273,blinded-annotation-v2-shortrefs
C009,K042,judge_a,0,labeled,Activity stable ~55 min/day; no recent inactivity period.,Requires recently low or reduced physical activity.,No evidence of inactivity; activity levels consistent throughout.,qwen3.8-max,5c2ece7f992b23677c6a4a5349f2112dacb383178467d4af5a2672405ed00273,blinded-annotation-v2-shortrefs
C009,K043,judge_a,0,labeled,Activity duration ~55 min/day but all intensities marked 'unknown'.,Requires moderate-intensity aerobic minutes documented.,Unknown intensity prevents determining if 150-min weekly target is met.,qwen3.8-max,5c2ece7f992b23677c6a4a5349f2112dacb383178467d4af5a2672405ed00273,blinded-annotation-v2-shortrefs
C009,K044,judge_a,0,labeled,All activity intensity marked 'unknown'.,Requires vigorous aerobic activity documented.,Intensity unknown; cannot determine if vigorous target applies.,qwen3.8-max,5c2ece7f992b23677c6a4a5349f2112dacb383178467d4af5a2672405ed00273,blinded-annotation-v2-shortrefs
C009,K045,judge_a,0,labeled,Activity duration ~55 min/day; intensity unknown.,Requires reduced activity or limited opportunities for long sessions.,No evidence of reduced activity or session limitations.,qwen3.8-max,5c2ece7f992b23677c6a4a5349f2112dacb383178467d4af5a2672405ed00273,blinded-annotation-v2-shortrefs
C009,K046,judge_a,0,labeled,Only steps and activity minutes recorded; no strengthening data.,Requires strengthening activity records including days and muscle groups.,No muscle-strengthening information available in wearable data.,qwen3.8-max,5c2ece7f992b23677c6a4a5349f2112dacb383178467d4af5a2672405ed00273,blinded-annotation-v2-shortrefs
C009,K047,judge_a,0,labeled,Activity intensity unknown; guideline attainment unverified.,Requires documented aerobic activity reaching adult guideline.,Cannot verify guideline attainment with unknown intensity.,qwen3.8-max,5c2ece7f992b23677c6a4a5349f2112dacb383178467d4af5a2672405ed00273,blinded-annotation-v2-shortrefs
C009,K048,judge_a,0,labeled,All activity intensity marked 'unknown'; no fitness data.,Requires fitness or perceived effort for intensity interpretation.,Cannot assign intensity from movement totals alone; intensity unknown.,qwen3.8-max,5c2ece7f992b23677c6a4a5349f2112dacb383178467d4af5a2672405ed00273,blinded-annotation-v2-shortrefs
C009,K049,judge_a,0,labeled,All activity intervals have intensity 'unknown'; ~55 min/day recorded.,Requires effort during aerobic activity being assessed.,Activity intensity unrecorded; talk test cannot be applied to unknown-intensity data.,qwen3.8-max,5c2ece7f992b23677c6a4a5349f2112dacb383178467d4af5a2672405ed00273,blinded-annotation-v2-shortrefs
C009,K050,judge_a,1,labeled,Steps mean 7938 baseline vs 7923 window; activity duration slightly increased.,Requires steps change while other activity may differ.,Supported contextual note that stable steps don't rule out activity changes; minor connection.,qwen3.8-max,5c2ece7f992b23677c6a4a5349f2112dacb383178467d4af5a2672405ed00273,blinded-annotation-v2-shortrefs
C009,K051,judge_a,0,labeled,Steps and activity stable across periods; no declining movement.,Requires low or declining routine movement.,"Movement is stable, not declining; generic advice without specific connection.",qwen3.8-max,5c2ece7f992b23677c6a4a5349f2112dacb383178467d4af5a2672405ed00273,blinded-annotation-v2-shortrefs
C009,K052,judge_a,0,labeled,Activity stable ~55 min/day; no preferences or availability data.,Requires activity habit low or difficult to maintain.,No evidence of activity maintenance difficulty; generic advice.,qwen3.8-max,5c2ece7f992b23677c6a4a5349f2112dacb383178467d4af5a2672405ed00273,blinded-annotation-v2-shortrefs
C009,K053,judge_a,0,labeled,No social preference or motivational barrier data.,Requires person wants support maintaining activity.,No evidence of motivational or social barriers to activity.,qwen3.8-max,5c2ece7f992b23677c6a4a5349f2112dacb383178467d4af5a2672405ed00273,blinded-annotation-v2-shortrefs
C009,K054,judge_a,0,labeled,Activity stable ~55 min/day; no time barrier reported.,Requires low activity with reported time barrier.,No evidence of time-limited activity; activity levels stable.,qwen3.8-max,5c2ece7f992b23677c6a4a5349f2112dacb383178467d4af5a2672405ed00273,blinded-annotation-v2-shortrefs
C009,K055,judge_a,0,labeled,Activity duration stable ~55 min/day; no reported competing demands.,Requires reported competing demands reducing activity.,No evidence of schedule constraints limiting activity.,qwen3.8-max,5c2ece7f992b23677c6a4a5349f2112dacb383178467d4af5a2672405ed00273,blinded-annotation-v2-shortrefs
C009,K056,judge_a,0,labeled,No chronic health conditions or disabilities recorded.,"Requires established chronic condition, disability, or special need.",Medical context unknown; cannot apply to observed activity data.,qwen3.8-max,5c2ece7f992b23677c6a4a5349f2112dacb383178467d4af5a2672405ed00273,blinded-annotation-v2-shortrefs
C009,K057,judge_a,0,labeled,Low movement intervals ~45 min each; posture not measured.,Requires mobility and posture context for sitting claim.,Device low movement is not confirmed sitting per annotation rules.,qwen3.8-max,5c2ece7f992b23677c6a4a5349f2112dacb383178467d4af5a2672405ed00273,blinded-annotation-v2-shortrefs
C009,K058,judge_a,0,labeled,~450 min low movement daily; sitting posture not confirmed.,Requires confirmed sitting posture and known activity intensity.,Low movement is not confirmed sitting per annotation rules; intensity unknown.,qwen3.8-max,5c2ece7f992b23677c6a4a5349f2112dacb383178467d4af5a2672405ed00273,blinded-annotation-v2-shortrefs
C009,K059,judge_a,0,labeled,~450 min low movement daily; posture not confirmed.,Requires confirmed sitting for sedentary-time conclusion.,Low movement does not confirm sitting posture per annotation rules.,qwen3.8-max,5c2ece7f992b23677c6a4a5349f2112dacb383178467d4af5a2672405ed00273,blinded-annotation-v2-shortrefs
C009,K060,judge_a,0,labeled,No commuting or transport data recorded.,Requires sedentary commuting established.,Commute context unknown; cannot apply to low-movement data.,qwen3.8-max,5c2ece7f992b23677c6a4a5349f2112dacb383178467d4af5a2672405ed00273,blinded-annotation-v2-shortrefs
C009,K061,judge_a,0,labeled,Low movement intervals present; workplace desk context unknown.,Requires desk work with prolonged sitting context.,Work context unknown; low movement does not confirm desk sitting.,qwen3.8-max,5c2ece7f992b23677c6a4a5349f2112dacb383178467d4af5a2672405ed00273,blinded-annotation-v2-shortrefs
C009,K062,judge_a,0,labeled,No workplace or meeting data recorded.,Requires meetings or desk work involving prolonged sitting.,Workplace context unknown; cannot apply standing meeting advice.,qwen3.8-max,5c2ece7f992b23677c6a4a5349f2112dacb383178467d4af5a2672405ed00273,blinded-annotation-v2-shortrefs
C009,K063,judge_a,0,labeled,No television viewing or screen habits recorded.,Requires prolonged sitting while watching television.,Screen habits unknown; low movement does not confirm TV watching.,qwen3.8-max,5c2ece7f992b23677c6a4a5349f2112dacb383178467d4af5a2672405ed00273,blinded-annotation-v2-shortrefs
C009,K064,judge_a,0,labeled,No leisure context or seated habits recorded.,Requires substantial habitual seated leisure.,Leisure context unknown; cannot apply replacement advice.,qwen3.8-max,5c2ece7f992b23677c6a4a5349f2112dacb383178467d4af5a2672405ed00273,blinded-annotation-v2-shortrefs
C009,K065,judge_a,1,labeled,Daily activity ~55 min plus ~450 min low movement recorded.,Requires low everyday movement despite possible formal exercise.,Contextually relevant distinction between recorded activity and total movement; supported connection.,qwen3.8-max,5c2ece7f992b23677c6a4a5349f2112dacb383178467d4af5a2672405ed00273,blinded-annotation-v2-shortrefs
C009,K066,judge_a,0,labeled,Low movement intervals recorded daily; workday lunch-break context unknown.,Requires known workday lunch-break access and mobility.,No workday or lunch-break context available to connect this suggestion to observed data.,qwen3.8-max,5c2ece7f992b23677c6a4a5349f2112dacb383178467d4af5a2672405ed00273,blinded-annotation-v2-shortrefs
C009,K067,judge_a,0,labeled,No stair access or mobility context recorded.,Requires low incidental movement with accessible stairs.,Stair access and mobility context unknown.,qwen3.8-max,5c2ece7f992b23677c6a4a5349f2112dacb383178467d4af5a2672405ed00273,blinded-annotation-v2-shortrefs
C009,K068,judge_a,1,labeled,~450 min daily low movement recorded; no posture sensor.,Requires low-movement intervals without posture measurement.,Directly supports rule that low movement ≠ confirmed sitting; core methodological caveat.,qwen3.8-max,5c2ece7f992b23677c6a4a5349f2112dacb383178467d4af5a2672405ed00273,blinded-annotation-v2-shortrefs
C009,K069,judge_a,0,labeled,Activity and sleep both stable; no causal pattern observable.,Requires activity and sleep patterns for joint review.,General benefit statement; temporal co-occurrence doesn't imply causation per rules.,qwen3.8-max,5c2ece7f992b23677c6a4a5349f2112dacb383178467d4af5a2672405ed00273,blinded-annotation-v2-shortrefs
C009,K070,judge_a,0,labeled,Activity duration stable ~55 min/day; no outdoor exposure data.,Requires low daytime activity accompanies changed sleep routine.,Activity is not low; no outdoor context available.,qwen3.8-max,5c2ece7f992b23677c6a4a5349f2112dacb383178467d4af5a2672405ed00273,blinded-annotation-v2-shortrefs
C009,K071,judge_a,0,labeled,Activity ~21:00-22:00; sleep start ~22:45-22:58; intensity unknown.,Requires intensity and actual timing relative to bedtime.,Intensity unknown; cannot determine if late activity qualifies as intense exercise.,qwen3.8-max,5c2ece7f992b23677c6a4a5349f2112dacb383178467d4af5a2672405ed00273,blinded-annotation-v2-shortrefs
C009,K072,judge_a,0,labeled,Evening activity ~21:00-22:00 daily; no insomnia symptoms reported.,Requires exercise near bedtime with reported insomnia symptoms.,No sleeping difficulties reported; temporal adjacency alone insufficient.,qwen3.8-max,5c2ece7f992b23677c6a4a5349f2112dacb383178467d4af5a2672405ed00273,blinded-annotation-v2-shortrefs
C009,K073,judge_a,1,labeled,Activity intervals ~21:00-22:00; sleep start ~22:45-22:58.,Requires activity intervals needed for timing comparisons.,Supports recording exercise timing alongside sleep; activity precedes sleep start by ~1 hour.,qwen3.8-max,5c2ece7f992b23677c6a4a5349f2112dacb383178467d4af5a2672405ed00273,blinded-annotation-v2-shortrefs
C009,K074,judge_a,0,labeled,No emergency responder deployment context.,Requires confirmed emergency-response deployment context.,Deployment context unknown; not applicable to general observations.,qwen3.8-max,5c2ece7f992b23677c6a4a5349f2112dacb383178467d4af5a2672405ed00273,blinded-annotation-v2-shortrefs
C009,K075,judge_a,0,labeled,No subjective energy or tiredness data recorded.,Requires reported tiredness limits activity.,No tiredness history available to connect scheduling advice.,qwen3.8-max,5c2ece7f992b23677c6a4a5349f2112dacb383178467d4af5a2672405ed00273,blinded-annotation-v2-shortrefs
C009,K076,judge_a,1,labeled,RHR increased +10 bpm; no substance or medication data recorded.,Requires substance and medication history for causal interpretation.,Highlights missing context needed to interpret RHR change; substances/medications unrecorded.,qwen3.8-max,5c2ece7f992b23677c6a4a5349f2112dacb383178467d4af5a2672405ed00273,blinded-annotation-v2-shortrefs
C009,K077,judge_a,2,labeled,"RHR recorded daily: baseline mean 51.8 bpm, window mean 61.7 bpm.",Requires resting heart rate observations available.,"Directly defines the RHR metric observed; distinguishes it from exercise HR, core for interpreting the +10 bpm shift.",qwen3.8-max,5c2ece7f992b23677c6a4a5349f2112dacb383178467d4af5a2672405ed00273,blinded-annotation-v2-shortrefs
C009,K078,judge_a,1,labeled,Daily RHR recorded; no sleeping HR separately identified.,Requires daily resting heart-rate trend being interpreted.,Important distinction for interpreting RHR trend; ensures correct metric comparison.,qwen3.8-max,5c2ece7f992b23677c6a4a5349f2112dacb383178467d4af5a2672405ed00273,blinded-annotation-v2-shortrefs
C009,K079,judge_a,2,labeled,RHR increased from baseline mean 51.8 to window mean 61.7 bpm (+9.9 bpm).,Requires resting heart rate changes relative to previous readings.,Core explanation that RHR rise has multiple possible causes; directly informs interpretation of the observed +10 bpm shift.,qwen3.8-max,5c2ece7f992b23677c6a4a5349f2112dacb383178467d4af5a2672405ed00273,blinded-annotation-v2-shortrefs
C009,K080,judge_a,1,labeled,RHR increased +10 bpm while HRV RMSSD remained stable ~45 ms.,Requires HRV and heart-rate estimates interpreted together.,Core definitional context explaining why RHR and HRV can diverge; they measure different quantities.,qwen3.8-max,5c2ece7f992b23677c6a4a5349f2112dacb383178467d4af5a2672405ed00273,blinded-annotation-v2-shortrefs
C009,K081,judge_a,1,labeled,HRV RMSSD stable ~45 ms across both periods.,Requires HRV level or trend being reviewed.,"Relevant context: stable HRV should be interpreted against personal baseline, not universal norms.",qwen3.8-max,5c2ece7f992b23677c6a4a5349f2112dacb383178467d4af5a2672405ed00273,blinded-annotation-v2-shortrefs
C009,K082,judge_a,2,labeled,RHR shifted from baseline mean 51.8 to window mean 61.7 over 42 days.,Requires a vital changed from a recent personal baseline.,Core methodological context for interpreting the observed RHR change against 28-day personal baseline.,qwen3.8-max,5c2ece7f992b23677c6a4a5349f2112dacb383178467d4af5a2672405ed00273,blinded-annotation-v2-shortrefs
C009,K083,judge_a,2,labeled,RHR shows sustained ~10 bpm increase over 14-day window vs 28-day baseline.,Requires repeated resting heart-rate readings or a recent change.,Directly supports reviewing the multi-day RHR trend rather than single readings; core methodological context.,qwen3.8-max,5c2ece7f992b23677c6a4a5349f2112dacb383178467d4af5a2672405ed00273,blinded-annotation-v2-shortrefs
C009,K084,judge_a,1,labeled,HRV RMSSD stable ~45 ms; RHR increased +10 bpm.,Requires HRV trend available for wellness monitoring.,"Important caveat: HRV stability is wellness observation, not diagnostic; prevents overinterpretation.",qwen3.8-max,5c2ece7f992b23677c6a4a5349f2112dacb383178467d4af5a2672405ed00273,blinded-annotation-v2-shortrefs
C009,K085,judge_a,2,labeled,"HRV recorded as hrv_rmssd_ms; baseline mean 44.8, window mean 45.1.",Requires HRV records identify RMSSD as their metric.,Directly confirms the HRV metric definition used; core for interpreting stable RMSSD alongside rising RHR.,qwen3.8-max,5c2ece7f992b23677c6a4a5349f2112dacb383178467d4af5a2672405ed00273,blinded-annotation-v2-shortrefs
C009,K086,judge_a,1,labeled,HRV RMSSD recorded nightly; sleep >3 hours each night.,Requires compatible Fitbit collection definition and sleep coverage.,Confirms HRV collection validity: all nights exceed 3-hour minimum; supports data reliability.,qwen3.8-max,5c2ece7f992b23677c6a4a5349f2112dacb383178467d4af5a2672405ed00273,blinded-annotation-v2-shortrefs
C009,K087,judge_a,0,labeled,No sleep-stage data recorded; only duration and timing.,Requires sleep-stage measurements.,Only duration/timing available; sleep stages not measured.,qwen3.8-max,5c2ece7f992b23677c6a4a5349f2112dacb383178467d4af5a2672405ed00273,blinded-annotation-v2-shortrefs
C009,K088,judge_a,0,labeled,No health concerns or symptoms reported.,Requires reported health concerns about a vital trend.,No reported concerns; generic advisory without specific connection.,qwen3.8-max,5c2ece7f992b23677c6a4a5349f2112dacb383178467d4af5a2672405ed00273,blinded-annotation-v2-shortrefs
C009,K089,judge_a,1,labeled,RHR increased ~10 bpm from baseline to window while HRV remained stable.,Requires heart-rate readings that may be unreliable or wear quality changes.,Sensor fit could explain isolated RHR change without HRV change; supported contextual possibility.,qwen3.8-max,5c2ece7f992b23677c6a4a5349f2112dacb383178467d4af5a2672405ed00273,blinded-annotation-v2-shortrefs
C009,K090,judge_a,1,labeled,Nighttime coverage 482-498 min; daytime wear 720 min daily.,Requires separate night-time wear information for overnight vitals.,Confirms overnight vitals valid: nighttime coverage separately documented and adequate.,qwen3.8-max,5c2ece7f992b23677c6a4a5349f2112dacb383178467d4af5a2672405ed00273,blinded-annotation-v2-shortrefs
C009,K091,judge_a,0,labeled,Nighttime coverage 482-498 min (>180 min); no missing vitals.,Requires a vital missing with limited night-time data.,All vitals present with adequate coverage; no missing data to explain.,qwen3.8-max,5c2ece7f992b23677c6a4a5349f2112dacb383178467d4af5a2672405ed00273,blinded-annotation-v2-shortrefs
C009,K092,judge_a,0,labeled,No missing vitals; all metrics recorded daily with adequate coverage.,Requires vitals missing or delayed.,All data present; no sync or support issues to troubleshoot.,qwen3.8-max,5c2ece7f992b23677c6a4a5349f2112dacb383178467d4af5a2672405ed00273,blinded-annotation-v2-shortrefs
C009,K093,judge_a,0,labeled,Single synthetic device used throughout; no device switch recorded.,Requires heart-rate series involve device or algorithm change.,Same device throughout; no cross-device comparison issue.,qwen3.8-max,5c2ece7f992b23677c6a4a5349f2112dacb383178467d4af5a2672405ed00273,blinded-annotation-v2-shortrefs
C009,K094,judge_a,1,labeled,Sleep duration estimated from device; sleep boundaries recorded.,Requires device-estimated sleep duration and boundaries available.,Relevant methodological context: estimated sleep differs from full period; applies to all duration data.,qwen3.8-max,5c2ece7f992b23677c6a4a5349f2112dacb383178467d4af5a2672405ed00273,blinded-annotation-v2-shortrefs
C009,K095,judge_a,1,labeled,Nighttime coverage 482-498 min; all nights have sleep records.,Requires night-time wear record for sleep readings.,Confirms device was worn overnight; supports validity of all sleep observations.,qwen3.8-max,5c2ece7f992b23677c6a4a5349f2112dacb383178467d4af5a2672405ed00273,blinded-annotation-v2-shortrefs
C009,K096,judge_a,1,labeled,Steps stable ~7900/day; device wear context consistent.,Requires step readings change with possible measurement limitations.,Relevant background on step measurement; no step change observed but informs data interpretation.,qwen3.8-max,5c2ece7f992b23677c6a4a5349f2112dacb383178467d4af5a2672405ed00273,blinded-annotation-v2-shortrefs
C010,K001,judge_a,2,labeled,"Age band 18-60; sleep duration mean 470.8 min (~7.8h) baseline, 469.1 min (~7.8h) window.",Applies to adults aged 18-60; recommends at least 7 hours.,Directly applicable age-specific recommendation; observed sleep consistently meets the >=7h threshold.,qwen3.8-max,5c882143fa4a0717c621b54faf8e1b1a68bb3f90e7be722cb7074fe180d03f61,blinded-annotation-v2-shortrefs
C010,K002,judge_a,0,labeled,"Age band is 18-60, not 61-64.",Applies to adults aged 61 to 64.,"Age condition contradicted; item targets 61-64, user is 18-60.",qwen3.8-max,5c882143fa4a0717c621b54faf8e1b1a68bb3f90e7be722cb7074fe180d03f61,blinded-annotation-v2-shortrefs
C010,K003,judge_a,0,labeled,"Age band is 18-60, not 65+.",Applies to adults aged 65 and older.,"Age condition contradicted; item targets 65+, user is 18-60.",qwen3.8-max,5c882143fa4a0717c621b54faf8e1b1a68bb3f90e7be722cb7074fe180d03f61,blinded-annotation-v2-shortrefs
C010,K004,judge_a,0,labeled,"Age band is 18-60, not 13-17.",Applies to teenagers aged 13 to 17.,"Age condition contradicted; item targets teenagers, user is adult.",qwen3.8-max,5c882143fa4a0717c621b54faf8e1b1a68bb3f90e7be722cb7074fe180d03f61,blinded-annotation-v2-shortrefs
C010,K005,judge_a,0,labeled,Sleep duration ~7.8h consistently; no evidence of insufficient sleep.,Requires repeatedly shortened sleep opportunity or duration.,No evidence of insufficient sleep; condition not met.,qwen3.8-max,5c882143fa4a0717c621b54faf8e1b1a68bb3f90e7be722cb7074fe180d03f61,blinded-annotation-v2-shortrefs
C010,K006,judge_a,0,labeled,Sleep duration ~7.8h meets adult recommendations; not consistently short.,Applies when sleep is consistently short even without new decline.,Sleep is sufficient for age group; condition not met.,qwen3.8-max,5c882143fa4a0717c621b54faf8e1b1a68bb3f90e7be722cb7074fe180d03f61,blinded-annotation-v2-shortrefs
C010,K007,judge_a,1,labeled,Sleep duration ~469 min recorded; no quality indicators like awakenings available.,Recorded hours alone do not establish sleep quality.,Important distinction for interpreting the stable duration data without quality assumptions.,qwen3.8-max,5c882143fa4a0717c621b54faf8e1b1a68bb3f90e7be722cb7074fe180d03f61,blinded-annotation-v2-shortrefs
C010,K008,judge_a,0,labeled,Only sleep start/end and duration available; no awakening data.,Requires awakening history or measured sleep continuity.,Only duration and boundaries available; cannot assess awakenings.,qwen3.8-max,5c882143fa4a0717c621b54faf8e1b1a68bb3f90e7be722cb7074fe180d03f61,blinded-annotation-v2-shortrefs
C010,K009,judge_a,0,labeled,Sleep duration ~7.8h; no subjective refreshment data recorded.,Requires >8h sleep with reported lack of refreshment.,Sleep is under 8h and feeling rested is unknown; conditions not met.,qwen3.8-max,5c882143fa4a0717c621b54faf8e1b1a68bb3f90e7be722cb7074fe180d03f61,blinded-annotation-v2-shortrefs
C010,K010,judge_a,0,labeled,No cognitive impairment symptoms recorded; sleep is sufficient.,Requires symptoms to claim actual cognitive impairment.,No repeated sleep restriction or symptoms; conditions not met.,qwen3.8-max,5c882143fa4a0717c621b54faf8e1b1a68bb3f90e7be722cb7074fe180d03f61,blinded-annotation-v2-shortrefs
C010,K011,judge_a,0,labeled,"Sleep duration means 470.8 min baseline, 469.1 min window; no repeated short nights.",Requires several nights of reduced sleep duration.,No repeated sleep restriction observed; sleep is consistently ~7.8 hours.,qwen3.8-max,5c882143fa4a0717c621b54faf8e1b1a68bb3f90e7be722cb7074fe180d03f61,blinded-annotation-v2-shortrefs
C010,K012,judge_a,0,labeled,Sleep is sufficient (~7.8h); no infection indicators.,Requires ongoing insufficient sleep.,No ongoing sleep deficiency; cannot infer immune effects or infection.,qwen3.8-max,5c882143fa4a0717c621b54faf8e1b1a68bb3f90e7be722cb7074fe180d03f61,blinded-annotation-v2-shortrefs
C010,K013,judge_a,0,labeled,No food intake or appetite information recorded.,Requires food intake or appetite information for individual claims.,Appetite data unknown; cannot infer metabolic effects from sleep duration.,qwen3.8-max,5c882143fa4a0717c621b54faf8e1b1a68bb3f90e7be722cb7074fe180d03f61,blinded-annotation-v2-shortrefs
C010,K014,judge_a,0,labeled,No reported sleepiness or driving context.,Requires sleepiness and driving plans.,Sleepiness and driving context unknown; conditions not met.,qwen3.8-max,5c882143fa4a0717c621b54faf8e1b1a68bb3f90e7be722cb7074fe180d03f61,blinded-annotation-v2-shortrefs
C010,K015,judge_a,1,labeled,Sleep duration ~7.8h consistently across 42 days.,Duration should be considered alongside individual experience.,Provides context that 7.8h falls within normal adult variation (7-9h average).,qwen3.8-max,5c882143fa4a0717c621b54faf8e1b1a68bb3f90e7be722cb7074fe180d03f61,blinded-annotation-v2-shortrefs
C010,K016,judge_a,0,labeled,14-day window only; no reported sleeping difficulties.,Requires months-long sleeping difficulties or failed habit changes.,Two-week window cannot establish months-long insomnia conditions.,qwen3.8-max,5c882143fa4a0717c621b54faf8e1b1a68bb3f90e7be722cb7074fe180d03f61,blinded-annotation-v2-shortrefs
C010,K017,judge_a,1,labeled,"Sleep start SD ~4.7 min baseline, ~3.8 min window; wake time variance 0.0.",Applies to repeated variability in bedtime or wake time.,Data shows highly consistent schedule; item provides context for why this stability is appropriate.,qwen3.8-max,5c882143fa4a0717c621b54faf8e1b1a68bb3f90e7be722cb7074fe180d03f61,blinded-annotation-v2-shortrefs
C010,K018,judge_a,0,labeled,Wake time is exactly 07:00 daily (1140 min from noon); no insomnia symptoms.,Requires inconsistent wake time with reported sleeping difficulties.,Wake time is perfectly consistent; no sleeping difficulties reported.,qwen3.8-max,5c882143fa4a0717c621b54faf8e1b1a68bb3f90e7be722cb7074fe180d03f61,blinded-annotation-v2-shortrefs
C010,K019,judge_a,1,labeled,Sleep start variance similar on weekdays (15.39) and weekends (39.36); wake time constant at 1140 min.,Applies when bedtime/wake time differs substantially between weekdays and weekends.,Weekend sleep start variance slightly higher but difference is small; partial contextual relevance.,qwen3.8-max,5c882143fa4a0717c621b54faf8e1b1a68bb3f90e7be722cb7074fe180d03f61,blinded-annotation-v2-shortrefs
C010,K020,judge_a,0,labeled,"Bedtime recorded ~22:42-22:58, but pre-bed activities unknown.",Requires information about pre-bed activities.,Timestamps exist but do not reveal what the person did before bed.,qwen3.8-max,5c882143fa4a0717c621b54faf8e1b1a68bb3f90e7be722cb7074fe180d03f61,blinded-annotation-v2-shortrefs
C010,K021,judge_a,0,labeled,No screen or light exposure information recorded.,Requires known bright-screen exposure shortly before bed.,Exposure unknown; conditions not met.,qwen3.8-max,5c882143fa4a0717c621b54faf8e1b1a68bb3f90e7be722cb7074fe180d03f61,blinded-annotation-v2-shortrefs
C010,K022,judge_a,0,labeled,No caffeine history recorded in wearable data.,Requires caffeine timing and intake.,Caffeine history unknown; conditions not met.,qwen3.8-max,5c882143fa4a0717c621b54faf8e1b1a68bb3f90e7be722cb7074fe180d03f61,blinded-annotation-v2-shortrefs
C010,K023,judge_a,0,labeled,No meal timing or size information in wearable data.,Requires known large meal shortly before bed.,Meal information unknown; conditions not met.,qwen3.8-max,5c882143fa4a0717c621b54faf8e1b1a68bb3f90e7be722cb7074fe180d03f61,blinded-annotation-v2-shortrefs
C010,K024,judge_a,0,labeled,No alcohol intake or timing recorded.,Requires alcohol intake and timing.,Alcohol exposure unknown; conditions not met.,qwen3.8-max,5c882143fa4a0717c621b54faf8e1b1a68bb3f90e7be722cb7074fe180d03f61,blinded-annotation-v2-shortrefs
C010,K025,judge_a,0,labeled,No nicotine use recorded in wearable data.,Requires nicotine exposure to link to sleep changes.,Nicotine use unknown; no supported connection to observations.,qwen3.8-max,5c882143fa4a0717c621b54faf8e1b1a68bb3f90e7be722cb7074fe180d03f61,blinded-annotation-v2-shortrefs
C010,K026,judge_a,0,labeled,No bedroom environment data recorded.,"Requires bedroom light, noise, or temperature.",Environment unknown; conditions not met.,qwen3.8-max,5c882143fa4a0717c621b54faf8e1b1a68bb3f90e7be722cb7074fe180d03f61,blinded-annotation-v2-shortrefs
C010,K027,judge_a,0,labeled,No reported difficulty relaxing or request for routine options.,Requires reported difficulty relaxing or request for routine options.,Generic advice; no specific connection to observed data.,qwen3.8-max,5c882143fa4a0717c621b54faf8e1b1a68bb3f90e7be722cb7074fe180d03f61,blinded-annotation-v2-shortrefs
C010,K028,judge_a,0,labeled,No nap history recorded in wearable data.,Requires nap duration or night-time sleep-onset difficulty.,Nap history unknown; conditions not met.,qwen3.8-max,5c882143fa4a0717c621b54faf8e1b1a68bb3f90e7be722cb7074fe180d03f61,blinded-annotation-v2-shortrefs
C010,K029,judge_a,0,labeled,No shift-work schedule recorded.,Requires confirmed shift-work schedule.,Shift work unknown; conditions not met.,qwen3.8-max,5c882143fa4a0717c621b54faf8e1b1a68bb3f90e7be722cb7074fe180d03f61,blinded-annotation-v2-shortrefs
C010,K030,judge_a,0,labeled,No shift work established.,Requires work schedule and lighting context for shift workers.,No confirmed shift work; conditions not met.,qwen3.8-max,5c882143fa4a0717c621b54faf8e1b1a68bb3f90e7be722cb7074fe180d03f61,blinded-annotation-v2-shortrefs
C010,K031,judge_a,0,labeled,No shift work or caffeine intake recorded.,Requires shift schedule and caffeine intake.,Shift work and caffeine use unknown; conditions not met.,qwen3.8-max,5c882143fa4a0717c621b54faf8e1b1a68bb3f90e7be722cb7074fe180d03f61,blinded-annotation-v2-shortrefs
C010,K032,judge_a,0,labeled,"All sleep occurs overnight (start ~22:42-22:58, end 07:00).",Requires daytime sleep associated with shift work.,Only ordinary overnight sleep recorded; shift work unknown.,qwen3.8-max,5c882143fa4a0717c621b54faf8e1b1a68bb3f90e7be722cb7074fe180d03f61,blinded-annotation-v2-shortrefs
C010,K033,judge_a,0,labeled,Sleep pattern is highly stable; no awakenings or naps recorded.,Awakenings and naps need separate records if absent.,No variable sleep pattern needing diary review; data is stable.,qwen3.8-max,5c882143fa4a0717c621b54faf8e1b1a68bb3f90e7be722cb7074fe180d03f61,blinded-annotation-v2-shortrefs
C010,K034,judge_a,0,labeled,Sleep duration consistently ~7.8h; no shortened nights observed.,Requires several shortened nights rather than a single reading.,No repeated sleep loss observed; condition not met.,qwen3.8-max,5c882143fa4a0717c621b54faf8e1b1a68bb3f90e7be722cb7074fe180d03f61,blinded-annotation-v2-shortrefs
C010,K035,judge_a,0,labeled,Weekend sleep mean 470.0 min vs weekday 468.7 min in window; difference is minimal.,Requires longer sleep and later timing on days off; actual workdays needed.,No substantial weekend sleep increase; workdays unknown.,qwen3.8-max,5c882143fa4a0717c621b54faf8e1b1a68bb3f90e7be722cb7074fe180d03f61,blinded-annotation-v2-shortrefs
C010,K036,judge_a,0,labeled,No nap information recorded in wearable data.,Requires recorded naps after shortened night-time sleep.,Nap information absent; conditions not met.,qwen3.8-max,5c882143fa4a0717c621b54faf8e1b1a68bb3f90e7be722cb7074fe180d03f61,blinded-annotation-v2-shortrefs
C010,K037,judge_a,0,labeled,No reported bad night or insomnia symptoms in data.,Requires reported bad sleep or insomnia symptoms.,Only device estimates available; no reported sleeping difficulty.,qwen3.8-max,5c882143fa4a0717c621b54faf8e1b1a68bb3f90e7be722cb7074fe180d03f61,blinded-annotation-v2-shortrefs
C010,K038,judge_a,0,labeled,14-day window only; no symptom history recorded.,Requires symptom history and onset for duration categories.,Cannot diagnose insomnia duration from 14 days of estimates alone.,qwen3.8-max,5c882143fa4a0717c621b54faf8e1b1a68bb3f90e7be722cb7074fe180d03f61,blinded-annotation-v2-shortrefs
C010,K039,judge_a,0,labeled,No travel history recorded in wearable data.,"Requires confirmed travel, destination time zone, and trip duration.",Travel context unknown; item conditions not met.,qwen3.8-max,5c882143fa4a0717c621b54faf8e1b1a68bb3f90e7be722cb7074fe180d03f61,blinded-annotation-v2-shortrefs
C010,K040,judge_a,0,labeled,No travel context recorded.,Requires trip duration and time-zone change.,Travel context unknown; conditions not met.,qwen3.8-max,5c882143fa4a0717c621b54faf8e1b1a68bb3f90e7be722cb7074fe180d03f61,blinded-annotation-v2-shortrefs
C010,K041,judge_a,0,labeled,Activity intensity unknown; steps don't equal guideline compliance.,Requires intensity information to count recommended aerobic minutes.,Cannot equate steps directly with guideline compliance without intensity.,qwen3.8-max,5c882143fa4a0717c621b54faf8e1b1a68bb3f90e7be722cb7074fe180d03f61,blinded-annotation-v2-shortrefs
C010,K042,judge_a,0,labeled,"Window steps are high (~7927/day), not recently low or inactive.",Applies to recently low or reduced physical activity.,Current activity is not low; condition not met.,qwen3.8-max,5c882143fa4a0717c621b54faf8e1b1a68bb3f90e7be722cb7074fe180d03f61,blinded-annotation-v2-shortrefs
C010,K043,judge_a,0,labeled,Activity intensity is unknown for all recorded intervals.,Requires known activity intensity to count moderate aerobic minutes.,Unknown activity intensity is not moderate exercise; cannot apply target.,qwen3.8-max,5c882143fa4a0717c621b54faf8e1b1a68bb3f90e7be722cb7074fe180d03f61,blinded-annotation-v2-shortrefs
C010,K044,judge_a,0,labeled,Activity intensity is unknown for all recorded intervals.,Requires known vigorous intensity.,Intensity unknown; cannot apply vigorous activity target.,qwen3.8-max,5c882143fa4a0717c621b54faf8e1b1a68bb3f90e7be722cb7074fe180d03f61,blinded-annotation-v2-shortrefs
C010,K045,judge_a,0,labeled,Activity intensity is unknown for all intervals.,Requires known intensity for counting guideline minutes.,Cannot assume every active minute is moderate intensity.,qwen3.8-max,5c882143fa4a0717c621b54faf8e1b1a68bb3f90e7be722cb7074fe180d03f61,blinded-annotation-v2-shortrefs
C010,K046,judge_a,0,labeled,Only steps and activity duration available; intensity unknown.,Requires strengthening activity records including days and muscle groups.,Only generic movement counts available; cannot assess muscle strengthening.,qwen3.8-max,5c882143fa4a0717c621b54faf8e1b1a68bb3f90e7be722cb7074fe180d03f61,blinded-annotation-v2-shortrefs
C010,K047,judge_a,0,labeled,Activity intensity unknown; guideline attainment unverified.,Requires known intensity and weekly duration above minimum.,Unknown intensity prevents verifying guideline attainment or additional benefits.,qwen3.8-max,5c882143fa4a0717c621b54faf8e1b1a68bb3f90e7be722cb7074fe180d03f61,blinded-annotation-v2-shortrefs
C010,K048,judge_a,0,labeled,Activity intensity unknown for all intervals.,Requires fitness or perceived effort to assign intensity.,Cannot infer intensity from steps or activity duration alone.,qwen3.8-max,5c882143fa4a0717c621b54faf8e1b1a68bb3f90e7be722cb7074fe180d03f61,blinded-annotation-v2-shortrefs
C010,K049,judge_a,0,labeled,No breathing or talk-test observations recorded.,Requires aerobic activity and breathing/talk-test observation.,Effort context unrecorded; cannot apply talk test.,qwen3.8-max,5c882143fa4a0717c621b54faf8e1b1a68bb3f90e7be722cb7074fe180d03f61,blinded-annotation-v2-shortrefs
C010,K050,judge_a,2,labeled,Steps increased ~181% while activity duration changed <2% (56.2 to 55.3 min).,Steps may not reflect intensity during certain activities.,Directly explains the massive step increase without proportional activity duration change via non-step exercise.,qwen3.8-max,5c882143fa4a0717c621b54faf8e1b1a68bb3f90e7be722cb7074fe180d03f61,blinded-annotation-v2-shortrefs
C010,K051,judge_a,0,labeled,"Window steps are high (~7927/day), not low or declining.",Applies to low or declining routine movement.,Movement is not low in the current window; condition not met.,qwen3.8-max,5c882143fa4a0717c621b54faf8e1b1a68bb3f90e7be722cb7074fe180d03f61,blinded-annotation-v2-shortrefs
C010,K052,judge_a,0,labeled,No personal preferences or availability recorded.,Requires personal preferences and availability for choosing options.,Generic advice; no specific connection to observed data patterns.,qwen3.8-max,5c882143fa4a0717c621b54faf8e1b1a68bb3f90e7be722cb7074fe180d03f61,blinded-annotation-v2-shortrefs
C010,K053,judge_a,0,labeled,No social preferences or motivational barriers recorded.,Requires social preferences or reported motivational barrier.,No evidence of motivational or social barrier in data.,qwen3.8-max,5c882143fa4a0717c621b54faf8e1b1a68bb3f90e7be722cb7074fe180d03f61,blinded-annotation-v2-shortrefs
C010,K054,judge_a,0,labeled,No reported time barrier; window steps are high.,Requires low activity with a reported time barrier.,Activity is not low; no time barrier reported.,qwen3.8-max,5c882143fa4a0717c621b54faf8e1b1a68bb3f90e7be722cb7074fe180d03f61,blinded-annotation-v2-shortrefs
C010,K055,judge_a,0,labeled,No reported competing demands reducing activity.,Requires schedule constraints and reported competing demands.,Schedule reason unknown; window activity is actually high.,qwen3.8-max,5c882143fa4a0717c621b54faf8e1b1a68bb3f90e7be722cb7074fe180d03f61,blinded-annotation-v2-shortrefs
C010,K056,judge_a,0,labeled,No chronic condition or disability context recorded.,Requires relevant health condition and activity safety history.,Medical context unknown; conditions not met.,qwen3.8-max,5c882143fa4a0717c621b54faf8e1b1a68bb3f90e7be722cb7074fe180d03f61,blinded-annotation-v2-shortrefs
C010,K057,judge_a,0,labeled,Baseline low movement ~450 min/day with 45-min intervals; device low movement is not confirmed sitting.,Requires mobility and posture context for a sitting claim.,Low movement does not confirm sitting; required posture context absent.,qwen3.8-max,5c882143fa4a0717c621b54faf8e1b1a68bb3f90e7be722cb7074fe180d03f61,blinded-annotation-v2-shortrefs
C010,K058,judge_a,0,labeled,Device low movement is not confirmed sitting; intensity unknown.,Requires sitting posture and known activity intensity for guideline claims.,Cannot confirm sitting or intensity from device low-movement data alone.,qwen3.8-max,5c882143fa4a0717c621b54faf8e1b1a68bb3f90e7be722cb7074fe180d03f61,blinded-annotation-v2-shortrefs
C010,K059,judge_a,0,labeled,Device low movement is not confirmed sitting.,Requires confirmed sitting for a specific sedentary-time conclusion.,Cannot confirm sitting from low-movement data; conditions not met.,qwen3.8-max,5c882143fa4a0717c621b54faf8e1b1a68bb3f90e7be722cb7074fe180d03f61,blinded-annotation-v2-shortrefs
C010,K060,judge_a,0,labeled,No commute or transport context recorded.,"Requires transport, mobility, and safety context.",Commute unknown; conditions not met.,qwen3.8-max,5c882143fa4a0717c621b54faf8e1b1a68bb3f90e7be722cb7074fe180d03f61,blinded-annotation-v2-shortrefs
C010,K061,judge_a,0,labeled,No workplace layout or desk work context recorded.,Requires workplace layout and ability to walk.,Work context unknown; conditions not met.,qwen3.8-max,5c882143fa4a0717c621b54faf8e1b1a68bb3f90e7be722cb7074fe180d03f61,blinded-annotation-v2-shortrefs
C010,K062,judge_a,0,labeled,No workplace or meeting information in wearable data.,Requires workplace and mobility context.,Workplace context unknown; item conditions not met.,qwen3.8-max,5c882143fa4a0717c621b54faf8e1b1a68bb3f90e7be722cb7074fe180d03f61,blinded-annotation-v2-shortrefs
C010,K063,judge_a,0,labeled,No television-viewing context in wearable data.,Requires television-viewing context.,Screen habits unknown; conditions not met.,qwen3.8-max,5c882143fa4a0717c621b54faf8e1b1a68bb3f90e7be722cb7074fe180d03f61,blinded-annotation-v2-shortrefs
C010,K064,judge_a,0,labeled,No leisure context or seated habits recorded.,Requires substantial habitual seated leisure context.,Leisure context unknown; conditions not met.,qwen3.8-max,5c882143fa4a0717c621b54faf8e1b1a68bb3f90e7be722cb7074fe180d03f61,blinded-annotation-v2-shortrefs
C010,K065,judge_a,1,labeled,Activity duration ~55 min/day while steps vary widely (2565-8320).,Everyday movement can be considered separately from planned exercise.,Supports distinguishing formal activity minutes from total daily movement like steps.,qwen3.8-max,5c882143fa4a0717c621b54faf8e1b1a68bb3f90e7be722cb7074fe180d03f61,blinded-annotation-v2-shortrefs
C010,K066,judge_a,0,labeled,No workday lunch-break context recorded.,Requires workday lunch-break access and mobility.,Workday context unknown; conditions not met.,qwen3.8-max,5c882143fa4a0717c621b54faf8e1b1a68bb3f90e7be722cb7074fe180d03f61,blinded-annotation-v2-shortrefs
C010,K067,judge_a,0,labeled,No stair access or mobility context recorded.,Requires stair access and safe mobility.,Context unknown; generic suggestion with no data connection.,qwen3.8-max,5c882143fa4a0717c621b54faf8e1b1a68bb3f90e7be722cb7074fe180d03f61,blinded-annotation-v2-shortrefs
C010,K068,judge_a,1,labeled,Low movement ~450 min/day recorded; device low movement is not confirmed sitting.,Low-movement estimate should not automatically be relabelled as confirmed sitting.,Directly relevant caution against misinterpreting the abundant low-movement intervals as sedentary behavior.,qwen3.8-max,5c882143fa4a0717c621b54faf8e1b1a68bb3f90e7be722cb7074fe180d03f61,blinded-annotation-v2-shortrefs
C010,K069,judge_a,0,labeled,"Activity and sleep available, but temporal co-occurrence doesn't imply causation.",Cannot declare causal effect from paired observations.,General benefit statement; cannot establish that activity caused sleep changes here.,qwen3.8-max,5c882143fa4a0717c621b54faf8e1b1a68bb3f90e7be722cb7074fe180d03f61,blinded-annotation-v2-shortrefs
C010,K070,judge_a,0,labeled,Daytime activity is present; no outdoor access info.,Requires outdoor access and mobility for a specific plan.,General routine advice; cannot infer outdoor exposure from movement counts.,qwen3.8-max,5c882143fa4a0717c621b54faf8e1b1a68bb3f90e7be722cb7074fe180d03f61,blinded-annotation-v2-shortrefs
C010,K071,judge_a,0,labeled,"Activity intervals occur 21:00-~22:00 daily, but intensity is unknown.",Requires known intensity and actual timing relative to bedtime.,Intensity unknown; cannot assume late movement is intense exercise.,qwen3.8-max,5c882143fa4a0717c621b54faf8e1b1a68bb3f90e7be722cb7074fe180d03f61,blinded-annotation-v2-shortrefs
C010,K072,judge_a,0,labeled,"Activity 21:00-22:00 daily, but no insomnia symptoms reported.",Requires exercise near bedtime with reported insomnia symptoms.,Only movement and sleep timestamps known; no insomnia symptoms reported.,qwen3.8-max,5c882143fa4a0717c621b54faf8e1b1a68bb3f90e7be722cb7074fe180d03f61,blinded-annotation-v2-shortrefs
C010,K073,judge_a,1,labeled,Activity intervals 21:00-22:00 precede sleep start ~22:42-22:58 on the same calendar date.,Activity intervals needed for timing comparisons; temporal context matters.,Relevant for correctly aligning evening activity timing with subsequent sleep onset.,qwen3.8-max,5c882143fa4a0717c621b54faf8e1b1a68bb3f90e7be722cb7074fe180d03f61,blinded-annotation-v2-shortrefs
C010,K074,judge_a,0,labeled,No emergency deployment context in wearable data.,Requires confirmed emergency-response deployment context.,Deployment context unknown; item conditions not met by any observation.,qwen3.8-max,5c882143fa4a0717c621b54faf8e1b1a68bb3f90e7be722cb7074fe180d03f61,blinded-annotation-v2-shortrefs
C010,K075,judge_a,0,labeled,No tiredness or energy history recorded.,Requires subjective energy pattern and availability.,Tiredness unknown; conditions not met.,qwen3.8-max,5c882143fa4a0717c621b54faf8e1b1a68bb3f90e7be722cb7074fe180d03f61,blinded-annotation-v2-shortrefs
C010,K076,judge_a,0,labeled,No substance or medication history recorded.,Requires substance and medication history for causal interpretation.,Exposures unknown; cannot assign sleep changes to unrecorded substances.,qwen3.8-max,5c882143fa4a0717c621b54faf8e1b1a68bb3f90e7be722cb7074fe180d03f61,blinded-annotation-v2-shortrefs
C010,K077,judge_a,2,labeled,RHR reported as resting_heart_rate_bpm (55-57 bpm) during sleep periods.,RHR is beats per minute while still and well rested.,Directly defines how the observed RHR metric should be interpreted in its collection context.,qwen3.8-max,5c882143fa4a0717c621b54faf8e1b1a68bb3f90e7be722cb7074fe180d03f61,blinded-annotation-v2-shortrefs
C010,K078,judge_a,1,labeled,Daily RHR reported (55-57 bpm); no separate sleeping HR series shown.,Trends should compare the same measure rather than interchange values.,Relevant for correctly interpreting the reported resting_heart_rate_bpm metric distinctly from sleeping HR.,qwen3.8-max,5c882143fa4a0717c621b54faf8e1b1a68bb3f90e7be722cb7074fe180d03f61,blinded-annotation-v2-shortrefs
C010,K079,judge_a,1,labeled,RHR stable 55-57 bpm across 42 days; mean difference -0.36 bpm between periods.,RHR rise has several possible explanations; requires exposure info to attribute cause.,Explains why stable RHR shouldn't be attributed to any single unmeasured factor.,qwen3.8-max,5c882143fa4a0717c621b54faf8e1b1a68bb3f90e7be722cb7074fe180d03f61,blinded-annotation-v2-shortrefs
C010,K080,judge_a,1,labeled,"RHR mean 56.2 bpm, HRV RMSSD mean 44.9 ms in baseline; both reported nightly.",Applies when HRV and heart-rate estimates are interpreted together.,"Both metrics present; item clarifies they are distinct quantities, providing useful interpretive context.",qwen3.8-max,5c882143fa4a0717c621b54faf8e1b1a68bb3f90e7be722cb7074fe180d03f61,blinded-annotation-v2-shortrefs
C010,K081,judge_a,1,labeled,HRV RMSSD stable at mean 44.9-45.0 ms across 42 days.,Personal history and consistent measurement context required.,"Explains why stable absolute HRV should be compared to personal baseline, not universal norms.",qwen3.8-max,5c882143fa4a0717c621b54faf8e1b1a68bb3f90e7be722cb7074fe180d03f61,blinded-annotation-v2-shortrefs
C010,K082,judge_a,2,labeled,Steps increased from baseline mean 2818 to window mean 7927; RHR/HRV stable across periods.,Requires sufficient same-metric personal history for trend context.,28-day baseline provides personal range; directly explains interpreting the step change as a recent-trend shift.,qwen3.8-max,5c882143fa4a0717c621b54faf8e1b1a68bb3f90e7be722cb7074fe180d03f61,blinded-annotation-v2-shortrefs
C010,K083,judge_a,1,labeled,"RHR varies 55-57 bpm across 42 days; baseline mean 56.2, window mean 55.9.",Repeated RHR readings preserve trend context over single estimates.,Supports reviewing the stable RHR trend over the full observation period rather than isolated days.,qwen3.8-max,5c882143fa4a0717c621b54faf8e1b1a68bb3f90e7be722cb7074fe180d03f61,blinded-annotation-v2-shortrefs
C010,K084,judge_a,1,labeled,HRV RMSSD stable at 44.9-45.0 ms across baseline and window.,"HRV trends are wellness observations, not diagnoses.",Provides correct interpretive framework for the stable HRV observations as wellness data.,qwen3.8-max,5c882143fa4a0717c621b54faf8e1b1a68bb3f90e7be722cb7074fe180d03f61,blinded-annotation-v2-shortrefs
C010,K085,judge_a,2,labeled,"HRV reported as hrv_rmssd_ms, mean 44.9 baseline, 45.0 window.",Metric formula must be established; Fitbit uses RMSSD.,Directly confirms the specific HRV metric definition used in the raw data observations.,qwen3.8-max,5c882143fa4a0717c621b54faf8e1b1a68bb3f90e7be722cb7074fe180d03f61,blinded-annotation-v2-shortrefs
C010,K086,judge_a,1,labeled,HRV RMSSD collected nightly with sleep durations 462-478 min (>3h).,HRV from longest sleep period >3h in previous 24h.,Confirms the collection rule is satisfied for all observed HRV readings given sleep durations.,qwen3.8-max,5c882143fa4a0717c621b54faf8e1b1a68bb3f90e7be722cb7074fe180d03f61,blinded-annotation-v2-shortrefs
C010,K087,judge_a,0,labeled,Only sleep duration and timing available; no sleep-stage data.,Requires sleep-stage measurements.,Sleep-stage data absent; item conditions not met.,qwen3.8-max,5c882143fa4a0717c621b54faf8e1b1a68bb3f90e7be722cb7074fe180d03f61,blinded-annotation-v2-shortrefs
C010,K088,judge_a,0,labeled,No reported health concerns or symptoms in data.,Requires reported health concerns or symptoms.,No health concerns reported; generic advisory with no specific data connection.,qwen3.8-max,5c882143fa4a0717c621b54faf8e1b1a68bb3f90e7be722cb7074fe180d03f61,blinded-annotation-v2-shortrefs
C010,K089,judge_a,0,labeled,No device placement or contact issues indicated; RHR stable.,Requires device placement and contact information indicating problems.,No evidence of fit problems; RHR variance is minimal.,qwen3.8-max,5c882143fa4a0717c621b54faf8e1b1a68bb3f90e7be722cb7074fe180d03f61,blinded-annotation-v2-shortrefs
C010,K090,judge_a,1,labeled,Nighttime coverage 482-498 min daily; daytime wear 720 min daily.,Requires separate night-time wear information for overnight vitals.,"Confirms night-time coverage exists independently of daytime wear, supporting overnight metric validity.",qwen3.8-max,5c882143fa4a0717c621b54faf8e1b1a68bb3f90e7be722cb7074fe180d03f61,blinded-annotation-v2-shortrefs
C010,K091,judge_a,1,labeled,Nighttime coverage ranges 482-498 min; no vitals are missing in the dataset.,Applies when a vital is missing with limited night-time data.,"No missing vitals observed, but item correctly notes missing data isn't zero; general methodological context.",qwen3.8-max,5c882143fa4a0717c621b54faf8e1b1a68bb3f90e7be722cb7074fe180d03f61,blinded-annotation-v2-shortrefs
C010,K092,judge_a,0,labeled,No vitals are missing; all valid counts equal period lengths.,Applies when vitals are missing or delayed.,Data completeness is 100%; no missing data to explain.,qwen3.8-max,5c882143fa4a0717c621b54faf8e1b1a68bb3f90e7be722cb7074fe180d03f61,blinded-annotation-v2-shortrefs
C010,K093,judge_a,0,labeled,Single synthetic device used throughout; no device switch indicated.,Requires device and algorithm change history.,No device switch in documented same-device series; condition not met.,qwen3.8-max,5c882143fa4a0717c621b54faf8e1b1a68bb3f90e7be722cb7074fe180d03f61,blinded-annotation-v2-shortrefs
C010,K094,judge_a,1,labeled,Sleep duration ~469 min derived from device estimates with start/end timestamps.,Estimated time asleep differs from full sleep period boundaries.,"Clarifies that the reported sleep_duration_minutes is an estimate, not total time in bed.",qwen3.8-max,5c882143fa4a0717c621b54faf8e1b1a68bb3f90e7be722cb7074fe180d03f61,blinded-annotation-v2-shortrefs
C010,K095,judge_a,1,labeled,Nighttime coverage 482-498 min daily; all sleep readings present.,Unworn night should remain missing rather than interpreted as no sleep.,Confirms proper overnight wear methodology underlying all valid sleep observations.,qwen3.8-max,5c882143fa4a0717c621b54faf8e1b1a68bb3f90e7be722cb7074fe180d03f61,blinded-annotation-v2-shortrefs
C010,K096,judge_a,2,labeled,Steps jumped from baseline mean 2818 to window mean 7927 while activity duration remained ~56 min.,Step readings change with possible measurement limitations; wear context matters.,"Directly explains why steps changed dramatically without activity duration changing, via arm-swing/measurement factors.",qwen3.8-max,5c882143fa4a0717c621b54faf8e1b1a68bb3f90e7be722cb7074fe180d03f61,blinded-annotation-v2-shortrefs
C011,K001,judge_a,2,labeled,Age band 18-60; sleep mean ~471 min (~7.85h) across all 42 days.,Applies to adults aged 18-60 when sleep duration is reviewed against recommendation.,Directly provides the applicable sleep recommendation for this age group's observed duration.,qwen3.8-max,2177a5ff5f22013cb81e507c79ef59385fb670aa75e51e77fde594f3099f8f51,blinded-annotation-v2-shortrefs
C011,K002,judge_a,0,labeled,"Age band is 18-60, not 61-64.",Non-applicable for other age groups; requires age 61 to 64.,Age group does not match; item not applicable.,qwen3.8-max,2177a5ff5f22013cb81e507c79ef59385fb670aa75e51e77fde594f3099f8f51,blinded-annotation-v2-shortrefs
C011,K003,judge_a,0,labeled,Age band 18-60; not 65 or older.,Non-applicable for age below 65.,Age group does not match; item not applicable.,qwen3.8-max,2177a5ff5f22013cb81e507c79ef59385fb670aa75e51e77fde594f3099f8f51,blinded-annotation-v2-shortrefs
C011,K004,judge_a,0,labeled,Age band 18-60; not a teenager.,Non-applicable for adults; requires teenage age group.,Subject is adult; item not applicable.,qwen3.8-max,2177a5ff5f22013cb81e507c79ef59385fb670aa75e51e77fde594f3099f8f51,blinded-annotation-v2-shortrefs
C011,K005,judge_a,0,labeled,Sleep ~7.8h consistently; no evidence of insufficient sleep opportunity.,Requires repeatedly shortened sleep opportunity or sleep duration.,No evidence of insufficient sleep; condition not met.,qwen3.8-max,2177a5ff5f22013cb81e507c79ef59385fb670aa75e51e77fde594f3099f8f51,blinded-annotation-v2-shortrefs
C011,K006,judge_a,0,labeled,"Sleep ~7.8h nightly, within recommended range; not short sleep.",Non-applicable when sleep duration is sufficient for the applicable age group.,Sleep duration is adequate; item about short sleep not applicable.,qwen3.8-max,2177a5ff5f22013cb81e507c79ef59385fb670aa75e51e77fde594f3099f8f51,blinded-annotation-v2-shortrefs
C011,K007,judge_a,1,labeled,Sleep duration 462-478 min recorded; no awakenings or quality data available.,Applies when sleep duration is recorded but sleep quality may be unknown.,Clarifies duration alone doesn't establish quality; relevant to observed data limits.,qwen3.8-max,2177a5ff5f22013cb81e507c79ef59385fb670aa75e51e77fde594f3099f8f51,blinded-annotation-v2-shortrefs
C011,K008,judge_a,0,labeled,"Only sleep start, end, and duration recorded; no awakening data available.",Requires repeated awakenings to be documented.,Awakening history unavailable; only duration and timing recorded.,qwen3.8-max,2177a5ff5f22013cb81e507c79ef59385fb670aa75e51e77fde594f3099f8f51,blinded-annotation-v2-shortrefs
C011,K009,judge_a,0,labeled,Sleep averages ~7.8h; no subjective refreshment data recorded.,Requires more than eight hours sleep with reported lack of refreshment.,Sleep under 8h and no refreshment report; required conditions not met.,qwen3.8-max,2177a5ff5f22013cb81e507c79ef59385fb670aa75e51e77fde594f3099f8f51,blinded-annotation-v2-shortrefs
C011,K010,judge_a,0,labeled,Sleep ~7.8h nightly; no repeated sleep restriction observed.,Requires repeatedly shortened sleep to warrant review.,Sleep adequate; no restriction to link to cognition.,qwen3.8-max,2177a5ff5f22013cb81e507c79ef59385fb670aa75e51e77fde594f3099f8f51,blinded-annotation-v2-shortrefs
C011,K011,judge_a,0,labeled,Sleep consistently ~7.8h; no repeated sleep restriction observed.,Requires several nights of reduced sleep duration.,No repeated sleep restriction; condition not met.,qwen3.8-max,2177a5ff5f22013cb81e507c79ef59385fb670aa75e51e77fde594f3099f8f51,blinded-annotation-v2-shortrefs
C011,K012,judge_a,0,labeled,Sleep ~7.8h nightly; no ongoing insufficient sleep observed.,Requires ongoing insufficient sleep.,Sleep duration adequate; no deficiency to link to immune function.,qwen3.8-max,2177a5ff5f22013cb81e507c79ef59385fb670aa75e51e77fde594f3099f8f51,blinded-annotation-v2-shortrefs
C011,K013,judge_a,0,labeled,Sleep ~7.8h; no food intake or appetite data recorded.,Requires repeated insufficient sleep and food intake information.,Sleep adequate and no appetite data; conditions not met.,qwen3.8-max,2177a5ff5f22013cb81e507c79ef59385fb670aa75e51e77fde594f3099f8f51,blinded-annotation-v2-shortrefs
C011,K014,judge_a,0,labeled,No sleepiness reports or driving context in data.,Requires reported sleepiness and driving plans.,Sleepiness and driving context unknown; condition not met.,qwen3.8-max,2177a5ff5f22013cb81e507c79ef59385fb670aa75e51e77fde594f3099f8f51,blinded-annotation-v2-shortrefs
C011,K015,judge_a,1,labeled,Sleep duration mean ~471 min (~7.8h) in both baseline and window for age 18-60.,Applies when adult sleep duration is being reviewed.,"Provides general context for observed ~7.8h sleep, but individual experience unknown.",qwen3.8-max,2177a5ff5f22013cb81e507c79ef59385fb670aa75e51e77fde594f3099f8f51,blinded-annotation-v2-shortrefs
C011,K016,judge_a,0,labeled,Only 14-day window; no reported sleeping difficulties or insomnia symptoms.,Requires months-long sleeping difficulties or reported insomnia symptoms.,Two-week window alone cannot establish conditions; no symptoms reported.,qwen3.8-max,2177a5ff5f22013cb81e507c79ef59385fb670aa75e51e77fde594f3099f8f51,blinded-annotation-v2-shortrefs
C011,K017,judge_a,0,labeled,Sleep start SD ~4 min; wake time exactly 07:00 every day.,Non-applicable when a stable schedule alone does not establish a problem.,Schedule is highly consistent; no repeated variability observed.,qwen3.8-max,2177a5ff5f22013cb81e507c79ef59385fb670aa75e51e77fde594f3099f8f51,blinded-annotation-v2-shortrefs
C011,K018,judge_a,0,labeled,Wake time perfectly consistent at 07:00; no sleeping difficulties reported.,Requires inconsistent wake time with reported sleeping difficulties.,Wake time is consistent and no insomnia symptoms; conditions not met.,qwen3.8-max,2177a5ff5f22013cb81e507c79ef59385fb670aa75e51e77fde594f3099f8f51,blinded-annotation-v2-shortrefs
C011,K019,judge_a,0,labeled,Weekday/weekend sleep start means differ by <2 min; wake time constant at 07:00.,Non-applicable when weekday and weekend sleep times are similar.,Sleep schedules are very similar between weekdays and weekends; non-applicable condition met.,qwen3.8-max,2177a5ff5f22013cb81e507c79ef59385fb670aa75e51e77fde594f3099f8f51,blinded-annotation-v2-shortrefs
C011,K020,judge_a,0,labeled,"Activity intervals at 21:00 daily, sleep starts ~22:42-22:58, but activities unknown.",Requires information about pre-bed activities for targeted advice.,Bedtime record exists but does not reveal what person did; required context missing.,qwen3.8-max,2177a5ff5f22013cb81e507c79ef59385fb670aa75e51e77fde594f3099f8f51,blinded-annotation-v2-shortrefs
C011,K021,judge_a,0,labeled,No screen or light exposure data recorded before bedtime.,Requires known bright-screen exposure shortly before bed.,Screen exposure unknown; required condition not met.,qwen3.8-max,2177a5ff5f22013cb81e507c79ef59385fb670aa75e51e77fde594f3099f8f51,blinded-annotation-v2-shortrefs
C011,K022,judge_a,0,labeled,No caffeine timing or intake data recorded.,Requires known afternoon or evening caffeine use with sleeping difficulty.,Caffeine history unknown; required condition not met.,qwen3.8-max,2177a5ff5f22013cb81e507c79ef59385fb670aa75e51e77fde594f3099f8f51,blinded-annotation-v2-shortrefs
C011,K023,judge_a,0,labeled,No meal timing or size data recorded.,Requires known large meal shortly before bed.,Meal information unknown; required condition not met.,qwen3.8-max,2177a5ff5f22013cb81e507c79ef59385fb670aa75e51e77fde594f3099f8f51,blinded-annotation-v2-shortrefs
C011,K024,judge_a,0,labeled,No alcohol intake data recorded in wearable observations.,Requires alcohol intake and timing to be reported.,Alcohol exposure unknown; required condition not met.,qwen3.8-max,2177a5ff5f22013cb81e507c79ef59385fb670aa75e51e77fde594f3099f8f51,blinded-annotation-v2-shortrefs
C011,K025,judge_a,0,labeled,No nicotine use information in wearable data.,Requires nicotine exposure to be established.,Nicotine use unknown; required condition not met.,qwen3.8-max,2177a5ff5f22013cb81e507c79ef59385fb670aa75e51e77fde594f3099f8f51,blinded-annotation-v2-shortrefs
C011,K026,judge_a,0,labeled,"No bedroom environment data (light, noise, temperature) recorded.",Requires known disruptive bedroom environment.,Environment unknown; required condition not met.,qwen3.8-max,2177a5ff5f22013cb81e507c79ef59385fb670aa75e51e77fde594f3099f8f51,blinded-annotation-v2-shortrefs
C011,K027,judge_a,0,labeled,No reported difficulty relaxing or pre-bed routine requests.,Requires reported difficulty relaxing or request for routine options.,No relaxation issues reported; generic suggestion.,qwen3.8-max,2177a5ff5f22013cb81e507c79ef59385fb670aa75e51e77fde594f3099f8f51,blinded-annotation-v2-shortrefs
C011,K028,judge_a,0,labeled,No nap data recorded in wearable observations.,Requires adult naps to be recorded or reported.,Nap history unknown; required condition not met.,qwen3.8-max,2177a5ff5f22013cb81e507c79ef59385fb670aa75e51e77fde594f3099f8f51,blinded-annotation-v2-shortrefs
C011,K029,judge_a,0,labeled,Sleep timing stable; no shift work schedule documented.,Requires confirmed shift-work schedule.,Shift work unknown; variable sleep times not observed.,qwen3.8-max,2177a5ff5f22013cb81e507c79ef59385fb670aa75e51e77fde594f3099f8f51,blinded-annotation-v2-shortrefs
C011,K030,judge_a,0,labeled,No shift work established in wearable data.,Requires shift work to be established.,No confirmed shift work; condition not met.,qwen3.8-max,2177a5ff5f22013cb81e507c79ef59385fb670aa75e51e77fde594f3099f8f51,blinded-annotation-v2-shortrefs
C011,K031,judge_a,0,labeled,No shift work or caffeine intake data recorded.,Requires shift schedule and caffeine intake.,Both shift work and caffeine use unknown; conditions not met.,qwen3.8-max,2177a5ff5f22013cb81e507c79ef59385fb670aa75e51e77fde594f3099f8f51,blinded-annotation-v2-shortrefs
C011,K032,judge_a,0,labeled,All sleep occurs overnight ~22:42-07:00; no shift work documented.,Requires daytime sleep associated with shift work.,Only ordinary overnight sleep recorded; condition not met.,qwen3.8-max,2177a5ff5f22013cb81e507c79ef59385fb670aa75e51e77fde594f3099f8f51,blinded-annotation-v2-shortrefs
C011,K033,judge_a,0,labeled,No awakenings or naps recorded; only duration and timing available.,Requires awakenings and naps need separate records if absent.,Cannot invent unrecorded awakenings; generic diary advice.,qwen3.8-max,2177a5ff5f22013cb81e507c79ef59385fb670aa75e51e77fde594f3099f8f51,blinded-annotation-v2-shortrefs
C011,K034,judge_a,0,labeled,Sleep consistently ~462-478 min; no shortened nights below recommendation.,Requires several shortened nights rather than a single isolated reading.,Sleep duration adequate throughout; no repeated sleep loss observed.,qwen3.8-max,2177a5ff5f22013cb81e507c79ef59385fb670aa75e51e77fde594f3099f8f51,blinded-annotation-v2-shortrefs
C011,K035,judge_a,0,labeled,Weekend sleep mean 472.75 min vs weekday 471.3 min; difference minimal.,Requires longer sleep and later timing on days off.,No meaningful weekend sleep extension observed; condition not met.,qwen3.8-max,2177a5ff5f22013cb81e507c79ef59385fb670aa75e51e77fde594f3099f8f51,blinded-annotation-v2-shortrefs
C011,K036,judge_a,0,labeled,No nap information recorded in wearable data.,Requires recorded naps after shortened night-time sleep.,Nap history unknown; condition not met.,qwen3.8-max,2177a5ff5f22013cb81e507c79ef59385fb670aa75e51e77fde594f3099f8f51,blinded-annotation-v2-shortrefs
C011,K037,judge_a,0,labeled,No bad nights or sleeping difficulties reported; sleep stable.,Requires recent bad night and sleeping difficulties.,No reported sleeping difficulty; condition not met.,qwen3.8-max,2177a5ff5f22013cb81e507c79ef59385fb670aa75e51e77fde594f3099f8f51,blinded-annotation-v2-shortrefs
C011,K038,judge_a,0,labeled,14-day window data only; no symptom history or insomnia reports.,Requires reported sleeping difficulties with known duration.,No sleeping difficulties reported; cannot apply insomnia categories.,qwen3.8-max,2177a5ff5f22013cb81e507c79ef59385fb670aa75e51e77fde594f3099f8f51,blinded-annotation-v2-shortrefs
C011,K039,judge_a,0,labeled,No travel history; timezone fixed Asia/Shanghai throughout.,"Requires confirmed travel, destination time zone, and trip duration.",No travel context; timing change alone doesn't establish jet lag.,qwen3.8-max,2177a5ff5f22013cb81e507c79ef59385fb670aa75e51e77fde594f3099f8f51,blinded-annotation-v2-shortrefs
C011,K040,judge_a,0,labeled,No travel or time-zone change information in data; timezone fixed Asia/Shanghai.,Requires a short trip across time zones to be planned.,Travel context unknown; required condition not met.,qwen3.8-max,2177a5ff5f22013cb81e507c79ef59385fb670aa75e51e77fde594f3099f8f51,blinded-annotation-v2-shortrefs
C011,K041,judge_a,0,labeled,Activity 50-60 min daily; intensity unknown for all intervals.,Requires intensity information to count recommended aerobic minutes.,Generic encouragement; intensity unknown prevents specific application.,qwen3.8-max,2177a5ff5f22013cb81e507c79ef59385fb670aa75e51e77fde594f3099f8f51,blinded-annotation-v2-shortrefs
C011,K042,judge_a,0,labeled,Activity duration stable 50-60 min; no recent inactivity period observed.,Requires recently low or reduced physical activity.,No reduced activity observed; condition not met.,qwen3.8-max,2177a5ff5f22013cb81e507c79ef59385fb670aa75e51e77fde594f3099f8f51,blinded-annotation-v2-shortrefs
C011,K043,judge_a,0,labeled,Activity intensity labeled 'unknown' for all intervals; only moving minutes recorded.,Requires known activity intensity; non-applicable when only unspecified active minutes available.,Unknown activity intensity is not moderate exercise; cannot assess guideline compliance.,qwen3.8-max,2177a5ff5f22013cb81e507c79ef59385fb670aa75e51e77fde594f3099f8f51,blinded-annotation-v2-shortrefs
C011,K044,judge_a,0,labeled,Activity intensity 'unknown' for all intervals; no vigorous activity documented.,Requires known vigorous intensity; non-applicable when intensity unknown.,Unknown intensity prevents application; condition not met.,qwen3.8-max,2177a5ff5f22013cb81e507c79ef59385fb670aa75e51e77fde594f3099f8f51,blinded-annotation-v2-shortrefs
C011,K045,judge_a,0,labeled,Activity duration 50-60 min daily; intensity unknown for all intervals.,Requires intensity for counting guideline minutes; assumes not every minute is moderate.,Unknown intensity prevents application; generic advice without concrete connection.,qwen3.8-max,2177a5ff5f22013cb81e507c79ef59385fb670aa75e51e77fde594f3099f8f51,blinded-annotation-v2-shortrefs
C011,K046,judge_a,0,labeled,Only steps and activity duration recorded; no strengthening activity data.,Requires strengthening activity records including days and muscle groups.,Only step/movement counts available; cannot assess strengthening.,qwen3.8-max,2177a5ff5f22013cb81e507c79ef59385fb670aa75e51e77fde594f3099f8f51,blinded-annotation-v2-shortrefs
C011,K047,judge_a,0,labeled,Activity intensity unknown; guideline attainment unverifiable.,Requires known intensity and weekly duration; documented guideline attainment.,Intensity unknown prevents assessment; condition not met.,qwen3.8-max,2177a5ff5f22013cb81e507c79ef59385fb670aa75e51e77fde594f3099f8f51,blinded-annotation-v2-shortrefs
C011,K048,judge_a,0,labeled,Activity intensity 'unknown'; no fitness level documented.,Requires fitness or perceived effort for intensity interpretation.,Cannot assign intensity from steps alone; required context missing.,qwen3.8-max,2177a5ff5f22013cb81e507c79ef59385fb670aa75e51e77fde594f3099f8f51,blinded-annotation-v2-shortrefs
C011,K049,judge_a,0,labeled,All activity intervals have intensity 'unknown'; no breathing observations.,Requires an aerobic activity and breathing or talk-test observation.,Effort context unrecorded; required condition not met.,qwen3.8-max,2177a5ff5f22013cb81e507c79ef59385fb670aa75e51e77fde594f3099f8f51,blinded-annotation-v2-shortrefs
C011,K050,judge_a,1,labeled,Steps vary 7589-8409; activity type beyond walking unknown.,Applies when steps change while other activity may differ.,Explains steps may miss non-step exercise; relevant to interpreting step variability.,qwen3.8-max,2177a5ff5f22013cb81e507c79ef59385fb670aa75e51e77fde594f3099f8f51,blinded-annotation-v2-shortrefs
C011,K051,judge_a,0,labeled,Steps stable ~7900; no declining routine movement observed.,Requires low or declining routine movement.,Movement is stable and adequate; no decline to address.,qwen3.8-max,2177a5ff5f22013cb81e507c79ef59385fb670aa75e51e77fde594f3099f8f51,blinded-annotation-v2-shortrefs
C011,K052,judge_a,0,labeled,No personal preferences or availability data recorded.,Requires personal preferences and availability for choosing options.,Context unknown; generic planning advice.,qwen3.8-max,2177a5ff5f22013cb81e507c79ef59385fb670aa75e51e77fde594f3099f8f51,blinded-annotation-v2-shortrefs
C011,K053,judge_a,0,labeled,No social preferences or motivational barriers reported.,Requires social preferences or reported motivational barrier.,No evidence of motivational barrier; generic suggestion.,qwen3.8-max,2177a5ff5f22013cb81e507c79ef59385fb670aa75e51e77fde594f3099f8f51,blinded-annotation-v2-shortrefs
C011,K054,judge_a,0,labeled,No reported time barrier; activity stable 50-60 min daily.,Requires low activity with a reported time barrier.,Activity adequate and no time barrier reported; condition not met.,qwen3.8-max,2177a5ff5f22013cb81e507c79ef59385fb670aa75e51e77fde594f3099f8f51,blinded-annotation-v2-shortrefs
C011,K055,judge_a,0,labeled,No reported competing demands or schedule constraints.,Requires reported competing demands that reduce activity.,Schedule reason unknown; condition not met.,qwen3.8-max,2177a5ff5f22013cb81e507c79ef59385fb670aa75e51e77fde594f3099f8f51,blinded-annotation-v2-shortrefs
C011,K056,judge_a,0,labeled,No chronic conditions or special health needs documented.,"Requires a chronic condition, disability, or special need to be established.",Medical context unknown; required condition not met.,qwen3.8-max,2177a5ff5f22013cb81e507c79ef59385fb670aa75e51e77fde594f3099f8f51,blinded-annotation-v2-shortrefs
C011,K057,judge_a,0,labeled,Low movement intervals ~45 min each throughout day; posture unknown.,Requires long uninterrupted daytime low-movement intervals; low movement not confirmed sitting.,Device low movement is not confirmed sitting; cannot establish sedentary behavior.,qwen3.8-max,2177a5ff5f22013cb81e507c79ef59385fb670aa75e51e77fde594f3099f8f51,blinded-annotation-v2-shortrefs
C011,K058,judge_a,0,labeled,Low movement ~447 min/day; confirmed sitting posture not established.,Requires confirmed sitting for sedentary-time conclusion; low movement not posture.,Device low movement is not confirmed sitting; cannot apply sedentary advice.,qwen3.8-max,2177a5ff5f22013cb81e507c79ef59385fb670aa75e51e77fde594f3099f8f51,blinded-annotation-v2-shortrefs
C011,K059,judge_a,0,labeled,Low movement recorded but confirmed sitting not established.,Requires confirmed sitting for a specific sedentary-time conclusion.,Low movement is not confirmed sitting; cannot draw sedentary conclusions.,qwen3.8-max,2177a5ff5f22013cb81e507c79ef59385fb670aa75e51e77fde594f3099f8f51,blinded-annotation-v2-shortrefs
C011,K060,judge_a,0,labeled,No commuting or transport information in wearable data.,Requires sedentary commuting to be established.,Commute context unknown; required condition not met.,qwen3.8-max,2177a5ff5f22013cb81e507c79ef59385fb670aa75e51e77fde594f3099f8f51,blinded-annotation-v2-shortrefs
C011,K061,judge_a,0,labeled,No desk work or colleague interaction context recorded.,Requires desk work with prolonged sitting.,Work context unknown; required condition not met.,qwen3.8-max,2177a5ff5f22013cb81e507c79ef59385fb670aa75e51e77fde594f3099f8f51,blinded-annotation-v2-shortrefs
C011,K062,judge_a,0,labeled,No workplace or meeting information recorded in wearable data.,Requires meetings or desk work involving prolonged sitting.,No workplace context available; required condition unknown.,qwen3.8-max,2177a5ff5f22013cb81e507c79ef59385fb670aa75e51e77fde594f3099f8f51,blinded-annotation-v2-shortrefs
C011,K063,judge_a,0,labeled,No television viewing or screen habits recorded.,Requires prolonged sitting while watching television.,Screen habits unknown; required condition not met.,qwen3.8-max,2177a5ff5f22013cb81e507c79ef59385fb670aa75e51e77fde594f3099f8f51,blinded-annotation-v2-shortrefs
C011,K064,judge_a,0,labeled,Low movement intervals present but no seated leisure context recorded.,Requires substantial habitual seated leisure context.,Device low movement is not confirmed sitting; no leisure context available.,qwen3.8-max,2177a5ff5f22013cb81e507c79ef59385fb670aa75e51e77fde594f3099f8f51,blinded-annotation-v2-shortrefs
C011,K065,judge_a,1,labeled,Activity duration 50-60 min daily alongside steps 7600-8400; intensity unknown.,Applies when low everyday movement despite possible formal exercise.,Distinguishes general movement from exercise; relevant to interpreting activity metrics.,qwen3.8-max,2177a5ff5f22013cb81e507c79ef59385fb670aa75e51e77fde594f3099f8f51,blinded-annotation-v2-shortrefs
C011,K066,judge_a,0,labeled,No workday lunch-break context recorded in data.,Requires daytime low movement with known workday lunch-break context.,Workday context unknown; required condition not met.,qwen3.8-max,2177a5ff5f22013cb81e507c79ef59385fb670aa75e51e77fde594f3099f8f51,blinded-annotation-v2-shortrefs
C011,K067,judge_a,0,labeled,Steps ~7600-8400 daily; no stair access or mobility context recorded.,Requires low incidental movement with accessible stairs.,No stair access or workplace context available; generic suggestion.,qwen3.8-max,2177a5ff5f22013cb81e507c79ef59385fb670aa75e51e77fde594f3099f8f51,blinded-annotation-v2-shortrefs
C011,K068,judge_a,1,labeled,Low movement ~438-462 min/day recorded without posture measurement.,Applies when low-movement intervals available without posture measurement.,Directly warns against relabeling low movement as sitting; matches data constraints.,qwen3.8-max,2177a5ff5f22013cb81e507c79ef59385fb670aa75e51e77fde594f3099f8f51,blinded-annotation-v2-shortrefs
C011,K069,judge_a,0,labeled,Activity stable 50-60 min; sleep stable ~471 min; no causal pattern to explain.,Non-applicable when declaring a causal effect from paired observations.,Generic benefit statement; no specific sleep change to explain.,qwen3.8-max,2177a5ff5f22013cb81e507c79ef59385fb670aa75e51e77fde594f3099f8f51,blinded-annotation-v2-shortrefs
C011,K070,judge_a,0,labeled,Activity 50-60 min daily; no outdoor exposure data recorded.,Requires low daytime activity accompanying changed sleep routine.,"Activity is consistent, not low; no outdoor data; conditions not met.",qwen3.8-max,2177a5ff5f22013cb81e507c79ef59385fb670aa75e51e77fde594f3099f8f51,blinded-annotation-v2-shortrefs
C011,K071,judge_a,1,labeled,Activity intervals 21:00-~22:00 daily; sleep starts ~22:42-22:58; intensity unknown.,Requires activity close to bedtime; intensity must be known for direct application.,Late activity present but intensity unknown; partially relevant contextual connection.,qwen3.8-max,2177a5ff5f22013cb81e507c79ef59385fb670aa75e51e77fde594f3099f8f51,blinded-annotation-v2-shortrefs
C011,K072,judge_a,0,labeled,"Activity at 21:00, sleep ~22:50; intensity unknown; no insomnia reported.",Requires exercise near bedtime with reported insomnia symptoms.,No insomnia symptoms reported; intensity unknown; conditions not met.,qwen3.8-max,2177a5ff5f22013cb81e507c79ef59385fb670aa75e51e77fde594f3099f8f51,blinded-annotation-v2-shortrefs
C011,K073,judge_a,1,labeled,Activity intervals at 21:00 daily; sleep starts ~22:42-22:58 on same calendar date.,Applies when activity timing and subsequent sleep are being compared.,Relevant for temporal context of evening activity and sleep; supported connection.,qwen3.8-max,2177a5ff5f22013cb81e507c79ef59385fb670aa75e51e77fde594f3099f8f51,blinded-annotation-v2-shortrefs
C011,K074,judge_a,0,labeled,No emergency-response deployment context in data.,Requires confirmed emergency-response deployment context.,Deployment context unknown; condition not met.,qwen3.8-max,2177a5ff5f22013cb81e507c79ef59385fb670aa75e51e77fde594f3099f8f51,blinded-annotation-v2-shortrefs
C011,K075,judge_a,0,labeled,No tiredness or energy pattern data recorded.,Requires reported tiredness limiting activity and subjective energy pattern.,No tiredness history; condition not met.,qwen3.8-max,2177a5ff5f22013cb81e507c79ef59385fb670aa75e51e77fde594f3099f8f51,blinded-annotation-v2-shortrefs
C011,K076,judge_a,0,labeled,No substance or medication history recorded in wearable data.,Requires substance and medication history for causal interpretation.,Assuming unrecorded exposures is prohibited; no data to apply.,qwen3.8-max,2177a5ff5f22013cb81e507c79ef59385fb670aa75e51e77fde594f3099f8f51,blinded-annotation-v2-shortrefs
C011,K077,judge_a,2,labeled,RHR recorded as resting_heart_rate_bpm (61-63 bpm) during 720 min daytime wear.,Applies when resting heart rate observations are available.,Directly defines what the observed RHR metric represents; core explanation.,qwen3.8-max,2177a5ff5f22013cb81e507c79ef59385fb670aa75e51e77fde594f3099f8f51,blinded-annotation-v2-shortrefs
C011,K078,judge_a,1,labeled,RHR recorded as resting_heart_rate_bpm (61-63 bpm) during daytime wear.,Applies when a daily resting heart-rate trend is being interpreted.,Clarifies that observed RHR differs from sleeping HR; supported contextual connection.,qwen3.8-max,2177a5ff5f22013cb81e507c79ef59385fb670aa75e51e77fde594f3099f8f51,blinded-annotation-v2-shortrefs
C011,K079,judge_a,1,labeled,RHR varies 61-63 bpm across baseline and window without clear trend.,Applies when resting heart rate changes relative to previous readings.,Explains RHR variability has multiple causes; supported contextual connection.,qwen3.8-max,2177a5ff5f22013cb81e507c79ef59385fb670aa75e51e77fde594f3099f8f51,blinded-annotation-v2-shortrefs
C011,K080,judge_a,2,labeled,HRV RMSSD 43-47 ms and RHR 61-63 bpm both recorded for same periods.,Applies when HRV and heart-rate estimates are being interpreted together.,Directly distinguishes HRV from average HR; core to interpreting both metrics.,qwen3.8-max,2177a5ff5f22013cb81e507c79ef59385fb670aa75e51e77fde594f3099f8f51,blinded-annotation-v2-shortrefs
C011,K081,judge_a,1,labeled,HRV RMSSD 43-47 ms observed; personal baseline available over 42 days.,Applies when an HRV level or trend is being reviewed with personal history.,Warns against universal HRV norms; personal context available for comparison.,qwen3.8-max,2177a5ff5f22013cb81e507c79ef59385fb670aa75e51e77fde594f3099f8f51,blinded-annotation-v2-shortrefs
C011,K082,judge_a,1,labeled,28-day baseline provides personal ranges for all vitals before 14-day window.,Applies when a vital has changed from a recent personal baseline.,Baseline enables personal range comparison; supported contextual connection.,qwen3.8-max,2177a5ff5f22013cb81e507c79ef59385fb670aa75e51e77fde594f3099f8f51,blinded-annotation-v2-shortrefs
C011,K083,judge_a,1,labeled,RHR recorded daily over 42 days total (28 baseline + 14 window).,Applies when repeated resting heart-rate readings or a recent change exist.,Multi-week RHR data supports trend review over single readings; relevant context.,qwen3.8-max,2177a5ff5f22013cb81e507c79ef59385fb670aa75e51e77fde594f3099f8f51,blinded-annotation-v2-shortrefs
C011,K084,judge_a,1,labeled,HRV RMSSD ranges 43-47 ms across all observations.,Applies when an HRV trend is available for wellness monitoring.,"Directly clarifies HRV is wellness observation, not diagnostic; supported connection.",qwen3.8-max,2177a5ff5f22013cb81e507c79ef59385fb670aa75e51e77fde594f3099f8f51,blinded-annotation-v2-shortrefs
C011,K085,judge_a,2,labeled,Window HRV metric is hrv_rmssd_ms with values 43-47ms across all nights.,Item applies when HRV records identify RMSSD as their metric.,Data explicitly uses RMSSD; item directly explains the metric definition used in observations.,qwen3.8-max,2177a5ff5f22013cb81e507c79ef59385fb670aa75e51e77fde594f3099f8f51,blinded-annotation-v2-shortrefs
C011,K086,judge_a,2,labeled,HRV RMSSD derived from sleep periods >8h nightly; device uses synthetic-wearable-v1.,Applies when overnight HRV estimates are being compared; requires compatible collection definition.,Directly explains how HRV is collected from longest sleep period; core to data interpretation.,qwen3.8-max,2177a5ff5f22013cb81e507c79ef59385fb670aa75e51e77fde594f3099f8f51,blinded-annotation-v2-shortrefs
C011,K087,judge_a,0,labeled,Only sleep duration and timing recorded; no sleep-stage data available.,Requires sleep-stage measurements; non-applicable when only duration available.,No sleep-stage data in observations; condition not met.,qwen3.8-max,2177a5ff5f22013cb81e507c79ef59385fb670aa75e51e77fde594f3099f8f51,blinded-annotation-v2-shortrefs
C011,K088,judge_a,0,labeled,Wearable data only; no health concerns or symptoms reported.,Requires reported health concerns or symptoms.,No reported concerns; generic background item.,qwen3.8-max,2177a5ff5f22013cb81e507c79ef59385fb670aa75e51e77fde594f3099f8f51,blinded-annotation-v2-shortrefs
C011,K089,judge_a,0,labeled,RHR stable 61-63 bpm; no wear quality changes documented.,Requires heart-rate readings may be unreliable or wear quality changes.,No evidence of fit problems or unreliable readings; condition not met.,qwen3.8-max,2177a5ff5f22013cb81e507c79ef59385fb670aa75e51e77fde594f3099f8f51,blinded-annotation-v2-shortrefs
C011,K090,judge_a,1,labeled,Nighttime coverage 482-498 min recorded separately from daytime 720 min.,Applies when overnight vitals have uncertain coverage.,Confirms separate night coverage needed for overnight vitals; supported connection.,qwen3.8-max,2177a5ff5f22013cb81e507c79ef59385fb670aa75e51e77fde594f3099f8f51,blinded-annotation-v2-shortrefs
C011,K091,judge_a,0,labeled,All nights have coverage >=482 min; no vitals are missing in dataset.,Requires a vital missing with limited night-time data.,No missing vitals observed; condition not applicable.,qwen3.8-max,2177a5ff5f22013cb81e507c79ef59385fb670aa75e51e77fde594f3099f8f51,blinded-annotation-v2-shortrefs
C011,K092,judge_a,0,labeled,No vitals are missing; all 42 days have complete data.,Requires vitals to be missing or delayed.,All data present; condition not met.,qwen3.8-max,2177a5ff5f22013cb81e507c79ef59385fb670aa75e51e77fde594f3099f8f51,blinded-annotation-v2-shortrefs
C011,K093,judge_a,0,labeled,Device metadata shows single synthetic wearable throughout baseline and window.,Requires heart-rate series involving a device or algorithm change.,No device switch occurred; required condition not met.,qwen3.8-max,2177a5ff5f22013cb81e507c79ef59385fb670aa75e51e77fde594f3099f8f51,blinded-annotation-v2-shortrefs
C011,K094,judge_a,1,labeled,Sleep duration estimated from device; sleep boundaries recorded as start/end timestamps.,Applies when device-estimated sleep duration and sleep boundaries are available.,Clarifies estimated sleep differs from full period; relevant to data interpretation.,qwen3.8-max,2177a5ff5f22013cb81e507c79ef59385fb670aa75e51e77fde594f3099f8f51,blinded-annotation-v2-shortrefs
C011,K095,judge_a,1,labeled,Nighttime coverage 482-498 min confirms device worn overnight for sleep detection.,Applies when sleep readings are absent with non-wear or incomplete coverage.,Confirms overnight wear enables sleep recording; supported contextual connection.,qwen3.8-max,2177a5ff5f22013cb81e507c79ef59385fb670aa75e51e77fde594f3099f8f51,blinded-annotation-v2-shortrefs
C011,K096,judge_a,1,labeled,Steps range 7589-8409 with daily variation; arm swing context unknown.,Applies when step readings change with possible measurement limitations.,Explains step count variability may reflect sensing limits; supported contextual connection.,qwen3.8-max,2177a5ff5f22013cb81e507c79ef59385fb670aa75e51e77fde594f3099f8f51,blinded-annotation-v2-shortrefs
C012,K001,judge_a,2,labeled,Sleep duration mean ~470 min (~7.8h); metadata age_band 18-60.,Requires age band compatible with 18-60 and sleep duration below recommendation.,Core explains the applicable sleep recommendation; data shows user meets the >=7h threshold.,qwen3.8-max,07dc89a551e57244778b266f58bb47d6626b308d875ce88e41901bbca521fea9,blinded-annotation-v2-shortrefs
C012,K002,judge_a,0,labeled,Metadata age_band is 18-60.,Requires age 61 to 64 is established.,Age band contradicts required population of 61-64.,qwen3.8-max,07dc89a551e57244778b266f58bb47d6626b308d875ce88e41901bbca521fea9,blinded-annotation-v2-shortrefs
C012,K003,judge_a,0,labeled,Metadata age_band is 18-60.,Requires age at least 65.,Age band contradicts required population of 65+.,qwen3.8-max,07dc89a551e57244778b266f58bb47d6626b308d875ce88e41901bbca521fea9,blinded-annotation-v2-shortrefs
C012,K004,judge_a,0,labeled,Metadata age_band is 18-60.,Requires teenage age group (13-17).,Age band contradicts required population of teenagers.,qwen3.8-max,07dc89a551e57244778b266f58bb47d6626b308d875ce88e41901bbca521fea9,blinded-annotation-v2-shortrefs
C012,K005,judge_a,0,labeled,Sleep duration stable ~470 min; no schedule constraint evidence.,Requires repeatedly shortened sleep opportunity or duration.,No evidence of insufficient sleep or schedule constraints.,qwen3.8-max,07dc89a551e57244778b266f58bb47d6626b308d875ce88e41901bbca521fea9,blinded-annotation-v2-shortrefs
C012,K006,judge_a,0,labeled,"Sleep ~7.8h, sufficient for 18-60 age band.",Requires sleep consistently short even without new decline.,Sleep duration is sufficient; condition explicitly non-applicable.,qwen3.8-max,07dc89a551e57244778b266f58bb47d6626b308d875ce88e41901bbca521fea9,blinded-annotation-v2-shortrefs
C012,K007,judge_a,1,labeled,"Only sleep duration, start, and end recorded; no quality metrics.",Requires sleep duration recorded but sleep quality may be unknown.,Supported context: duration alone does not establish sleep quality.,qwen3.8-max,07dc89a551e57244778b266f58bb47d6626b308d875ce88e41901bbca521fea9,blinded-annotation-v2-shortrefs
C012,K008,judge_a,1,labeled,"Only sleep duration, start, and end times recorded; no awakenings.",Requires awakening history or measured sleep continuity.,Supported context: data lacks awakening records needed to assess sleep quality fully.,qwen3.8-max,07dc89a551e57244778b266f58bb47d6626b308d875ce88e41901bbca521fea9,blinded-annotation-v2-shortrefs
C012,K009,judge_a,0,labeled,Sleep ~7.8h; no subjective refreshment data.,Requires more than 8h sleep with reported lack of refreshment.,Sleep is under 8h and no refreshment info; conditions not met.,qwen3.8-max,07dc89a551e57244778b266f58bb47d6626b308d875ce88e41901bbca521fea9,blinded-annotation-v2-shortrefs
C012,K010,judge_a,0,labeled,Sleep ~7.8h; no cognitive impairment symptoms reported.,Requires repeatedly shortened sleep and symptoms for impairment claim.,No repeated sleep restriction; cannot diagnose impairment from data.,qwen3.8-max,07dc89a551e57244778b266f58bb47d6626b308d875ce88e41901bbca521fea9,blinded-annotation-v2-shortrefs
C012,K011,judge_a,0,labeled,"Sleep mean ~470 min (~7.8h), meeting adult recommendations.",Requires several nights of reduced sleep duration.,No repeated sleep restriction observed; sleep duration is adequate.,qwen3.8-max,07dc89a551e57244778b266f58bb47d6626b308d875ce88e41901bbca521fea9,blinded-annotation-v2-shortrefs
C012,K012,judge_a,0,labeled,Sleep ~7.8h; no infection or immune symptoms.,Requires ongoing insufficient sleep.,Sleep is sufficient; cannot infer infection from data.,qwen3.8-max,07dc89a551e57244778b266f58bb47d6626b308d875ce88e41901bbca521fea9,blinded-annotation-v2-shortrefs
C012,K013,judge_a,0,labeled,Sleep duration mean ~470 min (~7.8h); no food intake data.,Requires repeated insufficient sleep and appetite info for individual claims.,Sleep is sufficient per guidelines; no appetite data available.,qwen3.8-max,07dc89a551e57244778b266f58bb47d6626b308d875ce88e41901bbca521fea9,blinded-annotation-v2-shortrefs
C012,K014,judge_a,0,labeled,No sleepiness or driving context reported.,Requires sleepiness and driving plans.,Context unknown; item conditions not met.,qwen3.8-max,07dc89a551e57244778b266f58bb47d6626b308d875ce88e41901bbca521fea9,blinded-annotation-v2-shortrefs
C012,K015,judge_a,1,labeled,Sleep ~7.8h for adult age band 18-60.,Requires adult sleep duration is being reviewed.,Supported context for interpreting adult sleep duration individually.,qwen3.8-max,07dc89a551e57244778b266f58bb47d6626b308d875ce88e41901bbca521fea9,blinded-annotation-v2-shortrefs
C012,K016,judge_a,0,labeled,No reported sleeping difficulties; only 14-day window.,Requires months-long sleeping difficulties or reported problems.,Brief duration record without reported problems; conditions not met.,qwen3.8-max,07dc89a551e57244778b266f58bb47d6626b308d875ce88e41901bbca521fea9,blinded-annotation-v2-shortrefs
C012,K017,judge_a,1,labeled,Sleep start varies 22:42-22:58; sleep end fixed at 07:00 daily.,Requires repeated variability in bedtime or wake time.,Bedtime varies slightly while wake time is perfectly stable; relevant context.,qwen3.8-max,07dc89a551e57244778b266f58bb47d6626b308d875ce88e41901bbca521fea9,blinded-annotation-v2-shortrefs
C012,K018,judge_a,0,labeled,Wake time exactly 07:00 daily; no insomnia symptoms reported.,Requires inconsistent wake time with reported sleeping difficulties.,Wake time perfectly consistent; no insomnia evidence.,qwen3.8-max,07dc89a551e57244778b266f58bb47d6626b308d875ce88e41901bbca521fea9,blinded-annotation-v2-shortrefs
C012,K019,judge_a,1,labeled,"Sleep start variance 24.79 baseline, 15.94 window; end variance 0.0.",Requires bedtime or wake time differs substantially between weekdays and weekends.,Wake time is identical; sleep start varies slightly. Relevant context for schedule consistency.,qwen3.8-max,07dc89a551e57244778b266f58bb47d6626b308d875ce88e41901bbca521fea9,blinded-annotation-v2-shortrefs
C012,K020,judge_a,0,labeled,Bedtime recorded ~22:42-22:58; no pre-bed activity info.,Requires information about pre-bed activities for targeted advice.,Pre-bed activities unknown; cannot assume missing routine.,qwen3.8-max,07dc89a551e57244778b266f58bb47d6626b308d875ce88e41901bbca521fea9,blinded-annotation-v2-shortrefs
C012,K021,judge_a,0,labeled,No screen or light exposure data recorded.,Requires known bright-screen exposure shortly before bed.,Screen exposure unknown; cannot attribute sleep patterns to screens.,qwen3.8-max,07dc89a551e57244778b266f58bb47d6626b308d875ce88e41901bbca521fea9,blinded-annotation-v2-shortrefs
C012,K022,judge_a,0,labeled,No caffeine history in data.,Requires caffeine timing and intake.,Caffeine history unknown; item conditions not met.,qwen3.8-max,07dc89a551e57244778b266f58bb47d6626b308d875ce88e41901bbca521fea9,blinded-annotation-v2-shortrefs
C012,K023,judge_a,0,labeled,No meal timing or size data recorded.,Requires known large meal shortly before bed.,Meal information unknown; item conditions not met.,qwen3.8-max,07dc89a551e57244778b266f58bb47d6626b308d875ce88e41901bbca521fea9,blinded-annotation-v2-shortrefs
C012,K024,judge_a,0,labeled,No alcohol intake data.,Requires alcohol intake and timing.,Alcohol exposure unknown; item conditions not met.,qwen3.8-max,07dc89a551e57244778b266f58bb47d6626b308d875ce88e41901bbca521fea9,blinded-annotation-v2-shortrefs
C012,K025,judge_a,0,labeled,No nicotine use information in data.,Requires nicotine exposure.,Nicotine use unknown; item conditions not met.,qwen3.8-max,07dc89a551e57244778b266f58bb47d6626b308d875ce88e41901bbca521fea9,blinded-annotation-v2-shortrefs
C012,K026,judge_a,0,labeled,No bedroom environment data recorded.,Requires known disruptive bedroom environment.,Environment unknown; item conditions not met.,qwen3.8-max,07dc89a551e57244778b266f58bb47d6626b308d875ce88e41901bbca521fea9,blinded-annotation-v2-shortrefs
C012,K027,judge_a,0,labeled,No reported difficulty relaxing or routine request.,Requires reported difficulty relaxing or a request for routine options.,Cannot infer stress or anxiety from wearable signals.,qwen3.8-max,07dc89a551e57244778b266f58bb47d6626b308d875ce88e41901bbca521fea9,blinded-annotation-v2-shortrefs
C012,K028,judge_a,0,labeled,No nap history in data.,Requires adult naps are recorded or reported.,Nap history unknown; item conditions not met.,qwen3.8-max,07dc89a551e57244778b266f58bb47d6626b308d875ce88e41901bbca521fea9,blinded-annotation-v2-shortrefs
C012,K029,judge_a,0,labeled,No shift work information in data.,Requires confirmed shift-work schedule.,Shift work unknown; item conditions not met.,qwen3.8-max,07dc89a551e57244778b266f58bb47d6626b308d875ce88e41901bbca521fea9,blinded-annotation-v2-shortrefs
C012,K030,judge_a,0,labeled,No shift work information in data.,Requires confirmed shift work.,Shift work unknown; item conditions not met.,qwen3.8-max,07dc89a551e57244778b266f58bb47d6626b308d875ce88e41901bbca521fea9,blinded-annotation-v2-shortrefs
C012,K031,judge_a,0,labeled,No shift work or caffeine data.,Requires shift schedule and caffeine intake.,Shift work and caffeine unknown; item conditions not met.,qwen3.8-max,07dc89a551e57244778b266f58bb47d6626b308d875ce88e41901bbca521fea9,blinded-annotation-v2-shortrefs
C012,K032,judge_a,0,labeled,All sleep occurs overnight 22:42-07:00; no shift work.,Requires daytime sleep associated with shift work.,Only ordinary overnight sleep recorded; no shift work.,qwen3.8-max,07dc89a551e57244778b266f58bb47d6626b308d875ce88e41901bbca521fea9,blinded-annotation-v2-shortrefs
C012,K033,judge_a,0,labeled,Wearable provides timestamps but no diary entries for awakenings or naps.,Requires a changed or variable sleep pattern needing review with separate records.,Generic diary advice; no reported awakenings or naps to record.,qwen3.8-max,07dc89a551e57244778b266f58bb47d6626b308d875ce88e41901bbca521fea9,blinded-annotation-v2-shortrefs
C012,K034,judge_a,0,labeled,Sleep ~7.8h consistently; no shortened nights.,Requires several shortened nights rather than a single isolated reading.,No repeated sleep restriction observed; sleep is adequate.,qwen3.8-max,07dc89a551e57244778b266f58bb47d6626b308d875ce88e41901bbca521fea9,blinded-annotation-v2-shortrefs
C012,K035,judge_a,0,labeled,Weekend sleep mean 468.25 min vs weekday 471.6 min in window.,Requires longer sleep and later timing on days off.,Weekend sleep is not longer than weekday sleep; condition contradicted.,qwen3.8-max,07dc89a551e57244778b266f58bb47d6626b308d875ce88e41901bbca521fea9,blinded-annotation-v2-shortrefs
C012,K036,judge_a,0,labeled,No nap information recorded in data.,Requires recorded naps after shortened night-time sleep.,Nap history unknown; item conditions not met.,qwen3.8-max,07dc89a551e57244778b266f58bb47d6626b308d875ce88e41901bbca521fea9,blinded-annotation-v2-shortrefs
C012,K037,judge_a,0,labeled,No reported bad sleep or insomnia symptoms in data.,Requires reported bad sleep or insomnia symptoms.,Only device estimates available; no reported sleeping difficulty.,qwen3.8-max,07dc89a551e57244778b266f58bb47d6626b308d875ce88e41901bbca521fea9,blinded-annotation-v2-shortrefs
C012,K038,judge_a,0,labeled,No symptom history or reported sleeping difficulties.,Requires reported sleeping difficulties with known duration.,Cannot diagnose insomnia from estimated sleep hours alone.,qwen3.8-max,07dc89a551e57244778b266f58bb47d6626b308d875ce88e41901bbca521fea9,blinded-annotation-v2-shortrefs
C012,K039,judge_a,0,labeled,No travel history in data.,"Requires confirmed travel, destination time zone, and trip duration.",Travel context unknown; item conditions not met.,qwen3.8-max,07dc89a551e57244778b266f58bb47d6626b308d875ce88e41901bbca521fea9,blinded-annotation-v2-shortrefs
C012,K040,judge_a,0,labeled,No travel context in data.,Requires a short trip across time zones is planned.,Travel context unknown; item conditions not met.,qwen3.8-max,07dc89a551e57244778b266f58bb47d6626b308d875ce88e41901bbca521fea9,blinded-annotation-v2-shortrefs
C012,K041,judge_a,0,labeled,Activity intensity unknown.,Requires intensity information to count recommended aerobic minutes.,Cannot equate steps directly with guideline compliance without intensity.,qwen3.8-max,07dc89a551e57244778b266f58bb47d6626b308d875ce88e41901bbca521fea9,blinded-annotation-v2-shortrefs
C012,K042,judge_a,0,labeled,"Activity stable ~55 min baseline, ~58 min window; no recent inactivity.",Requires recently low or reduced physical activity.,No evidence of recently reduced activity requiring gradual buildup.,qwen3.8-max,07dc89a551e57244778b266f58bb47d6626b308d875ce88e41901bbca521fea9,blinded-annotation-v2-shortrefs
C012,K043,judge_a,0,labeled,All activity intervals have intensity 'unknown'.,Requires known activity intensity.,Only unspecified active minutes available; intensity unknown.,qwen3.8-max,07dc89a551e57244778b266f58bb47d6626b308d875ce88e41901bbca521fea9,blinded-annotation-v2-shortrefs
C012,K044,judge_a,0,labeled,All activity intervals have intensity 'unknown'.,Requires known vigorous intensity.,Intensity unknown; cannot apply vigorous activity targets.,qwen3.8-max,07dc89a551e57244778b266f58bb47d6626b308d875ce88e41901bbca521fea9,blinded-annotation-v2-shortrefs
C012,K045,judge_a,0,labeled,Activity intensity unknown; no reduced activity observed.,Requires intensity required for counting guideline minutes.,Cannot assume every active minute is moderate intensity.,qwen3.8-max,07dc89a551e57244778b266f58bb47d6626b308d875ce88e41901bbca521fea9,blinded-annotation-v2-shortrefs
C012,K046,judge_a,1,labeled,Only steps and active minutes recorded; no strengthening data.,Requires strengthening activity records including days and muscle groups.,Supported context: step counts do not show whether strengthening occurred.,qwen3.8-max,07dc89a551e57244778b266f58bb47d6626b308d875ce88e41901bbca521fea9,blinded-annotation-v2-shortrefs
C012,K047,judge_a,0,labeled,All activity intervals have intensity 'unknown'.,Requires known intensity and weekly duration.,Intensity unknown; cannot assess guideline attainment or additional benefits.,qwen3.8-max,07dc89a551e57244778b266f58bb47d6626b308d875ce88e41901bbca521fea9,blinded-annotation-v2-shortrefs
C012,K048,judge_a,1,labeled,All activity intervals have intensity 'unknown'; steps ~8000 daily.,Requires activity intensity needs interpretation.,Directly supports that intensity cannot be assigned from daily movement totals alone.,qwen3.8-max,07dc89a551e57244778b266f58bb47d6626b308d875ce88e41901bbca521fea9,blinded-annotation-v2-shortrefs
C012,K049,judge_a,0,labeled,No effort or aerobic-activity context recorded.,Requires an aerobic activity and breathing or talk-test observation.,Effort context unrecorded; item conditions not met.,qwen3.8-max,07dc89a551e57244778b266f58bb47d6626b308d875ce88e41901bbca521fea9,blinded-annotation-v2-shortrefs
C012,K050,judge_a,1,labeled,Steps ~8000 daily; activity intensity unknown.,Requires steps change while other activity may differ.,Supported context: steps alone don't capture non-step exercise intensity.,qwen3.8-max,07dc89a551e57244778b266f58bb47d6626b308d875ce88e41901bbca521fea9,blinded-annotation-v2-shortrefs
C012,K051,judge_a,0,labeled,No mobility or transport context in data.,Requires mobility and transport context for specific options.,Context unknown; generic advice not specifically informative.,qwen3.8-max,07dc89a551e57244778b266f58bb47d6626b308d875ce88e41901bbca521fea9,blinded-annotation-v2-shortrefs
C012,K052,judge_a,0,labeled,No personal preferences or availability data recorded.,Requires personal preferences and availability for choosing options.,Context unknown; generic advice not specifically informative.,qwen3.8-max,07dc89a551e57244778b266f58bb47d6626b308d875ce88e41901bbca521fea9,blinded-annotation-v2-shortrefs
C012,K053,judge_a,0,labeled,No social preferences or motivational barriers reported.,Requires social preferences or reported motivational barrier.,No evidence of motivational or social barrier.,qwen3.8-max,07dc89a551e57244778b266f58bb47d6626b308d875ce88e41901bbca521fea9,blinded-annotation-v2-shortrefs
C012,K054,judge_a,0,labeled,No reported time barrier in data.,Requires low activity with a reported time barrier.,Time barrier unknown; assuming it from data violates constraints.,qwen3.8-max,07dc89a551e57244778b266f58bb47d6626b308d875ce88e41901bbca521fea9,blinded-annotation-v2-shortrefs
C012,K055,judge_a,0,labeled,No schedule constraints reported.,Requires reported competing demands reduce activity.,Schedule reason unknown; item conditions not met.,qwen3.8-max,07dc89a551e57244778b266f58bb47d6626b308d875ce88e41901bbca521fea9,blinded-annotation-v2-shortrefs
C012,K056,judge_a,0,labeled,No chronic condition or disability context in data.,Requires relevant health condition and activity safety history.,Medical context unknown; item conditions not met.,qwen3.8-max,07dc89a551e57244778b266f58bb47d6626b308d875ce88e41901bbca521fea9,blinded-annotation-v2-shortrefs
C012,K057,judge_a,1,labeled,"Low movement intervals span ~45 mins each, 10:00-18:28 daily with 720 min wear.",Requires long uninterrupted daytime low-movement intervals with adequate wear coverage.,Data shows repeated daytime low-movement blocks; relevant context though not confirmed sitting.,qwen3.8-max,07dc89a551e57244778b266f58bb47d6626b308d875ce88e41901bbca521fea9,blinded-annotation-v2-shortrefs
C012,K058,judge_a,1,labeled,Activity 50-60 min daily coexists with ~450 min low movement daily.,Requires recorded activity coexists with substantial low-movement periods.,Supported connection: activity coexists with substantial low-movement periods in data.,qwen3.8-max,07dc89a551e57244778b266f58bb47d6626b308d875ce88e41901bbca521fea9,blinded-annotation-v2-shortrefs
C012,K059,judge_a,1,labeled,Low movement ~450 min daily across all 42 days.,Requires substantial or increasing daily low movement.,Substantial daily low movement observed; relevant context though sitting not confirmed.,qwen3.8-max,07dc89a551e57244778b266f58bb47d6626b308d875ce88e41901bbca521fea9,blinded-annotation-v2-shortrefs
C012,K060,judge_a,0,labeled,No commuting or transport information in wearable data.,Requires established sedentary commuting context.,Commute context unknown; item conditions not met by available data.,qwen3.8-max,07dc89a551e57244778b266f58bb47d6626b308d875ce88e41901bbca521fea9,blinded-annotation-v2-shortrefs
C012,K061,judge_a,0,labeled,No work context or desk layout in data.,Requires desk work with prolonged sitting.,Work context unknown; item conditions not met.,qwen3.8-max,07dc89a551e57244778b266f58bb47d6626b308d875ce88e41901bbca521fea9,blinded-annotation-v2-shortrefs
C012,K062,judge_a,0,labeled,No workplace or meeting information in data.,Requires meetings or desk work involving prolonged sitting.,Workplace context unknown; item conditions not met.,qwen3.8-max,07dc89a551e57244778b266f58bb47d6626b308d875ce88e41901bbca521fea9,blinded-annotation-v2-shortrefs
C012,K063,judge_a,0,labeled,No television-viewing context in data.,Requires prolonged sitting while watching television.,Screen habits unknown; item conditions not met.,qwen3.8-max,07dc89a551e57244778b266f58bb47d6626b308d875ce88e41901bbca521fea9,blinded-annotation-v2-shortrefs
C012,K064,judge_a,0,labeled,No leisure context in data.,Requires substantial habitual seated leisure.,Leisure context unknown; item conditions not met.,qwen3.8-max,07dc89a551e57244778b266f58bb47d6626b308d875ce88e41901bbca521fea9,blinded-annotation-v2-shortrefs
C012,K065,judge_a,1,labeled,Daily activity_duration_minutes 50-60 alongside steps 7592-8417.,Requires low everyday movement despite possible formal exercise.,Supports distinguishing recorded active minutes from general everyday movement.,qwen3.8-max,07dc89a551e57244778b266f58bb47d6626b308d875ce88e41901bbca521fea9,blinded-annotation-v2-shortrefs
C012,K066,judge_a,0,labeled,No workday lunch-break context in data.,Requires daytime low movement with known workday lunch-break context.,Workday context unknown; item conditions not met.,qwen3.8-max,07dc89a551e57244778b266f58bb47d6626b308d875ce88e41901bbca521fea9,blinded-annotation-v2-shortrefs
C012,K067,judge_a,0,labeled,No stair access or mobility context in data.,Requires low incidental movement with accessible stairs.,Context unknown; generic advice not specifically informative here.,qwen3.8-max,07dc89a551e57244778b266f58bb47d6626b308d875ce88e41901bbca521fea9,blinded-annotation-v2-shortrefs
C012,K068,judge_a,2,labeled,Low movement ~450 min daily; device notes low movement is not posture.,Requires low-movement intervals available without posture measurement.,Core directly explains that low movement estimates should not be relabelled as confirmed sitting.,qwen3.8-max,07dc89a551e57244778b266f58bb47d6626b308d875ce88e41901bbca521fea9,blinded-annotation-v2-shortrefs
C012,K069,judge_a,1,labeled,Activity and sleep patterns available jointly over 42 days.,Requires activity and sleep patterns available for joint review.,"Supported contextual connection for joint review, though causation cannot be declared.",qwen3.8-max,07dc89a551e57244778b266f58bb47d6626b308d875ce88e41901bbca521fea9,blinded-annotation-v2-shortrefs
C012,K070,judge_a,0,labeled,No outdoor access or mobility data recorded.,Requires low daytime activity accompanying changed sleep routine.,Activity is stable; outdoor exposure cannot be inferred from steps.,qwen3.8-max,07dc89a551e57244778b266f58bb47d6626b308d875ce88e41901bbca521fea9,blinded-annotation-v2-shortrefs
C012,K071,judge_a,1,labeled,Activity intervals daily 21:00-~21:55; sleep starts ~22:42-22:58.,Requires activity occurs close to bedtime.,"Supported connection: late activity occurs near bedtime, but intensity is unknown.",qwen3.8-max,07dc89a551e57244778b266f58bb47d6626b308d875ce88e41901bbca521fea9,blinded-annotation-v2-shortrefs
C012,K072,judge_a,0,labeled,Activity at 21:00 daily; no insomnia symptoms reported.,Requires exercise near bedtime with reported insomnia symptoms.,Only movement timestamps known; no insomnia symptoms reported.,qwen3.8-max,07dc89a551e57244778b266f58bb47d6626b308d875ce88e41901bbca521fea9,blinded-annotation-v2-shortrefs
C012,K073,judge_a,1,labeled,Activity intervals recorded daily at 21:00; sleep start times vary between 22:42 and 22:58.,Requires activity timing and subsequent sleep being compared.,"Data support comparing evening activity timing with sleep onset, providing contextual relevance.",qwen3.8-max,07dc89a551e57244778b266f58bb47d6626b308d875ce88e41901bbca521fea9,blinded-annotation-v2-shortrefs
C012,K074,judge_a,0,labeled,No emergency responder deployment context in data.,Requires confirmed emergency-response deployment context.,Deployment context unknown; item explicitly non-applicable.,qwen3.8-max,07dc89a551e57244778b266f58bb47d6626b308d875ce88e41901bbca521fea9,blinded-annotation-v2-shortrefs
C012,K075,judge_a,0,labeled,No tiredness or energy history reported.,Requires subjective energy pattern and availability.,Energy history unknown; item conditions not met.,qwen3.8-max,07dc89a551e57244778b266f58bb47d6626b308d875ce88e41901bbca521fea9,blinded-annotation-v2-shortrefs
C012,K076,judge_a,0,labeled,No substance or medication history in data.,Requires substance and medication history for causal interpretation.,Exposures unrecorded; cannot assume they occurred.,qwen3.8-max,07dc89a551e57244778b266f58bb47d6626b308d875ce88e41901bbca521fea9,blinded-annotation-v2-shortrefs
C012,K077,judge_a,2,labeled,"RHR recorded daily as resting_heart_rate_bpm, 55-57 bpm.",Requires resting heart rate observations are available.,Core explains the specific RHR metric definition applied to the observed data.,qwen3.8-max,07dc89a551e57244778b266f58bb47d6626b308d875ce88e41901bbca521fea9,blinded-annotation-v2-shortrefs
C012,K078,judge_a,2,labeled,Daily resting_heart_rate_bpm recorded as 55-57 bpm.,Requires a daily resting heart-rate trend is being interpreted.,"Core explains distinction between daily RHR and sleeping HR, directly relevant to metric.",qwen3.8-max,07dc89a551e57244778b266f58bb47d6626b308d875ce88e41901bbca521fea9,blinded-annotation-v2-shortrefs
C012,K079,judge_a,1,labeled,RHR stable 55-57 bpm; no exposure or symptom info.,Requires resting heart rate changes relative to previous readings.,"Supported context explaining multiple factors influence RHR, preventing single-cause inference.",qwen3.8-max,07dc89a551e57244778b266f58bb47d6626b308d875ce88e41901bbca521fea9,blinded-annotation-v2-shortrefs
C012,K080,judge_a,2,labeled,RHR 55-57 bpm and HRV RMSSD 26-54 ms recorded simultaneously.,Requires HRV and heart-rate estimates being interpreted together.,Core explains that HRV and RHR are distinct metrics both present in the data.,qwen3.8-max,07dc89a551e57244778b266f58bb47d6626b308d875ce88e41901bbca521fea9,blinded-annotation-v2-shortrefs
C012,K081,judge_a,2,labeled,HRV RMSSD alternates between 26-54 ms daily across both periods.,Requires an HRV level or trend being reviewed.,Core explains why absolute HRV values fluctuate and shouldn't be universally judged.,qwen3.8-max,07dc89a551e57244778b266f58bb47d6626b308d875ce88e41901bbca521fea9,blinded-annotation-v2-shortrefs
C012,K082,judge_a,2,labeled,28-day baseline and 14-day window provided for all vitals.,Requires sufficient same-metric personal history.,Core explains the 30-day personal range methodology underlying the derived statistics.,qwen3.8-max,07dc89a551e57244778b266f58bb47d6626b308d875ce88e41901bbca521fea9,blinded-annotation-v2-shortrefs
C012,K083,judge_a,2,labeled,"RHR recorded daily over 42 days, ranging 55-57 bpm.",Requires repeated resting heart-rate readings or a recent change.,Core explains the value of reviewing RHR trends over weeks rather than single readings.,qwen3.8-max,07dc89a551e57244778b266f58bb47d6626b308d875ce88e41901bbca521fea9,blinded-annotation-v2-shortrefs
C012,K084,judge_a,2,labeled,HRV RMSSD 26-54 ms recorded daily over 42 days.,Requires an HRV trend is available for wellness monitoring.,"Core explains HRV is for wellness observation, not diagnosis, directly applying to data.",qwen3.8-max,07dc89a551e57244778b266f58bb47d6626b308d875ce88e41901bbca521fea9,blinded-annotation-v2-shortrefs
C012,K085,judge_a,2,labeled,HRV metric labeled hrv_rmssd_ms throughout baseline and window.,Requires HRV records identifying RMSSD as their metric.,Data directly uses RMSSD; item core explains the specific metric definition used.,qwen3.8-max,07dc89a551e57244778b266f58bb47d6626b308d875ce88e41901bbca521fea9,blinded-annotation-v2-shortrefs
C012,K086,judge_a,2,labeled,Nighttime coverage 482-498 min; HRV RMSSD recorded every night.,Requires compatible Fitbit collection definition and sleep coverage.,Core explains device-specific HRV collection rules matching the observed nightly coverage.,qwen3.8-max,07dc89a551e57244778b266f58bb47d6626b308d875ce88e41901bbca521fea9,blinded-annotation-v2-shortrefs
C012,K087,judge_a,0,labeled,Only sleep duration and timing available; no sleep-stage data.,Requires sleep-stage measurements.,Only duration and timing available; no stage data to review.,qwen3.8-max,07dc89a551e57244778b266f58bb47d6626b308d875ce88e41901bbca521fea9,blinded-annotation-v2-shortrefs
C012,K088,judge_a,0,labeled,No reported health concerns or symptoms in data.,Requires reported health concerns or symptoms.,No health concerns reported; generic background advice.,qwen3.8-max,07dc89a551e57244778b266f58bb47d6626b308d875ce88e41901bbca521fea9,blinded-annotation-v2-shortrefs
C012,K089,judge_a,0,labeled,RHR stable 55-57 bpm across all days; no wear quality changes noted.,Requires unreliable heart-rate readings or wear quality changes.,No evidence of fit problems or unreliable readings in the data.,qwen3.8-max,07dc89a551e57244778b266f58bb47d6626b308d875ce88e41901bbca521fea9,blinded-annotation-v2-shortrefs
C012,K090,judge_a,1,labeled,Daytime wear 720 min; nighttime coverage 482-498 min daily.,Requires separate night-time wear information.,Supported context: confirms night-time wear is separate from daytime wear for vitals.,qwen3.8-max,07dc89a551e57244778b266f58bb47d6626b308d875ce88e41901bbca521fea9,blinded-annotation-v2-shortrefs
C012,K091,judge_a,0,labeled,No missing vitals; nighttime coverage >180 min daily.,Requires a vital is missing with limited night-time data.,No missing measurements; coverage is adequate throughout.,qwen3.8-max,07dc89a551e57244778b266f58bb47d6626b308d875ce88e41901bbca521fea9,blinded-annotation-v2-shortrefs
C012,K092,judge_a,0,labeled,No missing vitals; all days have complete data.,Requires vitals are missing or delayed.,Data is complete; no missing vitals to troubleshoot.,qwen3.8-max,07dc89a551e57244778b266f58bb47d6626b308d875ce88e41901bbca521fea9,blinded-annotation-v2-shortrefs
C012,K093,judge_a,0,labeled,Single synthetic device used throughout; no device switch.,Requires heart-rate series involve a device or algorithm change.,Same-device series documented; no device switch assumed.,qwen3.8-max,07dc89a551e57244778b266f58bb47d6626b308d875ce88e41901bbca521fea9,blinded-annotation-v2-shortrefs
C012,K094,judge_a,2,labeled,Sleep duration ~470 min within ~488 min nighttime coverage.,Requires device-estimated sleep duration and sleep boundaries are available.,Core explains that estimated sleep duration differs from total time in bed.,qwen3.8-max,07dc89a551e57244778b266f58bb47d6626b308d875ce88e41901bbca521fea9,blinded-annotation-v2-shortrefs
C012,K095,judge_a,1,labeled,Nighttime coverage 482-498 min daily; no missing nights.,Requires night-time wear record.,Supported context confirming overnight wear was maintained for sleep records.,qwen3.8-max,07dc89a551e57244778b266f58bb47d6626b308d875ce88e41901bbca521fea9,blinded-annotation-v2-shortrefs
C012,K096,judge_a,1,labeled,Steps range 7592-8417; device is synthetic common wearable.,Requires step readings change with possible measurement limitations.,Provides supported context for how step counts are derived from this device type.,qwen3.8-max,07dc89a551e57244778b266f58bb47d6626b308d875ce88e41901bbca521fea9,blinded-annotation-v2-shortrefs
C013,K001,judge_a,2,labeled,"Age band 18-60; sleep mean 469.7 min baseline, 478.2 min window (both >7h).",CDC recommends at least 7 hours for adults 18-60.,Directly applies the correct age-specific sleep recommendation to the observed durations.,qwen3.8-max,6abc54a3906d620eddfda1e7d278e2f24555bb9b717cc8b674a970c5a50fb928,blinded-annotation-v2-shortrefs
C013,K002,judge_a,0,labeled,Age band 18-60; sleep duration ~478 min in window.,Applies only to adults aged 61-64.,Subject age band 18-60 does not match the 61-64 target population.,qwen3.8-max,6abc54a3906d620eddfda1e7d278e2f24555bb9b717cc8b674a970c5a50fb928,blinded-annotation-v2-shortrefs
C013,K003,judge_a,0,labeled,Age band 18-60; sleep duration ~478 min in window.,Applies only to adults aged 65 and older.,Subject age band 18-60 explicitly below the 65+ target population.,qwen3.8-max,6abc54a3906d620eddfda1e7d278e2f24555bb9b717cc8b674a970c5a50fb928,blinded-annotation-v2-shortrefs
C013,K004,judge_a,0,labeled,Age band is 18-60; sleep duration ~478 min in window.,Applies only to teenagers aged 13-17; non-applicable for adults.,"Subject is adult 18-60, explicitly outside the item's target population.",qwen3.8-max,6abc54a3906d620eddfda1e7d278e2f24555bb9b717cc8b674a970c5a50fb928,blinded-annotation-v2-shortrefs
C013,K005,judge_a,0,labeled,Sleep duration increased by 8.5 min mean in window vs baseline; no schedule constraint data.,Requires repeatedly shortened sleep and a schedule constraint attribution.,Sleep is not shortened; no evidence of schedule constraint causing insufficient sleep.,qwen3.8-max,6abc54a3906d620eddfda1e7d278e2f24555bb9b717cc8b674a970c5a50fb928,blinded-annotation-v2-shortrefs
C013,K006,judge_a,0,labeled,"Sleep mean 478.2 min window, 469.7 baseline; both above 7h recommendation.",Applies when sleep is consistently short even without new decline.,Sleep duration is sufficient for age group; item explicitly non-applicable.,qwen3.8-max,6abc54a3906d620eddfda1e7d278e2f24555bb9b717cc8b674a970c5a50fb928,blinded-annotation-v2-shortrefs
C013,K007,judge_a,1,labeled,Sleep duration recorded (mean 478.2 min window); no awakenings or quality data.,Notes recorded hours alone do not establish sleep quality.,Directly relevant caution that observed duration data does not prove sleep quality.,qwen3.8-max,6abc54a3906d620eddfda1e7d278e2f24555bb9b717cc8b674a970c5a50fb928,blinded-annotation-v2-shortrefs
C013,K008,judge_a,0,labeled,Only sleep start/end and duration recorded; no awakening data available.,Requires repeated awakenings to be documented.,Awakening history unavailable; item condition explicitly not met by current data.,qwen3.8-max,6abc54a3906d620eddfda1e7d278e2f24555bb9b717cc8b674a970c5a50fb928,blinded-annotation-v2-shortrefs
C013,K009,judge_a,0,labeled,Sleep mean 478.2 min (~7.97h); no subjective refreshment data.,Requires >8h sleep with reported lack of refreshment.,Sleep under 8h mean; no refreshment complaints; conditions unmet.,qwen3.8-max,6abc54a3906d620eddfda1e7d278e2f24555bb9b717cc8b674a970c5a50fb928,blinded-annotation-v2-shortrefs
C013,K010,judge_a,0,labeled,Sleep adequate (>7h); no cognitive performance or symptom data.,Requires repeatedly shortened sleep and symptoms to claim impairment.,Sleep not restricted; no symptoms reported; conditions unmet.,qwen3.8-max,6abc54a3906d620eddfda1e7d278e2f24555bb9b717cc8b674a970c5a50fb928,blinded-annotation-v2-shortrefs
C013,K011,judge_a,0,labeled,Sleep duration mean 478.2 min in window; no shortened nights.,Requires several nights of reduced sleep duration.,No repeated sleep restriction observed; sleep meets recommendations throughout.,qwen3.8-max,6abc54a3906d620eddfda1e7d278e2f24555bb9b717cc8b674a970c5a50fb928,blinded-annotation-v2-shortrefs
C013,K012,judge_a,0,labeled,"Sleep duration mean 478.2 min in window, above 7h recommendation; no infection data.",Requires ongoing insufficient sleep.,Sleep is not insufficient; no basis to connect immune function advice to these observations.,qwen3.8-max,6abc54a3906d620eddfda1e7d278e2f24555bb9b717cc8b674a970c5a50fb928,blinded-annotation-v2-shortrefs
C013,K013,judge_a,0,labeled,Sleep duration adequate (>7h); no appetite or food intake data.,Requires repeated insufficient sleep and food intake info for individual claims.,Sleep not insufficient; no appetite data; conditions entirely unmet.,qwen3.8-max,6abc54a3906d620eddfda1e7d278e2f24555bb9b717cc8b674a970c5a50fb928,blinded-annotation-v2-shortrefs
C013,K014,judge_a,0,labeled,No sleepiness reports or driving context in data.,Requires reported sleepiness and driving plans.,Sleepiness and driving context both unknown; safety advice not applicable.,qwen3.8-max,6abc54a3906d620eddfda1e7d278e2f24555bb9b717cc8b674a970c5a50fb928,blinded-annotation-v2-shortrefs
C013,K015,judge_a,1,labeled,"Sleep mean 478.2 min window, 469.7 baseline; age 18-60.",Notes sleep needs vary among adults averaging 7-9 hours.,Relevant context for evaluating whether observed durations are adequate for this individual.,qwen3.8-max,6abc54a3906d620eddfda1e7d278e2f24555bb9b717cc8b674a970c5a50fb928,blinded-annotation-v2-shortrefs
C013,K016,judge_a,0,labeled,No insomnia symptoms reported; 14-day window only.,Requires months-long sleeping difficulties or reported insomnia with failed habit changes.,Brief record without reported problems; explicitly non-applicable per item conditions.,qwen3.8-max,6abc54a3906d620eddfda1e7d278e2f24555bb9b717cc8b674a970c5a50fb928,blinded-annotation-v2-shortrefs
C013,K017,judge_a,2,labeled,Sleep start variance 5582.7 min² in window vs 17.9 baseline; alternating 22:15/00:44 starts.,Recommends consistent bed/wake times; changing times repeatedly warrants review.,Directly explains the dramatic increase in sleep timing variability observed in window.,qwen3.8-max,6abc54a3906d620eddfda1e7d278e2f24555bb9b717cc8b674a970c5a50fb928,blinded-annotation-v2-shortrefs
C013,K018,judge_a,0,labeled,Wake times alternate between 06:30 and 09:00 in window; no insomnia reported.,Requires reported sleeping difficulties; non-applicable without insomnia evidence.,Late stable sleep pattern present but no reported sleeping difficulties; conditions unmet.,qwen3.8-max,6abc54a3906d620eddfda1e7d278e2f24555bb9b717cc8b674a970c5a50fb928,blinded-annotation-v2-shortrefs
C013,K019,judge_a,1,labeled,Sleep start variance jumped from 17.9 (baseline) to 5582.7 (window); alternating patterns.,Advises keeping weeknight/weekend schedules similar within ~1 hour.,Data shows large schedule variability in window; item provides relevant context though workdays unknown.,qwen3.8-max,6abc54a3906d620eddfda1e7d278e2f24555bb9b717cc8b674a970c5a50fb928,blinded-annotation-v2-shortrefs
C013,K020,judge_a,0,labeled,Sleep start times recorded; no pre-bed activity information available.,Requires information about pre-bed activities for targeted advice.,Cannot determine what person did before bed; timestamps alone insufficient.,qwen3.8-max,6abc54a3906d620eddfda1e7d278e2f24555bb9b717cc8b674a970c5a50fb928,blinded-annotation-v2-shortrefs
C013,K021,judge_a,0,labeled,Sleep start shifted later in window (mean +36.5 min); no screen exposure data.,Requires known bright-screen exposure before bed.,Screen exposure unknown; cannot attribute sleep timing change to screens.,qwen3.8-max,6abc54a3906d620eddfda1e7d278e2f24555bb9b717cc8b674a970c5a50fb928,blinded-annotation-v2-shortrefs
C013,K022,judge_a,0,labeled,No caffeine timing or intake data in wearable records.,Requires known afternoon or evening caffeine use with sleeping difficulty.,Caffeine history completely unknown; cannot link to sleep timing observations.,qwen3.8-max,6abc54a3906d620eddfda1e7d278e2f24555bb9b717cc8b674a970c5a50fb928,blinded-annotation-v2-shortrefs
C013,K023,judge_a,0,labeled,No meal timing or size data in wearable records.,Requires known large meal shortly before bed.,Meal information completely unknown; cannot link to sleep observations.,qwen3.8-max,6abc54a3906d620eddfda1e7d278e2f24555bb9b717cc8b674a970c5a50fb928,blinded-annotation-v2-shortrefs
C013,K024,judge_a,0,labeled,No alcohol intake or timing data in wearable records.,Requires alcohol intake and timing to be reported.,Alcohol exposure unknown; cannot link to sleep observations.,qwen3.8-max,6abc54a3906d620eddfda1e7d278e2f24555bb9b717cc8b674a970c5a50fb928,blinded-annotation-v2-shortrefs
C013,K025,judge_a,0,labeled,No nicotine or smoking data in wearable records.,Requires established nicotine exposure.,Nicotine use unknown; cannot link stimulant effects to sleep observations.,qwen3.8-max,6abc54a3906d620eddfda1e7d278e2f24555bb9b717cc8b674a970c5a50fb928,blinded-annotation-v2-shortrefs
C013,K026,judge_a,0,labeled,"No bedroom environment data (light, noise, temperature) in wearable records.",Requires known disruptive bedroom environment.,Bedroom conditions entirely unknown; wearable data cannot establish environment.,qwen3.8-max,6abc54a3906d620eddfda1e7d278e2f24555bb9b717cc8b674a970c5a50fb928,blinded-annotation-v2-shortrefs
C013,K027,judge_a,0,labeled,No pre-bed routine or relaxation difficulty reported in data.,Requires reported difficulty relaxing or request for routine options.,No evidence of relaxation issues; optional routine advice has no concrete connection.,qwen3.8-max,6abc54a3906d620eddfda1e7d278e2f24555bb9b717cc8b674a970c5a50fb928,blinded-annotation-v2-shortrefs
C013,K028,judge_a,0,labeled,No nap data recorded in wearable observations.,Requires adult naps to be recorded or reported.,Nap history unknown; item conditions cannot be evaluated.,qwen3.8-max,6abc54a3906d620eddfda1e7d278e2f24555bb9b717cc8b674a970c5a50fb928,blinded-annotation-v2-shortrefs
C013,K029,judge_a,0,labeled,Sleep times vary in window; no shift work schedule confirmed.,Requires confirmed shift-work schedule.,Variable sleep times alone do not prove rotating shifts; context unknown.,qwen3.8-max,6abc54a3906d620eddfda1e7d278e2f24555bb9b717cc8b674a970c5a50fb928,blinded-annotation-v2-shortrefs
C013,K030,judge_a,0,labeled,No shift work established in data.,Requires confirmed shift work.,Shift work unknown; lighting advice specific to shift workers not applicable.,qwen3.8-max,6abc54a3906d620eddfda1e7d278e2f24555bb9b717cc8b674a970c5a50fb928,blinded-annotation-v2-shortrefs
C013,K031,judge_a,0,labeled,No shift work or caffeine intake data in wearable records.,Requires confirmed shift worker using caffeine.,Shift work and caffeine use both unknown; conditions entirely unmet.,qwen3.8-max,6abc54a3906d620eddfda1e7d278e2f24555bb9b717cc8b674a970c5a50fb928,blinded-annotation-v2-shortrefs
C013,K032,judge_a,0,labeled,No shift work confirmation; sleep occurs overnight and early morning.,Requires daytime sleep associated with confirmed shift work.,Only ordinary overnight/early sleep recorded; shift work not established.,qwen3.8-max,6abc54a3906d620eddfda1e7d278e2f24555bb9b717cc8b674a970c5a50fb928,blinded-annotation-v2-shortrefs
C013,K033,judge_a,1,labeled,Sleep timing changed dramatically in window (variance 5582.7 vs 17.9 baseline).,Recommends sleep diary to preserve sequence of changes.,Variable sleep pattern in window makes diary advice contextually relevant for tracking changes.,qwen3.8-max,6abc54a3906d620eddfda1e7d278e2f24555bb9b717cc8b674a970c5a50fb928,blinded-annotation-v2-shortrefs
C013,K034,judge_a,0,labeled,Sleep duration increased +8.5 min mean in window; no shortened nights observed.,Requires several shortened nights rather than single isolated reading.,No repeated sleep loss observed; sleep duration meets recommendations throughout.,qwen3.8-max,6abc54a3906d620eddfda1e7d278e2f24555bb9b717cc8b674a970c5a50fb928,blinded-annotation-v2-shortrefs
C013,K035,judge_a,0,labeled,Weekend sleep mean 480.75 min vs weekday 477.2 min in window; workdays unknown.,Requires actual workdays and days off to be established.,Calendar grouping does not establish workdays; cannot confirm days-off pattern.,qwen3.8-max,6abc54a3906d620eddfda1e7d278e2f24555bb9b717cc8b674a970c5a50fb928,blinded-annotation-v2-shortrefs
C013,K036,judge_a,0,labeled,No nap data recorded in wearable observations.,Requires recorded naps after shortened night-time sleep.,Nap information absent; item conditions cannot be evaluated against available data.,qwen3.8-max,6abc54a3906d620eddfda1e7d278e2f24555bb9b717cc8b674a970c5a50fb928,blinded-annotation-v2-shortrefs
C013,K037,judge_a,0,labeled,No bad night or insomnia symptoms reported in data.,Requires recent bad night and reported sleeping difficulties.,No reported sleeping difficulty; device estimates alone insufficient per instructions.,qwen3.8-max,6abc54a3906d620eddfda1e7d278e2f24555bb9b717cc8b674a970c5a50fb928,blinded-annotation-v2-shortrefs
C013,K038,judge_a,0,labeled,14-day window only; no symptom history or insomnia report.,Requires symptom history and onset for duration categorization.,Cannot diagnose insomnia from 14 days of estimates; conditions explicitly unmet.,qwen3.8-max,6abc54a3906d620eddfda1e7d278e2f24555bb9b717cc8b674a970c5a50fb928,blinded-annotation-v2-shortrefs
C013,K039,judge_a,0,labeled,No travel history or flight data in wearable records.,Requires confirmed travel across time zones.,Travel context unknown; timing change alone does not establish jet lag.,qwen3.8-max,6abc54a3906d620eddfda1e7d278e2f24555bb9b717cc8b674a970c5a50fb928,blinded-annotation-v2-shortrefs
C013,K040,judge_a,0,labeled,No travel or trip information in wearable data.,Requires a short trip across time zones to be planned or known.,Travel context completely unknown; item conditions cannot be met.,qwen3.8-max,6abc54a3906d620eddfda1e7d278e2f24555bb9b717cc8b674a970c5a50fb928,blinded-annotation-v2-shortrefs
C013,K041,judge_a,0,labeled,Activity duration ~53 min/day; all intensity labeled unknown.,Requires intensity information to count recommended aerobic minutes.,Unknown activity intensity prevents applying guideline-related advice; generic background.,qwen3.8-max,6abc54a3906d620eddfda1e7d278e2f24555bb9b717cc8b674a970c5a50fb928,blinded-annotation-v2-shortrefs
C013,K042,judge_a,0,labeled,Activity duration stable (~53-54 min/day); no recent inactivity period.,Requires recently low or reduced physical activity.,"Activity is consistent, not recently low or reduced; conditions unmet.",qwen3.8-max,6abc54a3906d620eddfda1e7d278e2f24555bb9b717cc8b674a970c5a50fb928,blinded-annotation-v2-shortrefs
C013,K043,judge_a,0,labeled,Activity duration ~53 min/day; all intensity labeled unknown.,Requires known activity intensity to determine guideline compliance.,Only unspecified active minutes available; item explicitly non-applicable.,qwen3.8-max,6abc54a3906d620eddfda1e7d278e2f24555bb9b717cc8b674a970c5a50fb928,blinded-annotation-v2-shortrefs
C013,K044,judge_a,0,labeled,All activity intensity labeled unknown; no vigorous activity documented.,Requires known vigorous intensity activity.,Intensity unknown; item explicitly non-applicable when intensity is unrecorded.,qwen3.8-max,6abc54a3906d620eddfda1e7d278e2f24555bb9b717cc8b674a970c5a50fb928,blinded-annotation-v2-shortrefs
C013,K045,judge_a,0,labeled,Activity duration mean 52.7 min/window; all activity intensity labeled unknown.,Requires intensity for counting guideline minutes; non-applicable if assuming every active minute is moderate.,Intensity unknown prevents applying guideline-minute advice; generic background only.,qwen3.8-max,6abc54a3906d620eddfda1e7d278e2f24555bb9b717cc8b674a970c5a50fb928,blinded-annotation-v2-shortrefs
C013,K046,judge_a,0,labeled,Only steps and activity duration recorded; no strengthening activity data.,Requires strengthening activity records including days and muscle groups.,Only step/movement counts available; item explicitly non-applicable.,qwen3.8-max,6abc54a3906d620eddfda1e7d278e2f24555bb9b717cc8b674a970c5a50fb928,blinded-annotation-v2-shortrefs
C013,K047,judge_a,0,labeled,Activity intensity unknown; weekly moderate/vigorous attainment unverified.,Requires documented aerobic activity reaching adult guideline with known intensity.,Unknown intensity prevents verifying guideline attainment; conditions unmet.,qwen3.8-max,6abc54a3906d620eddfda1e7d278e2f24555bb9b717cc8b674a970c5a50fb928,blinded-annotation-v2-shortrefs
C013,K048,judge_a,0,labeled,All activity intensity labeled unknown; steps ~8052/day in window.,Requires fitness or perceived effort to interpret intensity.,Intensity cannot be assigned from daily movement totals alone; conditions unmet.,qwen3.8-max,6abc54a3906d620eddfda1e7d278e2f24555bb9b717cc8b674a970c5a50fb928,blinded-annotation-v2-shortrefs
C013,K049,judge_a,0,labeled,All activity intensity labeled unknown; no breathing or talk-test observations.,Requires observed effort during aerobic activity.,Effort and aerobic context unrecorded; cannot apply talk test to unknown intensity.,qwen3.8-max,6abc54a3906d620eddfda1e7d278e2f24555bb9b717cc8b674a970c5a50fb928,blinded-annotation-v2-shortrefs
C013,K050,judge_a,1,labeled,Steps mean 8052 window; activity duration 52.7 min; intensity unknown.,Notes steps may not reflect intensity during activities like spinning or yoga.,Relevant caution since steps and activity are recorded but intensity is unknown.,qwen3.8-max,6abc54a3906d620eddfda1e7d278e2f24555bb9b717cc8b674a970c5a50fb928,blinded-annotation-v2-shortrefs
C013,K051,judge_a,0,labeled,"Steps ~8052/day, activity ~53 min; no declining routine movement evident.",Requires low or declining routine movement and transport context.,"Movement is stable, not declining; transport context unknown.",qwen3.8-max,6abc54a3906d620eddfda1e7d278e2f24555bb9b717cc8b674a970c5a50fb928,blinded-annotation-v2-shortrefs
C013,K052,judge_a,0,labeled,Activity stable ~53 min/day; no preferences or maintenance difficulty reported.,"Requires activity habit low or difficult to maintain, plus personal preferences.",No evidence of difficulty maintaining activity; preferences unknown.,qwen3.8-max,6abc54a3906d620eddfda1e7d278e2f24555bb9b717cc8b674a970c5a50fb928,blinded-annotation-v2-shortrefs
C013,K053,judge_a,0,labeled,No social preferences or motivational barriers reported.,Requires social preferences or reported motivational barrier.,No evidence of motivational or social barrier; generic suggestion without connection.,qwen3.8-max,6abc54a3906d620eddfda1e7d278e2f24555bb9b717cc8b674a970c5a50fb928,blinded-annotation-v2-shortrefs
C013,K054,judge_a,0,labeled,Activity ~53 min/day; no reported time barrier in data.,Requires low activity with a reported time barrier.,"No time barrier reported; activity levels are stable, not notably low.",qwen3.8-max,6abc54a3906d620eddfda1e7d278e2f24555bb9b717cc8b674a970c5a50fb928,blinded-annotation-v2-shortrefs
C013,K055,judge_a,0,labeled,No schedule constraints or competing demands reported.,Requires reported competing demands reducing activity.,"Schedule reason unknown; activity is stable, suggesting no crowding-out issue.",qwen3.8-max,6abc54a3906d620eddfda1e7d278e2f24555bb9b717cc8b674a970c5a50fb928,blinded-annotation-v2-shortrefs
C013,K056,judge_a,0,labeled,No chronic conditions or disabilities recorded in data.,"Requires established chronic condition, disability, or special need.",Medical context unknown; item conditions not met by available data.,qwen3.8-max,6abc54a3906d620eddfda1e7d278e2f24555bb9b717cc8b674a970c5a50fb928,blinded-annotation-v2-shortrefs
C013,K057,judge_a,0,labeled,Low movement intervals ~45 min each throughout day; no posture data.,Requires mobility and posture context for individual sitting claim.,Device low movement is not confirmed sitting; posture context missing.,qwen3.8-max,6abc54a3906d620eddfda1e7d278e2f24555bb9b717cc8b674a970c5a50fb928,blinded-annotation-v2-shortrefs
C013,K058,judge_a,0,labeled,~53 min activity and ~449 min low movement daily in window; intensity unknown.,Requires confirmed sitting and known activity intensity for guideline claims.,"Low movement is not confirmed sitting; intensity unknown, so required conditions unmet.",qwen3.8-max,6abc54a3906d620eddfda1e7d278e2f24555bb9b717cc8b674a970c5a50fb928,blinded-annotation-v2-shortrefs
C013,K059,judge_a,0,labeled,Low movement ~449 min/day in window; no confirmed sitting posture.,Requires confirmed sitting for specific sedentary-time conclusion.,Device low movement is not confirmed sitting; required context missing.,qwen3.8-max,6abc54a3906d620eddfda1e7d278e2f24555bb9b717cc8b674a970c5a50fb928,blinded-annotation-v2-shortrefs
C013,K060,judge_a,0,labeled,No commuting or transport information in wearable data.,Requires established sedentary commuting and transport context.,Commute context entirely unknown; item conditions cannot be evaluated.,qwen3.8-max,6abc54a3906d620eddfda1e7d278e2f24555bb9b717cc8b674a970c5a50fb928,blinded-annotation-v2-shortrefs
C013,K061,judge_a,0,labeled,No workplace layout or desk work context in wearable data.,Requires desk work with prolonged sitting and workplace ability to walk.,Work context unknown; cannot apply workplace-specific movement suggestion.,qwen3.8-max,6abc54a3906d620eddfda1e7d278e2f24555bb9b717cc8b674a970c5a50fb928,blinded-annotation-v2-shortrefs
C013,K062,judge_a,0,labeled,No workplace or meeting information in data.,Requires meetings or desk work involving prolonged sitting.,Workplace context unknown; cannot apply standing/walking meeting advice.,qwen3.8-max,6abc54a3906d620eddfda1e7d278e2f24555bb9b717cc8b674a970c5a50fb928,blinded-annotation-v2-shortrefs
C013,K063,judge_a,0,labeled,No television viewing or screen habits recorded.,Requires prolonged sitting while watching television.,Screen habits unknown; cannot apply TV-specific movement advice.,qwen3.8-max,6abc54a3906d620eddfda1e7d278e2f24555bb9b717cc8b674a970c5a50fb928,blinded-annotation-v2-shortrefs
C013,K064,judge_a,0,labeled,Low movement ~450 min/day with 720 min wear; no posture or leisure context recorded.,Requires substantial habitual seated leisure and routine context.,"Device low movement is not confirmed sitting; leisure context unknown, so conditions unmet.",qwen3.8-max,6abc54a3906d620eddfda1e7d278e2f24555bb9b717cc8b674a970c5a50fb928,blinded-annotation-v2-shortrefs
C013,K065,judge_a,1,labeled,Activity duration ~53 min and steps ~8052 recorded daily.,Defines physical activity as any body movement using muscles beyond resting.,Provides relevant definitional context for interpreting the recorded movement metrics.,qwen3.8-max,6abc54a3906d620eddfda1e7d278e2f24555bb9b717cc8b674a970c5a50fb928,blinded-annotation-v2-shortrefs
C013,K066,judge_a,0,labeled,No workday lunch-break context in wearable data.,Requires known workday lunch-break access and mobility.,Workday context unknown; cannot apply lunch-break walking suggestion.,qwen3.8-max,6abc54a3906d620eddfda1e7d278e2f24555bb9b717cc8b674a970c5a50fb928,blinded-annotation-v2-shortrefs
C013,K067,judge_a,0,labeled,No stair access or mobility context in wearable data.,Requires accessible stairs and safe mobility.,Context unknown; generic suggestion with no concrete connection to observations.,qwen3.8-max,6abc54a3906d620eddfda1e7d278e2f24555bb9b717cc8b674a970c5a50fb928,blinded-annotation-v2-shortrefs
C013,K068,judge_a,2,labeled,Low movement ~449 min/day recorded; no posture measurement available.,States low-movement estimate should not be relabelled as confirmed sitting.,Directly explains how to interpret the low_movement_minutes metric in the data.,qwen3.8-max,6abc54a3906d620eddfda1e7d278e2f24555bb9b717cc8b674a970c5a50fb928,blinded-annotation-v2-shortrefs
C013,K069,judge_a,0,labeled,"Activity ~53 min/day, sleep ~478 min; paired correlation r=0.07 in window.",General benefit statement; non-applicable for declaring causal effect from few observations.,Generic background; temporal co-occurrence does not imply causation per instructions.,qwen3.8-max,6abc54a3906d620eddfda1e7d278e2f24555bb9b717cc8b674a970c5a50fb928,blinded-annotation-v2-shortrefs
C013,K070,judge_a,0,labeled,Activity ~53 min/day; no outdoor exposure data recorded.,Requires outdoor access and mobility for specific plan; non-applicable inferring from counts.,Cannot infer outdoor exposure from movement counts; generic advice without connection.,qwen3.8-max,6abc54a3906d620eddfda1e7d278e2f24555bb9b717cc8b674a970c5a50fb928,blinded-annotation-v2-shortrefs
C013,K071,judge_a,0,labeled,Activity intervals at 21:00 each night; sleep starts vary 22:15-00:44; intensity unknown.,Requires known intensity and actual timing relative to bedtime.,Activity intensity is unknown; cannot assume late movement is intense exercise.,qwen3.8-max,6abc54a3906d620eddfda1e7d278e2f24555bb9b717cc8b674a970c5a50fb928,blinded-annotation-v2-shortrefs
C013,K072,judge_a,0,labeled,Activity intervals at 21:00 nightly; sleep starts ~22:15-00:44 in window; no insomnia reported.,Requires reported insomnia symptoms alongside exercise near bedtime.,No insomnia symptoms reported; temporal adjacency alone does not establish condition.,qwen3.8-max,6abc54a3906d620eddfda1e7d278e2f24555bb9b717cc8b674a970c5a50fb928,blinded-annotation-v2-shortrefs
C013,K073,judge_a,1,labeled,Activity intervals at 21:00 daily; sleep starts vary 22:15-00:44 in window.,Recommends recording exercise timing alongside sleep timing for temporal context.,Relevant for interpreting the relationship between late activity and variable sleep starts.,qwen3.8-max,6abc54a3906d620eddfda1e7d278e2f24555bb9b717cc8b674a970c5a50fb928,blinded-annotation-v2-shortrefs
C013,K074,judge_a,0,labeled,No emergency response deployment context in data.,Requires confirmed emergency-response deployment context.,Deployment context unknown; item targets a specific occupational scenario not evidenced.,qwen3.8-max,6abc54a3906d620eddfda1e7d278e2f24555bb9b717cc8b674a970c5a50fb928,blinded-annotation-v2-shortrefs
C013,K075,judge_a,0,labeled,No subjective tiredness or energy data recorded; activity ~53 min/day.,Requires reported tiredness limiting activity and subjective energy pattern.,No tiredness reported; wearable sleep hours do not establish preferred energy times.,qwen3.8-max,6abc54a3906d620eddfda1e7d278e2f24555bb9b717cc8b674a970c5a50fb928,blinded-annotation-v2-shortrefs
C013,K076,judge_a,0,labeled,"No substance, medication, or alcohol data recorded.",Requires substance and medication history for causal interpretation.,Exposures unrecorded; cannot apply substance-tracking advice to current data.,qwen3.8-max,6abc54a3906d620eddfda1e7d278e2f24555bb9b717cc8b674a970c5a50fb928,blinded-annotation-v2-shortrefs
C013,K077,judge_a,2,labeled,"Daily RHR recorded (mean 56.4 bpm window, 55.75 baseline) with full daytime wear.",Describes resting heart rate as beats per minute while still and well rested.,Directly defines the RHR metric observed in the data; broad educational item directly informative.,qwen3.8-max,6abc54a3906d620eddfda1e7d278e2f24555bb9b717cc8b674a970c5a50fb928,blinded-annotation-v2-shortrefs
C013,K078,judge_a,1,labeled,Daily resting_heart_rate_bpm recorded (mean 56.4 window); no sleeping HR series shown.,Distinguishes daily resting from sleeping heart rate measures.,Relevant caution for interpreting the RHR metric present in data; supported contextual connection.,qwen3.8-max,6abc54a3906d620eddfda1e7d278e2f24555bb9b717cc8b674a970c5a50fb928,blinded-annotation-v2-shortrefs
C013,K079,judge_a,1,labeled,RHR increased 0.6 bpm mean in window vs baseline (55.75 to 56.36).,Lists multiple factors influencing RHR; rise has several possible explanations.,"RHR changed slightly; item correctly notes multiple influences, preventing single-cause attribution.",qwen3.8-max,6abc54a3906d620eddfda1e7d278e2f24555bb9b717cc8b674a970c5a50fb928,blinded-annotation-v2-shortrefs
C013,K080,judge_a,1,labeled,Both hrv_rmssd_ms and resting_heart_rate_bpm recorded daily.,"Clarifies HRV measures beat-to-beat variation, distinct from average heart rate.",Relevant for correctly distinguishing the two cardiac metrics present in observations.,qwen3.8-max,6abc54a3906d620eddfda1e7d278e2f24555bb9b717cc8b674a970c5a50fb928,blinded-annotation-v2-shortrefs
C013,K081,judge_a,1,labeled,"HRV RMSSD mean 45.0 ms window, 44.21 baseline; variance 2.57 and 1.88.",Notes HRV varies between people and depends on personal context.,Relevant caution for interpreting absolute HRV values in this individual's data.,qwen3.8-max,6abc54a3906d620eddfda1e7d278e2f24555bb9b717cc8b674a970c5a50fb928,blinded-annotation-v2-shortrefs
C013,K082,judge_a,1,labeled,"28-day baseline available; RHR increased 0.6 bpm, sleep start shifted +36.5 min in window.",Requires sufficient same-metric personal history for trend context.,Baseline provides personal range context for observed changes; supported contextual connection.,qwen3.8-max,6abc54a3906d620eddfda1e7d278e2f24555bb9b717cc8b674a970c5a50fb928,blinded-annotation-v2-shortrefs
C013,K083,judge_a,1,labeled,RHR recorded over 28 baseline + 14 window days; mean shifted 0.6 bpm.,Advises reviewing repeated RHR readings over weeks/months for trend context.,Supports interpreting the multi-week RHR data rather than single-day estimates.,qwen3.8-max,6abc54a3906d620eddfda1e7d278e2f24555bb9b717cc8b674a970c5a50fb928,blinded-annotation-v2-shortrefs
C013,K084,judge_a,2,labeled,"HRV RMSSD recorded nightly (mean 45.0 ms window, 44.21 baseline).","States HRV trends are wellness observations, not diagnoses.",Directly informative boundary for interpreting the HRV data present in observations.,qwen3.8-max,6abc54a3906d620eddfda1e7d278e2f24555bb9b717cc8b674a970c5a50fb928,blinded-annotation-v2-shortrefs
C013,K085,judge_a,2,labeled,"HRV reported as hrv_rmssd_ms (mean 45.0 ms window, 44.21 baseline).",Specifies Fitbit reports HRV using RMSSD formula.,Directly explains the HRV metric definition used in the raw data observations.,qwen3.8-max,6abc54a3906d620eddfda1e7d278e2f24555bb9b717cc8b674a970c5a50fb928,blinded-annotation-v2-shortrefs
C013,K086,judge_a,0,labeled,"Device is synthetic common wearable, not Fitbit; HRV RMSSD recorded nightly.",Requires compatible Fitbit collection definition.,Device is explicitly not a Fitbit; item's device-specific rule does not apply.,qwen3.8-max,6abc54a3906d620eddfda1e7d278e2f24555bb9b717cc8b674a970c5a50fb928,blinded-annotation-v2-shortrefs
C013,K087,judge_a,0,labeled,Only sleep duration and timing recorded; no sleep-stage measurements.,Requires sleep-stage measurements; non-applicable if only duration/timing available.,Item explicitly non-applicable when only sleep duration and timing are available.,qwen3.8-max,6abc54a3906d620eddfda1e7d278e2f24555bb9b717cc8b674a970c5a50fb928,blinded-annotation-v2-shortrefs
C013,K088,judge_a,0,labeled,"RHR mean 56.4 bpm, HRV mean 45.0 ms in window; no health concerns reported.",Requires reported health concerns about a vital trend.,No health concerns reported; generic advisory with no concrete connection to observations.,qwen3.8-max,6abc54a3906d620eddfda1e7d278e2f24555bb9b717cc8b674a970c5a50fb928,blinded-annotation-v2-shortrefs
C013,K089,judge_a,0,labeled,"RHR variance low (0.66 baseline, 0.66 window); no wear quality issues flagged.",Requires heart-rate readings may be unreliable or wear quality changes.,No evidence of fit problems or unreliable readings; conditions not met.,qwen3.8-max,6abc54a3906d620eddfda1e7d278e2f24555bb9b717cc8b674a970c5a50fb928,blinded-annotation-v2-shortrefs
C013,K090,judge_a,0,labeled,Nighttime coverage 482-503 min throughout; zero missing overnight vitals.,Requires overnight vitals with missing readings or uncertain coverage.,Full nighttime coverage achieved; no missing overnight data to troubleshoot.,qwen3.8-max,6abc54a3906d620eddfda1e7d278e2f24555bb9b717cc8b674a970c5a50fb928,blinded-annotation-v2-shortrefs
C013,K091,judge_a,0,labeled,All metrics have valid_count matching period length; zero missing counts.,Requires a vital to be missing with limited night-time data.,No missing vitals observed; item about missing data is not applicable.,qwen3.8-max,6abc54a3906d620eddfda1e7d278e2f24555bb9b717cc8b674a970c5a50fb928,blinded-annotation-v2-shortrefs
C013,K092,judge_a,0,labeled,Zero missing counts for all metrics in both periods; full coverage achieved.,Requires vitals to be missing or delayed.,No missing data observed; item about data availability is not applicable here.,qwen3.8-max,6abc54a3906d620eddfda1e7d278e2f24555bb9b717cc8b674a970c5a50fb928,blinded-annotation-v2-shortrefs
C013,K093,judge_a,0,labeled,Single synthetic device used throughout; no device switch indicated.,Requires heart-rate series involving a device or algorithm change.,Same device throughout; no cross-device comparison issue present.,qwen3.8-max,6abc54a3906d620eddfda1e7d278e2f24555bb9b717cc8b674a970c5a50fb928,blinded-annotation-v2-shortrefs
C013,K094,judge_a,1,labeled,sleep_duration_minutes recorded with sleep_start_at and sleep_end_at timestamps.,Notes estimated time asleep differs from full sleep period boundaries.,Relevant methodological note for interpreting the sleep duration metric in the data.,qwen3.8-max,6abc54a3906d620eddfda1e7d278e2f24555bb9b717cc8b674a970c5a50fb928,blinded-annotation-v2-shortrefs
C013,K095,judge_a,0,labeled,Nighttime coverage 482-503 min; zero missing sleep observations.,Requires absent sleep readings with non-wear or incomplete coverage.,Full coverage achieved; no missing sleep data to explain via non-wear.,qwen3.8-max,6abc54a3906d620eddfda1e7d278e2f24555bb9b717cc8b674a970c5a50fb928,blinded-annotation-v2-shortrefs
C013,K096,judge_a,1,labeled,Steps recorded daily (mean 8052 window); device uses accelerometer.,Notes step counts depend on arm swing and movement sensing.,Relevant methodological context for interpreting the step count data recorded.,qwen3.8-max,6abc54a3906d620eddfda1e7d278e2f24555bb9b717cc8b674a970c5a50fb928,blinded-annotation-v2-shortrefs
C014,K001,judge_a,1,labeled,"Age band 18-60; sleep mean 470.5 min (~7.8h) baseline, 469.4 min (~7.8h) window.",Applies to adults 18-60 with sleep duration data; recommends >=7 hours.,Directly confirms observed sleep duration meets the age-specific CDC recommendation consistently.,qwen3.8-max,cd65bcb75bf7ea21b6e4bc7f7fa509a4f7cdd9f8bf83d18e8febda943b992c26,blinded-annotation-v2-shortrefs
C014,K002,judge_a,0,labeled,"Age band is 18-60, not 61-64.",Requires age 61-64 established; non-applicable for other age groups.,"Subject is 18-60, so the 61-64 sleep recommendation does not apply.",qwen3.8-max,cd65bcb75bf7ea21b6e4bc7f7fa509a4f7cdd9f8bf83d18e8febda943b992c26,blinded-annotation-v2-shortrefs
C014,K003,judge_a,0,labeled,"Age band is 18-60, not 65 or older.",Requires age at least 65; non-applicable if age below 65.,"Subject is 18-60, so the 65+ recommendation does not apply.",qwen3.8-max,cd65bcb75bf7ea21b6e4bc7f7fa509a4f7cdd9f8bf83d18e8febda943b992c26,blinded-annotation-v2-shortrefs
C014,K004,judge_a,0,labeled,"Age band is 18-60, not 13-17.",Requires teenage age group; non-applicable for adults.,"Subject is an adult, so teenage sleep recommendations do not apply.",qwen3.8-max,cd65bcb75bf7ea21b6e4bc7f7fa509a4f7cdd9f8bf83d18e8febda943b992c26,blinded-annotation-v2-shortrefs
C014,K005,judge_a,0,labeled,Sleep duration ~7.8h consistently; no evidence of insufficient sleep opportunity.,Requires repeatedly shortened sleep opportunity; non-applicable without evidence of insufficient sleep.,Sleep is adequate and stable; no schedule constraint squeezing out sleep is evident.,qwen3.8-max,cd65bcb75bf7ea21b6e4bc7f7fa509a4f7cdd9f8bf83d18e8febda943b992c26,blinded-annotation-v2-shortrefs
C014,K006,judge_a,0,labeled,"Sleep duration ~7.8h, which meets the >=7h recommendation for adults 18-60.",Applies when sleep is consistently short; non-applicable if duration is sufficient for age group.,"Sleep duration is sufficient, so the myth about thriving on little sleep does not apply.",qwen3.8-max,cd65bcb75bf7ea21b6e4bc7f7fa509a4f7cdd9f8bf83d18e8febda943b992c26,blinded-annotation-v2-shortrefs
C014,K007,judge_a,1,labeled,"Sleep duration ~7.8h recorded, but no awakenings, onset difficulty, or refreshment data.",Applies when duration is recorded but quality unknown; warns duration alone does not prove quality.,Important caveat: observed adequate duration does not confirm sleep quality without additional measures.,qwen3.8-max,cd65bcb75bf7ea21b6e4bc7f7fa509a4f7cdd9f8bf83d18e8febda943b992c26,blinded-annotation-v2-shortrefs
C014,K008,judge_a,0,labeled,"Only sleep start, end, and duration recorded; no awakening data available.",Requires documented repeated awakenings; non-applicable if only duration/start/end available.,"Awakening data is absent, so night-awakening quality concerns cannot be evaluated.",qwen3.8-max,cd65bcb75bf7ea21b6e4bc7f7fa509a4f7cdd9f8bf83d18e8febda943b992c26,blinded-annotation-v2-shortrefs
C014,K009,judge_a,0,labeled,Sleep duration ~7.8h (<8h); no subjective refreshment data recorded.,Requires >8h sleep with reported lack of refreshment; non-applicable without feeling-rested info.,"Sleep is under 8h and refreshment is unreported, so this specific concern is inapplicable.",qwen3.8-max,cd65bcb75bf7ea21b6e4bc7f7fa509a4f7cdd9f8bf83d18e8febda943b992c26,blinded-annotation-v2-shortrefs
C014,K010,judge_a,0,labeled,Sleep duration ~7.8h consistently; no cognitive impairment symptoms reported.,Requires repeatedly shortened sleep and symptoms; non-applicable for diagnosing impairment from wearables.,"Sleep is adequate and no symptoms are reported, making this inapplicable.",qwen3.8-max,cd65bcb75bf7ea21b6e4bc7f7fa509a4f7cdd9f8bf83d18e8febda943b992c26,blinded-annotation-v2-shortrefs
C014,K011,judge_a,0,labeled,Sleep duration remained ~7.8h; no repeated sleep restriction observed.,Requires several nights of reduced sleep duration; non-applicable without repeated restriction.,"No sleep loss occurred, so daytime performance effects of sleep loss are irrelevant.",qwen3.8-max,cd65bcb75bf7ea21b6e4bc7f7fa509a4f7cdd9f8bf83d18e8febda943b992c26,blinded-annotation-v2-shortrefs
C014,K012,judge_a,0,labeled,Sleep duration ~7.8h consistently; no immune symptoms or infection data.,Requires ongoing insufficient sleep; non-applicable for inferring infection from HR/sleep changes.,Sleep is sufficient and no infection indicators exist; immune function discussion is irrelevant.,qwen3.8-max,cd65bcb75bf7ea21b6e4bc7f7fa509a4f7cdd9f8bf83d18e8febda943b992c26,blinded-annotation-v2-shortrefs
C014,K013,judge_a,0,labeled,Sleep duration ~7.8h consistently; no food intake or appetite data.,Requires repeated insufficient sleep and appetite info; non-applicable for diagnosing metabolic disorders.,"Sleep is not insufficient and appetite is unrecorded, so this is inapplicable.",qwen3.8-max,cd65bcb75bf7ea21b6e4bc7f7fa509a4f7cdd9f8bf83d18e8febda943b992c26,blinded-annotation-v2-shortrefs
C014,K014,judge_a,0,labeled,No sleepiness reports or driving context recorded.,Requires reported sleepiness and driving plans; non-applicable if unknown.,"Sleepiness and driving context are unknown, so this safety advice is inapplicable.",qwen3.8-max,cd65bcb75bf7ea21b6e4bc7f7fa509a4f7cdd9f8bf83d18e8febda943b992c26,blinded-annotation-v2-shortrefs
C014,K015,judge_a,1,labeled,Sleep duration ~7.8h consistently across 42 days for age band 18-60.,Applies when adult sleep duration is reviewed; notes individual variation around 7-9h average.,Contextualizes the observed ~7.8h sleep within normal individual variation for adults.,qwen3.8-max,cd65bcb75bf7ea21b6e4bc7f7fa509a4f7cdd9f8bf83d18e8febda943b992c26,blinded-annotation-v2-shortrefs
C014,K016,judge_a,0,labeled,No sleeping difficulties or insomnia symptoms reported; 14-day window only.,Requires months-long sleeping difficulties or failed habit changes; non-applicable for brief records without problems.,No insomnia symptoms and window is only 14 days; professional review criteria are not met.,qwen3.8-max,cd65bcb75bf7ea21b6e4bc7f7fa509a4f7cdd9f8bf83d18e8febda943b992c26,blinded-annotation-v2-shortrefs
C014,K017,judge_a,1,labeled,Sleep end variance 0.0 (always 07:00); sleep start variance ~18-29 min around 22:50.,Applies to repeated variability in bedtime/wake time; stable schedule does not establish a problem.,Confirms the observed highly consistent sleep schedule aligns with recommended consistency.,qwen3.8-max,cd65bcb75bf7ea21b6e4bc7f7fa509a4f7cdd9f8bf83d18e8febda943b992c26,blinded-annotation-v2-shortrefs
C014,K018,judge_a,0,labeled,Wake time is exactly 07:00 every day (variance 0.0); no sleeping difficulties reported.,Requires inconsistent wake time with reported sleeping difficulties; non-applicable without insomnia symptoms.,"Wake time is perfectly consistent and no insomnia is reported, so this is inapplicable.",qwen3.8-max,cd65bcb75bf7ea21b6e4bc7f7fa509a4f7cdd9f8bf83d18e8febda943b992c26,blinded-annotation-v2-shortrefs
C014,K019,judge_a,0,labeled,"Sleep start variance 18.2 baseline, 29.4 window; wake time variance 0.0 always.",Requires substantial weekday/weekend differences; non-applicable if times are similar.,Wake times are identical and sleep start differences are minimal (<1 hour); schedules are similar.,qwen3.8-max,cd65bcb75bf7ea21b6e4bc7f7fa509a4f7cdd9f8bf83d18e8febda943b992c26,blinded-annotation-v2-shortrefs
C014,K020,judge_a,0,labeled,"Bedtime ~22:50 recorded, but no pre-bed activity information available.",Requires information about pre-bed activities; non-applicable if assuming missing routine from timestamps.,"Pre-bed activities are unknown, so quiet-time advice cannot be specifically applied.",qwen3.8-max,cd65bcb75bf7ea21b6e4bc7f7fa509a4f7cdd9f8bf83d18e8febda943b992c26,blinded-annotation-v2-shortrefs
C014,K021,judge_a,0,labeled,No screen or light exposure data recorded in wearable observations.,Requires known bright-screen exposure shortly before bed; non-applicable if exposure unknown.,"Screen exposure is unknown, so this item cannot explain any observed pattern.",qwen3.8-max,cd65bcb75bf7ea21b6e4bc7f7fa509a4f7cdd9f8bf83d18e8febda943b992c26,blinded-annotation-v2-shortrefs
C014,K022,judge_a,0,labeled,No caffeine timing or intake data recorded.,Requires known afternoon/evening caffeine use; non-applicable without caffeine history.,"Caffeine history is unknown, so this item cannot explain any observation.",qwen3.8-max,cd65bcb75bf7ea21b6e4bc7f7fa509a4f7cdd9f8bf83d18e8febda943b992c26,blinded-annotation-v2-shortrefs
C014,K023,judge_a,0,labeled,No meal timing or size data recorded.,Requires known large meal shortly before bed; non-applicable if meal information unknown.,"Meal information is unknown, so this item cannot explain any pattern.",qwen3.8-max,cd65bcb75bf7ea21b6e4bc7f7fa509a4f7cdd9f8bf83d18e8febda943b992c26,blinded-annotation-v2-shortrefs
C014,K024,judge_a,0,labeled,No alcohol intake or timing data recorded.,Requires reported alcohol use near bedtime; non-applicable if alcohol exposure unknown.,"Alcohol exposure is unknown, so this habit review is inapplicable.",qwen3.8-max,cd65bcb75bf7ea21b6e4bc7f7fa509a4f7cdd9f8bf83d18e8febda943b992c26,blinded-annotation-v2-shortrefs
C014,K025,judge_a,0,labeled,No nicotine use or smoking data recorded.,Requires established nicotine exposure; non-applicable if nicotine use unknown.,"Nicotine use is unknown, so stimulant-related sleep interference cannot be evaluated.",qwen3.8-max,cd65bcb75bf7ea21b6e4bc7f7fa509a4f7cdd9f8bf83d18e8febda943b992c26,blinded-annotation-v2-shortrefs
C014,K026,judge_a,0,labeled,"No bedroom environment data (light, noise, temperature) recorded.",Requires known disruptive bedroom environment; non-applicable if environment unknown.,"Bedroom conditions are unknown, so this item cannot explain observations.",qwen3.8-max,cd65bcb75bf7ea21b6e4bc7f7fa509a4f7cdd9f8bf83d18e8febda943b992c26,blinded-annotation-v2-shortrefs
C014,K027,judge_a,0,labeled,No pre-bed routine or relaxation difficulty reported.,Requires reported difficulty relaxing or request for routine options; non-applicable if inferring stress from wearables.,No relaxation issues reported; RHR/HRV alone do not establish stress.,qwen3.8-max,cd65bcb75bf7ea21b6e4bc7f7fa509a4f7cdd9f8bf83d18e8febda943b992c26,blinded-annotation-v2-shortrefs
C014,K028,judge_a,0,labeled,No nap data recorded in the wearable observations.,Requires recorded or reported adult naps; non-applicable if nap history unknown.,"Nap history is unknown, so nap-duration advice is inapplicable.",qwen3.8-max,cd65bcb75bf7ea21b6e4bc7f7fa509a4f7cdd9f8bf83d18e8febda943b992c26,blinded-annotation-v2-shortrefs
C014,K029,judge_a,0,labeled,No shift-work schedule confirmed in the data.,Requires confirmed shift-work schedule; non-applicable if shift work unknown.,"Shift work is unknown, so shift-change sleep adjustment advice is inapplicable.",qwen3.8-max,cd65bcb75bf7ea21b6e4bc7f7fa509a4f7cdd9f8bf83d18e8febda943b992c26,blinded-annotation-v2-shortrefs
C014,K030,judge_a,0,labeled,No shift work confirmed in the data.,Requires established shift work; non-applicable without confirmed shift work.,"Shift work is unknown, so bright workplace lighting advice is inapplicable.",qwen3.8-max,cd65bcb75bf7ea21b6e4bc7f7fa509a4f7cdd9f8bf83d18e8febda943b992c26,blinded-annotation-v2-shortrefs
C014,K031,judge_a,0,labeled,No shift-work schedule or caffeine intake recorded.,Requires shift worker using caffeine; non-applicable if shift work or caffeine unknown.,"Shift work and caffeine use are unknown, so this item is inapplicable.",qwen3.8-max,cd65bcb75bf7ea21b6e4bc7f7fa509a4f7cdd9f8bf83d18e8febda943b992c26,blinded-annotation-v2-shortrefs
C014,K032,judge_a,0,labeled,"All sleep occurs overnight (start ~22:50, end 07:00); no daytime sleep recorded.",Requires daytime sleep associated with shift work; non-applicable if only overnight sleep recorded.,"Sleep is exclusively overnight with no shift work, so daytime sleep advice is inapplicable.",qwen3.8-max,cd65bcb75bf7ea21b6e4bc7f7fa509a4f7cdd9f8bf83d18e8febda943b992c26,blinded-annotation-v2-shortrefs
C014,K033,judge_a,0,labeled,No awakenings or naps recorded; only sleep start/end and duration available.,Requires awakenings and naps records; non-applicable if inventing unrecorded events.,"Awakenings and naps are not in the data, so diary timeline advice is not directly applicable.",qwen3.8-max,cd65bcb75bf7ea21b6e4bc7f7fa509a4f7cdd9f8bf83d18e8febda943b992c26,blinded-annotation-v2-shortrefs
C014,K034,judge_a,0,labeled,"Baseline sleep mean 470.5 min (~7.8h), window mean 469.4 min (~7.8h); no shortened nights.",Requires several shortened nights; non-applicable if claiming fixed recovery nights.,Sleep duration remains ~7.8h throughout; no repeated lost sleep to accumulate.,qwen3.8-max,cd65bcb75bf7ea21b6e4bc7f7fa509a4f7cdd9f8bf83d18e8febda943b992c26,blinded-annotation-v2-shortrefs
C014,K035,judge_a,0,labeled,Sleep duration mean 470.5 min weekdays vs 470.5 min weekends in baseline; no difference.,Requires longer sleep and later timing on days off; non-applicable if assuming every weekend is a day off.,Weekend and weekday sleep durations are identical in baseline; no extra sleep on days off observed.,qwen3.8-max,cd65bcb75bf7ea21b6e4bc7f7fa509a4f7cdd9f8bf83d18e8febda943b992c26,blinded-annotation-v2-shortrefs
C014,K036,judge_a,0,labeled,No nap data recorded; sleep duration is adequate at ~7.8h.,Requires recorded naps after shortened sleep; non-applicable without nap information.,"Naps are unrecorded and sleep is not shortened, so nap-compensation advice is irrelevant.",qwen3.8-max,cd65bcb75bf7ea21b6e4bc7f7fa509a4f7cdd9f8bf83d18e8febda943b992c26,blinded-annotation-v2-shortrefs
C014,K037,judge_a,0,labeled,No bad nights or insomnia symptoms reported; sleep is stable ~7.8h.,Requires recent bad night and reported sleeping difficulties; non-applicable without reported difficulty.,"No bad nights or insomnia reported, so post-bad-night advice is inapplicable.",qwen3.8-max,cd65bcb75bf7ea21b6e4bc7f7fa509a4f7cdd9f8bf83d18e8febda943b992c26,blinded-annotation-v2-shortrefs
C014,K038,judge_a,0,labeled,Sleep duration ~7.8h consistently; no symptom history or sleeping difficulties reported.,Requires reported sleeping difficulties with known duration; non-applicable for diagnosing from estimated hours.,No insomnia symptoms and sleep is adequate; diagnostic categories are inapplicable.,qwen3.8-max,cd65bcb75bf7ea21b6e4bc7f7fa509a4f7cdd9f8bf83d18e8febda943b992c26,blinded-annotation-v2-shortrefs
C014,K039,judge_a,0,labeled,No travel history or flight data recorded.,Requires confirmed travel across time zones; non-applicable without travel history.,"Travel is unknown, so jet lag explanations are inapplicable.",qwen3.8-max,cd65bcb75bf7ea21b6e4bc7f7fa509a4f7cdd9f8bf83d18e8febda943b992c26,blinded-annotation-v2-shortrefs
C014,K040,judge_a,0,labeled,No travel history or time-zone change recorded in the data.,Requires a short trip across time zones; non-applicable if travel context unknown.,"Travel context is unknown, making this item inapplicable to the observations.",qwen3.8-max,cd65bcb75bf7ea21b6e4bc7f7fa509a4f7cdd9f8bf83d18e8febda943b992c26,blinded-annotation-v2-shortrefs
C014,K041,judge_a,1,labeled,Window activity duration dropped to mean 4.9 min/day from baseline 55.2 min/day.,Applies to low or declining movement; requires intensity info for guideline compliance.,Movement is very low in the window; general principle that some activity is better than none applies.,qwen3.8-max,cd65bcb75bf7ea21b6e4bc7f7fa509a4f7cdd9f8bf83d18e8febda943b992c26,blinded-annotation-v2-shortrefs
C014,K042,judge_a,1,labeled,Window activity dropped to ~5 min/day and steps to ~2300 from baseline ~55 min and ~8000 steps.,Applies to recently low or reduced physical activity; requires health context for prescription.,"Activity is markedly reduced; gradual buildup is contextually relevant, though health status is unknown.",qwen3.8-max,cd65bcb75bf7ea21b6e4bc7f7fa509a4f7cdd9f8bf83d18e8febda943b992c26,blinded-annotation-v2-shortrefs
C014,K043,judge_a,0,labeled,Activity intensity is 'unknown' for all intervals; no moderate-intensity confirmation.,Requires known activity intensity; non-applicable if only steps or unspecified minutes available.,"Intensity is unknown, so the 150-minute moderate target cannot be assessed.",qwen3.8-max,cd65bcb75bf7ea21b6e4bc7f7fa509a4f7cdd9f8bf83d18e8febda943b992c26,blinded-annotation-v2-shortrefs
C014,K044,judge_a,0,labeled,Activity intensity is 'unknown'; no vigorous activity documented.,Requires known vigorous intensity; non-applicable if intensity unknown.,"Vigorous intensity is not established, so the 75-minute target cannot be evaluated.",qwen3.8-max,cd65bcb75bf7ea21b6e4bc7f7fa509a4f7cdd9f8bf83d18e8febda943b992c26,blinded-annotation-v2-shortrefs
C014,K045,judge_a,0,labeled,Activity intensity is 'unknown'; no aerobic context established.,Requires intensity for counting guideline minutes; non-applicable if assuming every minute is moderate.,Unknown intensity prevents applying chunking advice toward aerobic guidelines.,qwen3.8-max,cd65bcb75bf7ea21b6e4bc7f7fa509a4f7cdd9f8bf83d18e8febda943b992c26,blinded-annotation-v2-shortrefs
C014,K046,judge_a,0,labeled,Only steps and active minutes recorded; no strengthening activity data.,Requires strengthening activity records; non-applicable if only step or generic counts available.,"No muscle-strengthening data exists, so this guideline cannot be evaluated against observations.",qwen3.8-max,cd65bcb75bf7ea21b6e4bc7f7fa509a4f7cdd9f8bf83d18e8febda943b992c26,blinded-annotation-v2-shortrefs
C014,K047,judge_a,0,labeled,Activity intensity unknown; weekly aerobic totals cannot be verified against guidelines.,Requires documented aerobic activity reaching guidelines with known intensity; non-applicable if unknown.,"Cannot verify guideline attainment due to unknown intensity, so additional benefits advice is inapplicable.",qwen3.8-max,cd65bcb75bf7ea21b6e4bc7f7fa509a4f7cdd9f8bf83d18e8febda943b992c26,blinded-annotation-v2-shortrefs
C014,K048,judge_a,0,labeled,Activity intensity is 'unknown'; fitness level is not recorded.,Requires fitness or perceived effort to interpret intensity; non-applicable if inferring from steps alone.,"Fitness and effort are unknown, so relative intensity cannot be assigned.",qwen3.8-max,cd65bcb75bf7ea21b6e4bc7f7fa509a4f7cdd9f8bf83d18e8febda943b992c26,blinded-annotation-v2-shortrefs
C014,K049,judge_a,0,labeled,All activity intervals have intensity 'unknown'; no breathing or talk-test data.,Requires observed effort during aerobic activity; non-applicable if effort context unrecorded.,"Intensity and effort are unknown, so the talk test cannot be applied.",qwen3.8-max,cd65bcb75bf7ea21b6e4bc7f7fa509a4f7cdd9f8bf83d18e8febda943b992c26,blinded-annotation-v2-shortrefs
C014,K050,judge_a,1,labeled,"Steps dropped ~71%, activity minutes dropped ~91%; intensity unknown.",Applies when steps change while other activity may differ; steps may miss non-step exercise.,"Relevant caveat: step count drop might not capture all activity types, though active minutes also dropped.",qwen3.8-max,cd65bcb75bf7ea21b6e4bc7f7fa509a4f7cdd9f8bf83d18e8febda943b992c26,blinded-annotation-v2-shortrefs
C014,K051,judge_a,1,labeled,Window steps dropped from ~8000 to ~2300/day; activity minutes from ~55 to ~5/day.,Applies to low or declining routine movement; requires mobility context.,"Steps and activity declined sharply; walking routines could address this, though cause is unknown.",qwen3.8-max,cd65bcb75bf7ea21b6e4bc7f7fa509a4f7cdd9f8bf83d18e8febda943b992c26,blinded-annotation-v2-shortrefs
C014,K052,judge_a,0,labeled,No personal preferences or availability data recorded.,Requires personal preferences and availability for choosing options; non-applicable if prescribing without context.,"Preferences are unknown, so individualized activity selection cannot be applied.",qwen3.8-max,cd65bcb75bf7ea21b6e4bc7f7fa509a4f7cdd9f8bf83d18e8febda943b992c26,blinded-annotation-v2-shortrefs
C014,K053,judge_a,0,labeled,No social preferences or motivational barriers reported.,Requires reported motivational barrier or social preferences; non-applicable without evidence.,No motivational or social barriers are evidenced in the data.,qwen3.8-max,cd65bcb75bf7ea21b6e4bc7f7fa509a4f7cdd9f8bf83d18e8febda943b992c26,blinded-annotation-v2-shortrefs
C014,K054,judge_a,0,labeled,"Activity is low in window, but no time barrier is reported.",Requires low activity with a reported time barrier; non-applicable if assuming barrier from low steps.,"Time barrier is not reported, so diary-based time-finding advice lacks required context.",qwen3.8-max,cd65bcb75bf7ea21b6e4bc7f7fa509a4f7cdd9f8bf83d18e8febda943b992c26,blinded-annotation-v2-shortrefs
C014,K055,judge_a,0,labeled,No reported competing demands or schedule constraints in the data.,Requires reported competing demands reducing activity; non-applicable if schedule reason unknown.,"Schedule reasons for activity decline are unknown, so calendar planning advice lacks context.",qwen3.8-max,cd65bcb75bf7ea21b6e4bc7f7fa509a4f7cdd9f8bf83d18e8febda943b992c26,blinded-annotation-v2-shortrefs
C014,K056,judge_a,0,labeled,"No chronic conditions, disabilities, or special health needs recorded.",Requires established chronic condition or disability; non-applicable if medical context unknown.,"Medical context is unknown, so condition-specific activity planning is inapplicable.",qwen3.8-max,cd65bcb75bf7ea21b6e4bc7f7fa509a4f7cdd9f8bf83d18e8febda943b992c26,blinded-annotation-v2-shortrefs
C014,K057,judge_a,1,labeled,Ten ~45-min low-movement intervals daily (10:00-18:25) in both baseline and window.,Applies to long uninterrupted daytime low-movement intervals; device low movement is not confirmed sitting.,"Long daytime low-movement blocks exist, but posture is unconfirmed; partially relevant contextually.",qwen3.8-max,cd65bcb75bf7ea21b6e4bc7f7fa509a4f7cdd9f8bf83d18e8febda943b992c26,blinded-annotation-v2-shortrefs
C014,K058,judge_a,1,labeled,Baseline had ~55 min activity alongside ~450 min low movement daily.,Applies when recorded activity coexists with substantial low-movement periods; low movement is not confirmed sitting.,"Relevant: even with adequate baseline activity, substantial low-movement periods persisted.",qwen3.8-max,cd65bcb75bf7ea21b6e4bc7f7fa509a4f7cdd9f8bf83d18e8febda943b992c26,blinded-annotation-v2-shortrefs
C014,K059,judge_a,1,labeled,~450 min/day low movement recorded consistently across both periods.,Applies to substantial daily low movement; requires confirmed sitting for sedentary conclusion.,"Relevant context for the high daily low-movement totals, though confirmed sitting posture is lacking.",qwen3.8-max,cd65bcb75bf7ea21b6e4bc7f7fa509a4f7cdd9f8bf83d18e8febda943b992c26,blinded-annotation-v2-shortrefs
C014,K060,judge_a,0,labeled,No commuting or transport context recorded.,Requires established sedentary commuting; non-applicable if commute unknown.,"Commute context is unknown, so transport-related movement advice is inapplicable.",qwen3.8-max,cd65bcb75bf7ea21b6e4bc7f7fa509a4f7cdd9f8bf83d18e8febda943b992c26,blinded-annotation-v2-shortrefs
C014,K061,judge_a,0,labeled,No workplace layout or desk-work context recorded.,Requires desk work with prolonged sitting; non-applicable if work context unknown.,"Work context is unknown, so this specific workplace suggestion is inapplicable.",qwen3.8-max,cd65bcb75bf7ea21b6e4bc7f7fa509a4f7cdd9f8bf83d18e8febda943b992c26,blinded-annotation-v2-shortrefs
C014,K062,judge_a,0,labeled,No meeting or workplace desk context recorded.,Requires meetings or desk work involving prolonged sitting; non-applicable without workplace info.,"Workplace and meeting context are unknown, so standing meetings advice is inapplicable.",qwen3.8-max,cd65bcb75bf7ea21b6e4bc7f7fa509a4f7cdd9f8bf83d18e8febda943b992c26,blinded-annotation-v2-shortrefs
C014,K063,judge_a,0,labeled,No television viewing or screen-sitting context recorded.,Requires prolonged sitting while watching TV; non-applicable if screen habits unknown.,"Television habits are unknown, so ad-break movement advice is inapplicable.",qwen3.8-max,cd65bcb75bf7ea21b6e4bc7f7fa509a4f7cdd9f8bf83d18e8febda943b992c26,blinded-annotation-v2-shortrefs
C014,K064,judge_a,0,labeled,No leisure context or seated habits recorded beyond low-movement intervals.,Requires substantial habitual seated leisure; non-applicable without leisure context.,"Leisure context is unknown, so replacing seated leisure is not directly supported.",qwen3.8-max,cd65bcb75bf7ea21b6e4bc7f7fa509a4f7cdd9f8bf83d18e8febda943b992c26,blinded-annotation-v2-shortrefs
C014,K065,judge_a,1,labeled,"Activity duration dropped to ~5 min/day, but low movement remained ~448 min/day.",Applies to low everyday movement; distinguishes body movement from planned exercise.,"Distinguishes formal exercise from general movement, relevant since low-movement minutes persisted despite activity drop.",qwen3.8-max,cd65bcb75bf7ea21b6e4bc7f7fa509a4f7cdd9f8bf83d18e8febda943b992c26,blinded-annotation-v2-shortrefs
C014,K066,judge_a,0,labeled,"Low movement intervals span 10:00-18:25, but lunch-break context is unknown.",Requires known workday lunch-break context; non-applicable if workday context unknown.,"Workday and lunch-break context are unknown, so this specific suggestion is inapplicable.",qwen3.8-max,cd65bcb75bf7ea21b6e4bc7f7fa509a4f7cdd9f8bf83d18e8febda943b992c26,blinded-annotation-v2-shortrefs
C014,K067,judge_a,0,labeled,No stair access or workday context recorded.,Requires accessible stairs and safe mobility; non-applicable if context unknown.,"Stair access and mobility context are unknown, so this suggestion is inapplicable.",qwen3.8-max,cd65bcb75bf7ea21b6e4bc7f7fa509a4f7cdd9f8bf83d18e8febda943b992c26,blinded-annotation-v2-shortrefs
C014,K068,judge_a,1,labeled,~450 min/day low movement in 10 intervals; device metadata says low movement is not posture.,Applies to low-movement intervals without posture measurement; warns against relabeling as confirmed sitting.,"Directly relevant: data shows extensive low movement, but item correctly notes posture is unconfirmed.",qwen3.8-max,cd65bcb75bf7ea21b6e4bc7f7fa509a4f7cdd9f8bf83d18e8febda943b992c26,blinded-annotation-v2-shortrefs
C014,K069,judge_a,0,labeled,"Activity dropped ~91% in window, but sleep duration remained stable at ~7.8h.",Applies to joint review of activity and sleep; non-applicable for declaring causal effects from paired observations.,Sleep did not change despite massive activity drop; temporal co-occurrence does not imply causation.,qwen3.8-max,cd65bcb75bf7ea21b6e4bc7f7fa509a4f7cdd9f8bf83d18e8febda943b992c26,blinded-annotation-v2-shortrefs
C014,K070,judge_a,0,labeled,"Daytime activity dropped sharply, but outdoor access is unknown.",Requires low daytime activity with changed sleep routine; non-applicable if inferring outdoor exposure from steps.,"Sleep routine did not change, and outdoor exposure cannot be inferred from steps.",qwen3.8-max,cd65bcb75bf7ea21b6e4bc7f7fa509a4f7cdd9f8bf83d18e8febda943b992c26,blinded-annotation-v2-shortrefs
C014,K071,judge_a,0,labeled,Activity intervals at 21:00 with intensity 'unknown'; sleep starts ~22:50.,Requires known intense exercise close to bedtime; non-applicable if assuming late movement is intense.,"Intensity is unknown, so intense-exercise advice cannot be applied to the 21:00 activity.",qwen3.8-max,cd65bcb75bf7ea21b6e4bc7f7fa509a4f7cdd9f8bf83d18e8febda943b992c26,blinded-annotation-v2-shortrefs
C014,K072,judge_a,0,labeled,"Activity at ~21:00, sleep at ~22:50; no insomnia symptoms reported.",Requires exercise near bedtime with reported insomnia; non-applicable if only timestamps known.,"Insomnia is not reported, so this targeted exercise-timing advice does not apply.",qwen3.8-max,cd65bcb75bf7ea21b6e4bc7f7fa509a4f7cdd9f8bf83d18e8febda943b992c26,blinded-annotation-v2-shortrefs
C014,K073,judge_a,1,labeled,Activity intervals recorded at ~21:00 daily; sleep starts ~22:50.,Requires activity intervals for timing comparisons; warns against treating same-date activity as prior-night exposure.,Relevant for correctly aligning evening activity intervals with subsequent sleep timing in the data.,qwen3.8-max,cd65bcb75bf7ea21b6e4bc7f7fa509a4f7cdd9f8bf83d18e8febda943b992c26,blinded-annotation-v2-shortrefs
C014,K074,judge_a,0,labeled,No emergency-response deployment context in the wearable data.,Requires confirmed emergency-response deployment; non-applicable if unknown.,"Deployment context is unknown, so this item does not apply.",qwen3.8-max,cd65bcb75bf7ea21b6e4bc7f7fa509a4f7cdd9f8bf83d18e8febda943b992c26,blinded-annotation-v2-shortrefs
C014,K075,judge_a,0,labeled,No subjective tiredness or energy reports in the wearable data.,Requires reported tiredness limiting activity; non-applicable without tiredness history.,"Tiredness is unreported, so scheduling advice based on energy is not applicable.",qwen3.8-max,cd65bcb75bf7ea21b6e4bc7f7fa509a4f7cdd9f8bf83d18e8febda943b992c26,blinded-annotation-v2-shortrefs
C014,K076,judge_a,0,labeled,"No substance, alcohol, caffeine, or medication records in the data.",Requires substance and medication history for causal interpretation; non-applicable if assuming exposures occurred.,"Without substance records, this diary guidance cannot explain observed patterns.",qwen3.8-max,cd65bcb75bf7ea21b6e4bc7f7fa509a4f7cdd9f8bf83d18e8febda943b992c26,blinded-annotation-v2-shortrefs
C014,K077,judge_a,1,labeled,Resting heart rate recorded as 55-57 bpm daily across both periods.,Applies when RHR observations are available; defines RHR as measured while still and well-rested.,"Clarifies the definition of the reported RHR metric, relevant for interpreting the stable 55-57 bpm values.",qwen3.8-max,cd65bcb75bf7ea21b6e4bc7f7fa509a4f7cdd9f8bf83d18e8febda943b992c26,blinded-annotation-v2-shortrefs
C014,K078,judge_a,1,labeled,"Data reports resting_heart_rate_bpm (55-57) and hrv_rmssd_ms, not sleeping heart rate.",Applies when daily RHR trend is interpreted; warns against mixing sleeping and resting HR series.,"Clarifies that the reported RHR metric is distinct from sleeping HR, relevant for interpretation.",qwen3.8-max,cd65bcb75bf7ea21b6e4bc7f7fa509a4f7cdd9f8bf83d18e8febda943b992c26,blinded-annotation-v2-shortrefs
C014,K079,judge_a,1,labeled,RHR stable at 55-57 bpm across baseline and window; no change observed.,Applies when RHR changes relative to previous readings; warns against inferring causes from rise alone.,"RHR did not change, but this item provides necessary context that RHR has multiple influences.",qwen3.8-max,cd65bcb75bf7ea21b6e4bc7f7fa509a4f7cdd9f8bf83d18e8febda943b992c26,blinded-annotation-v2-shortrefs
C014,K080,judge_a,1,labeled,Data includes both resting_heart_rate_bpm and hrv_rmssd_ms metrics nightly.,Applies when HRV and heart-rate estimates are interpreted together; warns HRV is not average HR.,Directly clarifies that the two reported metrics measure different physiological quantities.,qwen3.8-max,cd65bcb75bf7ea21b6e4bc7f7fa509a4f7cdd9f8bf83d18e8febda943b992c26,blinded-annotation-v2-shortrefs
C014,K081,judge_a,1,labeled,"HRV RMSSD stable at mean 45.3 baseline, 44.8 window; no significant change.",Applies when HRV level or trend is reviewed; warns against universal normal values.,"Provides context that stable HRV should be compared to personal baseline, not universal norms.",qwen3.8-max,cd65bcb75bf7ea21b6e4bc7f7fa509a4f7cdd9f8bf83d18e8febda943b992c26,blinded-annotation-v2-shortrefs
C014,K082,judge_a,1,labeled,28-day baseline and 14-day window provided for all vitals.,Applies when a vital has changed from a recent personal baseline; requires sufficient history.,Baseline provides personal range context for evaluating the sharp step/activity decline in the window.,qwen3.8-max,cd65bcb75bf7ea21b6e4bc7f7fa509a4f7cdd9f8bf83d18e8febda943b992c26,blinded-annotation-v2-shortrefs
C014,K083,judge_a,1,labeled,"RHR recorded daily over 42 days (28 baseline + 14 window), stable at 55-57 bpm.",Applies to repeated RHR readings; advises reviewing trends over weeks rather than single readings.,Supports interpreting the stable multi-week RHR trend rather than focusing on any single daily value.,qwen3.8-max,cd65bcb75bf7ea21b6e4bc7f7fa509a4f7cdd9f8bf83d18e8febda943b992c26,blinded-annotation-v2-shortrefs
C014,K084,judge_a,1,labeled,HRV RMSSD stable at 43-47 ms across all 42 days.,Applies when HRV trend is available for wellness monitoring; warns against diagnosing disease from HRV.,"Directly relevant: stable HRV is a wellness observation, not a diagnostic indicator of any condition.",qwen3.8-max,cd65bcb75bf7ea21b6e4bc7f7fa509a4f7cdd9f8bf83d18e8febda943b992c26,blinded-annotation-v2-shortrefs
C014,K085,judge_a,1,labeled,HRV reported as hrv_rmssd_ms; metadata confirms 'night RMSSD'.,Applies when HRV records identify RMSSD; requires metric formula established.,"Directly confirms the HRV metric definition used in the data, ensuring correct interpretation.",qwen3.8-max,cd65bcb75bf7ea21b6e4bc7f7fa509a4f7cdd9f8bf83d18e8febda943b992c26,blinded-annotation-v2-shortrefs
C014,K086,judge_a,1,labeled,HRV RMSSD recorded nightly; sleep duration >460 min (>3h) every night.,Applies to overnight HRV estimates; requires longest sleep period >3h for Fitbit collection.,Confirms the data meets the >3h sleep requirement for valid overnight HRV estimation.,qwen3.8-max,cd65bcb75bf7ea21b6e4bc7f7fa509a4f7cdd9f8bf83d18e8febda943b992c26,blinded-annotation-v2-shortrefs
C014,K087,judge_a,0,labeled,Only sleep duration and timing available; no sleep-stage data recorded.,Requires sleep-stage measurements; non-applicable if only duration and timing available.,"No sleep-stage data exists, so stage-variation guidance is not applicable.",qwen3.8-max,cd65bcb75bf7ea21b6e4bc7f7fa509a4f7cdd9f8bf83d18e8febda943b992c26,blinded-annotation-v2-shortrefs
C014,K088,judge_a,0,labeled,No health concerns or symptoms reported alongside the vitals.,Requires reported health concerns or symptoms; non-applicable for declaring emergencies from trends.,"No health concerns are reported, so clinical referral guidance is not triggered.",qwen3.8-max,cd65bcb75bf7ea21b6e4bc7f7fa509a4f7cdd9f8bf83d18e8febda943b992c26,blinded-annotation-v2-shortrefs
C014,K089,judge_a,0,labeled,RHR and HRV are stable with no erratic readings suggesting fit issues; wear time is full.,Applies when HR readings may be unreliable or wear quality changes; non-applicable without evidence of fit problems.,No evidence of sensor fit problems; vitals are stable and wear coverage is complete.,qwen3.8-max,cd65bcb75bf7ea21b6e4bc7f7fa509a4f7cdd9f8bf83d18e8febda943b992c26,blinded-annotation-v2-shortrefs
C014,K090,judge_a,0,labeled,Nighttime coverage >480 min every night; all overnight vitals present.,Applies when overnight vitals are missing or uncertain; non-applicable if using daytime as proof of night validity.,Overnight coverage is complete and vitals are present; no troubleshooting needed.,qwen3.8-max,cd65bcb75bf7ea21b6e4bc7f7fa509a4f7cdd9f8bf83d18e8febda943b992c26,blinded-annotation-v2-shortrefs
C014,K091,judge_a,0,labeled,Nighttime coverage >480 min every night; no missing vitals.,Applies when a vital is missing with limited night-time data; non-applicable if interpreting missing as zero.,All vitals are present with adequate coverage; no missing data to explain.,qwen3.8-max,cd65bcb75bf7ea21b6e4bc7f7fa509a4f7cdd9f8bf83d18e8febda943b992c26,blinded-annotation-v2-shortrefs
C014,K092,judge_a,0,labeled,"All vitals present every day; daytime wear 720 min, nighttime coverage >480 min consistently.",Applies when vitals are missing or delayed; non-applicable if treating unsupported metrics as zeros.,"No vitals are missing; data availability is complete, so sync issues are not relevant.",qwen3.8-max,cd65bcb75bf7ea21b6e4bc7f7fa509a4f7cdd9f8bf83d18e8febda943b992c26,blinded-annotation-v2-shortrefs
C014,K093,judge_a,0,labeled,Single synthetic device used throughout; no device switch indicated.,Requires device or algorithm change; non-applicable if assuming switch in same-device series.,"No device change occurred, so cross-device comparison issues are irrelevant.",qwen3.8-max,cd65bcb75bf7ea21b6e4bc7f7fa509a4f7cdd9f8bf83d18e8febda943b992c26,blinded-annotation-v2-shortrefs
C014,K094,judge_a,1,labeled,Sleep duration ~470 min with start/end timestamps recorded nightly.,Applies when device-estimated sleep duration and boundaries are available.,Device estimates sleep duration from boundaries; explains that recorded duration differs from total period.,qwen3.8-max,cd65bcb75bf7ea21b6e4bc7f7fa509a4f7cdd9f8bf83d18e8febda943b992c26,blinded-annotation-v2-shortrefs
C014,K095,judge_a,0,labeled,Nighttime coverage >=482 min every night; no missing sleep readings.,Applies when sleep readings are absent with non-wear; non-applicable if treating non-wear as zero sleep.,All nights have valid coverage and sleep records; no missing observations to explain.,qwen3.8-max,cd65bcb75bf7ea21b6e4bc7f7fa509a4f7cdd9f8bf83d18e8febda943b992c26,blinded-annotation-v2-shortrefs
C014,K096,judge_a,1,labeled,Steps dropped ~71% (8000 to 2300) while wear time remained 720 min/day.,Applies when step readings change; notes arm swing and wear context affect counts.,"Relevant context: step drop could partly reflect measurement limitations, though sustained drop suggests real change.",qwen3.8-max,cd65bcb75bf7ea21b6e4bc7f7fa509a4f7cdd9f8bf83d18e8febda943b992c26,blinded-annotation-v2-shortrefs
C015,K001,judge_a,2,labeled,"Age band is 18-60; weekday window sleep averages 389.9 min (~6.5 hours), below the 7-hour minimum recommendation.",Requires sleep duration below age-specific recommendation with compatible age band 18-60; both conditions met.,The subject's age and consistently short weekday sleep directly trigger this age-specific sleep duration recommendation.,qwen3.8-max,9e735520d5ccf9ca85a7402097f7acc0efae44a6306fcaf937b8ba971883410c,blinded-annotation-v2-shortrefs
C015,K002,judge_a,0,labeled,"Age band is 18-60, not 61-64.",Requires age 61-64; explicitly non-applicable for other age groups.,The subject's age band does not match the 61-64 category.,qwen3.8-max,9e735520d5ccf9ca85a7402097f7acc0efae44a6306fcaf937b8ba971883410c,blinded-annotation-v2-shortrefs
C015,K003,judge_a,0,labeled,"Age band is 18-60, not 65 or older.",Requires age at least 65; explicitly non-applicable for younger adults.,"The subject's age band excludes the 65+ category, so this recommendation does not apply.",qwen3.8-max,9e735520d5ccf9ca85a7402097f7acc0efae44a6306fcaf937b8ba971883410c,blinded-annotation-v2-shortrefs
C015,K004,judge_a,0,labeled,"Age band is 18-60, not 13-17.",Requires teenage age group 13-17; explicitly non-applicable for adults.,"The subject is an adult, so teenage sleep recommendations do not apply.",qwen3.8-max,9e735520d5ccf9ca85a7402097f7acc0efae44a6306fcaf937b8ba971883410c,blinded-annotation-v2-shortrefs
C015,K005,judge_a,1,labeled,Weekday sleep dropped from ~469 min baseline to ~390 min window; sleep start shifted ~80 min later.,Requires repeatedly shortened sleep opportunity; notes schedule constraint needed to attribute shortage to busyness.,"Shortened sleep is clearly observed, but the cause (busy schedule vs. other factors) is not established in the data.",qwen3.8-max,9e735520d5ccf9ca85a7402097f7acc0efae44a6306fcaf937b8ba971883410c,blinded-annotation-v2-shortrefs
C015,K006,judge_a,1,labeled,"Baseline sleep averaged 468.75 min (~7.8 hours), which is within recommended range; not consistently short.",Applies when sleep is consistently short even without new decline; non-applicable when duration is sufficient.,"Baseline sleep was adequate, so the myth about adapting to short sleep does not apply to the prior stable period.",qwen3.8-max,9e735520d5ccf9ca85a7402097f7acc0efae44a6306fcaf937b8ba971883410c,blinded-annotation-v2-shortrefs
C015,K007,judge_a,1,labeled,"Sleep duration is recorded nightly, but no sleep-onset difficulty, awakenings, or refreshment data exists.",Applies when duration is recorded but quality may be unknown; notes duration alone does not prove quality.,"Important context for interpreting the observed sleep durations, as quality indicators are absent from the data.",qwen3.8-max,9e735520d5ccf9ca85a7402097f7acc0efae44a6306fcaf937b8ba971883410c,blinded-annotation-v2-shortrefs
C015,K008,judge_a,0,labeled,"Only sleep start, end, and duration are recorded; no awakening events are captured.",Requires documented repeated awakenings; non-applicable when only duration and timing are available.,"Awakening data is not available in the wearable record, so this quality concern cannot be assessed.",qwen3.8-max,9e735520d5ccf9ca85a7402097f7acc0efae44a6306fcaf937b8ba971883410c,blinded-annotation-v2-shortrefs
C015,K009,judge_a,0,labeled,"Weekend sleep exceeds 8 hours (565-575 min), but no subjective refreshment data is recorded.",Requires more than 8 hours sleep with reported lack of refreshment; non-applicable without feeling-rested information.,"Long weekend sleep is observed, but whether the person feels rested is unknown, so this item does not apply.",qwen3.8-max,9e735520d5ccf9ca85a7402097f7acc0efae44a6306fcaf937b8ba971883410c,blinded-annotation-v2-shortrefs
C015,K010,judge_a,1,labeled,Ten consecutive weekday nights show sleep of 386-393 minutes in the window period.,Requires repeatedly shortened sleep; notes symptoms needed to claim actual cognitive impairment.,"Repeatedly shortened sleep is observed, making this educational context relevant while noting impairment cannot be diagnosed.",qwen3.8-max,9e735520d5ccf9ca85a7402097f7acc0efae44a6306fcaf937b8ba971883410c,blinded-annotation-v2-shortrefs
C015,K011,judge_a,2,labeled,"Window weekday sleep durations are 386-393 minutes (Mar 30-Apr 10), well below baseline mean of 468.75 minutes.","Requires several nights of reduced sleep duration, which is observed across 10 consecutive weekdays.",Ten consecutive shortened weekday sleep nights directly match the item's condition about repeated sleep loss.,qwen3.8-max,9e735520d5ccf9ca85a7402097f7acc0efae44a6306fcaf937b8ba971883410c,blinded-annotation-v2-shortrefs
C015,K012,judge_a,1,labeled,"Weekday window sleep averages 389.9 min for 10 consecutive days, representing ongoing insufficient sleep.",Applies to ongoing insufficient sleep; notes this does not allow diagnosing infection from wearable data.,"Ongoing sleep deficiency is observed, making immune function context educationally relevant without implying infection.",qwen3.8-max,9e735520d5ccf9ca85a7402097f7acc0efae44a6306fcaf937b8ba971883410c,blinded-annotation-v2-shortrefs
C015,K013,judge_a,1,labeled,"Weekday window sleep averages 389.9 min (~6.5 hours), below the 7-hour recommendation for 10 consecutive days.",Requires repeated insufficient sleep; notes food intake info needed for individual appetite claims.,"Repeated short sleep is observed, providing contextual relevance for appetite regulation mechanisms.",qwen3.8-max,9e735520d5ccf9ca85a7402097f7acc0efae44a6306fcaf937b8ba971883410c,blinded-annotation-v2-shortrefs
C015,K014,judge_a,0,labeled,No subjective sleepiness or driving plans are recorded in the data.,Requires reported sleepiness and driving context; non-applicable when either is unknown.,"Sleepiness and driving context are both absent, making this safety advice inapplicable.",qwen3.8-max,9e735520d5ccf9ca85a7402097f7acc0efae44a6306fcaf937b8ba971883410c,blinded-annotation-v2-shortrefs
C015,K015,judge_a,1,labeled,"Age band is 18-60; weekday window sleep averages 389.9 min (~6.5 hours), below typical 7-9 hour range.",Applies when adult sleep duration is being reviewed; requires individual experience to assess adequacy.,Provides general context for evaluating the observed short weekday sleep durations against population norms.,qwen3.8-max,9e735520d5ccf9ca85a7402097f7acc0efae44a6306fcaf937b8ba971883410c,blinded-annotation-v2-shortrefs
C015,K016,judge_a,0,labeled,Only 14 days of window data exist; no months-long sleeping difficulties or reported insomnia symptoms are documented.,Requires months-long sleeping difficulties or failed habit changes; non-applicable with brief duration records alone.,The observation window is too short and lacks symptom reports to trigger professional review criteria.,qwen3.8-max,9e735520d5ccf9ca85a7402097f7acc0efae44a6306fcaf937b8ba971883410c,blinded-annotation-v2-shortrefs
C015,K017,judge_a,2,labeled,Window sleep start variance is 745.9 vs baseline 21.8; weekend starts shift to ~01:00 from ~22:50 baseline.,"Requires repeated variability in bedtime or wake time, clearly demonstrated by the increased variance and weekend shifts.",The dramatic increase in sleep timing variability directly triggers this consistency recommendation.,qwen3.8-max,9e735520d5ccf9ca85a7402097f7acc0efae44a6306fcaf937b8ba971883410c,blinded-annotation-v2-shortrefs
C015,K018,judge_a,0,labeled,"No insomnia symptoms are reported; weekend wake times are consistently 11:00, weekday 07:00.",Requires reported sleeping difficulties; non-applicable without evidence of insomnia symptoms.,"Insomnia is not established, and the wake time pattern appears habitual rather than symptomatic.",qwen3.8-max,9e735520d5ccf9ca85a7402097f7acc0efae44a6306fcaf937b8ba971883410c,blinded-annotation-v2-shortrefs
C015,K019,judge_a,2,labeled,Window sleep start mean differs by 60.15 min between weekday (730.1) and weekend (790.25); wake times differ by 4 hours.,"Requires substantial bedtime or wake time differences between weekdays and weekends, clearly observed here.",The >1 hour weekday-weekend sleep schedule difference directly triggers this item's core advisory condition.,qwen3.8-max,9e735520d5ccf9ca85a7402097f7acc0efae44a6306fcaf937b8ba971883410c,blinded-annotation-v2-shortrefs
C015,K020,judge_a,0,labeled,"Sleep start times are recorded, but pre-bed activities are not documented.",Requires information about pre-bed activities for targeted advice; non-applicable when assuming missing routines from timestamps.,Bedtime is known but activities during the quiet hour before bed are unobserved.,qwen3.8-max,9e735520d5ccf9ca85a7402097f7acc0efae44a6306fcaf937b8ba971883410c,blinded-annotation-v2-shortrefs
C015,K021,judge_a,0,labeled,No screen or bright light exposure data is recorded in the wearable observations.,Requires known bright-screen exposure shortly before bed; non-applicable when exposure is unknown.,"Screen exposure is unobserved, so this item cannot be linked to the sleep timing changes.",qwen3.8-max,9e735520d5ccf9ca85a7402097f7acc0efae44a6306fcaf937b8ba971883410c,blinded-annotation-v2-shortrefs
C015,K022,judge_a,0,labeled,No caffeine intake timing or amount is recorded in the wearable data.,Requires known afternoon or evening caffeine use with sleeping difficulty; non-applicable without caffeine history.,"Caffeine data is absent, so this item cannot be connected to the observations.",qwen3.8-max,9e735520d5ccf9ca85a7402097f7acc0efae44a6306fcaf937b8ba971883410c,blinded-annotation-v2-shortrefs
C015,K023,judge_a,0,labeled,No meal timing or size data is recorded in the wearable observations.,Requires known large meal shortly before bed; non-applicable when meal information is unknown.,"Meal data is absent, so this item's conditions cannot be evaluated.",qwen3.8-max,9e735520d5ccf9ca85a7402097f7acc0efae44a6306fcaf937b8ba971883410c,blinded-annotation-v2-shortrefs
C015,K024,judge_a,0,labeled,No alcohol consumption data is recorded in the wearable observations.,Requires reported alcohol use near bedtime; non-applicable when alcohol exposure is unknown.,"Alcohol intake is unobserved, so this item's conditions are not met.",qwen3.8-max,9e735520d5ccf9ca85a7402097f7acc0efae44a6306fcaf937b8ba971883410c,blinded-annotation-v2-shortrefs
C015,K025,judge_a,0,labeled,No nicotine use or smoking data is recorded in the wearable observations.,Requires established nicotine exposure; non-applicable when nicotine use is unknown.,"Nicotine data is absent, so this stimulant-sleep connection cannot be evaluated.",qwen3.8-max,9e735520d5ccf9ca85a7402097f7acc0efae44a6306fcaf937b8ba971883410c,blinded-annotation-v2-shortrefs
C015,K026,judge_a,0,labeled,"No bedroom environment data (light, noise, temperature) is recorded.",Requires known disruptive bedroom environment; non-applicable when environment unknown.,"Bedroom conditions are unobserved, so this item cannot be applied.",qwen3.8-max,9e735520d5ccf9ca85a7402097f7acc0efae44a6306fcaf937b8ba971883410c,blinded-annotation-v2-shortrefs
C015,K027,judge_a,0,labeled,No pre-bed routine information or relaxation difficulty is reported in the data.,Requires reported difficulty relaxing or request for routine options; non-applicable when inferring stress from signals.,"No relaxation context exists, making this optional routine advice inapplicable.",qwen3.8-max,9e735520d5ccf9ca85a7402097f7acc0efae44a6306fcaf937b8ba971883410c,blinded-annotation-v2-shortrefs
C015,K028,judge_a,0,labeled,No nap data is recorded in the wearable observations.,Requires recorded or reported adult naps; non-applicable when nap history is unknown.,"Napping is not captured, so nap duration and timing advice cannot be applied.",qwen3.8-max,9e735520d5ccf9ca85a7402097f7acc0efae44a6306fcaf937b8ba971883410c,blinded-annotation-v2-shortrefs
C015,K029,judge_a,0,labeled,No shift work schedule is documented; sleep variability follows a weekday/weekend pattern.,Requires confirmed shift-work schedule; non-applicable when shift work is unknown.,"The sleep pattern suggests a regular work schedule with weekend variation, not rotating shift work.",qwen3.8-max,9e735520d5ccf9ca85a7402097f7acc0efae44a6306fcaf937b8ba971883410c,blinded-annotation-v2-shortrefs
C015,K030,judge_a,0,labeled,No shift work schedule is documented; sleep occurs overnight on weekdays and late morning on weekends.,Requires confirmed shift work; non-applicable without it.,"Shift work is not established in the data, making this item inapplicable.",qwen3.8-max,9e735520d5ccf9ca85a7402097f7acc0efae44a6306fcaf937b8ba971883410c,blinded-annotation-v2-shortrefs
C015,K031,judge_a,0,labeled,No shift work or caffeine intake data is recorded.,Requires confirmed shift work and caffeine use; non-applicable when either is unknown.,"Neither shift work nor caffeine use is established, making this item inapplicable.",qwen3.8-max,9e735520d5ccf9ca85a7402097f7acc0efae44a6306fcaf937b8ba971883410c,blinded-annotation-v2-shortrefs
C015,K032,judge_a,0,labeled,"No shift work is documented; weekday sleep occurs overnight, weekend sleep extends to 11:00.",Requires daytime sleep associated with confirmed shift work; non-applicable for ordinary overnight sleep.,"Shift work is not established, so daytime sleep environment advice does not apply.",qwen3.8-max,9e735520d5ccf9ca85a7402097f7acc0efae44a6306fcaf937b8ba971883410c,blinded-annotation-v2-shortrefs
C015,K033,judge_a,1,labeled,Sleep patterns changed substantially in the window period with high variance (6608.8 vs 21.8 baseline).,Applies when a changed or variable sleep pattern needs review; notes awakenings and naps need separate records.,"The increased sleep variability supports the value of diary tracking, though the item itself is methodological advice.",qwen3.8-max,9e735520d5ccf9ca85a7402097f7acc0efae44a6306fcaf937b8ba971883410c,blinded-annotation-v2-shortrefs
C015,K034,judge_a,2,labeled,"Weekday window sleep averages 389.9 min vs baseline 468.7 min for 10 consecutive days, a ~79 min nightly deficit.",Requires several shortened nights rather than a single reading; notes recurrence matters for accumulation.,Ten consecutive nights of substantially shortened sleep directly exemplify accumulating sleep loss.,qwen3.8-max,9e735520d5ccf9ca85a7402097f7acc0efae44a6306fcaf937b8ba971883410c,blinded-annotation-v2-shortrefs
C015,K035,judge_a,2,labeled,Weekend sleep mean 569.75 min vs weekday 389.9 min in window; weekend sleep end shifts from 07:00 to 11:00.,"Requires longer sleep and later timing on days off, directly observed in weekend grouped statistics.",The large weekend-weekday sleep difference directly matches the item's core condition about compensatory sleep.,qwen3.8-max,9e735520d5ccf9ca85a7402097f7acc0efae44a6306fcaf937b8ba971883410c,blinded-annotation-v2-shortrefs
C015,K036,judge_a,0,labeled,No nap information is recorded in the wearable observations.,Requires recorded naps after shortened night-time sleep; non-applicable without nap data.,"Napping is not captured in the data, so this item does not apply.",qwen3.8-max,9e735520d5ccf9ca85a7402097f7acc0efae44a6306fcaf937b8ba971883410c,blinded-annotation-v2-shortrefs
C015,K037,judge_a,0,labeled,No reported bad nights or insomnia symptoms exist; weekend sleep-in appears to be a regular pattern.,Requires reported bad sleep or insomnia symptoms; non-applicable with only device estimates.,"Insomnia is not established, and the long weekend sleep appears habitual rather than compensatory for a bad night.",qwen3.8-max,9e735520d5ccf9ca85a7402097f7acc0efae44a6306fcaf937b8ba971883410c,blinded-annotation-v2-shortrefs
C015,K038,judge_a,0,labeled,No insomnia symptoms are reported; only 14 days of device-estimated sleep data exist for the window.,Requires reported sleeping difficulties with known duration; non-applicable when diagnosing from estimated hours alone.,"Insomnia diagnosis requires symptom history beyond device estimates, which is absent here.",qwen3.8-max,9e735520d5ccf9ca85a7402097f7acc0efae44a6306fcaf937b8ba971883410c,blinded-annotation-v2-shortrefs
C015,K039,judge_a,0,labeled,No travel history is recorded; timezone is consistently Asia/Shanghai across all observations.,Requires confirmed travel across time zones; non-applicable without travel history.,"Travel did not occur, so jet lag considerations are irrelevant to the observed sleep timing changes.",qwen3.8-max,9e735520d5ccf9ca85a7402097f7acc0efae44a6306fcaf937b8ba971883410c,blinded-annotation-v2-shortrefs
C015,K040,judge_a,0,labeled,No travel or time-zone change is documented; timezone remains Asia/Shanghai throughout.,Requires a planned short trip across time zones; non-applicable when travel context is unknown.,"No travel occurred, so short-trip sleep scheduling advice does not apply.",qwen3.8-max,9e735520d5ccf9ca85a7402097f7acc0efae44a6306fcaf937b8ba971883410c,blinded-annotation-v2-shortrefs
C015,K041,judge_a,0,labeled,Activity duration is stable at ~55 min/day; steps are ~7900-8000/day; intensity is unknown.,Requires low or declining movement; non-applicable when equating steps directly with guideline compliance.,"Movement is not declining, and intensity is unknown, so this general encouragement is not specifically triggered.",qwen3.8-max,9e735520d5ccf9ca85a7402097f7acc0efae44a6306fcaf937b8ba971883410c,blinded-annotation-v2-shortrefs
C015,K042,judge_a,0,labeled,Activity duration remains stable around 55 min/day across both periods; no recent inactivity is observed.,Requires recently low or reduced physical activity; non-applicable when activity is maintained.,"Physical activity levels are stable, so gradual build-up advice is not triggered.",qwen3.8-max,9e735520d5ccf9ca85a7402097f7acc0efae44a6306fcaf937b8ba971883410c,blinded-annotation-v2-shortrefs
C015,K043,judge_a,0,labeled,Activity intensity is unknown for all intervals; only duration (~55 min/day) and steps are recorded.,Requires known activity intensity; non-applicable when only steps or unspecified active minutes are available.,"Without intensity classification, the 150-minute moderate-intensity guideline cannot be assessed.",qwen3.8-max,9e735520d5ccf9ca85a7402097f7acc0efae44a6306fcaf937b8ba971883410c,blinded-annotation-v2-shortrefs
C015,K044,judge_a,0,labeled,All activity intervals have unknown intensity; no vigorous activity is documented.,Requires documented vigorous aerobic activity; non-applicable when intensity is unknown.,"Without intensity classification, the vigorous activity target cannot be assessed.",qwen3.8-max,9e735520d5ccf9ca85a7402097f7acc0efae44a6306fcaf937b8ba971883410c,blinded-annotation-v2-shortrefs
C015,K045,judge_a,0,labeled,"Activity duration is stable (baseline mean 55.4 min, window mean 54.7 min); intensity is unknown.",Requires known intensity for counting guideline minutes; non-applicable assuming every active minute is moderate.,"Without intensity data, splitting activity into guideline-compliant portions cannot be assessed.",qwen3.8-max,9e735520d5ccf9ca85a7402097f7acc0efae44a6306fcaf937b8ba971883410c,blinded-annotation-v2-shortrefs
C015,K046,judge_a,0,labeled,No muscle-strengthening activity records exist; only steps and generic activity duration are tracked.,Requires strengthening activity records including days and muscle groups; non-applicable with only step counts.,"Strengthening data is absent, so this separate guideline component cannot be assessed.",qwen3.8-max,9e735520d5ccf9ca85a7402097f7acc0efae44a6306fcaf937b8ba971883410c,blinded-annotation-v2-shortrefs
C015,K047,judge_a,0,labeled,Activity intensity is unknown throughout; weekly moderate/vigorous totals cannot be calculated.,Requires documented aerobic activity reaching guidelines with known intensity; non-applicable when intensity unknown.,"Without intensity data, guideline attainment cannot be verified, making additional benefit advice inapplicable.",qwen3.8-max,9e735520d5ccf9ca85a7402097f7acc0efae44a6306fcaf937b8ba971883410c,blinded-annotation-v2-shortrefs
C015,K048,judge_a,0,labeled,All activity intervals have intensity labeled 'unknown'; no fitness or perceived effort data exists.,Requires fitness or perceived effort context; non-applicable when inferring intensity from steps alone.,"Intensity is unknown throughout, so relative intensity assessment cannot be performed.",qwen3.8-max,9e735520d5ccf9ca85a7402097f7acc0efae44a6306fcaf937b8ba971883410c,blinded-annotation-v2-shortrefs
C015,K049,judge_a,0,labeled,All activity intervals have intensity labeled as 'unknown'; no breathing or talk-test data exists.,Requires observed effort during aerobic activity; non-applicable when effort context is unrecorded.,"Activity intensity is unknown throughout, preventing application of the talk test concept.",qwen3.8-max,9e735520d5ccf9ca85a7402097f7acc0efae44a6306fcaf937b8ba971883410c,blinded-annotation-v2-shortrefs
C015,K050,judge_a,1,labeled,Steps are stable (~7900-8000/day) while activity types are unspecified; intensity is unknown.,Applies when steps change while other activity may differ; warns against concluding total exercise from steps alone.,"Relevant context for interpreting stable step counts, as non-step activities might contribute differently to overall exercise.",qwen3.8-max,9e735520d5ccf9ca85a7402097f7acc0efae44a6306fcaf937b8ba971883410c,blinded-annotation-v2-shortrefs
C015,K051,judge_a,0,labeled,Steps and activity duration are stable across both periods; no decline in routine movement is observed.,Requires low or declining routine movement; non-applicable when movement is maintained.,"Routine movement is maintained, so walking-as-routine advice is not specifically triggered.",qwen3.8-max,9e735520d5ccf9ca85a7402097f7acc0efae44a6306fcaf937b8ba971883410c,blinded-annotation-v2-shortrefs
C015,K052,judge_a,0,labeled,No personal preferences or availability constraints for activity are recorded.,Requires personal preferences and availability for choosing individualized options; non-applicable without context.,"Preference data is absent, making individualized activity selection guidance inapplicable.",qwen3.8-max,9e735520d5ccf9ca85a7402097f7acc0efae44a6306fcaf937b8ba971883410c,blinded-annotation-v2-shortrefs
C015,K053,judge_a,0,labeled,No social preferences or motivational barriers are reported in the data.,Requires evidence of a motivational or social barrier; non-applicable without it.,"Social motivation context is absent, making this support suggestion inapplicable.",qwen3.8-max,9e735520d5ccf9ca85a7402097f7acc0efae44a6306fcaf937b8ba971883410c,blinded-annotation-v2-shortrefs
C015,K054,judge_a,0,labeled,No reported time barrier to activity exists; activity duration is stable across both periods.,Requires low activity with a reported time barrier; non-applicable when assuming barriers from low steps.,"Activity is maintained and no time barrier is reported, so activity diary advice is not triggered.",qwen3.8-max,9e735520d5ccf9ca85a7402097f7acc0efae44a6306fcaf937b8ba971883410c,blinded-annotation-v2-shortrefs
C015,K055,judge_a,0,labeled,No schedule constraints or competing demands are reported in the data.,Requires reported competing demands reducing activity; non-applicable when schedule reason is unknown.,"Schedule context is absent, making this planning advice inapplicable.",qwen3.8-max,9e735520d5ccf9ca85a7402097f7acc0efae44a6306fcaf937b8ba971883410c,blinded-annotation-v2-shortrefs
C015,K056,judge_a,0,labeled,No chronic health condition or disability is recorded in the wearable data.,"Requires an established chronic condition, disability, or special need; non-applicable when medical context unknown.","Medical context is absent from the data, so this item's required conditions are not met.",qwen3.8-max,9e735520d5ccf9ca85a7402097f7acc0efae44a6306fcaf937b8ba971883410c,blinded-annotation-v2-shortrefs
C015,K057,judge_a,1,labeled,Low movement intervals run consecutively from ~10:00 to ~18:27 daily with ~5 min gaps between ~45 min blocks.,Applies to long uninterrupted daytime low-movement intervals with adequate wear; notes low movement is not confirmed sitting.,"Extended daytime low-movement periods are observed, but posture is unconfirmed, limiting direct sedentary claims.",qwen3.8-max,9e735520d5ccf9ca85a7402097f7acc0efae44a6306fcaf937b8ba971883410c,blinded-annotation-v2-shortrefs
C015,K058,judge_a,1,labeled,Low movement minutes average ~451/day across both periods alongside ~55 min activity duration.,Requires recorded activity coexisting with substantial low-movement periods; notes low-movement is not confirmed sitting.,"Activity and low movement coexist, but low movement cannot be equated to confirmed sitting per guidelines.",qwen3.8-max,9e735520d5ccf9ca85a7402097f7acc0efae44a6306fcaf937b8ba971883410c,blinded-annotation-v2-shortrefs
C015,K059,judge_a,1,labeled,Low movement averages ~451 min/day across both periods with consistent daytime wear of 720 min.,Applies to substantial daily low movement; notes confirmed sitting is needed for specific sedentary conclusions.,"Extensive daily low movement is observed, but without posture data, specific sedentary behavior claims are limited.",qwen3.8-max,9e735520d5ccf9ca85a7402097f7acc0efae44a6306fcaf937b8ba971883410c,blinded-annotation-v2-shortrefs
C015,K060,judge_a,0,labeled,No commuting or transport data is recorded in the wearable observations.,Requires established sedentary commuting with transport and safety context; non-applicable when commute unknown.,"Commute information is absent, so this movement opportunity advice cannot be applied.",qwen3.8-max,9e735520d5ccf9ca85a7402097f7acc0efae44a6306fcaf937b8ba971883410c,blinded-annotation-v2-shortrefs
C015,K061,judge_a,0,labeled,No workplace layout or desk work context is recorded in the data.,Requires desk work with prolonged sitting and ability to walk to colleagues; non-applicable when work context unknown.,"Workplace context is absent, making this specific movement suggestion inapplicable.",qwen3.8-max,9e735520d5ccf9ca85a7402097f7acc0efae44a6306fcaf937b8ba971883410c,blinded-annotation-v2-shortrefs
C015,K062,judge_a,0,labeled,No meeting schedule or workplace arrangement data is recorded.,Requires meetings or desk work involving prolonged sitting with workplace context; non-applicable without it.,"Workplace meeting context is absent, making this suggestion inapplicable.",qwen3.8-max,9e735520d5ccf9ca85a7402097f7acc0efae44a6306fcaf937b8ba971883410c,blinded-annotation-v2-shortrefs
C015,K063,judge_a,0,labeled,No television viewing or screen habits are recorded in the wearable data.,Requires prolonged sitting while watching television; non-applicable when screen habits are unknown.,"Screen-related behavior is unobserved, so this item cannot be applied.",qwen3.8-max,9e735520d5ccf9ca85a7402097f7acc0efae44a6306fcaf937b8ba971883410c,blinded-annotation-v2-shortrefs
C015,K064,judge_a,0,labeled,No seated leisure habits or routine preferences are recorded in the data.,Requires substantial habitual seated leisure with known routine and preferences; non-applicable without leisure context.,"Leisure context is absent, making this activity replacement advice inapplicable.",qwen3.8-max,9e735520d5ccf9ca85a7402097f7acc0efae44a6306fcaf937b8ba971883410c,blinded-annotation-v2-shortrefs
C015,K065,judge_a,0,labeled,Steps range 7586-8411 in baseline and 7622-8382 in window; everyday movement is consistently present.,Applies to low everyday movement despite formal exercise; non-applicable when movement is adequate.,"Daily steps and activity are consistently present, so distinguishing everyday movement from exercise is not needed.",qwen3.8-max,9e735520d5ccf9ca85a7402097f7acc0efae44a6306fcaf937b8ba971883410c,blinded-annotation-v2-shortrefs
C015,K066,judge_a,0,labeled,No workday lunch-break context or walking opportunity data is recorded.,Requires known workday lunch-break access and mobility; non-applicable when context is unknown.,"Lunch break information is absent, making this specific activity suggestion inapplicable.",qwen3.8-max,9e735520d5ccf9ca85a7402097f7acc0efae44a6306fcaf937b8ba971883410c,blinded-annotation-v2-shortrefs
C015,K067,judge_a,0,labeled,No stair access or workplace mobility context is recorded in the data.,Requires accessible stairs and safe mobility; non-applicable when context is unknown.,"Workplace and stair context is absent, making this suggestion inapplicable.",qwen3.8-max,9e735520d5ccf9ca85a7402097f7acc0efae44a6306fcaf937b8ba971883410c,blinded-annotation-v2-shortrefs
C015,K068,judge_a,1,labeled,Low movement intervals span ~45 min blocks from 10:00-18:27 daily; posture is not measured.,Applies when low-movement intervals lack posture measurement; warns against relabeling as confirmed sitting.,Directly relevant because the data shows extensive low-movement periods without posture confirmation.,qwen3.8-max,9e735520d5ccf9ca85a7402097f7acc0efae44a6306fcaf937b8ba971883410c,blinded-annotation-v2-shortrefs
C015,K069,judge_a,0,labeled,Activity duration is stable (~55 min/day) while sleep patterns changed dramatically in the window.,Applies when activity and sleep are jointly reviewed; warns against declaring causal effects from paired observations.,"Activity remained stable while sleep changed, so activity cannot explain the sleep pattern shift; causal claims unsupported.",qwen3.8-max,9e735520d5ccf9ca85a7402097f7acc0efae44a6306fcaf937b8ba971883410c,blinded-annotation-v2-shortrefs
C015,K070,judge_a,0,labeled,Daytime activity is stable (~55 min/day); no outdoor exposure data is recorded.,Requires low daytime activity accompanying changed sleep routine; non-applicable when inferring outdoor exposure from counts.,"Activity levels are maintained, and outdoor exposure cannot be inferred from movement data.",qwen3.8-max,9e735520d5ccf9ca85a7402097f7acc0efae44a6306fcaf937b8ba971883410c,blinded-annotation-v2-shortrefs
C015,K071,judge_a,0,labeled,"Activity intervals occur at 21:00 most days, but all intensities are labeled 'unknown'.",Requires known intensity and timing relative to bedtime; non-applicable when assuming every late movement is intense.,"Activity intensity is unknown, so the intense-exercise-before-bed advice cannot be specifically applied.",qwen3.8-max,9e735520d5ccf9ca85a7402097f7acc0efae44a6306fcaf937b8ba971883410c,blinded-annotation-v2-shortrefs
C015,K072,judge_a,0,labeled,Activity intervals occur at 21:00 most days with unknown intensity; no insomnia symptoms are reported.,Requires exercise near bedtime with reported insomnia symptoms; non-applicable with only timestamps.,"Insomnia is not established, and activity intensity is unknown, so conditions are unmet.",qwen3.8-max,9e735520d5ccf9ca85a7402097f7acc0efae44a6306fcaf937b8ba971883410c,blinded-annotation-v2-shortrefs
C015,K073,judge_a,1,labeled,Activity intervals occur at 21:00 daily; sleep starts shift from ~22:50 baseline to ~00:10 window weekdays.,Applies when activity timing and subsequent sleep are compared; requires activity intervals for timing comparisons.,"Late activity timing is documented, enabling temporal comparison with the observed delayed sleep onset.",qwen3.8-max,9e735520d5ccf9ca85a7402097f7acc0efae44a6306fcaf937b8ba971883410c,blinded-annotation-v2-shortrefs
C015,K074,judge_a,0,labeled,No emergency-response deployment context is indicated in the data.,Requires confirmed emergency-response deployment; non-applicable when deployment context is unknown.,"The subject is not identified as a deployed emergency responder, so this specific guidance does not apply.",qwen3.8-max,9e735520d5ccf9ca85a7402097f7acc0efae44a6306fcaf937b8ba971883410c,blinded-annotation-v2-shortrefs
C015,K075,judge_a,0,labeled,No subjective tiredness or energy pattern is recorded in the wearable data.,Requires reported tiredness limiting activity; non-applicable without tiredness history.,"Subjective energy data is absent, making this item inapplicable.",qwen3.8-max,9e735520d5ccf9ca85a7402097f7acc0efae44a6306fcaf937b8ba971883410c,blinded-annotation-v2-shortrefs
C015,K076,judge_a,0,labeled,"No substance, medication, alcohol, or caffeine records exist in the wearable data.",Requires substance and medication history for causal interpretation; non-applicable when exposures are unrecorded.,"Substance data is completely absent, so this diary guidance cannot be applied to the observations.",qwen3.8-max,9e735520d5ccf9ca85a7402097f7acc0efae44a6306fcaf937b8ba971883410c,blinded-annotation-v2-shortrefs
C015,K077,judge_a,1,labeled,RHR is reported daily (55-57 bpm) derived from the wearable's resting measurement protocol.,"Applies when RHR observations are available; clarifies it represents still and well-rested state, not exercise HR.",Provides important definitional context for correctly interpreting the reported resting heart rate values.,qwen3.8-max,9e735520d5ccf9ca85a7402097f7acc0efae44a6306fcaf937b8ba971883410c,blinded-annotation-v2-shortrefs
C015,K078,judge_a,1,labeled,RHR values range 55-57 bpm across both periods; no sleeping heart rate series is separately reported.,Applies when a daily resting heart-rate trend is being interpreted to avoid mixing measures.,"Provides relevant measurement context for interpreting the available RHR data, though no confusion is evident.",qwen3.8-max,9e735520d5ccf9ca85a7402097f7acc0efae44a6306fcaf937b8ba971883410c,blinded-annotation-v2-shortrefs
C015,K079,judge_a,1,labeled,"RHR varies between 55-57 bpm across both periods with minimal variance (0.46 baseline, 0.84 window).",Applies when RHR changes relative to previous readings; notes multiple possible explanations prevent causal attribution.,RHR is relatively stable; this item provides context that even small changes have multiple potential causes.,qwen3.8-max,9e735520d5ccf9ca85a7402097f7acc0efae44a6306fcaf937b8ba971883410c,blinded-annotation-v2-shortrefs
C015,K080,judge_a,1,labeled,HRV RMSSD mean 45.3 ms and RHR mean 56.1 bpm are both reported in the window period.,Applies when HRV and heart-rate estimates are interpreted together; clarifies they are different quantities.,"Both metrics are present in the data, making this definitional distinction relevant for correct interpretation.",qwen3.8-max,9e735520d5ccf9ca85a7402097f7acc0efae44a6306fcaf937b8ba971883410c,blinded-annotation-v2-shortrefs
C015,K081,judge_a,1,labeled,HRV RMSSD ranges 43-47 ms across both periods with low variance; personal baseline is established over 28 days.,Applies when an HRV level or trend is being reviewed; emphasizes personal history over universal norms.,Supports interpreting the stable HRV values within this person's own range rather than against external standards.,qwen3.8-max,9e735520d5ccf9ca85a7402097f7acc0efae44a6306fcaf937b8ba971883410c,blinded-annotation-v2-shortrefs
C015,K082,judge_a,1,labeled,28-day baseline provides personal ranges for all vitals; window data can be compared against this history.,Applies when a vital has changed from a recent personal baseline with sufficient same-metric history.,The 28-day baseline enables meaningful personal-range comparisons for the observed window changes.,qwen3.8-max,9e735520d5ccf9ca85a7402097f7acc0efae44a6306fcaf937b8ba971883410c,blinded-annotation-v2-shortrefs
C015,K083,judge_a,1,labeled,"RHR is recorded daily across 42 days (28 baseline + 14 window), ranging 55-57 bpm with very low variance.",Applies when repeated RHR readings are available; emphasizes trend context over single daily estimates.,The extended RHR time series supports trend-based interpretation rather than focusing on individual daily values.,qwen3.8-max,9e735520d5ccf9ca85a7402097f7acc0efae44a6306fcaf937b8ba971883410c,blinded-annotation-v2-shortrefs
C015,K084,judge_a,1,labeled,"HRV RMSSD is stable at 43-47 ms across both periods with low variance (1.09 window, 2.26 baseline).",Applies when an HRV trend is available for wellness monitoring; warns against diagnosing conditions from HRV.,Important context for interpreting the stable HRV values as wellness observations rather than diagnostic indicators.,qwen3.8-max,9e735520d5ccf9ca85a7402097f7acc0efae44a6306fcaf937b8ba971883410c,blinded-annotation-v2-shortrefs
C015,K085,judge_a,1,labeled,HRV is reported as hrv_rmssd_ms with values 43-47 ms across both periods; metadata confirms night RMSSD.,Applies when HRV records identify RMSSD as their metric; confirms formula consistency for comparisons.,"Confirms the specific HRV metric used, supporting valid within-person comparisons across the observation periods.",qwen3.8-max,9e735520d5ccf9ca85a7402097f7acc0efae44a6306fcaf937b8ba971883410c,blinded-annotation-v2-shortrefs
C015,K086,judge_a,1,labeled,"HRV RMSSD is reported nightly; window nighttime coverage ranges 406-595 min, all exceeding 3 hours.",Applies when overnight HRV estimates are compared; requires compatible collection definition and sleep coverage.,"All sleep periods exceed the 3-hour minimum, supporting valid HRV RMSSD collection across the observation window.",qwen3.8-max,9e735520d5ccf9ca85a7402097f7acc0efae44a6306fcaf937b8ba971883410c,blinded-annotation-v2-shortrefs
C015,K087,judge_a,0,labeled,"Only sleep duration and timing are recorded; no sleep-stage data (light, deep, REM) is available.",Requires sleep-stage measurements; non-applicable when only duration and timing are available.,"Sleep stage data is absent from the wearable record, so stage-pattern variability advice does not apply.",qwen3.8-max,9e735520d5ccf9ca85a7402097f7acc0efae44a6306fcaf937b8ba971883410c,blinded-annotation-v2-shortrefs
C015,K088,judge_a,0,labeled,No health concerns or symptoms are reported in the data.,Requires reported health concerns about a vital trend; non-applicable without clinical context.,"No health concerns are expressed, making this general guidance inapplicable to the current observations.",qwen3.8-max,9e735520d5ccf9ca85a7402097f7acc0efae44a6306fcaf937b8ba971883410c,blinded-annotation-v2-shortrefs
C015,K089,judge_a,0,labeled,RHR and HRV data are consistently recorded with no indication of fit problems or unreliable readings.,Requires evidence that heart-rate readings may be unreliable or wear quality changed; non-applicable without such evidence.,"No sensor fit issues are indicated, so this accuracy guidance is not triggered.",qwen3.8-max,9e735520d5ccf9ca85a7402097f7acc0efae44a6306fcaf937b8ba971883410c,blinded-annotation-v2-shortrefs
C015,K090,judge_a,1,labeled,"Nighttime coverage ranges 406-595 min in window, 482-497 min in baseline; all exceed 180 min threshold.",Applies when overnight vitals have uncertain coverage; requires separate night-time wear information.,"Adequate nighttime coverage is confirmed across all observations, supporting validity of overnight RHR and HRV metrics.",qwen3.8-max,9e735520d5ccf9ca85a7402097f7acc0efae44a6306fcaf937b8ba971883410c,blinded-annotation-v2-shortrefs
C015,K091,judge_a,1,labeled,"All nights have nighttime coverage >=406 min, exceeding the 3-hour minimum; no vitals are missing.",Applies when vitals are missing with limited night-time data; notes missing readings are not physiological zeros.,Confirms that adequate sleep coverage supports the completeness of the reported vital signs across all nights.,qwen3.8-max,9e735520d5ccf9ca85a7402097f7acc0efae44a6306fcaf937b8ba971883410c,blinded-annotation-v2-shortrefs
C015,K092,judge_a,0,labeled,All vitals are recorded consistently across all 42 days with no missing data points.,Applies when vitals are missing or delayed; non-applicable when data is complete.,"No vitals are missing, so device sync and support troubleshooting is not needed.",qwen3.8-max,9e735520d5ccf9ca85a7402097f7acc0efae44a6306fcaf937b8ba971883410c,blinded-annotation-v2-shortrefs
C015,K093,judge_a,0,labeled,Data comes from a single synthetic device with consistent metric definitions across all 42 days.,Requires a device or algorithm change affecting heart-rate series; non-applicable for same-device data.,"No device switch is indicated, so cross-device comparison concerns do not apply.",qwen3.8-max,9e735520d5ccf9ca85a7402097f7acc0efae44a6306fcaf937b8ba971883410c,blinded-annotation-v2-shortrefs
C015,K094,judge_a,1,labeled,Sleep duration is estimated from device data; sleep start/end timestamps define boundaries for each night.,Applies when device-estimated sleep duration and boundaries are available; distinguishes estimated sleep from full period.,"Relevant for correctly interpreting the reported sleep_duration_minutes as estimated time asleep, not total time in bed.",qwen3.8-max,9e735520d5ccf9ca85a7402097f7acc0efae44a6306fcaf937b8ba971883410c,blinded-annotation-v2-shortrefs
C015,K095,judge_a,1,labeled,Nighttime coverage ranges 406-595 min in window; all nights meet the >=180 min validity threshold.,"Applies when sleep readings are absent with non-wear; notes unworn nights should remain missing, not zero.","Validates that current sleep observations have adequate coverage, supporting their interpretation as real data.",qwen3.8-max,9e735520d5ccf9ca85a7402097f7acc0efae44a6306fcaf937b8ba971883410c,blinded-annotation-v2-shortrefs
C015,K096,judge_a,1,labeled,Steps range 7622-8382 in window vs 7586-8411 in baseline; wear context is consistent at 720 daytime minutes.,Applies when step readings change with possible measurement limitations; notes arm swing requirements.,"Provides relevant context for interpreting step counts, though steps remained relatively stable across periods.",qwen3.8-max,9e735520d5ccf9ca85a7402097f7acc0efae44a6306fcaf937b8ba971883410c,blinded-annotation-v2-shortrefs
C016,K001,judge_a,2,labeled,"Age band 18-60; sleep mean 471 min (~7.85h) in window, 470 min in baseline.",CDC recommends >=7 hours for adults 18-60.,Core recommendation directly applicable; observed sleep consistently meets the age-specific threshold.,qwen3.8-max,67b4137ab2a4011e0e8baddedf957aa49508d6bb37ebafba30cc0e27f60b3930,blinded-annotation-v2-shortrefs
C016,K002,judge_a,0,labeled,Metadata age_band is 18-60.,Applies to adults aged 61-64; non-applicable for other ages.,Subject age band does not match required population.,qwen3.8-max,67b4137ab2a4011e0e8baddedf957aa49508d6bb37ebafba30cc0e27f60b3930,blinded-annotation-v2-shortrefs
C016,K003,judge_a,0,labeled,Metadata age_band is 18-60.,Applies to adults aged 65+; non-applicable below 65.,Subject age band does not match required population.,qwen3.8-max,67b4137ab2a4011e0e8baddedf957aa49508d6bb37ebafba30cc0e27f60b3930,blinded-annotation-v2-shortrefs
C016,K004,judge_a,0,labeled,Metadata age_band is 18-60.,Applies to teenagers aged 13-17; non-applicable for adults.,Subject is an adult; item explicitly non-applicable.,qwen3.8-max,67b4137ab2a4011e0e8baddedf957aa49508d6bb37ebafba30cc0e27f60b3930,blinded-annotation-v2-shortrefs
C016,K005,judge_a,0,labeled,"Window sleep mean 471 min, baseline 470 min; no shortened sleep observed.",Requires repeatedly shortened sleep opportunity or duration.,Sleep duration is stable and sufficient; required condition of insufficient sleep not met.,qwen3.8-max,67b4137ab2a4011e0e8baddedf957aa49508d6bb37ebafba30cc0e27f60b3930,blinded-annotation-v2-shortrefs
C016,K006,judge_a,0,labeled,"Sleep ~470 min (~7.8h), meeting CDC >=7h recommendation for 18-60.",Requires consistently short sleep; non-applicable if sufficient for age group.,Sleep duration is sufficient for age band; item explicitly non-applicable.,qwen3.8-max,67b4137ab2a4011e0e8baddedf957aa49508d6bb37ebafba30cc0e27f60b3930,blinded-annotation-v2-shortrefs
C016,K007,judge_a,1,labeled,Sleep duration recorded ~470 min/night; no awakenings or quality data.,Applies when sleep duration recorded but quality may be unknown.,Supported contextual note that recorded duration alone doesn't establish sleep quality.,qwen3.8-max,67b4137ab2a4011e0e8baddedf957aa49508d6bb37ebafba30cc0e27f60b3930,blinded-annotation-v2-shortrefs
C016,K008,judge_a,0,labeled,"Only sleep duration, start, and end recorded; no awakening data.",Requires repeated awakenings documented.,Only duration and boundaries available; cannot assess awakenings.,qwen3.8-max,67b4137ab2a4011e0e8baddedf957aa49508d6bb37ebafba30cc0e27f60b3930,blinded-annotation-v2-shortrefs
C016,K009,judge_a,0,labeled,Sleep ~470 min (<8h); no subjective refreshment data.,Requires >8h sleep with reported lack of refreshment.,Sleep under 8h and no refreshment report; conditions not met.,qwen3.8-max,67b4137ab2a4011e0e8baddedf957aa49508d6bb37ebafba30cc0e27f60b3930,blinded-annotation-v2-shortrefs
C016,K010,judge_a,0,labeled,Sleep ~470 min/night; no repeated restriction or cognitive symptoms.,Requires repeatedly shortened sleep and symptoms for impairment claim.,Sleep is sufficient; no restriction or impairment to evaluate.,qwen3.8-max,67b4137ab2a4011e0e8baddedf957aa49508d6bb37ebafba30cc0e27f60b3930,blinded-annotation-v2-shortrefs
C016,K011,judge_a,0,labeled,Window sleep mean 471 min; no repeated sleep restriction observed.,Requires several nights of reduced sleep duration.,No repeated sleep loss in data; required condition absent.,qwen3.8-max,67b4137ab2a4011e0e8baddedf957aa49508d6bb37ebafba30cc0e27f60b3930,blinded-annotation-v2-shortrefs
C016,K012,judge_a,0,labeled,"Sleep mean ~470 min, meeting recommendations; no ongoing deficiency.",Requires ongoing insufficient sleep.,Sleep is sufficient; required condition of ongoing deficiency not met.,qwen3.8-max,67b4137ab2a4011e0e8baddedf957aa49508d6bb37ebafba30cc0e27f60b3930,blinded-annotation-v2-shortrefs
C016,K013,judge_a,0,labeled,Sleep ~470 min/night; no repeated insufficiency or appetite data.,Requires repeated insufficient sleep and food intake info.,Sleep is sufficient; no appetite data to link.,qwen3.8-max,67b4137ab2a4011e0e8baddedf957aa49508d6bb37ebafba30cc0e27f60b3930,blinded-annotation-v2-shortrefs
C016,K014,judge_a,0,labeled,No reported sleepiness or driving context.,Requires reported sleepiness and driving plans.,Sleepiness and driving context unknown; item not applicable.,qwen3.8-max,67b4137ab2a4011e0e8baddedf957aa49508d6bb37ebafba30cc0e27f60b3930,blinded-annotation-v2-shortrefs
C016,K015,judge_a,1,labeled,Sleep duration varies slightly (462-478 min) but remains within normal range.,Applies when adult sleep duration is being reviewed.,"Provides general context that individual variation exists, though sleep is already adequate.",qwen3.8-max,67b4137ab2a4011e0e8baddedf957aa49508d6bb37ebafba30cc0e27f60b3930,blinded-annotation-v2-shortrefs
C016,K016,judge_a,0,labeled,Sleep stable ~470 min/night over 14-day window; no reported insomnia.,Requires months-long sleeping difficulties or failed habit changes.,Only 14 days of stable device data without reported symptoms; conditions not met.,qwen3.8-max,67b4137ab2a4011e0e8baddedf957aa49508d6bb37ebafba30cc0e27f60b3930,blinded-annotation-v2-shortrefs
C016,K017,judge_a,0,labeled,Sleep end exactly 07:00 daily; sleep start variance ~29 min^2.,Requires repeated variability in bedtime or wake time.,Schedule is highly stable; item notes stable schedule alone doesn't establish problem.,qwen3.8-max,67b4137ab2a4011e0e8baddedf957aa49508d6bb37ebafba30cc0e27f60b3930,blinded-annotation-v2-shortrefs
C016,K018,judge_a,0,labeled,Sleep end exactly 07:00 daily; no reported sleeping difficulties.,Requires inconsistent wake time with reported sleeping difficulties.,Wake time perfectly consistent and no insomnia reported; conditions not met.,qwen3.8-max,67b4137ab2a4011e0e8baddedf957aa49508d6bb37ebafba30cc0e27f60b3930,blinded-annotation-v2-shortrefs
C016,K019,judge_a,0,labeled,"Weekday sleep start mean 650.9 min, weekend 648.5 min from noon; difference ~2.4 min.",Requires substantial weekday/weekend schedule differences.,Weekday and weekend sleep times are nearly identical; item non-applicable.,qwen3.8-max,67b4137ab2a4011e0e8baddedf957aa49508d6bb37ebafba30cc0e27f60b3930,blinded-annotation-v2-shortrefs
C016,K020,judge_a,0,labeled,Sleep start ~22:50; no pre-bed activity data recorded.,Requires information about pre-bed activities.,Bedtime known but pre-bed activities unknown; cannot assess quiet time.,qwen3.8-max,67b4137ab2a4011e0e8baddedf957aa49508d6bb37ebafba30cc0e27f60b3930,blinded-annotation-v2-shortrefs
C016,K021,judge_a,0,labeled,No screen or light exposure data recorded.,Requires known bright-screen exposure shortly before bed.,Exposure unknown; cannot attribute any pattern to screens.,qwen3.8-max,67b4137ab2a4011e0e8baddedf957aa49508d6bb37ebafba30cc0e27f60b3930,blinded-annotation-v2-shortrefs
C016,K022,judge_a,0,labeled,No caffeine timing or intake data recorded.,Requires known afternoon/evening caffeine use with sleeping difficulty.,Caffeine history unknown; item not applicable.,qwen3.8-max,67b4137ab2a4011e0e8baddedf957aa49508d6bb37ebafba30cc0e27f60b3930,blinded-annotation-v2-shortrefs
C016,K023,judge_a,0,labeled,No meal timing or size data recorded.,Requires known large meal shortly before bed.,Meal information unknown; item not applicable.,qwen3.8-max,67b4137ab2a4011e0e8baddedf957aa49508d6bb37ebafba30cc0e27f60b3930,blinded-annotation-v2-shortrefs
C016,K024,judge_a,0,labeled,No alcohol intake data recorded.,Requires alcohol intake and timing near bedtime.,Alcohol exposure unknown; item not applicable.,qwen3.8-max,67b4137ab2a4011e0e8baddedf957aa49508d6bb37ebafba30cc0e27f60b3930,blinded-annotation-v2-shortrefs
C016,K025,judge_a,0,labeled,No nicotine use data recorded.,Requires nicotine exposure.,Nicotine use unknown; item not applicable.,qwen3.8-max,67b4137ab2a4011e0e8baddedf957aa49508d6bb37ebafba30cc0e27f60b3930,blinded-annotation-v2-shortrefs
C016,K026,judge_a,0,labeled,No bedroom environment data recorded.,Requires known disruptive bedroom environment.,Environment unknown; wearable data cannot establish conditions.,qwen3.8-max,67b4137ab2a4011e0e8baddedf957aa49508d6bb37ebafba30cc0e27f60b3930,blinded-annotation-v2-shortrefs
C016,K027,judge_a,0,labeled,Sleep start stable ~22:50; no unexplained timing shift.,Requires pre-bed routine consideration or difficulty relaxing.,No sleep timing shift or relaxation difficulty indicated in data.,qwen3.8-max,67b4137ab2a4011e0e8baddedf957aa49508d6bb37ebafba30cc0e27f60b3930,blinded-annotation-v2-shortrefs
C016,K028,judge_a,0,labeled,No nap data recorded in wearable observations.,Requires recorded or reported adult naps.,Nap history unknown; item not applicable.,qwen3.8-max,67b4137ab2a4011e0e8baddedf957aa49508d6bb37ebafba30cc0e27f60b3930,blinded-annotation-v2-shortrefs
C016,K029,judge_a,0,labeled,Sleep start/end highly consistent; no shift work indicated.,Requires confirmed shift-work schedule.,"Shift work unknown; sleep schedule is stable, not disrupted.",qwen3.8-max,67b4137ab2a4011e0e8baddedf957aa49508d6bb37ebafba30cc0e27f60b3930,blinded-annotation-v2-shortrefs
C016,K030,judge_a,0,labeled,No shift work data recorded.,Requires established shift work.,No confirmed shift work; item not applicable.,qwen3.8-max,67b4137ab2a4011e0e8baddedf957aa49508d6bb37ebafba30cc0e27f60b3930,blinded-annotation-v2-shortrefs
C016,K031,judge_a,0,labeled,No shift work or caffeine data recorded.,Requires shift worker using caffeine.,Shift work and caffeine use unknown; item not applicable.,qwen3.8-max,67b4137ab2a4011e0e8baddedf957aa49508d6bb37ebafba30cc0e27f60b3930,blinded-annotation-v2-shortrefs
C016,K032,judge_a,0,labeled,Sleep occurs overnight (22:42-07:00); no shift work indicated.,Requires daytime sleep associated with shift work.,Only ordinary overnight sleep recorded; shift work unknown.,qwen3.8-max,67b4137ab2a4011e0e8baddedf957aa49508d6bb37ebafba30cc0e27f60b3930,blinded-annotation-v2-shortrefs
C016,K033,judge_a,0,labeled,Sleep pattern stable; no awakenings or naps recorded.,Requires changed or variable sleep pattern needing review.,No variable pattern or unrecorded awakenings to prompt diary use.,qwen3.8-max,67b4137ab2a4011e0e8baddedf957aa49508d6bb37ebafba30cc0e27f60b3930,blinded-annotation-v2-shortrefs
C016,K034,judge_a,0,labeled,Sleep duration stable around 470 min across both periods.,Requires several shortened nights rather than single reading.,No shortened nights observed; required condition absent.,qwen3.8-max,67b4137ab2a4011e0e8baddedf957aa49508d6bb37ebafba30cc0e27f60b3930,blinded-annotation-v2-shortrefs
C016,K035,judge_a,0,labeled,"Weekday sleep mean 471.2 min, weekend 470.75 min in window.",Requires longer sleep and later timing on days off.,Weekday and weekend sleep durations/times are similar; no extra day-off sleep.,qwen3.8-max,67b4137ab2a4011e0e8baddedf957aa49508d6bb37ebafba30cc0e27f60b3930,blinded-annotation-v2-shortrefs
C016,K036,judge_a,0,labeled,No nap data recorded in wearable observations.,Requires recorded naps after shortened night-time sleep.,Nap information unknown; item not applicable.,qwen3.8-max,67b4137ab2a4011e0e8baddedf957aa49508d6bb37ebafba30cc0e27f60b3930,blinded-annotation-v2-shortrefs
C016,K037,judge_a,0,labeled,Sleep stable ~470 min; no bad nights or reported difficulties.,Requires recent bad night and sleeping difficulties.,No bad nights or insomnia symptoms in data; conditions not met.,qwen3.8-max,67b4137ab2a4011e0e8baddedf957aa49508d6bb37ebafba30cc0e27f60b3930,blinded-annotation-v2-shortrefs
C016,K038,judge_a,0,labeled,14 days of stable sleep ~470 min; no reported sleeping difficulties.,Requires reported sleeping difficulties with known duration.,No symptom history or insomnia diagnosis; only device estimates available.,qwen3.8-max,67b4137ab2a4011e0e8baddedf957aa49508d6bb37ebafba30cc0e27f60b3930,blinded-annotation-v2-shortrefs
C016,K039,judge_a,0,labeled,No travel history or time-zone change recorded.,Requires confirmed travel across time zones.,Travel context unknown; sleep timing stable without jet lag evidence.,qwen3.8-max,67b4137ab2a4011e0e8baddedf957aa49508d6bb37ebafba30cc0e27f60b3930,blinded-annotation-v2-shortrefs
C016,K040,judge_a,0,labeled,No travel or time-zone change data recorded.,Requires short trip across time zones planned.,Travel context unknown; item not applicable.,qwen3.8-max,67b4137ab2a4011e0e8baddedf957aa49508d6bb37ebafba30cc0e27f60b3930,blinded-annotation-v2-shortrefs
C016,K041,judge_a,0,labeled,"Activity ~55 min/day, steps ~8000/day; no declining movement.",Requires low or declining movement giving opportunity to add activity.,Movement is stable and adequate; no decline to address.,qwen3.8-max,67b4137ab2a4011e0e8baddedf957aa49508d6bb37ebafba30cc0e27f60b3930,blinded-annotation-v2-shortrefs
C016,K042,judge_a,0,labeled,Activity duration stable ~55 min/day across both periods.,Requires recently low or reduced physical activity.,No inactivity or reduction observed; required condition absent.,qwen3.8-max,67b4137ab2a4011e0e8baddedf957aa49508d6bb37ebafba30cc0e27f60b3930,blinded-annotation-v2-shortrefs
C016,K043,judge_a,0,labeled,Activity intensity is 'unknown' for all intervals.,Requires known moderate-intensity aerobic minutes.,Only unspecified active minutes available; intensity unknown.,qwen3.8-max,67b4137ab2a4011e0e8baddedf957aa49508d6bb37ebafba30cc0e27f60b3930,blinded-annotation-v2-shortrefs
C016,K044,judge_a,0,labeled,All activity intervals have intensity 'unknown'.,Requires documented vigorous aerobic activity.,Intensity unknown; cannot apply vigorous activity target.,qwen3.8-max,67b4137ab2a4011e0e8baddedf957aa49508d6bb37ebafba30cc0e27f60b3930,blinded-annotation-v2-shortrefs
C016,K045,judge_a,0,labeled,Activity stable ~55 min/day; no reduced opportunities noted.,Requires reduced activity or limited opportunities for long sessions.,No activity reduction; intensity unknown for guideline counting.,qwen3.8-max,67b4137ab2a4011e0e8baddedf957aa49508d6bb37ebafba30cc0e27f60b3930,blinded-annotation-v2-shortrefs
C016,K046,judge_a,0,labeled,Only steps and active minutes recorded; no strengthening data.,Requires strengthening activity records including days and muscle groups.,Only generic movement counts available; cannot assess strengthening.,qwen3.8-max,67b4137ab2a4011e0e8baddedf957aa49508d6bb37ebafba30cc0e27f60b3930,blinded-annotation-v2-shortrefs
C016,K047,judge_a,0,labeled,Activity intensity is 'unknown' for all intervals.,Requires documented aerobic activity reaching guideline with known intensity.,Intensity unknown; cannot verify guideline attainment or additional benefits.,qwen3.8-max,67b4137ab2a4011e0e8baddedf957aa49508d6bb37ebafba30cc0e27f60b3930,blinded-annotation-v2-shortrefs
C016,K048,judge_a,0,labeled,All activity intervals have intensity 'unknown'.,Requires activity intensity needing interpretation.,Intensity unknown; cannot assign relative intensity from movement totals.,qwen3.8-max,67b4137ab2a4011e0e8baddedf957aa49508d6bb37ebafba30cc0e27f60b3930,blinded-annotation-v2-shortrefs
C016,K049,judge_a,0,labeled,All activity intervals have intensity 'unknown'.,Requires observed effort during aerobic activity.,Effort and aerobic context unrecorded; intensity unknown.,qwen3.8-max,67b4137ab2a4011e0e8baddedf957aa49508d6bb37ebafba30cc0e27f60b3930,blinded-annotation-v2-shortrefs
C016,K050,judge_a,0,labeled,Steps stable ~8000/day; no decrease observed.,Requires steps changing while other activity may differ.,Steps did not change; no need to interpret non-step exercise intensity.,qwen3.8-max,67b4137ab2a4011e0e8baddedf957aa49508d6bb37ebafba30cc0e27f60b3930,blinded-annotation-v2-shortrefs
C016,K051,judge_a,0,labeled,Steps stable ~8000/day; no declining routine movement.,Requires low or declining routine movement.,Movement is stable; no decline to address with routine walking.,qwen3.8-max,67b4137ab2a4011e0e8baddedf957aa49508d6bb37ebafba30cc0e27f60b3930,blinded-annotation-v2-shortrefs
C016,K052,judge_a,0,labeled,Activity stable ~55 min/day; no difficulty maintaining habit.,Requires low or difficult-to-maintain activity habit.,No evidence of activity maintenance difficulty; conditions not met.,qwen3.8-max,67b4137ab2a4011e0e8baddedf957aa49508d6bb37ebafba30cc0e27f60b3930,blinded-annotation-v2-shortrefs
C016,K053,judge_a,0,labeled,Activity stable ~55 min/day; no motivational barrier reported.,Requires social preferences or reported motivational barrier.,No evidence of motivational or social barrier to activity.,qwen3.8-max,67b4137ab2a4011e0e8baddedf957aa49508d6bb37ebafba30cc0e27f60b3930,blinded-annotation-v2-shortrefs
C016,K054,judge_a,0,labeled,Activity stable ~55 min/day; no reported time barrier.,Requires low activity with reported time barrier.,No time barrier or low activity; conditions not met.,qwen3.8-max,67b4137ab2a4011e0e8baddedf957aa49508d6bb37ebafba30cc0e27f60b3930,blinded-annotation-v2-shortrefs
C016,K055,judge_a,0,labeled,Activity stable ~55 min/day; no reported competing demands.,Requires reported competing demands reducing activity.,Schedule reason unknown; no evidence of activity reduction due to demands.,qwen3.8-max,67b4137ab2a4011e0e8baddedf957aa49508d6bb37ebafba30cc0e27f60b3930,blinded-annotation-v2-shortrefs
C016,K056,judge_a,0,labeled,No chronic health condition or disability recorded in data.,"Requires established chronic condition, disability, or special need.",Required medical context unknown; item not applicable.,qwen3.8-max,67b4137ab2a4011e0e8baddedf957aa49508d6bb37ebafba30cc0e27f60b3930,blinded-annotation-v2-shortrefs
C016,K057,judge_a,1,labeled,"Window low movement intervals are 150-170 min continuous blocks (e.g., 10:00-12:30).",Requires long uninterrupted daytime low-movement intervals with adequate wear.,"Supported connection: data shows long daytime low-movement blocks, though sitting unconfirmed.",qwen3.8-max,67b4137ab2a4011e0e8baddedf957aa49508d6bb37ebafba30cc0e27f60b3930,blinded-annotation-v2-shortrefs
C016,K058,judge_a,1,labeled,Activity ~55 min/day coexists with 480 min low movement in window.,Requires recorded activity coexisting with substantial low-movement periods.,"Supported connection: activity and high low-movement coexist, though sitting unconfirmed.",qwen3.8-max,67b4137ab2a4011e0e8baddedf957aa49508d6bb37ebafba30cc0e27f60b3930,blinded-annotation-v2-shortrefs
C016,K059,judge_a,0,labeled,"Low movement increased to 480 min, but posture not confirmed.",Requires confirmed sitting for specific sedentary-time conclusion.,Device low movement is not confirmed sitting; required context absent.,qwen3.8-max,67b4137ab2a4011e0e8baddedf957aa49508d6bb37ebafba30cc0e27f60b3930,blinded-annotation-v2-shortrefs
C016,K060,judge_a,0,labeled,No commuting or transport data recorded.,Requires sedentary commuting established.,Commute context unknown; item not applicable.,qwen3.8-max,67b4137ab2a4011e0e8baddedf957aa49508d6bb37ebafba30cc0e27f60b3930,blinded-annotation-v2-shortrefs
C016,K061,judge_a,0,labeled,No workplace layout or desk work data recorded.,Requires desk work with prolonged sitting.,Work context unknown; item not applicable.,qwen3.8-max,67b4137ab2a4011e0e8baddedf957aa49508d6bb37ebafba30cc0e27f60b3930,blinded-annotation-v2-shortrefs
C016,K062,judge_a,0,labeled,No workplace or meeting data recorded.,Requires meetings or desk work involving prolonged sitting.,Workplace and meeting context unknown; item not applicable.,qwen3.8-max,67b4137ab2a4011e0e8baddedf957aa49508d6bb37ebafba30cc0e27f60b3930,blinded-annotation-v2-shortrefs
C016,K063,judge_a,0,labeled,No television viewing context recorded.,Requires prolonged sitting while watching television.,Screen habits unknown; item not applicable.,qwen3.8-max,67b4137ab2a4011e0e8baddedf957aa49508d6bb37ebafba30cc0e27f60b3930,blinded-annotation-v2-shortrefs
C016,K064,judge_a,0,labeled,"Low movement increased to 480 min, but posture/sitting not confirmed.",Requires substantial habitual seated leisure.,Device low movement is not confirmed sitting; required context unknown.,qwen3.8-max,67b4137ab2a4011e0e8baddedf957aa49508d6bb37ebafba30cc0e27f60b3930,blinded-annotation-v2-shortrefs
C016,K065,judge_a,1,labeled,Steps ~8000 and activity ~55 min recorded daily alongside low movement.,Applies when low everyday movement despite possible formal exercise.,Supported context: distinguishes recorded formal activity from total everyday movement.,qwen3.8-max,67b4137ab2a4011e0e8baddedf957aa49508d6bb37ebafba30cc0e27f60b3930,blinded-annotation-v2-shortrefs
C016,K066,judge_a,0,labeled,"Daytime low movement present, but workday/lunch context unknown.",Requires known workday lunch-break context.,Workday or lunch-break context unknown; item not applicable.,qwen3.8-max,67b4137ab2a4011e0e8baddedf957aa49508d6bb37ebafba30cc0e27f60b3930,blinded-annotation-v2-shortrefs
C016,K067,judge_a,0,labeled,No stair access or mobility context recorded.,Requires accessible stairs and safe mobility.,Mobility and context unknown; item not applicable.,qwen3.8-max,67b4137ab2a4011e0e8baddedf957aa49508d6bb37ebafba30cc0e27f60b3930,blinded-annotation-v2-shortrefs
C016,K068,judge_a,2,labeled,Low movement increased from baseline mean 449 min to constant 480 min in window.,Applies when low-movement intervals available without posture measurement.,Directly explains that the observed 480-min low movement cannot be labeled confirmed sitting.,qwen3.8-max,67b4137ab2a4011e0e8baddedf957aa49508d6bb37ebafba30cc0e27f60b3930,blinded-annotation-v2-shortrefs
C016,K069,judge_a,0,labeled,"Activity ~55 min/day, sleep ~470 min/day; lag correlation r=-0.01 baseline, r=0.25 window.",Requires joint review of activity and sleep patterns.,General benefit statement; data shows no clear causal link between daily activity and next sleep.,qwen3.8-max,67b4137ab2a4011e0e8baddedf957aa49508d6bb37ebafba30cc0e27f60b3930,blinded-annotation-v2-shortrefs
C016,K070,judge_a,0,labeled,Activity stable ~55 min/day; no changed sleep routine observed.,Requires low daytime activity accompanying changed sleep routine.,No changed sleep routine or low activity; conditions not met.,qwen3.8-max,67b4137ab2a4011e0e8baddedf957aa49508d6bb37ebafba30cc0e27f60b3930,blinded-annotation-v2-shortrefs
C016,K071,judge_a,1,labeled,Activity intervals consistently 21:00-~21:55; sleep start ~22:50.,Requires activity close to bedtime with known intensity.,"Late activity timing supported, but intensity unknown prevents direct intense-exercise application.",qwen3.8-max,67b4137ab2a4011e0e8baddedf957aa49508d6bb37ebafba30cc0e27f60b3930,blinded-annotation-v2-shortrefs
C016,K072,judge_a,0,labeled,Activity ~21:00-21:55; no reported insomnia symptoms.,Requires exercise near bedtime with reported insomnia symptoms.,Only movement and sleep timestamps known; no insomnia reported.,qwen3.8-max,67b4137ab2a4011e0e8baddedf957aa49508d6bb37ebafba30cc0e27f60b3930,blinded-annotation-v2-shortrefs
C016,K073,judge_a,1,labeled,Activity intervals ~21:00-21:55; sleep attributed to wake date per rules.,Requires activity intervals for timing comparisons with subsequent sleep.,Supported context: evening activity timing can be compared to sleep start using proper date attribution.,qwen3.8-max,67b4137ab2a4011e0e8baddedf957aa49508d6bb37ebafba30cc0e27f60b3930,blinded-annotation-v2-shortrefs
C016,K074,judge_a,0,labeled,No emergency-response deployment context recorded.,Requires confirmed emergency-response deployment context.,Deployment context unknown; item explicitly non-applicable.,qwen3.8-max,67b4137ab2a4011e0e8baddedf957aa49508d6bb37ebafba30cc0e27f60b3930,blinded-annotation-v2-shortrefs
C016,K075,judge_a,0,labeled,No subjective tiredness or energy data recorded.,Requires reported tiredness limiting activity.,No tiredness history; sleep hours don't establish energy preference.,qwen3.8-max,67b4137ab2a4011e0e8baddedf957aa49508d6bb37ebafba30cc0e27f60b3930,blinded-annotation-v2-shortrefs
C016,K076,judge_a,0,labeled,"Activity ~55 min/day, sleep ~470 min/day; no temporal anomaly noted.",Requires sleep and activity showing temporal relationship needing context.,No unexplained temporal relationship between activity and sleep requiring substance context.,qwen3.8-max,67b4137ab2a4011e0e8baddedf957aa49508d6bb37ebafba30cc0e27f60b3930,blinded-annotation-v2-shortrefs
C016,K077,judge_a,2,labeled,Daily resting_heart_rate_bpm recorded (55-57 bpm) across 42 days.,Applies when resting heart rate observations are available.,Directly defines the RHR metric collected in the data as distinct from exercise HR.,qwen3.8-max,67b4137ab2a4011e0e8baddedf957aa49508d6bb37ebafba30cc0e27f60b3930,blinded-annotation-v2-shortrefs
C016,K078,judge_a,1,labeled,Daily resting_heart_rate_bpm recorded (55-57 bpm); no sleeping HR separated.,Requires daily resting heart-rate trend being interpreted.,"Clarifies that the reported RHR differs from sleeping HR, relevant for trend interpretation.",qwen3.8-max,67b4137ab2a4011e0e8baddedf957aa49508d6bb37ebafba30cc0e27f60b3930,blinded-annotation-v2-shortrefs
C016,K079,judge_a,1,labeled,RHR stable at 55-57 bpm across baseline and window.,Applies when RHR changes relative to previous readings.,"Contextualizes stable RHR by noting multiple factors influence it, preventing overinterpretation.",qwen3.8-max,67b4137ab2a4011e0e8baddedf957aa49508d6bb37ebafba30cc0e27f60b3930,blinded-annotation-v2-shortrefs
C016,K080,judge_a,2,labeled,Data includes both resting_heart_rate_bpm and hrv_rmssd_ms nightly.,Applies when HRV and heart-rate estimates interpreted together.,Core educational item directly distinguishing two separate metrics present in the data.,qwen3.8-max,67b4137ab2a4011e0e8baddedf957aa49508d6bb37ebafba30cc0e27f60b3930,blinded-annotation-v2-shortrefs
C016,K081,judge_a,2,labeled,HRV RMSSD stable 43-47 ms across 42 days for this individual.,Applies when HRV level or trend is being reviewed.,"Directly explains that this person's stable HRV range is personal, not a universal standard.",qwen3.8-max,67b4137ab2a4011e0e8baddedf957aa49508d6bb37ebafba30cc0e27f60b3930,blinded-annotation-v2-shortrefs
C016,K082,judge_a,1,labeled,28-day baseline and 14-day window provide 42 days of personal history.,Requires sufficient same-metric personal history.,Supported context: data spans enough days for personal range trend comparison.,qwen3.8-max,67b4137ab2a4011e0e8baddedf957aa49508d6bb37ebafba30cc0e27f60b3930,blinded-annotation-v2-shortrefs
C016,K083,judge_a,1,labeled,RHR stable at 55-57 bpm across 42 days of data.,Applies when repeated RHR readings or recent change available.,Supports reviewing the stable multi-day RHR trend rather than isolated readings.,qwen3.8-max,67b4137ab2a4011e0e8baddedf957aa49508d6bb37ebafba30cc0e27f60b3930,blinded-annotation-v2-shortrefs
C016,K084,judge_a,2,labeled,"HRV RMSSD stable: baseline mean 45.4 ms, window mean 45.6 ms.",Applies when HRV trend available for wellness monitoring.,"Directly explains that stable HRV observations are wellness data, not diagnostic indicators.",qwen3.8-max,67b4137ab2a4011e0e8baddedf957aa49508d6bb37ebafba30cc0e27f60b3930,blinded-annotation-v2-shortrefs
C016,K085,judge_a,2,labeled,HRV reported as hrv_rmssd_ms; metadata confirms night RMSSD.,Applies when HRV records identify RMSSD as metric.,Directly explains the specific HRV metric definition used in the provided data.,qwen3.8-max,67b4137ab2a4011e0e8baddedf957aa49508d6bb37ebafba30cc0e27f60b3930,blinded-annotation-v2-shortrefs
C016,K086,judge_a,1,labeled,Nighttime coverage 482-498 min (>3h); HRV recorded every night.,Requires compatible Fitbit collection definition and sleep coverage.,"Supported context: sleep periods exceed 3h threshold, validating nightly HRV collection.",qwen3.8-max,67b4137ab2a4011e0e8baddedf957aa49508d6bb37ebafba30cc0e27f60b3930,blinded-annotation-v2-shortrefs
C016,K087,judge_a,0,labeled,Only sleep duration and timing available; no sleep-stage data.,Requires sleep-stage measurements.,Only duration and timing available; item explicitly non-applicable.,qwen3.8-max,67b4137ab2a4011e0e8baddedf957aa49508d6bb37ebafba30cc0e27f60b3930,blinded-annotation-v2-shortrefs
C016,K088,judge_a,0,labeled,No reported health concerns or symptoms in data.,Requires person reporting concerns about vital trend.,No health concerns reported; item not triggered.,qwen3.8-max,67b4137ab2a4011e0e8baddedf957aa49508d6bb37ebafba30cc0e27f60b3930,blinded-annotation-v2-shortrefs
C016,K089,judge_a,0,labeled,RHR stable 55-57 bpm; no evidence of unreliable readings.,Requires heart-rate readings may be unreliable or wear quality changes.,No evidence of fit problems or unreliable readings in stable data.,qwen3.8-max,67b4137ab2a4011e0e8baddedf957aa49508d6bb37ebafba30cc0e27f60b3930,blinded-annotation-v2-shortrefs
C016,K090,judge_a,1,labeled,Nighttime coverage 482-498 min daily alongside 720 min daytime wear.,Requires separate night-time wear information for overnight vitals.,"Supported context: confirms night-time wear was present, validating overnight HRV/RHR.",qwen3.8-max,67b4137ab2a4011e0e8baddedf957aa49508d6bb37ebafba30cc0e27f60b3930,blinded-annotation-v2-shortrefs
C016,K091,judge_a,0,labeled,Nighttime coverage 482-498 min across all days; no missing vitals.,Requires a missing vital with limited night-time data.,All vitals present with adequate coverage; item conditions not met.,qwen3.8-max,67b4137ab2a4011e0e8baddedf957aa49508d6bb37ebafba30cc0e27f60b3930,blinded-annotation-v2-shortrefs
C016,K092,judge_a,0,labeled,No missing vitals; all metrics recorded daily with full coverage.,Requires vitals missing or delayed.,All data present; no sync or support issues observed.,qwen3.8-max,67b4137ab2a4011e0e8baddedf957aa49508d6bb37ebafba30cc0e27f60b3930,blinded-annotation-v2-shortrefs
C016,K093,judge_a,0,labeled,Single synthetic device used across all 42 days; no switch noted.,Requires heart-rate series involving device or algorithm change.,Same device throughout; no cross-device comparison complication.,qwen3.8-max,67b4137ab2a4011e0e8baddedf957aa49508d6bb37ebafba30cc0e27f60b3930,blinded-annotation-v2-shortrefs
C016,K094,judge_a,1,labeled,Sleep duration ~470 min derived from device with sleep start/end timestamps.,Applies when device-estimated sleep duration and boundaries available.,"Supported context explaining that recorded duration is an estimate, not clinical measurement.",qwen3.8-max,67b4137ab2a4011e0e8baddedf957aa49508d6bb37ebafba30cc0e27f60b3930,blinded-annotation-v2-shortrefs
C016,K095,judge_a,1,labeled,Nighttime coverage 482-498 min daily; no missing sleep readings.,Applies when sleep readings absent with non-wear or incomplete coverage.,Confirms adequate overnight wear supports valid sleep records in this dataset.,qwen3.8-max,67b4137ab2a4011e0e8baddedf957aa49508d6bb37ebafba30cc0e27f60b3930,blinded-annotation-v2-shortrefs
C016,K096,judge_a,0,labeled,"Steps stable: baseline mean 8026, window mean 8038; no notable change.",Requires step readings changing with possible measurement limitations.,Step counts are stable; no change to explain via measurement limitations.,qwen3.8-max,67b4137ab2a4011e0e8baddedf957aa49508d6bb37ebafba30cc0e27f60b3930,blinded-annotation-v2-shortrefs
C017,K001,judge_a,2,labeled,Age band 18-60; sleep mean 475 min (~7.9h) baseline and window.,Age band compatible with 18-60; sleep duration observable.,Core recommendation directly applicable; confirms observed ~7.9h meets ≥7h guideline.,qwen3.8-max,27b124f54ab8cfddb55dc1d86a5d3faeb82b479859c3a93ed7b93f8f2ad835cb,blinded-annotation-v2-shortrefs
C017,K002,judge_a,0,labeled,Age band is 18-60; sleep ~475 min/night.,Requires age 61 to 64 established.,Age band does not match 61-64; item explicitly non-applicable.,qwen3.8-max,27b124f54ab8cfddb55dc1d86a5d3faeb82b479859c3a93ed7b93f8f2ad835cb,blinded-annotation-v2-shortrefs
C017,K003,judge_a,0,labeled,Age band 18-60; not 65+.,Requires age at least 65 established.,Age band explicitly excludes 65+; item not applicable.,qwen3.8-max,27b124f54ab8cfddb55dc1d86a5d3faeb82b479859c3a93ed7b93f8f2ad835cb,blinded-annotation-v2-shortrefs
C017,K004,judge_a,0,labeled,Age band 18-60; not a teenager.,Requires teenage age group established.,Explicitly non-applicable to adults aged 18-60.,qwen3.8-max,27b124f54ab8cfddb55dc1d86a5d3faeb82b479859c3a93ed7b93f8f2ad835cb,blinded-annotation-v2-shortrefs
C017,K005,judge_a,0,labeled,Sleep duration stable ~475 min/night; no shortened opportunity observed.,Requires repeatedly shortened sleep opportunity or duration.,Sleep is consistent and adequate; no evidence of busyness squeezing out sleep.,qwen3.8-max,27b124f54ab8cfddb55dc1d86a5d3faeb82b479859c3a93ed7b93f8f2ad835cb,blinded-annotation-v2-shortrefs
C017,K006,judge_a,0,labeled,Sleep ~7.9h/night; meets adult recommendation of ≥7h.,Requires sleep consistently short even without new decline.,Sleep duration is sufficient per guidelines; condition contradicted.,qwen3.8-max,27b124f54ab8cfddb55dc1d86a5d3faeb82b479859c3a93ed7b93f8f2ad835cb,blinded-annotation-v2-shortrefs
C017,K007,judge_a,1,labeled,Sleep duration ~475 min recorded; no quality metrics like awakenings available.,Sleep duration recorded but sleep quality may be unknown.,Correctly notes duration alone doesn't establish quality; relevant contextual point.,qwen3.8-max,27b124f54ab8cfddb55dc1d86a5d3faeb82b479859c3a93ed7b93f8f2ad835cb,blinded-annotation-v2-shortrefs
C017,K008,judge_a,0,labeled,Only sleep start/end and duration recorded; no awakening data.,Requires repeated awakenings documented.,Awakening history unavailable; condition not met.,qwen3.8-max,27b124f54ab8cfddb55dc1d86a5d3faeb82b479859c3a93ed7b93f8f2ad835cb,blinded-annotation-v2-shortrefs
C017,K009,judge_a,0,labeled,Sleep ~7.9h/night; no subjective refreshment data.,Requires more than eight hours sleep with reported lack of refreshment.,Sleep under 8h and no refreshment report; condition not met.,qwen3.8-max,27b124f54ab8cfddb55dc1d86a5d3faeb82b479859c3a93ed7b93f8f2ad835cb,blinded-annotation-v2-shortrefs
C017,K010,judge_a,0,labeled,Sleep ~7.9h adequate; no cognitive symptoms reported.,Requires repeatedly shortened sleep.,No sleep restriction observed; condition contradicted.,qwen3.8-max,27b124f54ab8cfddb55dc1d86a5d3faeb82b479859c3a93ed7b93f8f2ad835cb,blinded-annotation-v2-shortrefs
C017,K011,judge_a,0,labeled,Sleep ~475 min/night consistently; no shortened nights.,Requires several nights of reduced sleep duration.,No repeated sleep restriction observed; condition contradicted.,qwen3.8-max,27b124f54ab8cfddb55dc1d86a5d3faeb82b479859c3a93ed7b93f8f2ad835cb,blinded-annotation-v2-shortrefs
C017,K012,judge_a,0,labeled,Sleep ~7.9h adequate; no immune symptoms reported.,Requires ongoing insufficient sleep.,Sleep is sufficient; no deficiency to link to immune function.,qwen3.8-max,27b124f54ab8cfddb55dc1d86a5d3faeb82b479859c3a93ed7b93f8f2ad835cb,blinded-annotation-v2-shortrefs
C017,K013,judge_a,0,labeled,Sleep ~475 min/night (~7.9h); no appetite data.,Requires repeated insufficient sleep.,Sleep duration is adequate; no insufficiency or appetite data to connect.,qwen3.8-max,27b124f54ab8cfddb55dc1d86a5d3faeb82b479859c3a93ed7b93f8f2ad835cb,blinded-annotation-v2-shortrefs
C017,K014,judge_a,0,labeled,No sleepiness or driving context reported.,Requires reported sleepiness.,Sleepiness unknown; safety advice not triggered by duration data alone.,qwen3.8-max,27b124f54ab8cfddb55dc1d86a5d3faeb82b479859c3a93ed7b93f8f2ad835cb,blinded-annotation-v2-shortrefs
C017,K015,judge_a,1,labeled,Sleep ~475 min/night stable across 42 days.,Adult sleep duration is being reviewed.,Contextualizes individual variation; supports interpreting stable ~7.9h as potentially adequate.,qwen3.8-max,27b124f54ab8cfddb55dc1d86a5d3faeb82b479859c3a93ed7b93f8f2ad835cb,blinded-annotation-v2-shortrefs
C017,K016,judge_a,0,labeled,No sleeping difficulties reported; 14-day stable window.,Requires reported sleeping difficulties or insomnia symptoms.,No insomnia symptoms; brief stable record doesn't warrant professional review.,qwen3.8-max,27b124f54ab8cfddb55dc1d86a5d3faeb82b479859c3a93ed7b93f8f2ad835cb,blinded-annotation-v2-shortrefs
C017,K017,judge_a,1,labeled,"Sleep start 780 min from noon, end 1260 min; zero variance both periods.",Repeated variability in bedtime or wake time.,Data shows perfect consistency; item explains why this stable pattern is favorable.,qwen3.8-max,27b124f54ab8cfddb55dc1d86a5d3faeb82b479859c3a93ed7b93f8f2ad835cb,blinded-annotation-v2-shortrefs
C017,K018,judge_a,0,labeled,Wake time exactly 09:00 every day; no sleeping difficulties reported.,Requires inconsistent wake time with reported sleeping difficulties.,Wake time perfectly consistent; no insomnia symptoms; condition not met.,qwen3.8-max,27b124f54ab8cfddb55dc1d86a5d3faeb82b479859c3a93ed7b93f8f2ad835cb,blinded-annotation-v2-shortrefs
C017,K019,judge_a,1,labeled,Sleep start/end identical on weekdays and weekends; zero variance.,Bedtime or wake time differs substantially between weekdays and weekends.,Data shows no weekday/weekend difference; item confirms this consistency is favorable.,qwen3.8-max,27b124f54ab8cfddb55dc1d86a5d3faeb82b479859c3a93ed7b93f8f2ad835cb,blinded-annotation-v2-shortrefs
C017,K020,judge_a,0,labeled,Sleep start 01:00; no pre-bed activity data recorded.,Requires bedtime routine being reviewed.,No routine information available; timestamps alone don't reveal activities.,qwen3.8-max,27b124f54ab8cfddb55dc1d86a5d3faeb82b479859c3a93ed7b93f8f2ad835cb,blinded-annotation-v2-shortrefs
C017,K021,judge_a,0,labeled,Sleep start stable at 01:00; no screen exposure data available.,Requires known bright-screen exposure shortly before bed.,Screen exposure unknown; cannot attribute sleep timing to screens.,qwen3.8-max,27b124f54ab8cfddb55dc1d86a5d3faeb82b479859c3a93ed7b93f8f2ad835cb,blinded-annotation-v2-shortrefs
C017,K022,judge_a,0,labeled,No caffeine intake data recorded.,Requires known afternoon or evening caffeine use with sleeping difficulty.,Caffeine history unknown; condition not met.,qwen3.8-max,27b124f54ab8cfddb55dc1d86a5d3faeb82b479859c3a93ed7b93f8f2ad835cb,blinded-annotation-v2-shortrefs
C017,K023,judge_a,0,labeled,No meal timing or size data in wearable observations.,Requires known large meal shortly before bed.,Meal information unknown; condition not met.,qwen3.8-max,27b124f54ab8cfddb55dc1d86a5d3faeb82b479859c3a93ed7b93f8f2ad835cb,blinded-annotation-v2-shortrefs
C017,K024,judge_a,0,labeled,No alcohol intake data recorded in wearable observations.,Requires alcohol use near bedtime reported.,Alcohol exposure unknown; condition not met.,qwen3.8-max,27b124f54ab8cfddb55dc1d86a5d3faeb82b479859c3a93ed7b93f8f2ad835cb,blinded-annotation-v2-shortrefs
C017,K025,judge_a,0,labeled,No nicotine use data recorded.,Requires nicotine use with sleep concerns.,Nicotine exposure unknown; condition not met.,qwen3.8-max,27b124f54ab8cfddb55dc1d86a5d3faeb82b479859c3a93ed7b93f8f2ad835cb,blinded-annotation-v2-shortrefs
C017,K026,judge_a,0,labeled,No bedroom environment data recorded.,Requires known disruptive bedroom environment.,Environment unknown; condition not met.,qwen3.8-max,27b124f54ab8cfddb55dc1d86a5d3faeb82b479859c3a93ed7b93f8f2ad835cb,blinded-annotation-v2-shortrefs
C017,K027,judge_a,0,labeled,No pre-bed routine or relaxation difficulty reported.,Requires a pre-bed routine under consideration.,No routine context or difficulty reported; generic advice.,qwen3.8-max,27b124f54ab8cfddb55dc1d86a5d3faeb82b479859c3a93ed7b93f8f2ad835cb,blinded-annotation-v2-shortrefs
C017,K028,judge_a,0,labeled,No nap data recorded.,Requires adult naps recorded or reported.,Nap history unknown; condition not met.,qwen3.8-max,27b124f54ab8cfddb55dc1d86a5d3faeb82b479859c3a93ed7b93f8f2ad835cb,blinded-annotation-v2-shortrefs
C017,K029,judge_a,0,labeled,No shift work confirmed; sleep perfectly stable.,Requires confirmed shift-work schedule.,Shift work unknown; condition not met.,qwen3.8-max,27b124f54ab8cfddb55dc1d86a5d3faeb82b479859c3a93ed7b93f8f2ad835cb,blinded-annotation-v2-shortrefs
C017,K030,judge_a,0,labeled,No shift work confirmed; sleep 01:00-09:00 nightly.,Requires shift work established.,Shift work unknown; item not applicable.,qwen3.8-max,27b124f54ab8cfddb55dc1d86a5d3faeb82b479859c3a93ed7b93f8f2ad835cb,blinded-annotation-v2-shortrefs
C017,K031,judge_a,0,labeled,No shift work or caffeine data available.,Requires shift worker using caffeine.,Neither shift work nor caffeine use established; not applicable.,qwen3.8-max,27b124f54ab8cfddb55dc1d86a5d3faeb82b479859c3a93ed7b93f8f2ad835cb,blinded-annotation-v2-shortrefs
C017,K032,judge_a,0,labeled,Sleep consistently 01:00-09:00; no shift work indicated.,Requires daytime sleep associated with shift work.,No daytime sleep or shift work context; condition not met.,qwen3.8-max,27b124f54ab8cfddb55dc1d86a5d3faeb82b479859c3a93ed7b93f8f2ad835cb,blinded-annotation-v2-shortrefs
C017,K033,judge_a,0,labeled,"Sleep pattern highly stable; variance 6.4 baseline, 6.8 window.",Requires a changed or variable sleep pattern needing review.,No sleep variability or change observed; condition not met.,qwen3.8-max,27b124f54ab8cfddb55dc1d86a5d3faeb82b479859c3a93ed7b93f8f2ad835cb,blinded-annotation-v2-shortrefs
C017,K034,judge_a,0,labeled,Sleep ~475 min consistently; no shortened nights.,Requires several shortened nights rather than single isolated reading.,No sleep loss observed; condition contradicted by stable adequate sleep.,qwen3.8-max,27b124f54ab8cfddb55dc1d86a5d3faeb82b479859c3a93ed7b93f8f2ad835cb,blinded-annotation-v2-shortrefs
C017,K035,judge_a,0,labeled,Weekend sleep mean 474.5 min vs weekday 475.4 min in window; no increase.,Requires longer sleep and later timing on days off.,No extra sleep on weekends observed; condition contradicted by data.,qwen3.8-max,27b124f54ab8cfddb55dc1d86a5d3faeb82b479859c3a93ed7b93f8f2ad835cb,blinded-annotation-v2-shortrefs
C017,K036,judge_a,0,labeled,No nap data recorded in observations.,Requires recorded naps.,Nap information absent; condition not met.,qwen3.8-max,27b124f54ab8cfddb55dc1d86a5d3faeb82b479859c3a93ed7b93f8f2ad835cb,blinded-annotation-v2-shortrefs
C017,K037,judge_a,0,labeled,Sleep start/end times identical (01:00/09:00) every night; no bad nights.,Requires recent bad night and sleeping difficulties.,No sleep irregularity or reported insomnia symptoms in the data.,qwen3.8-max,27b124f54ab8cfddb55dc1d86a5d3faeb82b479859c3a93ed7b93f8f2ad835cb,blinded-annotation-v2-shortrefs
C017,K038,judge_a,0,labeled,Sleep ~475 min/night stable; no symptom history reported.,Requires reported sleeping difficulties with known duration.,No insomnia symptoms or short sleep; condition not met.,qwen3.8-max,27b124f54ab8cfddb55dc1d86a5d3faeb82b479859c3a93ed7b93f8f2ad835cb,blinded-annotation-v2-shortrefs
C017,K039,judge_a,0,labeled,No travel history; sleep timing perfectly stable at 01:00-09:00.,Requires sleep timing changed after long flight across time zones.,No travel or timing change; condition not met.,qwen3.8-max,27b124f54ab8cfddb55dc1d86a5d3faeb82b479859c3a93ed7b93f8f2ad835cb,blinded-annotation-v2-shortrefs
C017,K040,judge_a,0,labeled,No travel context available.,Requires a short trip across time zones planned.,Travel unknown; condition not met.,qwen3.8-max,27b124f54ab8cfddb55dc1d86a5d3faeb82b479859c3a93ed7b93f8f2ad835cb,blinded-annotation-v2-shortrefs
C017,K041,judge_a,0,labeled,Activity ~54 min/day stable; no declining movement observed.,Requires low or declining movement giving opportunity to add activity.,Movement is stable and adequate; no decline to address.,qwen3.8-max,27b124f54ab8cfddb55dc1d86a5d3faeb82b479859c3a93ed7b93f8f2ad835cb,blinded-annotation-v2-shortrefs
C017,K042,judge_a,0,labeled,Activity duration stable ~54 min/day across both periods.,Requires recently low or reduced physical activity.,No inactivity or reduction observed; condition not met.,qwen3.8-max,27b124f54ab8cfddb55dc1d86a5d3faeb82b479859c3a93ed7b93f8f2ad835cb,blinded-annotation-v2-shortrefs
C017,K043,judge_a,0,labeled,Activity intensity 'unknown' for all intervals.,Requires moderate-intensity aerobic minutes documented.,Cannot determine if 150 min moderate target met without intensity data.,qwen3.8-max,27b124f54ab8cfddb55dc1d86a5d3faeb82b479859c3a93ed7b93f8f2ad835cb,blinded-annotation-v2-shortrefs
C017,K044,judge_a,0,labeled,All activity intensity labeled 'unknown'.,Requires vigorous aerobic activity documented.,Intensity unknown; cannot apply vigorous target.,qwen3.8-max,27b124f54ab8cfddb55dc1d86a5d3faeb82b479859c3a93ed7b93f8f2ad835cb,blinded-annotation-v2-shortrefs
C017,K045,judge_a,0,labeled,Activity intensity 'unknown'; ~54 min/day stable.,Requires intensity required for counting guideline minutes.,Cannot apply chunking advice without knowing intensity of recorded activity.,qwen3.8-max,27b124f54ab8cfddb55dc1d86a5d3faeb82b479859c3a93ed7b93f8f2ad835cb,blinded-annotation-v2-shortrefs
C017,K046,judge_a,0,labeled,Only steps and activity minutes recorded; no strengthening data.,Requires strengthening activity records including days and muscle groups.,No strengthening data available; steps don't capture this.,qwen3.8-max,27b124f54ab8cfddb55dc1d86a5d3faeb82b479859c3a93ed7b93f8f2ad835cb,blinded-annotation-v2-shortrefs
C017,K047,judge_a,0,labeled,Activity intensity 'unknown'; cannot verify guideline attainment.,Requires documented aerobic activity already reaching adult guideline.,Intensity unknown; cannot confirm guideline attainment to apply additional benefits.,qwen3.8-max,27b124f54ab8cfddb55dc1d86a5d3faeb82b479859c3a93ed7b93f8f2ad835cb,blinded-annotation-v2-shortrefs
C017,K048,judge_a,0,labeled,Activity intensity is 'unknown' for all intervals; steps ~7935.,Requires activity intensity needing interpretation.,Cannot assign intensity from steps alone; item confirms this limitation.,qwen3.8-max,27b124f54ab8cfddb55dc1d86a5d3faeb82b479859c3a93ed7b93f8f2ad835cb,blinded-annotation-v2-shortrefs
C017,K049,judge_a,0,labeled,All activity intervals have intensity 'unknown'.,Requires effort during aerobic activity being assessed.,Intensity unrecorded; talk test cannot be applied to unknown-intensity data.,qwen3.8-max,27b124f54ab8cfddb55dc1d86a5d3faeb82b479859c3a93ed7b93f8f2ad835cb,blinded-annotation-v2-shortrefs
C017,K050,judge_a,0,labeled,Steps stable ~7935; no non-step exercise context available.,Requires steps change while other activity may differ.,No step change observed; condition not triggered.,qwen3.8-max,27b124f54ab8cfddb55dc1d86a5d3faeb82b479859c3a93ed7b93f8f2ad835cb,blinded-annotation-v2-shortrefs
C017,K051,judge_a,0,labeled,Steps stable ~7935; no declining movement observed.,Requires low or declining routine movement.,Movement is stable; no decline to address with routine walking.,qwen3.8-max,27b124f54ab8cfddb55dc1d86a5d3faeb82b479859c3a93ed7b93f8f2ad835cb,blinded-annotation-v2-shortrefs
C017,K052,judge_a,0,labeled,Activity stable; no preference or maintenance difficulty reported.,Requires activity habit low or difficult to maintain.,No activity difficulty observed; generic planning advice.,qwen3.8-max,27b124f54ab8cfddb55dc1d86a5d3faeb82b479859c3a93ed7b93f8f2ad835cb,blinded-annotation-v2-shortrefs
C017,K053,judge_a,0,labeled,Activity stable ~54 min/day; no motivational barrier reported.,Requires a person wanting support maintaining activity.,No evidence of activity decline or motivational need.,qwen3.8-max,27b124f54ab8cfddb55dc1d86a5d3faeb82b479859c3a93ed7b93f8f2ad835cb,blinded-annotation-v2-shortrefs
C017,K054,judge_a,0,labeled,Activity stable ~54 min/day; no time barrier reported.,Requires low activity with a reported time barrier.,No low activity or reported time constraint; condition not met.,qwen3.8-max,27b124f54ab8cfddb55dc1d86a5d3faeb82b479859c3a93ed7b93f8f2ad835cb,blinded-annotation-v2-shortrefs
C017,K055,judge_a,0,labeled,Activity stable ~54 min/day; no reported competing demands.,Requires reported competing demands reducing activity.,No evidence of schedule constraints or activity decline requiring calendar planning.,qwen3.8-max,27b124f54ab8cfddb55dc1d86a5d3faeb82b479859c3a93ed7b93f8f2ad835cb,blinded-annotation-v2-shortrefs
C017,K056,judge_a,0,labeled,No chronic conditions or disabilities reported.,"Requires a chronic condition, disability, or special need established.",Medical context unknown; condition not met.,qwen3.8-max,27b124f54ab8cfddb55dc1d86a5d3faeb82b479859c3a93ed7b93f8f2ad835cb,blinded-annotation-v2-shortrefs
C017,K057,judge_a,1,labeled,"Low movement intervals ~45 min each, repeated 10x daily; total ~449 min.",Long uninterrupted daytime low-movement intervals with adequate wear coverage.,Relevant to observed pattern of repeated low-movement blocks during 720 min wear.,qwen3.8-max,27b124f54ab8cfddb55dc1d86a5d3faeb82b479859c3a93ed7b93f8f2ad835cb,blinded-annotation-v2-shortrefs
C017,K058,judge_a,1,labeled,~54 min activity and ~449 min low movement daily.,Recorded activity coexists with substantial low-movement periods.,Directly relevant: activity and low movement coexist; exercise doesn't negate low movement.,qwen3.8-max,27b124f54ab8cfddb55dc1d86a5d3faeb82b479859c3a93ed7b93f8f2ad835cb,blinded-annotation-v2-shortrefs
C017,K059,judge_a,1,labeled,Low movement ~449 min/day across 720 min daytime wear.,Substantial or increasing daily low movement.,Relevant to substantial daily low movement observed; though sitting not confirmed.,qwen3.8-max,27b124f54ab8cfddb55dc1d86a5d3faeb82b479859c3a93ed7b93f8f2ad835cb,blinded-annotation-v2-shortrefs
C017,K060,judge_a,0,labeled,No commuting data available.,Requires sedentary commuting established.,Commute unknown; condition not met.,qwen3.8-max,27b124f54ab8cfddb55dc1d86a5d3faeb82b479859c3a93ed7b93f8f2ad835cb,blinded-annotation-v2-shortrefs
C017,K061,judge_a,0,labeled,No workplace or desk context available.,Requires desk work with prolonged sitting.,Work context unknown; condition not met.,qwen3.8-max,27b124f54ab8cfddb55dc1d86a5d3faeb82b479859c3a93ed7b93f8f2ad835cb,blinded-annotation-v2-shortrefs
C017,K062,judge_a,0,labeled,Low movement ~450 min/day; no workplace or meeting context available.,Requires meetings or desk work involving prolonged sitting.,Workplace context unknown; generic advice not connected to observed data.,qwen3.8-max,27b124f54ab8cfddb55dc1d86a5d3faeb82b479859c3a93ed7b93f8f2ad835cb,blinded-annotation-v2-shortrefs
C017,K063,judge_a,0,labeled,No television viewing context available.,Requires prolonged sitting while watching television.,Screen habits unknown; condition not met.,qwen3.8-max,27b124f54ab8cfddb55dc1d86a5d3faeb82b479859c3a93ed7b93f8f2ad835cb,blinded-annotation-v2-shortrefs
C017,K064,judge_a,0,labeled,No leisure context or seated habits reported.,Requires substantial habitual seated leisure.,Leisure context unknown; condition not met.,qwen3.8-max,27b124f54ab8cfddb55dc1d86a5d3faeb82b479859c3a93ed7b93f8f2ad835cb,blinded-annotation-v2-shortrefs
C017,K065,judge_a,1,labeled,"~54 min activity, ~7935 steps, ~449 min low movement daily.",Low everyday movement despite possible formal exercise.,Distinguishes activity types; relevant given coexisting activity and low-movement minutes.,qwen3.8-max,27b124f54ab8cfddb55dc1d86a5d3faeb82b479859c3a93ed7b93f8f2ad835cb,blinded-annotation-v2-shortrefs
C017,K066,judge_a,0,labeled,Low movement ~450 min/day; no workday lunch-break context known.,Requires daytime low movement with known workday lunch-break context.,Work context unknown; cannot connect low movement to lunch break opportunities.,qwen3.8-max,27b124f54ab8cfddb55dc1d86a5d3faeb82b479859c3a93ed7b93f8f2ad835cb,blinded-annotation-v2-shortrefs
C017,K067,judge_a,0,labeled,Steps ~7935 window; no stair access or mobility context known.,Requires low incidental movement with accessible stairs.,Context unknown; generic suggestion not tied to observed data.,qwen3.8-max,27b124f54ab8cfddb55dc1d86a5d3faeb82b479859c3a93ed7b93f8f2ad835cb,blinded-annotation-v2-shortrefs
C017,K068,judge_a,1,labeled,Low movement ~449 min/day; metadata states low movement is not posture.,Low-movement intervals available without posture measurement.,Directly warns against equating observed low_movement_minutes with confirmed sitting.,qwen3.8-max,27b124f54ab8cfddb55dc1d86a5d3faeb82b479859c3a93ed7b93f8f2ad835cb,blinded-annotation-v2-shortrefs
C017,K069,judge_a,0,labeled,"Activity ~54 min/day, sleep ~475 min/night stable across baseline and window.",Requires activity and sleep patterns available for joint review.,Generic benefit statement; no specific change or causal pattern observed in the data.,qwen3.8-max,27b124f54ab8cfddb55dc1d86a5d3faeb82b479859c3a93ed7b93f8f2ad835cb,blinded-annotation-v2-shortrefs
C017,K070,judge_a,0,labeled,Activity stable; no outdoor exposure data.,Requires low daytime activity accompanying changed sleep routine.,No low activity or sleep change; general advice not triggered.,qwen3.8-max,27b124f54ab8cfddb55dc1d86a5d3faeb82b479859c3a93ed7b93f8f2ad835cb,blinded-annotation-v2-shortrefs
C017,K071,judge_a,0,labeled,Activity intervals ~21:00-21:55; intensity 'unknown'; sleep start 01:00.,Requires activity close to bedtime with known intensity.,Intensity unknown; cannot confirm intense exercise before bed.,qwen3.8-max,27b124f54ab8cfddb55dc1d86a5d3faeb82b479859c3a93ed7b93f8f2ad835cb,blinded-annotation-v2-shortrefs
C017,K072,judge_a,0,labeled,"No insomnia symptoms reported; activity ~21:00, sleep 01:00.",Requires exercise near bedtime with reported insomnia symptoms.,No insomnia; 4-hour gap exists; condition not met.,qwen3.8-max,27b124f54ab8cfddb55dc1d86a5d3faeb82b479859c3a93ed7b93f8f2ad835cb,blinded-annotation-v2-shortrefs
C017,K073,judge_a,1,labeled,Activity intervals ~21:00-21:55; sleep attributed to wake date next day.,Activity intervals needed for timing comparisons.,Relevant for correctly aligning evening activity with subsequent night's sleep timing.,qwen3.8-max,27b124f54ab8cfddb55dc1d86a5d3faeb82b479859c3a93ed7b93f8f2ad835cb,blinded-annotation-v2-shortrefs
C017,K074,judge_a,0,labeled,No emergency responder deployment context.,Requires confirmed emergency-response deployment context.,Deployment context unknown; item not applicable.,qwen3.8-max,27b124f54ab8cfddb55dc1d86a5d3faeb82b479859c3a93ed7b93f8f2ad835cb,blinded-annotation-v2-shortrefs
C017,K075,judge_a,0,labeled,No tiredness or energy pattern reported.,Requires reported tiredness limiting activity.,Tiredness unknown; activity stable; condition not met.,qwen3.8-max,27b124f54ab8cfddb55dc1d86a5d3faeb82b479859c3a93ed7b93f8f2ad835cb,blinded-annotation-v2-shortrefs
C017,K076,judge_a,0,labeled,No substance or medication data recorded alongside sleep/activity.,Requires sleep and activity showing temporal relationship needing context.,No temporal anomaly requiring substance context; generic diary advice.,qwen3.8-max,27b124f54ab8cfddb55dc1d86a5d3faeb82b479859c3a93ed7b93f8f2ad835cb,blinded-annotation-v2-shortrefs
C017,K077,judge_a,1,labeled,resting_heart_rate_bpm recorded daily; metadata defines nocturnal RHR.,Resting heart rate observations are available.,Defines how RHR is measured; relevant context for interpreting the reported values.,qwen3.8-max,27b124f54ab8cfddb55dc1d86a5d3faeb82b479859c3a93ed7b93f8f2ad835cb,blinded-annotation-v2-shortrefs
C017,K078,judge_a,1,labeled,resting_heart_rate_bpm ~56 recorded daily; metadata defines nocturnal RHR.,A daily resting heart-rate trend is being interpreted.,Clarifies distinction between resting and sleeping HR relevant to interpreting RHR data.,qwen3.8-max,27b124f54ab8cfddb55dc1d86a5d3faeb82b479859c3a93ed7b93f8f2ad835cb,blinded-annotation-v2-shortrefs
C017,K079,judge_a,1,labeled,RHR 55-57 bpm across both periods; minimal variance.,Resting heart rate changes relative to previous readings.,Relevant for interpreting stable RHR; multiple factors exist but no change observed.,qwen3.8-max,27b124f54ab8cfddb55dc1d86a5d3faeb82b479859c3a93ed7b93f8f2ad835cb,blinded-annotation-v2-shortrefs
C017,K080,judge_a,1,labeled,RHR ~56 bpm and HRV RMSSD ~45 ms recorded nightly.,HRV and heart-rate estimates being interpreted together.,Clarifies metric distinction for available RHR and HRV data; contextual support.,qwen3.8-max,27b124f54ab8cfddb55dc1d86a5d3faeb82b479859c3a93ed7b93f8f2ad835cb,blinded-annotation-v2-shortrefs
C017,K081,judge_a,1,labeled,HRV RMSSD 43-47 ms range; stable across periods.,An HRV level or trend is being reviewed.,Relevant context for interpreting absolute HRV values within personal range.,qwen3.8-max,27b124f54ab8cfddb55dc1d86a5d3faeb82b479859c3a93ed7b93f8f2ad835cb,blinded-annotation-v2-shortrefs
C017,K082,judge_a,1,labeled,28-day baseline and 14-day window available for all vitals.,A vital has changed from a recent personal baseline; sufficient history.,Relevant framework for comparing window statistics against 28-day baseline.,qwen3.8-max,27b124f54ab8cfddb55dc1d86a5d3faeb82b479859c3a93ed7b93f8f2ad835cb,blinded-annotation-v2-shortrefs
C017,K083,judge_a,1,labeled,"RHR recorded daily over 42 days; mean 56.2 baseline, 55.9 window.",Repeated resting heart-rate readings or a recent change.,Supports reviewing RHR over the full period rather than isolated daily values.,qwen3.8-max,27b124f54ab8cfddb55dc1d86a5d3faeb82b479859c3a93ed7b93f8f2ad835cb,blinded-annotation-v2-shortrefs
C017,K084,judge_a,1,labeled,"HRV RMSSD mean 45.0 baseline, 45.8 window; stable trend.",An HRV trend is available for wellness monitoring.,"Directly frames available HRV data as wellness observation, not diagnosis.",qwen3.8-max,27b124f54ab8cfddb55dc1d86a5d3faeb82b479859c3a93ed7b93f8f2ad835cb,blinded-annotation-v2-shortrefs
C017,K085,judge_a,1,labeled,HRV reported as hrv_rmssd_ms; metadata confirms RMSSD definition.,HRV records identify RMSSD as their metric.,Directly confirms the metric definition used in the provided data.,qwen3.8-max,27b124f54ab8cfddb55dc1d86a5d3faeb82b479859c3a93ed7b93f8f2ad835cb,blinded-annotation-v2-shortrefs
C017,K086,judge_a,1,labeled,HRV RMSSD recorded nightly; sleep duration ~475 min (>3h threshold).,Overnight HRV estimates being compared; compatible collection definition.,Confirms sleep duration exceeds 3h minimum for valid HRV collection.,qwen3.8-max,27b124f54ab8cfddb55dc1d86a5d3faeb82b479859c3a93ed7b93f8f2ad835cb,blinded-annotation-v2-shortrefs
C017,K087,judge_a,0,labeled,Only sleep duration and timing recorded; no stage data.,Requires sleep-stage measurements.,Sleep stage data unavailable; item explicitly non-applicable.,qwen3.8-max,27b124f54ab8cfddb55dc1d86a5d3faeb82b479859c3a93ed7b93f8f2ad835cb,blinded-annotation-v2-shortrefs
C017,K088,judge_a,0,labeled,No health concerns or symptoms reported in the data.,Requires a person reporting concerns about a vital trend.,No reported concerns; generic guidance not triggered by observations.,qwen3.8-max,27b124f54ab8cfddb55dc1d86a5d3faeb82b479859c3a93ed7b93f8f2ad835cb,blinded-annotation-v2-shortrefs
C017,K089,judge_a,0,labeled,RHR stable 55-57; no wear quality issues indicated.,Requires heart-rate readings may be unreliable or wear quality changes.,No evidence of fit problems or unreliable readings.,qwen3.8-max,27b124f54ab8cfddb55dc1d86a5d3faeb82b479859c3a93ed7b93f8f2ad835cb,blinded-annotation-v2-shortrefs
C017,K090,judge_a,0,labeled,Nighttime coverage 480 min every night; all vitals present.,Requires overnight vitals having missing readings or uncertain coverage.,Full coverage and no missing vitals; condition not met.,qwen3.8-max,27b124f54ab8cfddb55dc1d86a5d3faeb82b479859c3a93ed7b93f8f2ad835cb,blinded-annotation-v2-shortrefs
C017,K091,judge_a,0,labeled,Nighttime coverage 480 min; no missing vitals in data.,Requires a vital missing with limited night-time data.,All vitals present with adequate coverage; condition not met.,qwen3.8-max,27b124f54ab8cfddb55dc1d86a5d3faeb82b479859c3a93ed7b93f8f2ad835cb,blinded-annotation-v2-shortrefs
C017,K092,judge_a,0,labeled,No missing vitals; complete data across all 42 days.,Requires vitals missing or delayed.,All data present; no sync or support issues to troubleshoot.,qwen3.8-max,27b124f54ab8cfddb55dc1d86a5d3faeb82b479859c3a93ed7b93f8f2ad835cb,blinded-annotation-v2-shortrefs
C017,K093,judge_a,0,labeled,Single synthetic device used throughout; no device switch.,Requires heart-rate series involving a device or algorithm change.,No device change occurred; item not applicable to this dataset.,qwen3.8-max,27b124f54ab8cfddb55dc1d86a5d3faeb82b479859c3a93ed7b93f8f2ad835cb,blinded-annotation-v2-shortrefs
C017,K094,judge_a,1,labeled,Sleep duration ~475 min with fixed 01:00-09:00 boundaries nightly.,Device-estimated sleep duration and boundaries are available.,Explains that recorded duration may differ from time-in-bed; contextual but not core to a change.,qwen3.8-max,27b124f54ab8cfddb55dc1d86a5d3faeb82b479859c3a93ed7b93f8f2ad835cb,blinded-annotation-v2-shortrefs
C017,K095,judge_a,0,labeled,Nighttime coverage 480 min; sleep recorded every night; no missing data.,Requires sleep readings absent with non-wear or incomplete coverage.,Full coverage achieved; no missing sleep observations to explain.,qwen3.8-max,27b124f54ab8cfddb55dc1d86a5d3faeb82b479859c3a93ed7b93f8f2ad835cb,blinded-annotation-v2-shortrefs
C017,K096,judge_a,0,labeled,"Steps stable ~7963 baseline, ~7935 window; no measurement limitation indicated.",Requires step readings changing with possible measurement limitations.,No step count anomalies or device changes observed to trigger this condition.,qwen3.8-max,27b124f54ab8cfddb55dc1d86a5d3faeb82b479859c3a93ed7b93f8f2ad835cb,blinded-annotation-v2-shortrefs
C018,K001,judge_a,2,labeled,"Age band 18-60; sleep duration mean 469.8 min baseline, 471.1 min window (~7.8h).",Requires age band 18-60 and sleep duration below 7h recommendation.,"Core directly applies the age-matched 7h+ recommendation to the observed ~7.8h sleep, confirming adequacy.",qwen3.8-max,e6fa62bbf02493a812557941f336648112f454daa7b97f8cb7cd3bf5bf179c84,blinded-annotation-v2-shortrefs
C018,K002,judge_a,0,labeled,Age band is 18-60; sleep duration ~470 min/night.,Requires age 61 to 64 to apply this specific recommendation range.,Age band 18-60 does not match 61-64; required condition contradicted.,qwen3.8-max,e6fa62bbf02493a812557941f336648112f454daa7b97f8cb7cd3bf5bf179c84,blinded-annotation-v2-shortrefs
C018,K003,judge_a,0,labeled,Age band is 18-60; sleep duration ~470 min/night.,Requires age at least 65 to apply the 7-8h older adult recommendation.,"Age is 18-60, below 65; required condition contradicted.",qwen3.8-max,e6fa62bbf02493a812557941f336648112f454daa7b97f8cb7cd3bf5bf179c84,blinded-annotation-v2-shortrefs
C018,K004,judge_a,0,labeled,Age band is 18-60; sleep ~470 min/night.,Requires teenage age group (13-17) to apply the 8-10h recommendation.,"Subject is adult 18-60, not teenager; required condition contradicted.",qwen3.8-max,e6fa62bbf02493a812557941f336648112f454daa7b97f8cb7cd3bf5bf179c84,blinded-annotation-v2-shortrefs
C018,K005,judge_a,0,labeled,"Sleep duration ~470 min/night consistently; sleep start ~22:50, end 07:00.",Requires repeatedly shortened sleep opportunity or duration due to schedule.,No evidence of insufficient sleep; sleep duration is stable and adequate.,qwen3.8-max,e6fa62bbf02493a812557941f336648112f454daa7b97f8cb7cd3bf5bf179c84,blinded-annotation-v2-shortrefs
C018,K006,judge_a,0,labeled,Sleep ~470 min (~7.8h) consistently; meets adult recommendations.,Requires consistently short sleep even without a new decline.,Sleep duration is sufficient for the 18-60 age group; condition contradicted.,qwen3.8-max,e6fa62bbf02493a812557941f336648112f454daa7b97f8cb7cd3bf5bf179c84,blinded-annotation-v2-shortrefs
C018,K007,judge_a,1,labeled,"Sleep duration ~470 min recorded; no awakenings, onset difficulty, or refreshment data.",Requires sleep duration recorded but quality unknown; needs onset/awakening/refreshment data.,Directly explains that the recorded ~470 min duration alone does not establish overall sleep quality.,qwen3.8-max,e6fa62bbf02493a812557941f336648112f454daa7b97f8cb7cd3bf5bf179c84,blinded-annotation-v2-shortrefs
C018,K008,judge_a,0,labeled,"Only sleep duration, start, and end recorded; no awakening data available.",Requires repeated awakenings documented via history or measured sleep continuity.,Only duration and start/end available; cannot determine if awakenings occurred.,qwen3.8-max,e6fa62bbf02493a812557941f336648112f454daa7b97f8cb7cd3bf5bf179c84,blinded-annotation-v2-shortrefs
C018,K009,judge_a,0,labeled,Sleep duration ~470 min (~7.8h); no subjective refreshment data available.,Requires >8h sleep with reported lack of refreshment.,Sleep is under 8h and no refreshment data exists; required conditions not met.,qwen3.8-max,e6fa62bbf02493a812557941f336648112f454daa7b97f8cb7cd3bf5bf179c84,blinded-annotation-v2-shortrefs
C018,K010,judge_a,0,labeled,Sleep ~470 min/night consistently; no cognitive performance data.,Requires repeatedly shortened sleep and symptoms to claim cognitive impairment.,Sleep is not shortened; no symptoms reported. Generic background without connection.,qwen3.8-max,e6fa62bbf02493a812557941f336648112f454daa7b97f8cb7cd3bf5bf179c84,blinded-annotation-v2-shortrefs
C018,K011,judge_a,0,labeled,Sleep duration stable ~470 min/night; no repeated sleep loss observed.,Requires several nights of reduced sleep duration.,No repeated sleep restriction observed; required condition contradicted.,qwen3.8-max,e6fa62bbf02493a812557941f336648112f454daa7b97f8cb7cd3bf5bf179c84,blinded-annotation-v2-shortrefs
C018,K012,judge_a,0,labeled,Sleep ~470 min/night consistently; no infection or immune data.,Requires ongoing insufficient sleep to relate to immune function.,Sleep is not insufficient; generic educational statement with no concrete connection to data.,qwen3.8-max,e6fa62bbf02493a812557941f336648112f454daa7b97f8cb7cd3bf5bf179c84,blinded-annotation-v2-shortrefs
C018,K013,judge_a,0,labeled,Sleep ~470 min/night consistently; no appetite or food intake data.,Requires repeated insufficient sleep and food intake/appetite information.,Sleep is not insufficient; no appetite data available. Required conditions not met.,qwen3.8-max,e6fa62bbf02493a812557941f336648112f454daa7b97f8cb7cd3bf5bf179c84,blinded-annotation-v2-shortrefs
C018,K014,judge_a,0,labeled,Sleep ~470 min/night; no sleepiness or driving context reported.,Requires reported sleepiness and driving plans.,Sleepiness and driving context unknown; required conditions not met.,qwen3.8-max,e6fa62bbf02493a812557941f336648112f454daa7b97f8cb7cd3bf5bf179c84,blinded-annotation-v2-shortrefs
C018,K015,judge_a,1,labeled,"Sleep duration mean 469.8 min baseline, 471.1 min window (~7.8 hours).",Applies when adult sleep duration is being reviewed.,Directly contextualizes observed ~7.8h sleep against the 7-9h adult average range.,qwen3.8-max,e6fa62bbf02493a812557941f336648112f454daa7b97f8cb7cd3bf5bf179c84,blinded-annotation-v2-shortrefs
C018,K016,judge_a,0,labeled,14-day window of stable sleep ~470 min; no reported sleeping difficulties.,Requires months-long sleeping difficulties or failed habit changes with reported problems.,Only brief duration record without reported problems; required conditions not met.,qwen3.8-max,e6fa62bbf02493a812557941f336648112f454daa7b97f8cb7cd3bf5bf179c84,blinded-annotation-v2-shortrefs
C018,K017,judge_a,0,labeled,"Sleep start SD ~5.4 min, sleep end variance 0; highly consistent schedule.",Requires repeated variability in bedtime or wake time.,Schedule is highly stable; required condition of variability contradicted.,qwen3.8-max,e6fa62bbf02493a812557941f336648112f454daa7b97f8cb7cd3bf5bf179c84,blinded-annotation-v2-shortrefs
C018,K018,judge_a,0,labeled,Wake time exactly 07:00 daily (variance 0); no sleeping difficulties reported.,Requires inconsistent wake time with reported sleeping difficulties or insomnia.,Wake time is perfectly consistent; no insomnia symptoms. Condition contradicted.,qwen3.8-max,e6fa62bbf02493a812557941f336648112f454daa7b97f8cb7cd3bf5bf179c84,blinded-annotation-v2-shortrefs
C018,K019,judge_a,0,labeled,"Sleep start variance ~28.9, sleep end variance 0 across both periods.",Requires bedtime or wake time differing substantially between weekdays and weekends.,Weekday/weekend sleep start means differ by ~2 min; wake times identical. Condition contradicted.,qwen3.8-max,e6fa62bbf02493a812557941f336648112f454daa7b97f8cb7cd3bf5bf179c84,blinded-annotation-v2-shortrefs
C018,K020,judge_a,0,labeled,Sleep start times ~22:42-22:58 recorded; pre-bed activities unknown.,Requires information about pre-bed activities for targeted quiet-time advice.,Bedtime routine activities are unknown; timestamps alone do not reveal what was done.,qwen3.8-max,e6fa62bbf02493a812557941f336648112f454daa7b97f8cb7cd3bf5bf179c84,blinded-annotation-v2-shortrefs
C018,K021,judge_a,0,labeled,Sleep start ~22:50; no screen or light exposure data available.,Requires known bright-screen exposure shortly before bed.,Screen/light exposure unknown; required condition not met.,qwen3.8-max,e6fa62bbf02493a812557941f336648112f454daa7b97f8cb7cd3bf5bf179c84,blinded-annotation-v2-shortrefs
C018,K022,judge_a,0,labeled,Sleep start ~22:50; no caffeine timing or intake data available.,Requires known afternoon/evening caffeine use with sleeping difficulty.,Caffeine history unknown; required condition not met.,qwen3.8-max,e6fa62bbf02493a812557941f336648112f454daa7b97f8cb7cd3bf5bf179c84,blinded-annotation-v2-shortrefs
C018,K023,judge_a,0,labeled,Sleep start ~22:50; no meal timing or size data available.,Requires known large meal shortly before bed with meal timing/size info.,Meal information unknown; required condition not met.,qwen3.8-max,e6fa62bbf02493a812557941f336648112f454daa7b97f8cb7cd3bf5bf179c84,blinded-annotation-v2-shortrefs
C018,K024,judge_a,0,labeled,Sleep and vitals recorded; no alcohol consumption data available.,Requires alcohol use near bedtime reported with drinking history.,Alcohol exposure unknown; required condition not met.,qwen3.8-max,e6fa62bbf02493a812557941f336648112f454daa7b97f8cb7cd3bf5bf179c84,blinded-annotation-v2-shortrefs
C018,K025,judge_a,0,labeled,Sleep and vitals recorded; no nicotine or smoking data available.,Requires established nicotine exposure with sleep concerns.,Nicotine use unknown; required condition not met.,qwen3.8-max,e6fa62bbf02493a812557941f336648112f454daa7b97f8cb7cd3bf5bf179c84,blinded-annotation-v2-shortrefs
C018,K026,judge_a,0,labeled,"Sleep recorded; no bedroom temperature, light, or noise data available.",Requires known disruptive bedroom environment with light/noise/temperature info.,Bedroom environment unknown; wearable data cannot establish these conditions.,qwen3.8-max,e6fa62bbf02493a812557941f336648112f454daa7b97f8cb7cd3bf5bf179c84,blinded-annotation-v2-shortrefs
C018,K027,judge_a,0,labeled,Sleep start ~22:50; no pre-bed routine or relaxation difficulty reported.,Requires reported difficulty relaxing or request for routine options.,No relaxation difficulty or routine request indicated; generic advice without connection.,qwen3.8-max,e6fa62bbf02493a812557941f336648112f454daa7b97f8cb7cd3bf5bf179c84,blinded-annotation-v2-shortrefs
C018,K028,judge_a,0,labeled,No nap data recorded in the wearable observations.,Requires adult naps recorded or reported with duration/timing context.,Nap history is unknown; required condition not met.,qwen3.8-max,e6fa62bbf02493a812557941f336648112f454daa7b97f8cb7cd3bf5bf179c84,blinded-annotation-v2-shortrefs
C018,K029,judge_a,0,labeled,Sleep start variance ~28.9; no shift work schedule data available.,Requires confirmed shift-work schedule with changing shifts.,Shift work unknown; variable sleep times alone do not prove rotating shifts.,qwen3.8-max,e6fa62bbf02493a812557941f336648112f454daa7b97f8cb7cd3bf5bf179c84,blinded-annotation-v2-shortrefs
C018,K030,judge_a,0,labeled,No shift work data; sleep occurs overnight consistently.,Requires confirmed shift work with work schedule and lighting context.,No confirmed shift work; required condition not met.,qwen3.8-max,e6fa62bbf02493a812557941f336648112f454daa7b97f8cb7cd3bf5bf179c84,blinded-annotation-v2-shortrefs
C018,K031,judge_a,0,labeled,Sleep starts ~22:50; no shift work or caffeine data available.,Requires shift worker using caffeine with known shift schedule.,Shift work and caffeine use unknown; required conditions not met.,qwen3.8-max,e6fa62bbf02493a812557941f336648112f454daa7b97f8cb7cd3bf5bf179c84,blinded-annotation-v2-shortrefs
C018,K032,judge_a,0,labeled,All sleep occurs overnight (22:42-07:00); no daytime sleep recorded.,Requires daytime sleep associated with confirmed shift work.,Only ordinary overnight sleep is recorded; shift work unknown. Condition contradicted.,qwen3.8-max,e6fa62bbf02493a812557941f336648112f454daa7b97f8cb7cd3bf5bf179c84,blinded-annotation-v2-shortrefs
C018,K033,judge_a,0,labeled,Sleep start/end and duration recorded; no awakenings or naps in data.,Requires changed/variable sleep pattern; awakenings and naps need separate records.,"Sleep pattern is stable; awakenings and naps are unrecorded, limiting timeline utility.",qwen3.8-max,e6fa62bbf02493a812557941f336648112f454daa7b97f8cb7cd3bf5bf179c84,blinded-annotation-v2-shortrefs
C018,K034,judge_a,0,labeled,"Sleep duration mean 469.8 min baseline, 471.1 min window; no shortened nights.",Requires several shortened nights rather than a single isolated reading.,No evidence of repeated sleep restriction; sleep averages ~7.8h consistently.,qwen3.8-max,e6fa62bbf02493a812557941f336648112f454daa7b97f8cb7cd3bf5bf179c84,blinded-annotation-v2-shortrefs
C018,K035,judge_a,0,labeled,"Weekday sleep mean 471.2 min, weekend 470.75 min in window; nearly identical.",Requires longer sleep and later timing on days off vs workdays.,Weekday/weekend sleep durations are similar; no extra sleep on days off observed.,qwen3.8-max,e6fa62bbf02493a812557941f336648112f454daa7b97f8cb7cd3bf5bf179c84,blinded-annotation-v2-shortrefs
C018,K036,judge_a,0,labeled,No nap data recorded in any observation period.,Requires recorded naps after shortened night-time sleep.,Nap history is unknown; required condition not met.,qwen3.8-max,e6fa62bbf02493a812557941f336648112f454daa7b97f8cb7cd3bf5bf179c84,blinded-annotation-v2-shortrefs
C018,K037,judge_a,0,labeled,Sleep ~470 min/night consistently; no bad nights or insomnia reported.,Requires recent bad night and reported sleeping difficulties or insomnia symptoms.,No reported bad sleep or insomnia symptoms; only stable device estimates.,qwen3.8-max,e6fa62bbf02493a812557941f336648112f454daa7b97f8cb7cd3bf5bf179c84,blinded-annotation-v2-shortrefs
C018,K038,judge_a,0,labeled,Sleep ~470 min/night consistently; no symptom history or insomnia report.,Requires reported sleeping difficulties with known duration and symptom history.,No sleeping difficulties reported; diagnosing insomnia from duration alone is contraindicated.,qwen3.8-max,e6fa62bbf02493a812557941f336648112f454daa7b97f8cb7cd3bf5bf179c84,blinded-annotation-v2-shortrefs
C018,K039,judge_a,0,labeled,Timezone Asia/Shanghai constant; no travel or flight data recorded.,"Requires confirmed travel, destination time zone, and trip duration.",No travel history; timing changes alone do not establish jet lag.,qwen3.8-max,e6fa62bbf02493a812557941f336648112f454daa7b97f8cb7cd3bf5bf179c84,blinded-annotation-v2-shortrefs
C018,K040,judge_a,0,labeled,No travel or timezone change data; sleep schedule stable in Asia/Shanghai.,Requires a short trip across time zones planned with known duration.,Travel context unknown; required condition not met.,qwen3.8-max,e6fa62bbf02493a812557941f336648112f454daa7b97f8cb7cd3bf5bf179c84,blinded-annotation-v2-shortrefs
C018,K041,judge_a,0,labeled,"Activity ~55 min/day, steps ~8000/day; intensity unknown.",Requires low/declining movement giving opportunity to add activity; intensity needed.,"Movement is stable, not declining; intensity unknown prevents guideline application.",qwen3.8-max,e6fa62bbf02493a812557941f336648112f454daa7b97f8cb7cd3bf5bf179c84,blinded-annotation-v2-shortrefs
C018,K042,judge_a,0,labeled,"Steps ~8000/day, activity ~55 min/day stable across baseline and window.",Requires recently low or reduced physical activity.,"Activity is stable, not recently low or reduced; required condition contradicted.",qwen3.8-max,e6fa62bbf02493a812557941f336648112f454daa7b97f8cb7cd3bf5bf179c84,blinded-annotation-v2-shortrefs
C018,K043,judge_a,0,labeled,Activity duration ~55 min/day; all intensity labeled 'unknown'.,Requires known moderate-intensity aerobic minutes documented.,Only unspecified active minutes available; intensity unknown prevents application.,qwen3.8-max,e6fa62bbf02493a812557941f336648112f454daa7b97f8cb7cd3bf5bf179c84,blinded-annotation-v2-shortrefs
C018,K044,judge_a,0,labeled,Activity ~55 min/day; all intensity labeled 'unknown'.,Requires documented vigorous aerobic activity with known vigorous intensity.,Intensity unknown; cannot assume vigorous activity. Required condition not met.,qwen3.8-max,e6fa62bbf02493a812557941f336648112f454daa7b97f8cb7cd3bf5bf179c84,blinded-annotation-v2-shortrefs
C018,K045,judge_a,0,labeled,Activity duration ~55 min/day; intensity unknown for all intervals.,Requires reduced activity or limited opportunities; intensity needed for counting.,"Activity is stable, not reduced; intensity unknown prevents guideline application.",qwen3.8-max,e6fa62bbf02493a812557941f336648112f454daa7b97f8cb7cd3bf5bf179c84,blinded-annotation-v2-shortrefs
C018,K046,judge_a,0,labeled,Steps and activity minutes recorded; no muscle-strengthening activity data.,Requires strengthening activity records including days and muscle groups worked.,Only step and generic movement counts available; cannot assess strengthening compliance.,qwen3.8-max,e6fa62bbf02493a812557941f336648112f454daa7b97f8cb7cd3bf5bf179c84,blinded-annotation-v2-shortrefs
C018,K047,judge_a,0,labeled,"Activity duration ~55 min/day, all intensity labeled 'unknown'.",Requires documented aerobic activity reaching guidelines with known intensity.,Intensity is unknown; cannot verify guideline attainment or apply additional benefit advice.,qwen3.8-max,e6fa62bbf02493a812557941f336648112f454daa7b97f8cb7cd3bf5bf179c84,blinded-annotation-v2-shortrefs
C018,K048,judge_a,1,labeled,All activity intervals have intensity labeled 'unknown'; steps ~8000/day.,Requires activity intensity needing interpretation; fitness or perceived effort context.,"Directly relevant because all recorded activity has unknown intensity, preventing intensity classification.",qwen3.8-max,e6fa62bbf02493a812557941f336648112f454daa7b97f8cb7cd3bf5bf179c84,blinded-annotation-v2-shortrefs
C018,K049,judge_a,0,labeled,All activity intervals have intensity 'unknown'; no breathing/talk-test data.,Requires observed effort during aerobic activity with breathing or talk-test observation.,Effort and aerobic-activity context unrecorded; intensity unknown.,qwen3.8-max,e6fa62bbf02493a812557941f336648112f454daa7b97f8cb7cd3bf5bf179c84,blinded-annotation-v2-shortrefs
C018,K050,judge_a,1,labeled,Steps ~8000/day; all activity intensity 'unknown'; no activity type data.,Requires steps change while other activity may differ; activity type context needed.,Relevant because unknown intensity and type mean steps alone cannot confirm total activity level.,qwen3.8-max,e6fa62bbf02493a812557941f336648112f454daa7b97f8cb7cd3bf5bf179c84,blinded-annotation-v2-shortrefs
C018,K051,judge_a,0,labeled,"Steps ~8000/day, activity ~55 min/day stable; no transport context.",Requires low or declining routine movement with mobility/transport context.,"Movement is stable, not declining; transport context unknown.",qwen3.8-max,e6fa62bbf02493a812557941f336648112f454daa7b97f8cb7cd3bf5bf179c84,blinded-annotation-v2-shortrefs
C018,K052,judge_a,0,labeled,Activity ~55 min/day stable; no preference or availability data recorded.,Requires activity habit low/difficult to maintain with personal preferences known.,"Activity is stable, not difficult to maintain; preferences unknown. Generic advice.",qwen3.8-max,e6fa62bbf02493a812557941f336648112f454daa7b97f8cb7cd3bf5bf179c84,blinded-annotation-v2-shortrefs
C018,K053,judge_a,0,labeled,Activity ~55 min/day stable; no social preference or motivation data.,Requires a person wanting support maintaining activity or motivational barrier.,No evidence of motivational or social barrier; activity is stable.,qwen3.8-max,e6fa62bbf02493a812557941f336648112f454daa7b97f8cb7cd3bf5bf179c84,blinded-annotation-v2-shortrefs
C018,K054,judge_a,0,labeled,Activity ~55 min/day stable; no reported time barrier or schedule data.,Requires low activity with a reported time barrier and actual daily schedule.,No time barrier reported; activity is stable. Required context missing.,qwen3.8-max,e6fa62bbf02493a812557941f336648112f454daa7b97f8cb7cd3bf5bf179c84,blinded-annotation-v2-shortrefs
C018,K055,judge_a,0,labeled,Activity ~55 min/day stable; no schedule constraint data available.,Requires reported competing demands reducing activity and schedule constraints.,No evidence of competing demands or schedule barriers; required context missing.,qwen3.8-max,e6fa62bbf02493a812557941f336648112f454daa7b97f8cb7cd3bf5bf179c84,blinded-annotation-v2-shortrefs
C018,K056,judge_a,0,labeled,"Wearable records steps, sleep, RHR, HRV; no medical history provided.","Requires established chronic condition, disability, or special need.",Medical or disability context unknown; required condition not met.,qwen3.8-max,e6fa62bbf02493a812557941f336648112f454daa7b97f8cb7cd3bf5bf179c84,blinded-annotation-v2-shortrefs
C018,K057,judge_a,0,labeled,Low movement intervals 10:00-20:35 daily; posture not measured.,Requires long uninterrupted daytime low-movement intervals with mobility/posture context.,Device low movement is not confirmed sitting; posture context unknown.,qwen3.8-max,e6fa62bbf02493a812557941f336648112f454daa7b97f8cb7cd3bf5bf179c84,blinded-annotation-v2-shortrefs
C018,K058,judge_a,0,labeled,Activity ~55 min/day coexists with low movement 438-480 min/day; posture unknown.,Requires sitting posture and known activity intensity for guideline claims.,Sitting posture unconfirmed; intensity unknown. Low movement is not confirmed sitting.,qwen3.8-max,e6fa62bbf02493a812557941f336648112f454daa7b97f8cb7cd3bf5bf179c84,blinded-annotation-v2-shortrefs
C018,K059,judge_a,0,labeled,Low movement minutes 438-480 daily; confirmed sitting not established.,Requires confirmed sitting for a specific sedentary-time conclusion.,Confirmed sitting is not established from low movement alone; required context missing.,qwen3.8-max,e6fa62bbf02493a812557941f336648112f454daa7b97f8cb7cd3bf5bf179c84,blinded-annotation-v2-shortrefs
C018,K060,judge_a,0,labeled,Low movement minutes increased to 480 in window; commute context unknown.,"Requires sedentary commuting context, transport, mobility, and safety info.",Commute context unknown; required conditions not met.,qwen3.8-max,e6fa62bbf02493a812557941f336648112f454daa7b97f8cb7cd3bf5bf179c84,blinded-annotation-v2-shortrefs
C018,K061,judge_a,0,labeled,Low movement intervals present throughout daytime hours in both periods.,"Requires desk work with prolonged sitting context, which is unknown.",Work context unknown; device low movement is not confirmed sitting.,qwen3.8-max,e6fa62bbf02493a812557941f336648112f454daa7b97f8cb7cd3bf5bf179c84,blinded-annotation-v2-shortrefs
C018,K062,judge_a,0,labeled,Low movement intervals span 10:00-20:35; workplace meeting context unknown.,Requires meetings or desk work involving prolonged sitting context.,No workplace or meeting information available; required context missing.,qwen3.8-max,e6fa62bbf02493a812557941f336648112f454daa7b97f8cb7cd3bf5bf179c84,blinded-annotation-v2-shortrefs
C018,K063,judge_a,0,labeled,Low movement intervals 10:00-20:35; television viewing context unknown.,Requires prolonged sitting while watching television context.,Screen habits unknown; device low movement is not confirmed television sitting.,qwen3.8-max,e6fa62bbf02493a812557941f336648112f454daa7b97f8cb7cd3bf5bf179c84,blinded-annotation-v2-shortrefs
C018,K064,judge_a,0,labeled,Low movement minutes rose from baseline mean 449 to constant 480 in window.,"Requires substantial habitual seated leisure context, which is unknown.",Device low movement is not confirmed sitting; required leisure context is unknown.,qwen3.8-max,e6fa62bbf02493a812557941f336648112f454daa7b97f8cb7cd3bf5bf179c84,blinded-annotation-v2-shortrefs
C018,K065,judge_a,0,labeled,"Activity duration ~55 min/day, steps ~8000/day across both periods.",Requires low everyday movement despite possible formal exercise.,Movement levels are consistent and not notably low; generic definition without specific connection.,qwen3.8-max,e6fa62bbf02493a812557941f336648112f454daa7b97f8cb7cd3bf5bf179c84,blinded-annotation-v2-shortrefs
C018,K066,judge_a,0,labeled,Low movement 10:00-20:35; workday lunch-break context unknown.,Requires daytime low movement with known workday lunch-break access and mobility.,Workday and lunch-break context unknown; required condition not met.,qwen3.8-max,e6fa62bbf02493a812557941f336648112f454daa7b97f8cb7cd3bf5bf179c84,blinded-annotation-v2-shortrefs
C018,K067,judge_a,0,labeled,Steps ~8000/day; stair access and mobility context unknown.,Requires low incidental movement with accessible stairs and safe mobility.,Mobility limitations and stair context unknown; generic suggestion without specific connection.,qwen3.8-max,e6fa62bbf02493a812557941f336648112f454daa7b97f8cb7cd3bf5bf179c84,blinded-annotation-v2-shortrefs
C018,K068,judge_a,2,labeled,"Low movement minutes constant 480 in window, ~449 in baseline; posture unmeasured.",Requires low-movement intervals without posture measurement; warns against relabeling as sitting.,Core directly explains that observed low movement cannot be automatically classified as confirmed sedentary sitting.,qwen3.8-max,e6fa62bbf02493a812557941f336648112f454daa7b97f8cb7cd3bf5bf179c84,blinded-annotation-v2-shortrefs
C018,K069,judge_a,0,labeled,Activity ~55 min/day and sleep ~470 min/night stable across both periods.,Requires activity and sleep patterns available for joint review.,Generic benefit statement; no causal link established from stable co-occurring patterns.,qwen3.8-max,e6fa62bbf02493a812557941f336648112f454daa7b97f8cb7cd3bf5bf179c84,blinded-annotation-v2-shortrefs
C018,K070,judge_a,0,labeled,Activity ~55 min/day; no outdoor access or exposure data available.,Requires low daytime activity accompanying changed sleep routine with outdoor access.,"Activity is stable, not low; outdoor exposure cannot be inferred from movement counts.",qwen3.8-max,e6fa62bbf02493a812557941f336648112f454daa7b97f8cb7cd3bf5bf179c84,blinded-annotation-v2-shortrefs
C018,K071,judge_a,1,labeled,Activity intervals occur 21:00-22:00 daily; sleep starts ~22:42-22:58; intensity unknown.,Requires activity close to bedtime with known intensity relative to bedtime.,"Late activity occurs before sleep, but unknown intensity prevents applying intense-exercise advice directly.",qwen3.8-max,e6fa62bbf02493a812557941f336648112f454daa7b97f8cb7cd3bf5bf179c84,blinded-annotation-v2-shortrefs
C018,K072,judge_a,0,labeled,"Activity 21:00-22:00, sleep start ~22:50; no insomnia symptoms reported.",Requires exercise near bedtime with reported insomnia symptoms.,Only movement and sleep timestamps known; no insomnia history reported.,qwen3.8-max,e6fa62bbf02493a812557941f336648112f454daa7b97f8cb7cd3bf5bf179c84,blinded-annotation-v2-shortrefs
C018,K073,judge_a,1,labeled,Activity intervals 21:00-22:00 precede sleep start ~22:42-22:58 on same calendar date.,Requires activity intervals for timing comparisons alongside sleep timing.,Supports comparing the recorded late activity timing with subsequent sleep onset timing.,qwen3.8-max,e6fa62bbf02493a812557941f336648112f454daa7b97f8cb7cd3bf5bf179c84,blinded-annotation-v2-shortrefs
C018,K074,judge_a,0,labeled,General adult wearable data; no emergency response deployment context.,Requires confirmed emergency-response deployment context with competing time demands.,Emergency-response deployment context unknown; required condition not met.,qwen3.8-max,e6fa62bbf02493a812557941f336648112f454daa7b97f8cb7cd3bf5bf179c84,blinded-annotation-v2-shortrefs
C018,K075,judge_a,0,labeled,Activity ~55 min/day; no subjective energy or tiredness data recorded.,Requires reported tiredness limiting activity and subjective energy pattern.,No tiredness or energy history available; required condition not met.,qwen3.8-max,e6fa62bbf02493a812557941f336648112f454daa7b97f8cb7cd3bf5bf179c84,blinded-annotation-v2-shortrefs
C018,K076,judge_a,0,labeled,Sleep and activity recorded daily; no substance or medication data available.,Requires substance and medication history for causal interpretation.,Required context of substances/medications is entirely absent from the data.,qwen3.8-max,e6fa62bbf02493a812557941f336648112f454daa7b97f8cb7cd3bf5bf179c84,blinded-annotation-v2-shortrefs
C018,K077,judge_a,1,labeled,Daily resting_heart_rate_bpm recorded as 55-57 bpm across all days.,Requires resting heart rate observations available in a resting context.,"Clarifies that the reported daily RHR metric represents a still/resting estimate, not exercise HR.",qwen3.8-max,e6fa62bbf02493a812557941f336648112f454daa7b97f8cb7cd3bf5bf179c84,blinded-annotation-v2-shortrefs
C018,K078,judge_a,1,labeled,Daily resting_heart_rate_bpm 55-57 recorded; no sleeping HR metric present.,Requires daily resting heart-rate trend being interpreted with known collection context.,"Clarifies that the observed RHR metric differs from sleeping HR, preventing misinterpretation.",qwen3.8-max,e6fa62bbf02493a812557941f336648112f454daa7b97f8cb7cd3bf5bf179c84,blinded-annotation-v2-shortrefs
C018,K079,judge_a,0,labeled,RHR stable at 55-57 bpm across all 42 days; no exposure data.,Requires RHR changes relative to previous readings and exposure info to attribute cause.,RHR did not meaningfully change; no exposure data to attribute causes. Generic background.,qwen3.8-max,e6fa62bbf02493a812557941f336648112f454daa7b97f8cb7cd3bf5bf179c84,blinded-annotation-v2-shortrefs
C018,K080,judge_a,1,labeled,Data reports hrv_rmssd_ms (43-47) and resting_heart_rate_bpm (55-57) separately.,Applies when HRV and heart-rate estimates are interpreted together.,Directly explains that the two distinct metrics in the data measure different physiological quantities.,qwen3.8-max,e6fa62bbf02493a812557941f336648112f454daa7b97f8cb7cd3bf5bf179c84,blinded-annotation-v2-shortrefs
C018,K081,judge_a,1,labeled,HRV RMSSD 43-47 ms across 42 days; age band 18-60; single device.,Requires HRV level or trend being reviewed with personal history and consistent context.,"Contextualizes the observed HRV range as person-specific, requiring consistent measurement context.",qwen3.8-max,e6fa62bbf02493a812557941f336648112f454daa7b97f8cb7cd3bf5bf179c84,blinded-annotation-v2-shortrefs
C018,K082,judge_a,1,labeled,28-day baseline and 14-day window provide 42 days of continuous vitals.,Requires sufficient same-metric personal history for recent-trend context.,The 28-day baseline provides sufficient personal history to establish recent-trend context for vitals.,qwen3.8-max,e6fa62bbf02493a812557941f336648112f454daa7b97f8cb7cd3bf5bf179c84,blinded-annotation-v2-shortrefs
C018,K083,judge_a,1,labeled,"RHR recorded daily over 42 days, mean 55.86, variance <1 across both periods.",Requires repeated RHR readings or a recent change.,Supports reviewing the stable multi-week RHR trend rather than isolated daily values.,qwen3.8-max,e6fa62bbf02493a812557941f336648112f454daa7b97f8cb7cd3bf5bf179c84,blinded-annotation-v2-shortrefs
C018,K084,judge_a,1,labeled,HRV RMSSD ranges 43-47 ms across baseline and window with no major shift.,Applies when an HRV trend is available for wellness monitoring.,"Contextualizes the observed stable HRV as a wellness metric, not a diagnostic indicator.",qwen3.8-max,e6fa62bbf02493a812557941f336648112f454daa7b97f8cb7cd3bf5bf179c84,blinded-annotation-v2-shortrefs
C018,K085,judge_a,2,labeled,Metric explicitly named hrv_rmssd_ms with values 43-47 across all days.,Requires HRV records identifying RMSSD as their metric formula.,Core directly explains the specific RMSSD metric definition used in the observed HRV data.,qwen3.8-max,e6fa62bbf02493a812557941f336648112f454daa7b97f8cb7cd3bf5bf179c84,blinded-annotation-v2-shortrefs
C018,K086,judge_a,1,labeled,Nighttime coverage 482-498 min (>3h) every night; HRV RMSSD recorded daily.,Requires compatible Fitbit collection definition and sleep coverage >3h.,Confirms nightly sleep exceeds the 3-hour minimum needed for valid HRV estimation.,qwen3.8-max,e6fa62bbf02493a812557941f336648112f454daa7b97f8cb7cd3bf5bf179c84,blinded-annotation-v2-shortrefs
C018,K087,judge_a,0,labeled,"Only sleep duration, start, and end recorded; no sleep-stage data present.",Requires sleep-stage measurements varying between nights.,Only sleep duration and timing are available; required sleep-stage data is absent.,qwen3.8-max,e6fa62bbf02493a812557941f336648112f454daa7b97f8cb7cd3bf5bf179c84,blinded-annotation-v2-shortrefs
C018,K088,judge_a,0,labeled,"RHR stable at 55-57 bpm, HRV 43-47 ms across both periods.",Requires reported health concerns about a vital trend.,No health concerns are reported in the wearable data; generic background only.,qwen3.8-max,e6fa62bbf02493a812557941f336648112f454daa7b97f8cb7cd3bf5bf179c84,blinded-annotation-v2-shortrefs
C018,K089,judge_a,0,labeled,RHR stable 55-57 bpm; no wear quality or fit change data recorded.,Requires heart-rate readings may be unreliable or wear quality changes.,No evidence of fit problems or unreliable readings; RHR is stable.,qwen3.8-max,e6fa62bbf02493a812557941f336648112f454daa7b97f8cb7cd3bf5bf179c84,blinded-annotation-v2-shortrefs
C018,K090,judge_a,1,labeled,"Daytime wear 720 min and nighttime coverage 482-498 min daily, all valid.",Requires separate night-time wear information for overnight vitals validity.,Confirms both day and night wear requirements were met for valid overnight metrics.,qwen3.8-max,e6fa62bbf02493a812557941f336648112f454daa7b97f8cb7cd3bf5bf179c84,blinded-annotation-v2-shortrefs
C018,K091,judge_a,0,labeled,All vitals present with valid counts; nighttime coverage >480 min nightly.,Requires a vital missing with limited night-time data.,No vitals are missing; nighttime coverage is sufficient. Condition contradicted.,qwen3.8-max,e6fa62bbf02493a812557941f336648112f454daa7b97f8cb7cd3bf5bf179c84,blinded-annotation-v2-shortrefs
C018,K092,judge_a,0,labeled,"All vitals present with valid counts (28 baseline, 14 window), zero missing.",Requires missing or delayed vitals.,No vitals are missing; required condition contradicted by complete data coverage.,qwen3.8-max,e6fa62bbf02493a812557941f336648112f454daa7b97f8cb7cd3bf5bf179c84,blinded-annotation-v2-shortrefs
C018,K093,judge_a,0,labeled,Single synthetic device used across all 42 days; no device switch recorded.,Requires heart-rate series involving a device or algorithm change.,No device or algorithm change occurred; required condition contradicted.,qwen3.8-max,e6fa62bbf02493a812557941f336648112f454daa7b97f8cb7cd3bf5bf179c84,blinded-annotation-v2-shortrefs
C018,K094,judge_a,1,labeled,Sleep duration ~470 min derived from sleep_start_at and sleep_end_at timestamps.,Applies when device-estimated sleep duration and boundaries are available.,"Clarifies that the recorded sleep duration is an estimate from boundaries, not necessarily total sleep time.",qwen3.8-max,e6fa62bbf02493a812557941f336648112f454daa7b97f8cb7cd3bf5bf179c84,blinded-annotation-v2-shortrefs
C018,K095,judge_a,1,labeled,Nighttime coverage 482-498 min every night; zero missing sleep observations.,"Requires night-time wear record; unworn nights should be missing, not zero.",Confirms continuous overnight wear produced valid sleep records without gaps.,qwen3.8-max,e6fa62bbf02493a812557941f336648112f454daa7b97f8cb7cd3bf5bf179c84,blinded-annotation-v2-shortrefs
C018,K096,judge_a,1,labeled,Steps range 7584-8409; device is synthetic common wearable using accelerometer.,Requires step readings with possible measurement limitations and wear context.,"Explains that step counts depend on arm swing and sensor mechanics, contextualizing variability.",qwen3.8-max,e6fa62bbf02493a812557941f336648112f454daa7b97f8cb7cd3bf5bf179c84,blinded-annotation-v2-shortrefs
C019,K001,judge_a,2,labeled,"Window sleep mean 331 min (~5.5h), below 7h recommendation. Age band 18-60.",Age band compatible with 18-60; sleep duration below age-specific recommendation.,Core directly explains that current window sleep is below the CDC adult recommendation.,qwen3.8-max,ec3836901588a04bd863d32a06b8cc75164ff00cf8073267bc8892003cae7ec1,blinded-annotation-v2-shortrefs
C019,K002,judge_a,0,labeled,Age band is 18-60. Item applies to adults aged 61-64.,Requires age 61-64; non-applicable for other age groups.,Age band explicitly excludes the target population for this item.,qwen3.8-max,ec3836901588a04bd863d32a06b8cc75164ff00cf8073267bc8892003cae7ec1,blinded-annotation-v2-shortrefs
C019,K003,judge_a,0,labeled,Age band is 18-60. Item applies to adults 65 and older.,Requires age at least 65; age below 65 is non-applicable.,Age band explicitly excludes 65+; item not applicable to this person.,qwen3.8-max,ec3836901588a04bd863d32a06b8cc75164ff00cf8073267bc8892003cae7ec1,blinded-annotation-v2-shortrefs
C019,K004,judge_a,0,labeled,Age band is 18-60. Item applies to teenagers 13-17.,Requires teenage age group; non-applicable for adults.,Age band explicitly excludes teenagers; item not applicable.,qwen3.8-max,ec3836901588a04bd863d32a06b8cc75164ff00cf8073267bc8892003cae7ec1,blinded-annotation-v2-shortrefs
C019,K005,judge_a,1,labeled,Sleep duration dropped from ~7.8h to ~5.5h consistently over 14 days.,Repeatedly shortened sleep duration; schedule constraint needed to attribute to busyness.,"Supported connection to shortened sleep, but schedule constraint causing it is unverified.",qwen3.8-max,ec3836901588a04bd863d32a06b8cc75164ff00cf8073267bc8892003cae7ec1,blinded-annotation-v2-shortrefs
C019,K006,judge_a,2,labeled,"Window sleep stably ~5.5h/night for 14 days, well below 7h recommendation.",Sleep consistently short even without new decline; stable short routine doesn't prove needs are met.,Core directly addresses the stable but insufficient sleep pattern observed in the window.,qwen3.8-max,ec3836901588a04bd863d32a06b8cc75164ff00cf8073267bc8892003cae7ec1,blinded-annotation-v2-shortrefs
C019,K007,judge_a,1,labeled,"Sleep duration recorded (~5.5h window). No sleep-onset difficulty, awakenings, or refreshment data.",Duration recorded but quality unknown; claiming duration proves quality is non-applicable.,Supported contextual note that recorded duration alone doesn't establish sleep quality.,qwen3.8-max,ec3836901588a04bd863d32a06b8cc75164ff00cf8073267bc8892003cae7ec1,blinded-annotation-v2-shortrefs
C019,K008,judge_a,0,labeled,"Only sleep duration, start, and end timestamps available. No awakening data.",Requires awakening history or measured sleep continuity; only duration/start/end available is non-applicable.,No awakening data recorded; item explicitly non-applicable to available observations.,qwen3.8-max,ec3836901588a04bd863d32a06b8cc75164ff00cf8073267bc8892003cae7ec1,blinded-annotation-v2-shortrefs
C019,K009,judge_a,0,labeled,Baseline sleep ~468 min (~7.8h); window sleep ~331 min (~5.5h). No subjective refreshment data.,Requires reported lack of refreshment with >8h sleep; neither condition met.,Sleep is under 8h and no subjective report exists; conditions not met.,qwen3.8-max,ec3836901588a04bd863d32a06b8cc75164ff00cf8073267bc8892003cae7ec1,blinded-annotation-v2-shortrefs
C019,K010,judge_a,1,labeled,"Window sleep mean 331 min (~5.5h), repeatedly shortened from baseline 469 min.",Repeatedly shortened sleep; symptoms needed to claim actual cognitive impairment.,"Supported connection to repeated sleep restriction, but cannot establish individual impairment from wearables.",qwen3.8-max,ec3836901588a04bd863d32a06b8cc75164ff00cf8073267bc8892003cae7ec1,blinded-annotation-v2-shortrefs
C019,K011,judge_a,1,labeled,"14 consecutive nights of ~5.5h sleep in window, down from ~7.8h baseline.",Several nights of reduced sleep duration; actual performance/symptoms needed for impairment claim.,"Connects to repeated sleep loss pattern, but individual impairment cannot be claimed from wearables.",qwen3.8-max,ec3836901588a04bd863d32a06b8cc75164ff00cf8073267bc8892003cae7ec1,blinded-annotation-v2-shortrefs
C019,K012,judge_a,1,labeled,"Window sleep duration mean 331 min (~5.5h), down from baseline 469 min (~7.8h).","Ongoing insufficient sleep; general benefit, cannot diagnose infection.","Supported contextual connection to ongoing short sleep, but generic background without specific observation link.",qwen3.8-max,ec3836901588a04bd863d32a06b8cc75164ff00cf8073267bc8892003cae7ec1,blinded-annotation-v2-shortrefs
C019,K013,judge_a,0,labeled,Sleep shortened to ~5.5h. No food intake or appetite information provided.,Requires food intake or appetite information for individual claims.,Appetite data absent; cannot infer metabolic effects from sleep duration alone.,qwen3.8-max,ec3836901588a04bd863d32a06b8cc75164ff00cf8073267bc8892003cae7ec1,blinded-annotation-v2-shortrefs
C019,K014,judge_a,0,labeled,Sleep shortened. No reported sleepiness or driving plans.,Requires sleepiness and driving plans; both unknown is non-applicable.,Sleepiness and driving context unknown; safety advice not triggered by duration alone.,qwen3.8-max,ec3836901588a04bd863d32a06b8cc75164ff00cf8073267bc8892003cae7ec1,blinded-annotation-v2-shortrefs
C019,K015,judge_a,1,labeled,"Window sleep ~5.5h, below typical 7-9h range. Individual experience unknown.",Adult sleep duration being reviewed; individual experience needed to assess adequacy.,Contextualizes that population averages don't replace individual sleep need assessment.,qwen3.8-max,ec3836901588a04bd863d32a06b8cc75164ff00cf8073267bc8892003cae7ec1,blinded-annotation-v2-shortrefs
C019,K016,judge_a,0,labeled,14-day window of short sleep. No reported sleeping difficulties or months-long history.,Requires months-long difficulties or failed habit changes; brief record without reported problems is non-applicable.,Only a 14-day record without reported insomnia symptoms; conditions not met.,qwen3.8-max,ec3836901588a04bd863d32a06b8cc75164ff00cf8073267bc8892003cae7ec1,blinded-annotation-v2-shortrefs
C019,K017,judge_a,2,labeled,"Sleep start shifted abruptly from ~22:53 (baseline) to ~01:08 (window), a ~138-minute delay.",Repeated variability in bedtime or wake time; no additional context required.,Core directly explains the observed abrupt and persistent change in sleep timing.,qwen3.8-max,ec3836901588a04bd863d32a06b8cc75164ff00cf8073267bc8892003cae7ec1,blinded-annotation-v2-shortrefs
C019,K018,judge_a,0,labeled,Wake time constant at 07:00 in both periods. No reported sleeping difficulties.,Requires inconsistent wake time with reported sleeping difficulties; no evidence of insomnia.,Wake time is perfectly consistent and no insomnia reported; conditions not met.,qwen3.8-max,ec3836901588a04bd863d32a06b8cc75164ff00cf8073267bc8892003cae7ec1,blinded-annotation-v2-shortrefs
C019,K019,judge_a,0,labeled,"Weekday/weekend sleep start means similar in both periods (e.g., window weekday 788.6, weekend 790.5).",Non-applicable when weekday and weekend sleep times are similar.,Weekday and weekend sleep schedules are similar within each period; condition not met.,qwen3.8-max,ec3836901588a04bd863d32a06b8cc75164ff00cf8073267bc8892003cae7ec1,blinded-annotation-v2-shortrefs
C019,K020,judge_a,0,labeled,Sleep start timestamps recorded. Pre-bed activities unknown.,Requires information about pre-bed activities; assuming missing routine from timestamps is non-applicable.,Pre-bed activity data absent; timestamps alone don't reveal quiet time practices.,qwen3.8-max,ec3836901588a04bd863d32a06b8cc75164ff00cf8073267bc8892003cae7ec1,blinded-annotation-v2-shortrefs
C019,K021,judge_a,0,labeled,Sleep start delayed to ~01:08. Screen exposure before bed unknown.,Requires screen or light exposure information; exposure unknown.,Screen exposure unknown; cannot attribute late sleep onset to bright screens.,qwen3.8-max,ec3836901588a04bd863d32a06b8cc75164ff00cf8073267bc8892003cae7ec1,blinded-annotation-v2-shortrefs
C019,K022,judge_a,0,labeled,Sleep start delayed. No caffeine timing or intake history provided.,Requires caffeine timing and intake; no caffeine history is non-applicable.,Caffeine history absent; cannot attribute late sleep onset to caffeine.,qwen3.8-max,ec3836901588a04bd863d32a06b8cc75164ff00cf8073267bc8892003cae7ec1,blinded-annotation-v2-shortrefs
C019,K023,judge_a,0,labeled,Sleep start delayed. Meal timing and size information unknown.,Requires meal timing and size; meal information unknown.,Meal information unknown; cannot link sleep timing to heavy meals.,qwen3.8-max,ec3836901588a04bd863d32a06b8cc75164ff00cf8073267bc8892003cae7ec1,blinded-annotation-v2-shortrefs
C019,K024,judge_a,0,labeled,Sleep timing changed. No alcohol intake history provided.,Requires alcohol intake and timing; alcohol exposure unknown.,Alcohol use unknown; cannot link wearable sleep change to alcohol consumption.,qwen3.8-max,ec3836901588a04bd863d32a06b8cc75164ff00cf8073267bc8892003cae7ec1,blinded-annotation-v2-shortrefs
C019,K025,judge_a,0,labeled,Sleep timing changed. No nicotine use information provided.,Requires nicotine exposure; nicotine use unknown.,Nicotine use unknown; cannot attribute sleep changes to nicotine stimulation.,qwen3.8-max,ec3836901588a04bd863d32a06b8cc75164ff00cf8073267bc8892003cae7ec1,blinded-annotation-v2-shortrefs
C019,K026,judge_a,0,labeled,Sleep timing and duration changed. Bedroom environment unknown.,"Requires bedroom light, noise, or temperature; environment unknown.",Environment unknown; wearable times don't establish bedroom conditions.,qwen3.8-max,ec3836901588a04bd863d32a06b8cc75164ff00cf8073267bc8892003cae7ec1,blinded-annotation-v2-shortrefs
C019,K027,judge_a,0,labeled,Sleep start delayed to ~01:08. No pre-bed routine or relaxation difficulty reported.,Requires reported difficulty relaxing or request for routine options.,Optional routine practice; no evidence of relaxation difficulty or routine consideration.,qwen3.8-max,ec3836901588a04bd863d32a06b8cc75164ff00cf8073267bc8892003cae7ec1,blinded-annotation-v2-shortrefs
C019,K028,judge_a,0,labeled,No nap information recorded in the dataset.,Requires nap duration or night-time sleep-onset difficulty; nap history unknown is non-applicable.,Nap data absent; cannot apply nap duration or timing advice.,qwen3.8-max,ec3836901588a04bd863d32a06b8cc75164ff00cf8073267bc8892003cae7ec1,blinded-annotation-v2-shortrefs
C019,K029,judge_a,0,labeled,Sleep start shifted from ~22:53 to ~01:08. No shift-work information available.,Requires confirmed shift-work schedule; shift work unknown.,Shift work context is absent; cannot apply shift-work sleep adjustment advice.,qwen3.8-max,ec3836901588a04bd863d32a06b8cc75164ff00cf8073267bc8892003cae7ec1,blinded-annotation-v2-shortrefs
C019,K030,judge_a,0,labeled,No shift work information provided.,Requires confirmed shift work; no confirmed shift work is non-applicable.,Shift work not established; item specific to shift workers only.,qwen3.8-max,ec3836901588a04bd863d32a06b8cc75164ff00cf8073267bc8892003cae7ec1,blinded-annotation-v2-shortrefs
C019,K031,judge_a,0,labeled,No shift work or caffeine intake information provided.,Requires shift schedule and caffeine intake; both unknown is non-applicable.,Shift work and caffeine use unknown; item conditions not met.,qwen3.8-max,ec3836901588a04bd863d32a06b8cc75164ff00cf8073267bc8892003cae7ec1,blinded-annotation-v2-shortrefs
C019,K032,judge_a,0,labeled,Sleep occurs overnight (01:00-07:00). No shift work or daytime sleep indicated.,Requires daytime sleep associated with shift work; ordinary overnight sleep is non-applicable.,"Sleep is overnight, not daytime; shift work not established.",qwen3.8-max,ec3836901588a04bd863d32a06b8cc75164ff00cf8073267bc8892003cae7ec1,blinded-annotation-v2-shortrefs
C019,K033,judge_a,0,labeled,Sleep pattern changed. No awakenings or naps recorded in the data.,Awakenings and naps need separate records if absent; inventing unrecorded data is non-applicable.,Generic diary advice; no awakenings or naps recorded to preserve sequence for.,qwen3.8-max,ec3836901588a04bd863d32a06b8cc75164ff00cf8073267bc8892003cae7ec1,blinded-annotation-v2-shortrefs
C019,K034,judge_a,2,labeled,"14 consecutive nights of ~5.5h sleep in window, down from ~7.8h baseline.",Several shortened nights rather than single reading; current persistence differs from resolved change.,Core directly explains that the persistent 14-night sleep reduction accumulates as sleep debt.,qwen3.8-max,ec3836901588a04bd863d32a06b8cc75164ff00cf8073267bc8892003cae7ec1,blinded-annotation-v2-shortrefs
C019,K035,judge_a,0,labeled,Weekend vs weekday sleep duration similar in both periods. Workdays/days off unknown.,Requires longer sleep on days off; assumes every weekend is a day off is non-applicable.,No substantial weekend/weekday difference observed; work schedule unknown.,qwen3.8-max,ec3836901588a04bd863d32a06b8cc75164ff00cf8073267bc8892003cae7ec1,blinded-annotation-v2-shortrefs
C019,K036,judge_a,0,labeled,No nap information recorded in the dataset.,Requires recorded naps; no nap information is non-applicable.,Nap data absent; cannot evaluate whether naps compensated for lost night sleep.,qwen3.8-max,ec3836901588a04bd863d32a06b8cc75164ff00cf8073267bc8892003cae7ec1,blinded-annotation-v2-shortrefs
C019,K037,judge_a,0,labeled,Persistent short sleep for 14 days. No reported bad night or insomnia symptoms.,Requires reported bad sleep or insomnia symptoms; device estimate without difficulty is non-applicable.,No insomnia symptoms reported; persistent pattern differs from isolated bad night.,qwen3.8-max,ec3836901588a04bd863d32a06b8cc75164ff00cf8073267bc8892003cae7ec1,blinded-annotation-v2-shortrefs
C019,K038,judge_a,0,labeled,14-day window of short sleep. No symptom history or reported sleeping difficulties.,Requires symptom history and onset; diagnosing from estimated hours is non-applicable.,Only 14 days of device estimates without symptom history; cannot categorize insomnia.,qwen3.8-max,ec3836901588a04bd863d32a06b8cc75164ff00cf8073267bc8892003cae7ec1,blinded-annotation-v2-shortrefs
C019,K039,judge_a,0,labeled,Sleep start shifted ~2.3 hours later. No travel history provided.,"Requires confirmed travel, destination time zone, and trip duration.",No travel history; timing change alone doesn't establish jet lag.,qwen3.8-max,ec3836901588a04bd863d32a06b8cc75164ff00cf8073267bc8892003cae7ec1,blinded-annotation-v2-shortrefs
C019,K040,judge_a,0,labeled,Sleep timing shifted. No travel or trip information provided.,Requires trip duration and time-zone change; travel context unknown.,Travel context unknown; cannot apply short-trip sleep advice.,qwen3.8-max,ec3836901588a04bd863d32a06b8cc75164ff00cf8073267bc8892003cae7ec1,blinded-annotation-v2-shortrefs
C019,K041,judge_a,0,labeled,"Activity duration stable (~55 min), steps dropped. Intensity unknown.",Intensity information needed to count recommended aerobic minutes.,Generic advice; intensity unknown so it cannot specifically explain the observed pattern.,qwen3.8-max,ec3836901588a04bd863d32a06b8cc75164ff00cf8073267bc8892003cae7ec1,blinded-annotation-v2-shortrefs
C019,K042,judge_a,0,labeled,Steps declined. Health and mobility context for exercise prescription unknown.,Requires health and mobility context; prescribing from wearables alone is non-applicable.,Health/mobility context unknown; cannot prescribe gradual buildup from wearable data.,qwen3.8-max,ec3836901588a04bd863d32a06b8cc75164ff00cf8073267bc8892003cae7ec1,blinded-annotation-v2-shortrefs
C019,K043,judge_a,0,labeled,Activity duration ~55 min/day. Intensity is 'unknown' for all intervals.,Requires known activity intensity; only unspecified active minutes is non-applicable.,Intensity unknown; cannot determine if moderate-intensity guideline is met.,qwen3.8-max,ec3836901588a04bd863d32a06b8cc75164ff00cf8073267bc8892003cae7ec1,blinded-annotation-v2-shortrefs
C019,K044,judge_a,0,labeled,Activity intensity is 'unknown' for all intervals. No vigorous activity documented.,Requires known vigorous intensity; non-applicable when intensity unknown.,Intensity unknown; cannot apply vigorous activity targets to these observations.,qwen3.8-max,ec3836901588a04bd863d32a06b8cc75164ff00cf8073267bc8892003cae7ec1,blinded-annotation-v2-shortrefs
C019,K045,judge_a,0,labeled,Activity duration ~55 min. Intensity unknown for all recorded intervals.,Requires intensity for counting guideline minutes; assuming every minute is moderate is non-applicable.,Intensity unknown; cannot apply activity-splitting advice to guideline compliance.,qwen3.8-max,ec3836901588a04bd863d32a06b8cc75164ff00cf8073267bc8892003cae7ec1,blinded-annotation-v2-shortrefs
C019,K046,judge_a,0,labeled,Only steps and activity duration recorded. No strengthening activity data.,Requires strengthening activity records; only step/generic movement counts is non-applicable.,No strengthening data available; steps don't indicate muscle-strengthening activity.,qwen3.8-max,ec3836901588a04bd863d32a06b8cc75164ff00cf8073267bc8892003cae7ec1,blinded-annotation-v2-shortrefs
C019,K047,judge_a,0,labeled,Activity intensity unknown. Weekly duration and intensity unverified.,Requires known intensity and weekly duration; unknown intensity is non-applicable.,Intensity unknown; cannot assess if guideline minimums are reached for additional benefits.,qwen3.8-max,ec3836901588a04bd863d32a06b8cc75164ff00cf8073267bc8892003cae7ec1,blinded-annotation-v2-shortrefs
C019,K048,judge_a,0,labeled,Activity intensity 'unknown'. Steps and active minutes recorded without fitness context.,Requires fitness or perceived effort; inferring intensity from steps alone is non-applicable.,Intensity unknown and fitness context absent; cannot assign intensity from movement totals.,qwen3.8-max,ec3836901588a04bd863d32a06b8cc75164ff00cf8073267bc8892003cae7ec1,blinded-annotation-v2-shortrefs
C019,K049,judge_a,0,labeled,All activity intervals have 'unknown' intensity. No breathing or talk-test observation.,Requires aerobic activity and breathing/talk-test observation; effort unrecorded is non-applicable.,Intensity unknown; talk test cannot be applied to these observations.,qwen3.8-max,ec3836901588a04bd863d32a06b8cc75164ff00cf8073267bc8892003cae7ec1,blinded-annotation-v2-shortrefs
C019,K050,judge_a,2,labeled,"Window steps dropped to ~2643/day from baseline ~7985, while activity duration stayed ~55 min.",Steps changed while other activity may differ; intensity unknown for recorded activity intervals.,Directly explains why the large step decline does not necessarily mean all physical activity decreased.,qwen3.8-max,ec3836901588a04bd863d32a06b8cc75164ff00cf8073267bc8892003cae7ec1,blinded-annotation-v2-shortrefs
C019,K051,judge_a,0,labeled,Steps declined from ~7985 to ~2643. Mobility and transport context unknown.,Requires mobility and transport context for specific options.,"Generic suggestion about walking; transport context unknown, no concrete connection.",qwen3.8-max,ec3836901588a04bd863d32a06b8cc75164ff00cf8073267bc8892003cae7ec1,blinded-annotation-v2-shortrefs
C019,K052,judge_a,0,labeled,Steps declined. Personal preferences and availability unknown.,Requires personal preferences and availability; prescribing without context is non-applicable.,Preferences unknown; generic planning advice without concrete connection to observations.,qwen3.8-max,ec3836901588a04bd863d32a06b8cc75164ff00cf8073267bc8892003cae7ec1,blinded-annotation-v2-shortrefs
C019,K053,judge_a,0,labeled,Steps declined. No social preferences or motivational barriers reported.,Requires social preferences or reported motivational barrier; no evidence of such barrier.,No evidence of motivational or social barrier; generic suggestion.,qwen3.8-max,ec3836901588a04bd863d32a06b8cc75164ff00cf8073267bc8892003cae7ec1,blinded-annotation-v2-shortrefs
C019,K054,judge_a,0,labeled,Steps declined. No reported time barrier or daily schedule provided.,Requires actual daily schedule and time barrier; assuming time barrier from low steps is non-applicable.,Time barrier not reported; cannot assume scheduling issue from step decline.,qwen3.8-max,ec3836901588a04bd863d32a06b8cc75164ff00cf8073267bc8892003cae7ec1,blinded-annotation-v2-shortrefs
C019,K055,judge_a,0,labeled,Steps declined. Schedule constraints and competing demands unknown.,Requires schedule constraints; schedule reason unknown is non-applicable.,Schedule context unknown; cannot attribute step decline to calendar crowding.,qwen3.8-max,ec3836901588a04bd863d32a06b8cc75164ff00cf8073267bc8892003cae7ec1,blinded-annotation-v2-shortrefs
C019,K056,judge_a,0,labeled,Activity and sleep changed. No chronic health condition or disability reported.,Requires relevant health condition and activity safety history; medical context unknown.,Medical context unknown; wearable data doesn't supply this information.,qwen3.8-max,ec3836901588a04bd863d32a06b8cc75164ff00cf8073267bc8892003cae7ec1,blinded-annotation-v2-shortrefs
C019,K057,judge_a,0,labeled,Low movement intervals ~45 min each. Posture and mobility context unknown.,Requires mobility and posture context for sitting claim; low movement due to non-wear/sleep excluded.,Device low movement is not confirmed sitting; posture context unavailable.,qwen3.8-max,ec3836901588a04bd863d32a06b8cc75164ff00cf8073267bc8892003cae7ec1,blinded-annotation-v2-shortrefs
C019,K058,judge_a,0,labeled,"Activity duration ~55 min, low movement ~451 min. Sitting posture not confirmed.",Requires sitting posture and known intensity; assuming low-movement proves sitting is non-applicable.,Device low movement is not confirmed sitting; cannot apply prolonged-sitting concern.,qwen3.8-max,ec3836901588a04bd863d32a06b8cc75164ff00cf8073267bc8892003cae7ec1,blinded-annotation-v2-shortrefs
C019,K059,judge_a,0,labeled,"Low movement minutes stable: baseline mean 449, window mean 451. Device low movement is not confirmed sitting.",Requires confirmed sitting for sedentary-time conclusion; device low movement is not posture.,No confirmed sitting increase; low movement unchanged and cannot be equated to sitting.,qwen3.8-max,ec3836901588a04bd863d32a06b8cc75164ff00cf8073267bc8892003cae7ec1,blinded-annotation-v2-shortrefs
C019,K060,judge_a,0,labeled,Low movement recorded. Commute and transport context unknown.,"Requires transport, mobility, and safety context; commute unknown.",Commute unknown; generic suggestion without concrete connection to observations.,qwen3.8-max,ec3836901588a04bd863d32a06b8cc75164ff00cf8073267bc8892003cae7ec1,blinded-annotation-v2-shortrefs
C019,K061,judge_a,0,labeled,Low movement intervals present. Workplace layout and desk work context unknown.,Requires workplace layout and ability to walk; work context unknown.,Work context unknown; generic suggestion with no concrete connection to observations.,qwen3.8-max,ec3836901588a04bd863d32a06b8cc75164ff00cf8073267bc8892003cae7ec1,blinded-annotation-v2-shortrefs
C019,K062,judge_a,0,labeled,Low movement recorded. Workplace and meeting context unknown.,Requires workplace and mobility context; no workplace information.,Workplace context unknown; generic suggestion without concrete connection.,qwen3.8-max,ec3836901588a04bd863d32a06b8cc75164ff00cf8073267bc8892003cae7ec1,blinded-annotation-v2-shortrefs
C019,K063,judge_a,0,labeled,Low movement recorded. Television-viewing context unknown.,Requires television-viewing context; screen habits unknown is non-applicable.,Screen habits unknown; cannot link low movement to television viewing.,qwen3.8-max,ec3836901588a04bd863d32a06b8cc75164ff00cf8073267bc8892003cae7ec1,blinded-annotation-v2-shortrefs
C019,K064,judge_a,0,labeled,"Low movement recorded. Leisure context, routine, and preferences unknown.","Requires routine, preferences, and mobility; no leisure context is non-applicable.",Leisure context unknown; generic suggestion without concrete connection.,qwen3.8-max,ec3836901588a04bd863d32a06b8cc75164ff00cf8073267bc8892003cae7ec1,blinded-annotation-v2-shortrefs
C019,K065,judge_a,1,labeled,Activity duration ~55 min/day stable while steps dropped ~67%. Everyday movement recorded.,Low everyday movement despite possible formal exercise; unobserved periods not counted as inactivity.,Supports distinguishing recorded everyday movement from formal exercise sessions.,qwen3.8-max,ec3836901588a04bd863d32a06b8cc75164ff00cf8073267bc8892003cae7ec1,blinded-annotation-v2-shortrefs
C019,K066,judge_a,0,labeled,Daytime low movement ~451 min in window. Workday lunch-break context unknown.,Requires known workday lunch-break access and mobility.,Work context unknown; only superficial keyword match on low movement.,qwen3.8-max,ec3836901588a04bd863d32a06b8cc75164ff00cf8073267bc8892003cae7ec1,blinded-annotation-v2-shortrefs
C019,K067,judge_a,0,labeled,Steps declined. Stair access and safe mobility context unknown.,Requires stair access and safe mobility; context unknown.,Mobility context unknown; generic suggestion without concrete connection.,qwen3.8-max,ec3836901588a04bd863d32a06b8cc75164ff00cf8073267bc8892003cae7ec1,blinded-annotation-v2-shortrefs
C019,K068,judge_a,1,labeled,Low movement ~451 min/day. Device metadata states low movement is not posture.,Low-movement intervals available without posture measurement; requires posture to establish sitting.,Directly supports that recorded low movement cannot be automatically labeled as confirmed sitting.,qwen3.8-max,ec3836901588a04bd863d32a06b8cc75164ff00cf8073267bc8892003cae7ec1,blinded-annotation-v2-shortrefs
C019,K069,judge_a,0,labeled,Activity duration stable while sleep duration dropped sharply. Paired r=-0.15 in window.,Cannot declare causal effect from paired observations; general benefit statement.,Generic benefit statement; temporal co-occurrence doesn't imply causation per instructions.,qwen3.8-max,ec3836901588a04bd863d32a06b8cc75164ff00cf8073267bc8892003cae7ec1,blinded-annotation-v2-shortrefs
C019,K070,judge_a,0,labeled,Activity duration stable ~55 min. Outdoor access and mobility unknown.,Requires outdoor access and mobility; inferring outdoor exposure from movement is non-applicable.,Generic routine advice; outdoor exposure cannot be inferred from movement counts.,qwen3.8-max,ec3836901588a04bd863d32a06b8cc75164ff00cf8073267bc8892003cae7ec1,blinded-annotation-v2-shortrefs
C019,K071,judge_a,0,labeled,Activity intervals at 21:00-22:00 daily. Intensity is 'unknown'. Sleep starts ~01:08 in window.,Requires intensity and actual timing relative to bedtime; assuming late movement is intense is non-applicable.,Activity intensity unknown; cannot apply intense-exercise-before-bed advice.,qwen3.8-max,ec3836901588a04bd863d32a06b8cc75164ff00cf8073267bc8892003cae7ec1,blinded-annotation-v2-shortrefs
C019,K072,judge_a,0,labeled,"Activity at 21:00, sleep at ~01:08. No reported insomnia symptoms.",Requires exercise and insomnia symptom history; only timestamps known is non-applicable.,Insomnia not reported; temporal adjacency alone doesn't establish insomnia or causation.,qwen3.8-max,ec3836901588a04bd863d32a06b8cc75164ff00cf8073267bc8892003cae7ec1,blinded-annotation-v2-shortrefs
C019,K073,judge_a,1,labeled,Activity intervals at 21:00 daily. Sleep attributed to wake date per instructions.,Activity intervals needed for timing comparisons; daytime activity precedes next night's sleep.,Supports correct temporal alignment: day t activity precedes sleep waking on t+1.,qwen3.8-max,ec3836901588a04bd863d32a06b8cc75164ff00cf8073267bc8892003cae7ec1,blinded-annotation-v2-shortrefs
C019,K074,judge_a,0,labeled,No emergency-response deployment context indicated.,Requires confirmed emergency-response deployment context; context unknown is non-applicable.,Deployment context unknown; item not applicable to general population observations.,qwen3.8-max,ec3836901588a04bd863d32a06b8cc75164ff00cf8073267bc8892003cae7ec1,blinded-annotation-v2-shortrefs
C019,K075,judge_a,0,labeled,Sleep shortened. No subjective energy pattern or tiredness history reported.,Requires subjective energy pattern and availability; no tiredness history.,Energy/tiredness data absent; wearable sleep hours don't establish preferred activity time.,qwen3.8-max,ec3836901588a04bd863d32a06b8cc75164ff00cf8073267bc8892003cae7ec1,blinded-annotation-v2-shortrefs
C019,K076,judge_a,0,labeled,Sleep and activity patterns changed. No substance or medication history provided.,Requires substance and medication history for causal interpretation.,No diary data available; generic advice about avoiding misattribution without concrete connection.,qwen3.8-max,ec3836901588a04bd863d32a06b8cc75164ff00cf8073267bc8892003cae7ec1,blinded-annotation-v2-shortrefs
C019,K077,judge_a,1,labeled,Daily RHR recorded at 55-57 bpm across both periods.,Resting heart rate observations available; measured while still and well-rested.,Contextualizes how the reported daily RHR metric should be interpreted.,qwen3.8-max,ec3836901588a04bd863d32a06b8cc75164ff00cf8073267bc8892003cae7ec1,blinded-annotation-v2-shortrefs
C019,K078,judge_a,1,labeled,Daily RHR 55-57 bpm recorded. Metadata defines night RMSSD separately.,Daily resting heart-rate trend being interpreted; measure and collection context known.,Clarifies distinction between daily RHR and sleeping heart rate in the dataset.,qwen3.8-max,ec3836901588a04bd863d32a06b8cc75164ff00cf8073267bc8892003cae7ec1,blinded-annotation-v2-shortrefs
C019,K079,judge_a,0,labeled,RHR stable at 55-57 bpm across both periods. No meaningful change observed.,Requires RHR changes relative to previous readings; inferring cause from rise alone is non-applicable.,RHR essentially unchanged; no rise to explain or attribute causes to.,qwen3.8-max,ec3836901588a04bd863d32a06b8cc75164ff00cf8073267bc8892003cae7ec1,blinded-annotation-v2-shortrefs
C019,K080,judge_a,1,labeled,RHR ~56 bpm and HRV RMSSD ~44.9 ms reported together for same sleep periods.,HRV and heart-rate estimates interpreted together; HRV is not average heart rate.,Clarifies that the two distinct metrics reported in the data should not be conflated.,qwen3.8-max,ec3836901588a04bd863d32a06b8cc75164ff00cf8073267bc8892003cae7ec1,blinded-annotation-v2-shortrefs
C019,K081,judge_a,1,labeled,HRV RMSSD stable at ~44.9 ms. Personal history available via 28-day baseline.,Personal history and consistent measurement context available for review.,Supports interpreting HRV against personal baseline rather than universal norms.,qwen3.8-max,ec3836901588a04bd863d32a06b8cc75164ff00cf8073267bc8892003cae7ec1,blinded-annotation-v2-shortrefs
C019,K082,judge_a,1,labeled,28-day baseline provides personal range context for 14-day window comparison.,Sufficient same-metric personal history available for trend context.,Supports using the 28-day baseline as personal range context for evaluating window changes.,qwen3.8-max,ec3836901588a04bd863d32a06b8cc75164ff00cf8073267bc8892003cae7ec1,blinded-annotation-v2-shortrefs
C019,K083,judge_a,0,labeled,RHR stable at 55-57 bpm. No persistent trend change observed.,Requires repeated readings or recent change; concluding trend from one reading is non-applicable.,RHR stable; no trend change requiring multi-day follow-up context.,qwen3.8-max,ec3836901588a04bd863d32a06b8cc75164ff00cf8073267bc8892003cae7ec1,blinded-annotation-v2-shortrefs
C019,K084,judge_a,1,labeled,HRV RMSSD recorded nightly. Stable across both periods.,HRV trend available for wellness monitoring; diagnosing from HRV is non-applicable.,"Supported contextual reminder that HRV observations are for wellness, not diagnosis.",qwen3.8-max,ec3836901588a04bd863d32a06b8cc75164ff00cf8073267bc8892003cae7ec1,blinded-annotation-v2-shortrefs
C019,K085,judge_a,1,labeled,"HRV reported as hrv_rmssd_ms, stable at ~44.9 ms across periods.",HRV records identify RMSSD as their metric; metric formula established.,Confirms the HRV metric definition matches the device-reported RMSSD format.,qwen3.8-max,ec3836901588a04bd863d32a06b8cc75164ff00cf8073267bc8892003cae7ec1,blinded-annotation-v2-shortrefs
C019,K086,judge_a,1,labeled,HRV RMSSD stable at ~44.9 ms across periods. Window nighttime coverage 342-358 min.,Compatible Fitbit collection definition and sleep coverage >3 hours.,"Contextualizes HRV measurement validity given sufficient sleep coverage, though HRV itself didn't change.",qwen3.8-max,ec3836901588a04bd863d32a06b8cc75164ff00cf8073267bc8892003cae7ec1,blinded-annotation-v2-shortrefs
C019,K087,judge_a,0,labeled,Only sleep duration and timing are available. No sleep-stage data recorded.,Requires sleep-stage measurements; non-applicable when only duration/timing available.,Data lacks sleep stages; item explicitly non-applicable to these observations.,qwen3.8-max,ec3836901588a04bd863d32a06b8cc75164ff00cf8073267bc8892003cae7ec1,blinded-annotation-v2-shortrefs
C019,K088,judge_a,0,labeled,Vital trends observed. No reported health concerns or symptoms in the data.,Requires reported health concerns or symptoms; declaring emergency without context is non-applicable.,Generic guidance; no health concerns reported to trigger clinical conversation.,qwen3.8-max,ec3836901588a04bd863d32a06b8cc75164ff00cf8073267bc8892003cae7ec1,blinded-annotation-v2-shortrefs
C019,K089,judge_a,0,labeled,RHR stable at 55-57 bpm. No evidence of fit problems or wear quality changes.,Requires device placement/contact info; assuming fit problems without evidence is non-applicable.,No evidence of sensor fit issues; RHR stable throughout both periods.,qwen3.8-max,ec3836901588a04bd863d32a06b8cc75164ff00cf8073267bc8892003cae7ec1,blinded-annotation-v2-shortrefs
C019,K090,judge_a,0,labeled,"Nighttime coverage 342-358 min in window, exceeding 180 min requirement. Vitals present.",Requires missing overnight readings or uncertain coverage; coverage is adequate here.,Adequate nighttime coverage throughout; no missing overnight vitals to troubleshoot.,qwen3.8-max,ec3836901588a04bd863d32a06b8cc75164ff00cf8073267bc8892003cae7ec1,blinded-annotation-v2-shortrefs
C019,K091,judge_a,0,labeled,All vitals present in both periods. Nighttime coverage >=342 min (>180 min threshold).,Requires missing vitals with limited night-time data; no missing readings here.,No vitals are missing and coverage exceeds thresholds; conditions not met.,qwen3.8-max,ec3836901588a04bd863d32a06b8cc75164ff00cf8073267bc8892003cae7ec1,blinded-annotation-v2-shortrefs
C019,K092,judge_a,0,labeled,All vitals present with adequate coverage. No missing or delayed readings.,Requires missing or delayed vitals; treating unsupported metrics as zeros is non-applicable.,No missing data issues; all metrics recorded successfully throughout both periods.,qwen3.8-max,ec3836901588a04bd863d32a06b8cc75164ff00cf8073267bc8892003cae7ec1,blinded-annotation-v2-shortrefs
C019,K093,judge_a,0,labeled,Single synthetic device used throughout. No device switch indicated.,Requires device or algorithm change; assuming switch in same-device series is non-applicable.,Same device used throughout; no cross-device comparison issue.,qwen3.8-max,ec3836901588a04bd863d32a06b8cc75164ff00cf8073267bc8892003cae7ec1,blinded-annotation-v2-shortrefs
C019,K094,judge_a,1,labeled,Sleep duration estimated from device. Sleep boundaries (start/end) also recorded.,Device-estimated sleep duration and boundaries available; estimated sleep differs from full period.,"Contextualizes that reported sleep_duration_minutes is an estimate, not total time in bed.",qwen3.8-max,ec3836901588a04bd863d32a06b8cc75164ff00cf8073267bc8892003cae7ec1,blinded-annotation-v2-shortrefs
C019,K095,judge_a,0,labeled,"Nighttime coverage 342-358 min in window, 482-497 min in baseline. All nights recorded.",Requires absent sleep readings with non-wear; all nights have valid coverage.,No missing sleep observations; device was worn overnight throughout both periods.,qwen3.8-max,ec3836901588a04bd863d32a06b8cc75164ff00cf8073267bc8892003cae7ec1,blinded-annotation-v2-shortrefs
C019,K096,judge_a,2,labeled,Steps dropped ~67% while activity duration remained stable at ~55 min/day.,Step readings change with possible measurement limitations; arm swing needed for step counting.,Core directly explains why steps can drop dramatically without proportional activity duration change.,qwen3.8-max,ec3836901588a04bd863d32a06b8cc75164ff00cf8073267bc8892003cae7ec1,blinded-annotation-v2-shortrefs
C020,K001,judge_a,2,labeled,Sleep duration ~470 min (7.8h) for age band 18-60.,Requires age band 18-60 and sleep duration review.,Directly explains the applicable sleep recommendation for this adult's observed duration.,qwen3.8-max,b6b497964800c74f0cb5e13c3a5602581ea8fb2b39cd93f5335e05e645988bc2,blinded-annotation-v2-shortrefs
C020,K002,judge_a,0,labeled,Age band is 18-60.,Requires age 61 to 64 established.,Age group not 61-64; conditions contradicted by metadata.,qwen3.8-max,b6b497964800c74f0cb5e13c3a5602581ea8fb2b39cd93f5335e05e645988bc2,blinded-annotation-v2-shortrefs
C020,K003,judge_a,0,labeled,Age band is 18-60.,Requires age at least 65.,Age below 65; item conditions contradicted by metadata.,qwen3.8-max,b6b497964800c74f0cb5e13c3a5602581ea8fb2b39cd93f5335e05e645988bc2,blinded-annotation-v2-shortrefs
C020,K004,judge_a,0,labeled,Age band is 18-60.,Requires teenage age group 13-17.,"Subject is adult, not teenager; item conditions contradicted by metadata.",qwen3.8-max,b6b497964800c74f0cb5e13c3a5602581ea8fb2b39cd93f5335e05e645988bc2,blinded-annotation-v2-shortrefs
C020,K005,judge_a,0,labeled,Sleep duration stable ~470 min; no schedule constraint evidence.,Requires repeatedly shortened sleep opportunity or duration.,No evidence of insufficient sleep; conditions not met.,qwen3.8-max,b6b497964800c74f0cb5e13c3a5602581ea8fb2b39cd93f5335e05e645988bc2,blinded-annotation-v2-shortrefs
C020,K006,judge_a,0,labeled,"Sleep duration ~470 min (7.8h), above 7h recommendation.",Requires consistently short sleep even without new decline.,Sleep duration is sufficient for age group; conditions not met.,qwen3.8-max,b6b497964800c74f0cb5e13c3a5602581ea8fb2b39cd93f5335e05e645988bc2,blinded-annotation-v2-shortrefs
C020,K007,judge_a,1,labeled,Sleep duration stable ~470 min/night across both periods.,Requires sleep duration recorded but quality unknown.,"Contextual reminder that stable duration does not confirm sleep quality, which is unmeasured here.",qwen3.8-max,b6b497964800c74f0cb5e13c3a5602581ea8fb2b39cd93f5335e05e645988bc2,blinded-annotation-v2-shortrefs
C020,K008,judge_a,0,labeled,No awakening history or sleep continuity data recorded.,Requires awakening history or measured sleep continuity.,Only duration and start/end available; cannot assess awakenings.,qwen3.8-max,b6b497964800c74f0cb5e13c3a5602581ea8fb2b39cd93f5335e05e645988bc2,blinded-annotation-v2-shortrefs
C020,K009,judge_a,0,labeled,Sleep ~470 min (<8 hours); no refreshment data.,Requires >8 hours sleep with reported lack of refreshment.,Sleep under 8 hours and no refreshment info; conditions not met.,qwen3.8-max,b6b497964800c74f0cb5e13c3a5602581ea8fb2b39cd93f5335e05e645988bc2,blinded-annotation-v2-shortrefs
C020,K010,judge_a,0,labeled,Sleep duration stable ~470 min; no cognitive symptoms.,Requires symptoms to claim actual cognitive impairment.,No repeatedly shortened sleep or symptoms; generic background.,qwen3.8-max,b6b497964800c74f0cb5e13c3a5602581ea8fb2b39cd93f5335e05e645988bc2,blinded-annotation-v2-shortrefs
C020,K011,judge_a,0,labeled,Sleep duration stable ~470 min; no repeated sleep loss.,Requires several nights of reduced sleep duration.,No repeated sleep restriction observed; conditions not met.,qwen3.8-max,b6b497964800c74f0cb5e13c3a5602581ea8fb2b39cd93f5335e05e645988bc2,blinded-annotation-v2-shortrefs
C020,K012,judge_a,0,labeled,Sleep duration stable ~470 min; no infection indicators.,Requires ongoing insufficient sleep.,No insufficient sleep observed; generic background.,qwen3.8-max,b6b497964800c74f0cb5e13c3a5602581ea8fb2b39cd93f5335e05e645988bc2,blinded-annotation-v2-shortrefs
C020,K013,judge_a,0,labeled,Sleep duration stable ~470 min; no appetite data.,Requires food intake or appetite information for individual claims.,No evidence of insufficient sleep or appetite change; generic background.,qwen3.8-max,b6b497964800c74f0cb5e13c3a5602581ea8fb2b39cd93f5335e05e645988bc2,blinded-annotation-v2-shortrefs
C020,K014,judge_a,0,labeled,No reported sleepiness or driving context in data.,Requires reported sleepiness and driving plans.,Sleepiness and driving context unknown; only superficial keyword match to sleep.,qwen3.8-max,b6b497964800c74f0cb5e13c3a5602581ea8fb2b39cd93f5335e05e645988bc2,blinded-annotation-v2-shortrefs
C020,K015,judge_a,1,labeled,Sleep duration ~470 min/night (7.8 hours) for adult 18-60.,Requires adult sleep duration being reviewed with individual experience.,Provides context that 7.8h sleep may be adequate depending on individual needs.,qwen3.8-max,b6b497964800c74f0cb5e13c3a5602581ea8fb2b39cd93f5335e05e645988bc2,blinded-annotation-v2-shortrefs
C020,K016,judge_a,0,labeled,No reported sleeping difficulties; 14-day window only.,Requires months-long sleeping difficulties or failed habit changes.,Brief duration record without reported problems; conditions not met.,qwen3.8-max,b6b497964800c74f0cb5e13c3a5602581ea8fb2b39cd93f5335e05e645988bc2,blinded-annotation-v2-shortrefs
C020,K017,judge_a,1,labeled,Sleep start varies ~22:42-22:57; sleep end fixed at 07:00 daily.,Requires repeated variability in bedtime or wake time.,"Bedtime varies slightly (~15 min range); item provides context for consistency review, though variation is small.",qwen3.8-max,b6b497964800c74f0cb5e13c3a5602581ea8fb2b39cd93f5335e05e645988bc2,blinded-annotation-v2-shortrefs
C020,K018,judge_a,0,labeled,Wake time fixed at 07:00 daily; no sleeping difficulties reported.,Requires inconsistent wake time with reported sleeping difficulties.,Wake time consistent and no insomnia symptoms; conditions not met.,qwen3.8-max,b6b497964800c74f0cb5e13c3a5602581ea8fb2b39cd93f5335e05e645988bc2,blinded-annotation-v2-shortrefs
C020,K019,judge_a,0,labeled,Weekday/weekend sleep start difference <2 min in window.,Requires bedtime or wake time differs substantially between weekdays and weekends.,Weekday and weekend sleep times are similar; conditions not met.,qwen3.8-max,b6b497964800c74f0cb5e13c3a5602581ea8fb2b39cd93f5335e05e645988bc2,blinded-annotation-v2-shortrefs
C020,K020,judge_a,0,labeled,No pre-bed activity information recorded beyond timestamps.,Requires information about pre-bed activities.,Bedtime routine content unknown; item conditions not met.,qwen3.8-max,b6b497964800c74f0cb5e13c3a5602581ea8fb2b39cd93f5335e05e645988bc2,blinded-annotation-v2-shortrefs
C020,K021,judge_a,0,labeled,No screen or light exposure data recorded.,Requires known bright-screen exposure shortly before bed.,Exposure unknown; item conditions not met.,qwen3.8-max,b6b497964800c74f0cb5e13c3a5602581ea8fb2b39cd93f5335e05e645988bc2,blinded-annotation-v2-shortrefs
C020,K022,judge_a,0,labeled,No caffeine timing or intake data recorded.,Requires caffeine timing and intake.,Caffeine history unknown; item conditions not met.,qwen3.8-max,b6b497964800c74f0cb5e13c3a5602581ea8fb2b39cd93f5335e05e645988bc2,blinded-annotation-v2-shortrefs
C020,K023,judge_a,0,labeled,No meal timing or size data recorded.,Requires known large meal shortly before bed.,Meal information unknown; item conditions not met.,qwen3.8-max,b6b497964800c74f0cb5e13c3a5602581ea8fb2b39cd93f5335e05e645988bc2,blinded-annotation-v2-shortrefs
C020,K024,judge_a,0,labeled,No alcohol intake data recorded.,Requires alcohol intake and timing.,Alcohol exposure unknown; item conditions not met.,qwen3.8-max,b6b497964800c74f0cb5e13c3a5602581ea8fb2b39cd93f5335e05e645988bc2,blinded-annotation-v2-shortrefs
C020,K025,judge_a,0,labeled,No nicotine use data recorded.,Requires nicotine exposure.,Nicotine use unknown; item conditions not met.,qwen3.8-max,b6b497964800c74f0cb5e13c3a5602581ea8fb2b39cd93f5335e05e645988bc2,blinded-annotation-v2-shortrefs
C020,K026,judge_a,0,labeled,No bedroom environment data recorded.,"Requires bedroom light, noise, or temperature.",Environment unknown; item conditions not met.,qwen3.8-max,b6b497964800c74f0cb5e13c3a5602581ea8fb2b39cd93f5335e05e645988bc2,blinded-annotation-v2-shortrefs
C020,K027,judge_a,0,labeled,No reported difficulty relaxing or routine request.,Requires reported difficulty relaxing or request for routine options.,No stress or relaxation context inferred from wearable signals.,qwen3.8-max,b6b497964800c74f0cb5e13c3a5602581ea8fb2b39cd93f5335e05e645988bc2,blinded-annotation-v2-shortrefs
C020,K028,judge_a,0,labeled,No nap history recorded.,Requires nap duration or history.,Nap history unknown; item conditions not met.,qwen3.8-max,b6b497964800c74f0cb5e13c3a5602581ea8fb2b39cd93f5335e05e645988bc2,blinded-annotation-v2-shortrefs
C020,K029,judge_a,0,labeled,No shift work schedule established.,Requires confirmed shift-work schedule.,Shift work unknown; item conditions not met.,qwen3.8-max,b6b497964800c74f0cb5e13c3a5602581ea8fb2b39cd93f5335e05e645988bc2,blinded-annotation-v2-shortrefs
C020,K030,judge_a,0,labeled,No shift work established in data.,Requires confirmed shift work.,Shift work unknown; item conditions not met.,qwen3.8-max,b6b497964800c74f0cb5e13c3a5602581ea8fb2b39cd93f5335e05e645988bc2,blinded-annotation-v2-shortrefs
C020,K031,judge_a,0,labeled,No shift work or caffeine data recorded.,Requires shift schedule and caffeine intake.,Shift work and caffeine unknown; conditions not met.,qwen3.8-max,b6b497964800c74f0cb5e13c3a5602581ea8fb2b39cd93f5335e05e645988bc2,blinded-annotation-v2-shortrefs
C020,K032,judge_a,0,labeled,"All sleep occurs overnight (start ~22:45, end 07:00).",Requires daytime sleep associated with shift work.,Only ordinary overnight sleep recorded; conditions contradicted.,qwen3.8-max,b6b497964800c74f0cb5e13c3a5602581ea8fb2b39cd93f5335e05e645988bc2,blinded-annotation-v2-shortrefs
C020,K033,judge_a,0,labeled,Sleep pattern stable; no awakenings or naps recorded.,Requires changed or variable sleep pattern needing review.,Sleep pattern not changed or variable; conditions not met.,qwen3.8-max,b6b497964800c74f0cb5e13c3a5602581ea8fb2b39cd93f5335e05e645988bc2,blinded-annotation-v2-shortrefs
C020,K034,judge_a,0,labeled,Sleep duration stable ~470 min across all 42 days.,Requires several shortened nights rather than single reading.,No repeatedly shortened sleep observed; conditions not met.,qwen3.8-max,b6b497964800c74f0cb5e13c3a5602581ea8fb2b39cd93f5335e05e645988bc2,blinded-annotation-v2-shortrefs
C020,K035,judge_a,0,labeled,"Weekday sleep mean 470.6 min, weekend 470.5 min in window.",Requires longer sleep and later timing on days off.,Weekday/weekend sleep similar; no extra sleep on days off observed.,qwen3.8-max,b6b497964800c74f0cb5e13c3a5602581ea8fb2b39cd93f5335e05e645988bc2,blinded-annotation-v2-shortrefs
C020,K036,judge_a,0,labeled,No nap information recorded in data.,Requires recorded naps.,Nap history unknown; item conditions not met.,qwen3.8-max,b6b497964800c74f0cb5e13c3a5602581ea8fb2b39cd93f5335e05e645988bc2,blinded-annotation-v2-shortrefs
C020,K037,judge_a,0,labeled,No reported bad sleep or insomnia symptoms.,Requires reported bad sleep or insomnia symptoms.,Only device estimates without reported difficulty; conditions not met.,qwen3.8-max,b6b497964800c74f0cb5e13c3a5602581ea8fb2b39cd93f5335e05e645988bc2,blinded-annotation-v2-shortrefs
C020,K038,judge_a,0,labeled,No reported sleeping difficulties; only 14 days window data.,Requires symptom history and onset for insomnia diagnosis.,Cannot diagnose insomnia from estimated sleep hours alone.,qwen3.8-max,b6b497964800c74f0cb5e13c3a5602581ea8fb2b39cd93f5335e05e645988bc2,blinded-annotation-v2-shortrefs
C020,K039,judge_a,0,labeled,No travel history recorded.,Requires confirmed travel and destination time zone.,Travel context unknown; item conditions not met.,qwen3.8-max,b6b497964800c74f0cb5e13c3a5602581ea8fb2b39cd93f5335e05e645988bc2,blinded-annotation-v2-shortrefs
C020,K040,judge_a,0,labeled,No travel context recorded.,Requires trip duration and time-zone change.,Travel context unknown; item conditions not met.,qwen3.8-max,b6b497964800c74f0cb5e13c3a5602581ea8fb2b39cd93f5335e05e645988bc2,blinded-annotation-v2-shortrefs
C020,K041,judge_a,0,labeled,"Activity dropped to ~9 min/day, intensity unknown.",Requires intensity info to count recommended aerobic minutes.,Generic everyone-applicable background; intensity unknown so cannot count guideline minutes.,qwen3.8-max,b6b497964800c74f0cb5e13c3a5602581ea8fb2b39cd93f5335e05e645988bc2,blinded-annotation-v2-shortrefs
C020,K042,judge_a,1,labeled,Activity duration dropped from ~54 to ~9 min/day in window.,Requires recently low or reduced physical activity.,Relevant context for gradual activity rebuilding after observed sharp reduction.,qwen3.8-max,b6b497964800c74f0cb5e13c3a5602581ea8fb2b39cd93f5335e05e645988bc2,blinded-annotation-v2-shortrefs
C020,K043,judge_a,0,labeled,Activity intensity is 'unknown' for all intervals.,Requires known activity intensity.,Only unspecified active minutes available; cannot determine moderate-intensity compliance.,qwen3.8-max,b6b497964800c74f0cb5e13c3a5602581ea8fb2b39cd93f5335e05e645988bc2,blinded-annotation-v2-shortrefs
C020,K044,judge_a,0,labeled,All activity intervals have intensity 'unknown'.,Requires known vigorous intensity.,Intensity unknown; cannot apply vigorous activity target.,qwen3.8-max,b6b497964800c74f0cb5e13c3a5602581ea8fb2b39cd93f5335e05e645988bc2,blinded-annotation-v2-shortrefs
C020,K045,judge_a,0,labeled,Activity intensity is 'unknown' for all intervals.,Requires intensity for counting guideline minutes.,Cannot assume recorded active minutes are moderate intensity.,qwen3.8-max,b6b497964800c74f0cb5e13c3a5602581ea8fb2b39cd93f5335e05e645988bc2,blinded-annotation-v2-shortrefs
C020,K046,judge_a,0,labeled,Only steps and active minutes recorded; no strengthening data.,Requires strengthening activity records including days and muscle groups.,Only step/movement counts available; cannot assess muscle strengthening.,qwen3.8-max,b6b497964800c74f0cb5e13c3a5602581ea8fb2b39cd93f5335e05e645988bc2,blinded-annotation-v2-shortrefs
C020,K047,judge_a,0,labeled,Activity intensity is 'unknown' for all intervals.,Requires known intensity and weekly duration.,Unknown intensity prevents assessing guideline attainment.,qwen3.8-max,b6b497964800c74f0cb5e13c3a5602581ea8fb2b39cd93f5335e05e645988bc2,blinded-annotation-v2-shortrefs
C020,K048,judge_a,1,labeled,Activity intensity labeled 'unknown' despite ~9 min/day in window.,Requires activity intensity needs interpretation.,Explains why unknown intensity cannot be assumed moderate or vigorous based on duration alone.,qwen3.8-max,b6b497964800c74f0cb5e13c3a5602581ea8fb2b39cd93f5335e05e645988bc2,blinded-annotation-v2-shortrefs
C020,K049,judge_a,0,labeled,Activity intensity is 'unknown'; no breathing/talk-test data.,Requires observed effort during aerobic activity.,Effort unrecorded; item conditions not met.,qwen3.8-max,b6b497964800c74f0cb5e13c3a5602581ea8fb2b39cd93f5335e05e645988bc2,blinded-annotation-v2-shortrefs
C020,K050,judge_a,1,labeled,Steps stable (~8000) while activity duration dropped from 54 to 9 min.,Requires steps change while other activity may differ.,Explains why stable steps do not rule out changes in non-step activity types.,qwen3.8-max,b6b497964800c74f0cb5e13c3a5602581ea8fb2b39cd93f5335e05e645988bc2,blinded-annotation-v2-shortrefs
C020,K051,judge_a,0,labeled,Steps stable ~8000; no transport context recorded.,Requires mobility and transport context for specific options.,Generic advice; transport context unknown.,qwen3.8-max,b6b497964800c74f0cb5e13c3a5602581ea8fb2b39cd93f5335e05e645988bc2,blinded-annotation-v2-shortrefs
C020,K052,judge_a,0,labeled,No personal preferences or availability recorded.,Requires personal preferences and availability.,Generic planning advice with no concrete connection to observed data.,qwen3.8-max,b6b497964800c74f0cb5e13c3a5602581ea8fb2b39cd93f5335e05e645988bc2,blinded-annotation-v2-shortrefs
C020,K053,judge_a,0,labeled,No social preferences or motivational barriers recorded.,Requires social preferences or reported motivational barrier.,No evidence of motivational barrier; generic advice.,qwen3.8-max,b6b497964800c74f0cb5e13c3a5602581ea8fb2b39cd93f5335e05e645988bc2,blinded-annotation-v2-shortrefs
C020,K054,judge_a,0,labeled,No reported time barrier recorded.,Requires actual daily schedule and time barrier.,Time barrier unknown; cannot assume from low activity.,qwen3.8-max,b6b497964800c74f0cb5e13c3a5602581ea8fb2b39cd93f5335e05e645988bc2,blinded-annotation-v2-shortrefs
C020,K055,judge_a,0,labeled,No schedule constraints or competing demands recorded.,Requires schedule constraints.,Schedule reason unknown; item conditions not met.,qwen3.8-max,b6b497964800c74f0cb5e13c3a5602581ea8fb2b39cd93f5335e05e645988bc2,blinded-annotation-v2-shortrefs
C020,K056,judge_a,0,labeled,No chronic condition or disability context recorded.,Requires relevant health condition and activity safety history.,Medical context unknown; item conditions not met.,qwen3.8-max,b6b497964800c74f0cb5e13c3a5602581ea8fb2b39cd93f5335e05e645988bc2,blinded-annotation-v2-shortrefs
C020,K057,judge_a,1,labeled,Low movement intervals span ~60 min each in window vs ~45 min in baseline.,Requires long uninterrupted daytime low-movement intervals with adequate wear.,"Relevant to observed longer low-movement blocks, though posture unconfirmed per guidelines.",qwen3.8-max,b6b497964800c74f0cb5e13c3a5602581ea8fb2b39cd93f5335e05e645988bc2,blinded-annotation-v2-shortrefs
C020,K058,judge_a,0,labeled,Low movement increased but posture unconfirmed; intensity unknown.,Requires sitting posture and known activity intensity.,Low-movement estimates do not prove sitting; intensity unknown.,qwen3.8-max,b6b497964800c74f0cb5e13c3a5602581ea8fb2b39cd93f5335e05e645988bc2,blinded-annotation-v2-shortrefs
C020,K059,judge_a,0,labeled,"Low movement increased to ~602 min/day, but posture unconfirmed.",Requires confirmed sitting for sedentary-time conclusion.,Device low movement is not confirmed sitting; cannot apply sedentary advice directly.,qwen3.8-max,b6b497964800c74f0cb5e13c3a5602581ea8fb2b39cd93f5335e05e645988bc2,blinded-annotation-v2-shortrefs
C020,K060,judge_a,0,labeled,No commute information recorded.,"Requires transport, mobility, and safety context.",Commute unknown; item conditions not met.,qwen3.8-max,b6b497964800c74f0cb5e13c3a5602581ea8fb2b39cd93f5335e05e645988bc2,blinded-annotation-v2-shortrefs
C020,K061,judge_a,0,labeled,No workplace layout information recorded.,Requires workplace layout and ability to walk.,Work context unknown; item conditions not met.,qwen3.8-max,b6b497964800c74f0cb5e13c3a5602581ea8fb2b39cd93f5335e05e645988bc2,blinded-annotation-v2-shortrefs
C020,K062,judge_a,0,labeled,No workplace or meeting information recorded.,Requires workplace and mobility context.,Work context unknown; item conditions not met.,qwen3.8-max,b6b497964800c74f0cb5e13c3a5602581ea8fb2b39cd93f5335e05e645988bc2,blinded-annotation-v2-shortrefs
C020,K063,judge_a,0,labeled,No television viewing context recorded.,Requires television-viewing context.,Screen habits unknown; item conditions not met.,qwen3.8-max,b6b497964800c74f0cb5e13c3a5602581ea8fb2b39cd93f5335e05e645988bc2,blinded-annotation-v2-shortrefs
C020,K064,judge_a,0,labeled,No leisure context or routine details recorded.,Requires substantial habitual seated leisure context.,Leisure context unknown; item conditions not met.,qwen3.8-max,b6b497964800c74f0cb5e13c3a5602581ea8fb2b39cd93f5335e05e645988bc2,blinded-annotation-v2-shortrefs
C020,K065,judge_a,1,labeled,Steps ~8000 daily while active minutes dropped to ~9.,Requires low everyday movement despite possible formal exercise.,Explains that everyday movement (steps) can exist separately from formal exercise (active minutes).,qwen3.8-max,b6b497964800c74f0cb5e13c3a5602581ea8fb2b39cd93f5335e05e645988bc2,blinded-annotation-v2-shortrefs
C020,K066,judge_a,0,labeled,No workday lunch-break context recorded.,Requires workday lunch-break access and mobility.,Lunch-break context unknown; item conditions not met.,qwen3.8-max,b6b497964800c74f0cb5e13c3a5602581ea8fb2b39cd93f5335e05e645988bc2,blinded-annotation-v2-shortrefs
C020,K067,judge_a,0,labeled,No stair access or mobility context recorded.,Requires stair access and safe mobility.,Context unknown; generic advice with no concrete connection.,qwen3.8-max,b6b497964800c74f0cb5e13c3a5602581ea8fb2b39cd93f5335e05e645988bc2,blinded-annotation-v2-shortrefs
C020,K068,judge_a,2,labeled,Low movement increased from ~450 to ~602 min/day without posture data.,Requires low-movement intervals without posture measurement.,Directly explains that increased low_movement_minutes cannot be automatically labeled as confirmed sitting.,qwen3.8-max,b6b497964800c74f0cb5e13c3a5602581ea8fb2b39cd93f5335e05e645988bc2,blinded-annotation-v2-shortrefs
C020,K069,judge_a,0,labeled,Activity dropped sharply but sleep remained stable ~470 min.,Requires declaring causal effect from paired observations.,Generic benefit statement; cannot establish causation from this data pattern.,qwen3.8-max,b6b497964800c74f0cb5e13c3a5602581ea8fb2b39cd93f5335e05e645988bc2,blinded-annotation-v2-shortrefs
C020,K070,judge_a,0,labeled,Activity dropped sharply but sleep routine remained stable.,Requires low daytime activity accompanying a changed sleep routine.,Sleep routine did not change; generic advice with no concrete connection to current pattern.,qwen3.8-max,b6b497964800c74f0cb5e13c3a5602581ea8fb2b39cd93f5335e05e645988bc2,blinded-annotation-v2-shortrefs
C020,K071,judge_a,0,labeled,"Activity ~21:00 daily, intensity 'unknown', sleep starts ~22:45-22:57.",Requires intensity and actual timing relative to bedtime.,Intensity unknown; cannot assume late movement is intense exercise.,qwen3.8-max,b6b497964800c74f0cb5e13c3a5602581ea8fb2b39cd93f5335e05e645988bc2,blinded-annotation-v2-shortrefs
C020,K072,judge_a,0,labeled,"Late activity ~21:00 daily, but no insomnia symptoms reported.",Requires exercise near bedtime with reported insomnia symptoms.,Insomnia unknown; temporal adjacency alone does not establish condition.,qwen3.8-max,b6b497964800c74f0cb5e13c3a5602581ea8fb2b39cd93f5335e05e645988bc2,blinded-annotation-v2-shortrefs
C020,K073,judge_a,1,labeled,Activity intervals recorded ~21:00 daily; sleep starts ~22:42-22:57.,Requires activity timing and subsequent sleep being compared.,"Item supports recording exercise timing alongside sleep, matching observed late activity and sleep start data.",qwen3.8-max,b6b497964800c74f0cb5e13c3a5602581ea8fb2b39cd93f5335e05e645988bc2,blinded-annotation-v2-shortrefs
C020,K074,judge_a,0,labeled,No emergency-response deployment context recorded.,Requires confirmed emergency-response deployment context.,Deployment context unknown; item conditions not met.,qwen3.8-max,b6b497964800c74f0cb5e13c3a5602581ea8fb2b39cd93f5335e05e645988bc2,blinded-annotation-v2-shortrefs
C020,K075,judge_a,0,labeled,No subjective energy or tiredness history recorded.,Requires subjective energy pattern and availability.,Tiredness unknown; item conditions not met.,qwen3.8-max,b6b497964800c74f0cb5e13c3a5602581ea8fb2b39cd93f5335e05e645988bc2,blinded-annotation-v2-shortrefs
C020,K076,judge_a,1,labeled,Activity dropped from ~54 to ~9 min/day while sleep remained stable ~470 min.,Requires sleep and activity showing temporal relationship needing context.,"Supports noting substances/medications when interpreting activity-sleep changes, relevant to observed pattern.",qwen3.8-max,b6b497964800c74f0cb5e13c3a5602581ea8fb2b39cd93f5335e05e645988bc2,blinded-annotation-v2-shortrefs
C020,K077,judge_a,2,labeled,RHR recorded daily (55-57 bpm) across baseline and window.,Requires RHR observations available.,Directly explains how the device derives the observed resting heart rate metric in a resting context.,qwen3.8-max,b6b497964800c74f0cb5e13c3a5602581ea8fb2b39cd93f5335e05e645988bc2,blinded-annotation-v2-shortrefs
C020,K078,judge_a,2,labeled,Daily RHR recorded (55-57 bpm) alongside nightly sleep data.,Requires daily RHR trend being interpreted with known measure context.,Directly explains the distinction between the reported daily RHR and sleeping heart rate.,qwen3.8-max,b6b497964800c74f0cb5e13c3a5602581ea8fb2b39cd93f5335e05e645988bc2,blinded-annotation-v2-shortrefs
C020,K079,judge_a,1,labeled,RHR stable (55-57 bpm) across 42 days.,Requires RHR changes relative to previous readings.,"Contextualizes that stable RHR has multiple potential influences, none identified here.",qwen3.8-max,b6b497964800c74f0cb5e13c3a5602581ea8fb2b39cd93f5335e05e645988bc2,blinded-annotation-v2-shortrefs
C020,K080,judge_a,2,labeled,HRV RMSSD and RHR recorded separately each day.,Requires HRV and heart-rate estimates interpreted together.,"Directly explains that HRV measures beat-to-beat variation, distinct from average RHR.",qwen3.8-max,b6b497964800c74f0cb5e13c3a5602581ea8fb2b39cd93f5335e05e645988bc2,blinded-annotation-v2-shortrefs
C020,K081,judge_a,2,labeled,"HRV RMSSD stable (mean 45.07 baseline, 44.93 window).",Requires HRV level or trend being reviewed with personal history.,Directly explains interpreting HRV using personal baseline rather than universal norms.,qwen3.8-max,b6b497964800c74f0cb5e13c3a5602581ea8fb2b39cd93f5335e05e645988bc2,blinded-annotation-v2-shortrefs
C020,K082,judge_a,2,labeled,28-day baseline used to compute personal means for comparison with 14-day window.,Requires sufficient same-metric personal history and a vital changed from baseline.,Directly explains the methodology of comparing window metrics against the 28-day personal baseline.,qwen3.8-max,b6b497964800c74f0cb5e13c3a5602581ea8fb2b39cd93f5335e05e645988bc2,blinded-annotation-v2-shortrefs
C020,K083,judge_a,2,labeled,"RHR tracked over 42 days (baseline+window), mean 55.75 vs 55.93.",Requires repeated RHR readings or recent change.,Directly supports reviewing the multi-day RHR trend rather than isolated daily values.,qwen3.8-max,b6b497964800c74f0cb5e13c3a5602581ea8fb2b39cd93f5335e05e645988bc2,blinded-annotation-v2-shortrefs
C020,K084,judge_a,2,labeled,HRV RMSSD stable (43-47 ms) across 42 days.,Requires HRV trend available for wellness monitoring.,"Directly explains that observed HRV values are wellness metrics, not diagnostic indicators.",qwen3.8-max,b6b497964800c74f0cb5e13c3a5602581ea8fb2b39cd93f5335e05e645988bc2,blinded-annotation-v2-shortrefs
C020,K085,judge_a,2,labeled,"HRV reported as hrv_rmssd_ms (mean 45.07 baseline, 44.93 window).",Requires HRV records identify RMSSD as their metric.,Directly explains the specific HRV metric formula used in the observed data.,qwen3.8-max,b6b497964800c74f0cb5e13c3a5602581ea8fb2b39cd93f5335e05e645988bc2,blinded-annotation-v2-shortrefs
C020,K086,judge_a,2,labeled,Nighttime coverage 482-498 min (>3 hours) every night; HRV recorded daily.,Requires compatible collection definition and sleep coverage >3 hours.,"Directly explains the device's HRV collection requirement, supported by adequate nightly coverage.",qwen3.8-max,b6b497964800c74f0cb5e13c3a5602581ea8fb2b39cd93f5335e05e645988bc2,blinded-annotation-v2-shortrefs
C020,K087,judge_a,0,labeled,Only sleep duration and timing recorded; no sleep-stage data.,Requires sleep-stage measurements.,Only duration available; item conditions not met.,qwen3.8-max,b6b497964800c74f0cb5e13c3a5602581ea8fb2b39cd93f5335e05e645988bc2,blinded-annotation-v2-shortrefs
C020,K088,judge_a,0,labeled,No reported health concerns or symptoms in data.,Requires reported health concerns or symptoms.,No clinical context or concerns reported; generic background.,qwen3.8-max,b6b497964800c74f0cb5e13c3a5602581ea8fb2b39cd93f5335e05e645988bc2,blinded-annotation-v2-shortrefs
C020,K089,judge_a,0,labeled,RHR stable (variance 0.69); no wear quality issues indicated.,Requires device placement and contact information suggesting unreliability.,No evidence of fit problems or unreliable readings; generic background.,qwen3.8-max,b6b497964800c74f0cb5e13c3a5602581ea8fb2b39cd93f5335e05e645988bc2,blinded-annotation-v2-shortrefs
C020,K090,judge_a,2,labeled,Daytime wear 720 min and nighttime coverage 482-498 min daily.,Requires separate night-time wear information for overnight vitals.,"Directly explains that both daytime and nighttime coverage are present, validating overnight vitals.",qwen3.8-max,b6b497964800c74f0cb5e13c3a5602581ea8fb2b39cd93f5335e05e645988bc2,blinded-annotation-v2-shortrefs
C020,K091,judge_a,1,labeled,All vitals present; nighttime coverage >480 min nightly.,Requires compatible device and sleep coverage >3 hours.,Confirms adequate sleep coverage supports valid vitals; no missing data to misinterpret.,qwen3.8-max,b6b497964800c74f0cb5e13c3a5602581ea8fb2b39cd93f5335e05e645988bc2,blinded-annotation-v2-shortrefs
C020,K092,judge_a,0,labeled,No vitals are missing; full coverage across 42 days.,Requires vitals missing or delayed.,Data complete; no missing vitals to explain.,qwen3.8-max,b6b497964800c74f0cb5e13c3a5602581ea8fb2b39cd93f5335e05e645988bc2,blinded-annotation-v2-shortrefs
C020,K093,judge_a,0,labeled,Single synthetic device used across all 42 days.,Requires device and algorithm change history.,No device switch indicated; conditions not met.,qwen3.8-max,b6b497964800c74f0cb5e13c3a5602581ea8fb2b39cd93f5335e05e645988bc2,blinded-annotation-v2-shortrefs
C020,K094,judge_a,2,labeled,"Sleep duration estimated nightly (e.g., 463-478 min) with defined start/end timestamps.",Requires device-estimated sleep duration and boundaries available.,Directly explains how the wearable calculates the observed sleep duration metric from classified sleep periods.,qwen3.8-max,b6b497964800c74f0cb5e13c3a5602581ea8fb2b39cd93f5335e05e645988bc2,blinded-annotation-v2-shortrefs
C020,K095,judge_a,1,labeled,Nighttime coverage 482-498 min every night; no missing sleep data.,Requires night-time wear record for sleep readings.,Confirms adequate overnight wear supports valid sleep observations throughout the period.,qwen3.8-max,b6b497964800c74f0cb5e13c3a5602581ea8fb2b39cd93f5335e05e645988bc2,blinded-annotation-v2-shortrefs
C020,K096,judge_a,1,labeled,Steps stable ~8000 while activity duration dropped from 54 to 9 min.,Requires step readings change with possible measurement limitations.,"Explains that step counts depend on arm motion sensing, contextualizing stable steps despite activity drop.",qwen3.8-max,b6b497964800c74f0cb5e13c3a5602581ea8fb2b39cd93f5335e05e645988bc2,blinded-annotation-v2-shortrefs
C021,K001,judge_a,2,labeled,Age band 18-60; window includes five nights with sleep 385-392min (<420min/7h).,Applies to adults 18-60 with sleep duration below the 7-hour recommendation.,Core directly explains that multiple window nights fall below the CDC 7-hour minimum for this age band.,qwen3.8-max,53e8d2a7ac093505b975005e9491cfff2db6ae1a03cefe1454696e96e6357d73,blinded-annotation-v2-shortrefs
C021,K002,judge_a,0,labeled,Age band is 18-60; subject is not aged 61-64.,Requires age 61-64 to be established; non-applicable for other age groups.,Subject age band 18-60 per metadata; older middle-age recommendation explicitly non-applicable.,qwen3.8-max,53e8d2a7ac093505b975005e9491cfff2db6ae1a03cefe1454696e96e6357d73,blinded-annotation-v2-shortrefs
C021,K003,judge_a,0,labeled,Age band is 18-60; subject is not 65 or older.,Requires age at least 65; non-applicable for age below 65.,Subject age band 18-60 per metadata; older adult recommendation explicitly non-applicable.,qwen3.8-max,53e8d2a7ac093505b975005e9491cfff2db6ae1a03cefe1454696e96e6357d73,blinded-annotation-v2-shortrefs
C021,K004,judge_a,0,labeled,"Age band is 18-60; subject is an adult, not a teenager.",Requires teenage age group (13-17); non-applicable for adults.,Subject is adult per metadata; teenage sleep recommendation explicitly non-applicable.,qwen3.8-max,53e8d2a7ac093505b975005e9491cfff2db6ae1a03cefe1454696e96e6357d73,blinded-annotation-v2-shortrefs
C021,K005,judge_a,1,labeled,Window sleep mean dropped 30min; alternating nights ~385-392min suggest constrained sleep opportunity.,Applies when repeatedly shortened sleep opportunity is observed; schedule constraint needed for attribution.,"Shortened sleep observed, but no schedule data to attribute it to busyness specifically.",qwen3.8-max,53e8d2a7ac093505b975005e9491cfff2db6ae1a03cefe1454696e96e6357d73,blinded-annotation-v2-shortrefs
C021,K006,judge_a,1,labeled,Baseline sleep consistently ~470min (~7.8h); window has alternating short nights ~385-392min.,Applies when sleep is consistently short even without a new decline.,"Contextual connection: baseline was stable near 7.8h, but window introduces genuinely short nights.",qwen3.8-max,53e8d2a7ac093505b975005e9491cfff2db6ae1a03cefe1454696e96e6357d73,blinded-annotation-v2-shortrefs
C021,K007,judge_a,1,labeled,"Sleep duration recorded nightly; no subjective quality, awakenings, or refreshment data available.",Applies when sleep duration is recorded but quality may be unknown.,Supported contextual connection: duration is tracked but quality indicators are absent.,qwen3.8-max,53e8d2a7ac093505b975005e9491cfff2db6ae1a03cefe1454696e96e6357d73,blinded-annotation-v2-shortrefs
C021,K008,judge_a,0,labeled,"Only sleep start, end, and duration recorded; no awakening events tracked.",Requires documented repeated awakenings or measured sleep continuity.,No awakening data available; total duration alone cannot indicate night awakenings.,qwen3.8-max,53e8d2a7ac093505b975005e9491cfff2db6ae1a03cefe1454696e96e6357d73,blinded-annotation-v2-shortrefs
C021,K009,judge_a,0,labeled,Max sleep duration 485min (~8.1h) on Apr 5; no subjective refreshment data.,Requires >8h sleep with reported lack of refreshment.,No subjective refreshment reports; sleep mostly under 8h; conditions not met.,qwen3.8-max,53e8d2a7ac093505b975005e9491cfff2db6ae1a03cefe1454696e96e6357d73,blinded-annotation-v2-shortrefs
C021,K010,judge_a,1,labeled,"Multiple window nights with sleep <400min (385, 390, 392, 386, 387).",Applies when repeatedly shortened sleep is observed; symptoms needed for impairment claims.,Repeated short sleep observed; item correctly notes wearable alone cannot establish cognitive impairment.,qwen3.8-max,53e8d2a7ac093505b975005e9491cfff2db6ae1a03cefe1454696e96e6357d73,blinded-annotation-v2-shortrefs
C021,K011,judge_a,2,labeled,"Window sleep durations include 385, 390, 392, 386, 387 minutes on alternating nights.",Requires several nights of reduced sleep duration.,Core directly explains the repeated short sleep nights (~6.4h) observed in the window period.,qwen3.8-max,53e8d2a7ac093505b975005e9491cfff2db6ae1a03cefe1454696e96e6357d73,blinded-annotation-v2-shortrefs
C021,K012,judge_a,1,labeled,Five window nights with sleep <400min represent ongoing insufficient sleep episodes.,Applies when ongoing insufficient sleep is observed; non-applicable for inferring infection.,Repeated short sleep observed; item correctly notes this relates to immune function generally.,qwen3.8-max,53e8d2a7ac093505b975005e9491cfff2db6ae1a03cefe1454696e96e6357d73,blinded-annotation-v2-shortrefs
C021,K013,judge_a,1,labeled,"Five window nights with sleep <400min, representing insufficient sleep episodes.",Applies when repeated insufficient sleep is observed; requires food intake data for individual claims.,"Repeated short sleep observed, but no appetite or food intake data to make individual claims.",qwen3.8-max,53e8d2a7ac093505b975005e9491cfff2db6ae1a03cefe1454696e96e6357d73,blinded-annotation-v2-shortrefs
C021,K014,judge_a,0,labeled,No sleepiness reports or driving context recorded.,Requires reported sleepiness and driving plans.,Neither sleepiness nor driving context exists in the data; purely generic safety advice.,qwen3.8-max,53e8d2a7ac093505b975005e9491cfff2db6ae1a03cefe1454696e96e6357d73,blinded-annotation-v2-shortrefs
C021,K015,judge_a,1,labeled,Sleep durations range 385-485min in window; adult age band 18-60.,Applies when adult sleep duration is being reviewed alongside individual experience.,Supported connection: individual variation matters when reviewing the observed sleep duration range.,qwen3.8-max,53e8d2a7ac093505b975005e9491cfff2db6ae1a03cefe1454696e96e6357d73,blinded-annotation-v2-shortrefs
C021,K016,judge_a,0,labeled,14-day window data only; no reported insomnia symptoms or months-long history.,Requires months-long sleeping difficulties or failed habit changes.,Two-week wearable window alone cannot establish conditions for professional insomnia review.,qwen3.8-max,53e8d2a7ac093505b975005e9491cfff2db6ae1a03cefe1454696e96e6357d73,blinded-annotation-v2-shortrefs
C021,K017,judge_a,2,labeled,Sleep start times alternate between ~22:45 and ~00:10 in the window period.,Applies when there is repeated variability in bedtime or wake time.,Core directly explains the new alternating late/normal bedtime pattern in the window.,qwen3.8-max,53e8d2a7ac093505b975005e9491cfff2db6ae1a03cefe1454696e96e6357d73,blinded-annotation-v2-shortrefs
C021,K018,judge_a,0,labeled,Sleep end time is exactly 07:00 every day in both baseline and window periods.,Requires inconsistent wake time with reported sleeping difficulties.,Wake time is perfectly consistent at 07:00 daily; no sleeping difficulties reported.,qwen3.8-max,53e8d2a7ac093505b975005e9491cfff2db6ae1a03cefe1454696e96e6357d73,blinded-annotation-v2-shortrefs
C021,K019,judge_a,0,labeled,"Sleep start variance high in window but alternates daily, not split by weekday/weekend.",Requires bedtime or wake time differing substantially between weekdays and weekends specifically.,"Alternating pattern is daily, not a weekday/weekend difference; wake time constant at 07:00 always.",qwen3.8-max,53e8d2a7ac093505b975005e9491cfff2db6ae1a03cefe1454696e96e6357d73,blinded-annotation-v2-shortrefs
C021,K020,judge_a,0,labeled,Bedtime timestamps recorded but no pre-bed activity information available.,Requires information about pre-bed activities for targeted quiet-time advice.,Timestamps identify bedtime but reveal nothing about pre-bed activities or routines.,qwen3.8-max,53e8d2a7ac093505b975005e9491cfff2db6ae1a03cefe1454696e96e6357d73,blinded-annotation-v2-shortrefs
C021,K021,judge_a,0,labeled,No screen exposure or bright light data recorded before bedtimes.,Requires known bright-screen exposure shortly before bed.,Screen exposure unknown; cannot attribute sleep timing changes to screens.,qwen3.8-max,53e8d2a7ac093505b975005e9491cfff2db6ae1a03cefe1454696e96e6357d73,blinded-annotation-v2-shortrefs
C021,K022,judge_a,0,labeled,No caffeine intake timing or amount recorded.,Requires known afternoon or evening caffeine use with sleeping difficulty.,No caffeine history available; cannot link to sleep patterns.,qwen3.8-max,53e8d2a7ac093505b975005e9491cfff2db6ae1a03cefe1454696e96e6357d73,blinded-annotation-v2-shortrefs
C021,K023,judge_a,0,labeled,No meal timing or meal size data recorded.,Requires known large meal shortly before bed.,Meal information completely unknown; cannot link to sleep patterns.,qwen3.8-max,53e8d2a7ac093505b975005e9491cfff2db6ae1a03cefe1454696e96e6357d73,blinded-annotation-v2-shortrefs
C021,K024,judge_a,0,labeled,No alcohol intake or timing data recorded.,Requires reported alcohol use near bedtime.,Alcohol exposure unknown; cannot link to sleep timing changes.,qwen3.8-max,53e8d2a7ac093505b975005e9491cfff2db6ae1a03cefe1454696e96e6357d73,blinded-annotation-v2-shortrefs
C021,K025,judge_a,0,labeled,"No nicotine use, smoking, or tobacco exposure recorded.",Requires established nicotine exposure with sleep concerns.,Nicotine use unknown; cannot link to observed sleep patterns.,qwen3.8-max,53e8d2a7ac093505b975005e9491cfff2db6ae1a03cefe1454696e96e6357d73,blinded-annotation-v2-shortrefs
C021,K026,judge_a,0,labeled,"No bedroom temperature, light, or noise data recorded.",Requires known disruptive bedroom environment conditions.,Bedroom environment unknown; wearable data cannot establish these conditions.,qwen3.8-max,53e8d2a7ac093505b975005e9491cfff2db6ae1a03cefe1454696e96e6357d73,blinded-annotation-v2-shortrefs
C021,K027,judge_a,0,labeled,No pre-bed routine information or relaxation difficulty reported.,Requires reported difficulty relaxing or a request for routine options.,No relaxation context or routine information available; generic optional advice.,qwen3.8-max,53e8d2a7ac093505b975005e9491cfff2db6ae1a03cefe1454696e96e6357d73,blinded-annotation-v2-shortrefs
C021,K028,judge_a,0,labeled,No nap data recorded in any observation period.,Requires recorded or reported adult naps.,Nap history is completely unknown; item conditions not met.,qwen3.8-max,53e8d2a7ac093505b975005e9491cfff2db6ae1a03cefe1454696e96e6357d73,blinded-annotation-v2-shortrefs
C021,K029,judge_a,0,labeled,No shift work schedule or employment context recorded.,Requires confirmed shift-work schedule with changing shifts.,Shift work unknown; variable sleep times alone do not prove rotating shifts.,qwen3.8-max,53e8d2a7ac093505b975005e9491cfff2db6ae1a03cefe1454696e96e6357d73,blinded-annotation-v2-shortrefs
C021,K030,judge_a,0,labeled,No shift work schedule or workplace lighting context recorded.,Requires established shift work with work schedule and lighting context.,No confirmed shift work; bright lighting advice specific to shift workers not applicable.,qwen3.8-max,53e8d2a7ac093505b975005e9491cfff2db6ae1a03cefe1454696e96e6357d73,blinded-annotation-v2-shortrefs
C021,K031,judge_a,0,labeled,No shift work schedule or caffeine timing recorded.,Requires confirmed shift worker using caffeine with known timing.,Shift work and caffeine use both unknown; item conditions not met.,qwen3.8-max,53e8d2a7ac093505b975005e9491cfff2db6ae1a03cefe1454696e96e6357d73,blinded-annotation-v2-shortrefs
C021,K032,judge_a,0,labeled,All sleep occurs overnight (ending 07:00); no daytime sleep or shift work recorded.,Requires confirmed daytime sleep associated with shift work.,Only ordinary overnight sleep recorded; shift-work daytime sleep advice not applicable.,qwen3.8-max,53e8d2a7ac093505b975005e9491cfff2db6ae1a03cefe1454696e96e6357d73,blinded-annotation-v2-shortrefs
C021,K033,judge_a,1,labeled,Sleep start times vary significantly in window (alternating ~22:45 and ~00:10).,Applies when a changed or variable sleep pattern needs review with timeline context.,Supported connection: variable sleep pattern in window would benefit from diary-style timeline tracking.,qwen3.8-max,53e8d2a7ac093505b975005e9491cfff2db6ae1a03cefe1454696e96e6357d73,blinded-annotation-v2-shortrefs
C021,K034,judge_a,2,labeled,"Five window nights with sleep ~385-392min, substantially below baseline ~470min.",Applies when several shortened nights occur rather than a single isolated reading.,Core directly explains that repeated short nights in the window can accumulate sleep loss over time.,qwen3.8-max,53e8d2a7ac093505b975005e9491cfff2db6ae1a03cefe1454696e96e6357d73,blinded-annotation-v2-shortrefs
C021,K035,judge_a,0,labeled,Weekend sleep mean 437.0min vs weekday 442.0min in window; weekends not longer.,Requires longer sleep and later timing on days off compared to workdays.,Weekend sleep is actually shorter than weekday sleep in the window; condition contradicted.,qwen3.8-max,53e8d2a7ac093505b975005e9491cfff2db6ae1a03cefe1454696e96e6357d73,blinded-annotation-v2-shortrefs
C021,K036,judge_a,0,labeled,No nap data recorded in any observation period.,Requires recorded naps after shortened night-time sleep.,No nap information exists in the wearable data; item conditions not met.,qwen3.8-max,53e8d2a7ac093505b975005e9491cfff2db6ae1a03cefe1454696e96e6357d73,blinded-annotation-v2-shortrefs
C021,K037,judge_a,0,labeled,No reported bad nights or insomnia symptoms; wake time fixed at 07:00.,Requires reported bad sleep or insomnia symptoms with recent bad night.,No sleeping difficulties reported; resolved short episode does not prove insomnia.,qwen3.8-max,53e8d2a7ac093505b975005e9491cfff2db6ae1a03cefe1454696e96e6357d73,blinded-annotation-v2-shortrefs
C021,K038,judge_a,0,labeled,14-day window only; no symptom history or insomnia reports.,Requires reported sleeping difficulties with known symptom duration history.,Cannot diagnose or categorize insomnia from 14 days of estimated sleep hours alone.,qwen3.8-max,53e8d2a7ac093505b975005e9491cfff2db6ae1a03cefe1454696e96e6357d73,blinded-annotation-v2-shortrefs
C021,K039,judge_a,0,labeled,No travel history or flight data recorded; timezone constant Asia/Shanghai.,Requires confirmed travel across time zones.,No travel context exists; sleep timing changes cannot be attributed to jet lag.,qwen3.8-max,53e8d2a7ac093505b975005e9491cfff2db6ae1a03cefe1454696e96e6357d73,blinded-annotation-v2-shortrefs
C021,K040,judge_a,0,labeled,No travel or trip data recorded in any observation.,Requires a planned short trip across time zones.,No travel context exists; short-trip sleep schedule advice is not applicable.,qwen3.8-max,53e8d2a7ac093505b975005e9491cfff2db6ae1a03cefe1454696e96e6357d73,blinded-annotation-v2-shortrefs
C021,K041,judge_a,0,labeled,Steps ~8000/day and activity 45-90min maintained; no low or declining movement.,Requires low or declining movement giving opportunity to add activity.,Movement levels maintained across periods; generic 'some is better than none' advice not triggered.,qwen3.8-max,53e8d2a7ac093505b975005e9491cfff2db6ae1a03cefe1454696e96e6357d73,blinded-annotation-v2-shortrefs
C021,K042,judge_a,0,labeled,Activity maintained at 45-90min/day; no recently low or reduced activity pattern.,Requires recently low or reduced physical activity.,Activity not reduced overall; gradual build-up advice not triggered by current data.,qwen3.8-max,53e8d2a7ac093505b975005e9491cfff2db6ae1a03cefe1454696e96e6357d73,blinded-annotation-v2-shortrefs
C021,K043,judge_a,0,labeled,Activity minutes recorded (45-90min) but all intensities are 'unknown'.,Requires known moderate-intensity aerobic minutes to assess guideline compliance.,Unknown activity intensity prevents determining if 150-minute moderate guideline is met.,qwen3.8-max,53e8d2a7ac093505b975005e9491cfff2db6ae1a03cefe1454696e96e6357d73,blinded-annotation-v2-shortrefs
C021,K044,judge_a,0,labeled,All activity intensities labeled 'unknown'; no vigorous activity documented.,Requires known vigorous intensity documentation.,Intensity unknown throughout; cannot apply vigorous activity weekly target.,qwen3.8-max,53e8d2a7ac093505b975005e9491cfff2db6ae1a03cefe1454696e96e6357d73,blinded-annotation-v2-shortrefs
C021,K045,judge_a,0,labeled,Activity recorded in single daily blocks (45 or 90 min); intensity unknown.,Requires known intensity for counting guideline minutes.,Generic splitting advice; unknown intensity prevents application to guideline accumulation.,qwen3.8-max,53e8d2a7ac093505b975005e9491cfff2db6ae1a03cefe1454696e96e6357d73,blinded-annotation-v2-shortrefs
C021,K046,judge_a,0,labeled,Only steps and activity duration recorded; no muscle-strengthening activity data.,Requires strengthening activity records including days and muscle groups.,No strengthening data available; step counts cannot show whether this separate activity occurred.,qwen3.8-max,53e8d2a7ac093505b975005e9491cfff2db6ae1a03cefe1454696e96e6357d73,blinded-annotation-v2-shortrefs
C021,K047,judge_a,0,labeled,Activity intensity unknown; cannot verify guideline attainment.,Requires documented aerobic activity already reaching adult guidelines with known intensity.,Unknown intensity prevents verifying guideline attainment; additional benefit advice not applicable.,qwen3.8-max,53e8d2a7ac093505b975005e9491cfff2db6ae1a03cefe1454696e96e6357d73,blinded-annotation-v2-shortrefs
C021,K048,judge_a,1,labeled,Activity duration alternates 45min/90min in window; all intensities labeled 'unknown'.,Applies when activity intensity needs interpretation beyond daily movement totals.,Supported connection: unknown intensity means moderate/vigorous classification cannot be assigned from minutes alone.,qwen3.8-max,53e8d2a7ac093505b975005e9491cfff2db6ae1a03cefe1454696e96e6357d73,blinded-annotation-v2-shortrefs
C021,K049,judge_a,0,labeled,All activity intervals have intensity labeled 'unknown' throughout baseline and window.,Requires observed effort or talk-test observation during aerobic activity.,Activity intensity is unknown; talk test cannot be applied without effort data.,qwen3.8-max,53e8d2a7ac093505b975005e9491cfff2db6ae1a03cefe1454696e96e6357d73,blinded-annotation-v2-shortrefs
C021,K050,judge_a,1,labeled,Steps 7582-8405 and activity minutes 45-90 recorded; activity types unknown.,Applies when steps change while other activity types may differ.,Supported connection: step counts may miss non-step activities like cycling or yoga.,qwen3.8-max,53e8d2a7ac093505b975005e9491cfff2db6ae1a03cefe1454696e96e6357d73,blinded-annotation-v2-shortrefs
C021,K051,judge_a,0,labeled,Steps ~8000/day maintained; no declining routine movement or transport context.,Requires low or declining routine movement with mobility context.,Steps did not decline meaningfully; generic walking advice without specific data connection.,qwen3.8-max,53e8d2a7ac093505b975005e9491cfff2db6ae1a03cefe1454696e96e6357d73,blinded-annotation-v2-shortrefs
C021,K052,judge_a,0,labeled,"No personal preferences, enjoyment, or availability data recorded.",Requires personal preferences and availability for choosing individualized options.,Generic activity selection advice with no connection to observed data patterns.,qwen3.8-max,53e8d2a7ac093505b975005e9491cfff2db6ae1a03cefe1454696e96e6357d73,blinded-annotation-v2-shortrefs
C021,K053,judge_a,0,labeled,No social preferences or motivational barriers reported.,Requires evidence of a motivational or social barrier to activity.,No evidence of social or motivational barriers; generic encouragement advice.,qwen3.8-max,53e8d2a7ac093505b975005e9491cfff2db6ae1a03cefe1454696e96e6357d73,blinded-annotation-v2-shortrefs
C021,K054,judge_a,0,labeled,No reported time barrier to activity; steps maintained ~8000/day.,Requires low activity with a reported time barrier.,No time barrier reported and activity not low; diary advice not triggered.,qwen3.8-max,53e8d2a7ac093505b975005e9491cfff2db6ae1a03cefe1454696e96e6357d73,blinded-annotation-v2-shortrefs
C021,K055,judge_a,0,labeled,No schedule constraints or competing demands reported.,Requires reported competing demands that reduce activity with known schedule.,Schedule reasons unknown; calendar planning advice not specifically informative.,qwen3.8-max,53e8d2a7ac093505b975005e9491cfff2db6ae1a03cefe1454696e96e6357d73,blinded-annotation-v2-shortrefs
C021,K056,judge_a,0,labeled,"No chronic conditions, disabilities, or special health needs recorded.",Requires established chronic condition or disability context.,Medical context unknown; generic health condition planning advice not specifically informative.,qwen3.8-max,53e8d2a7ac093505b975005e9491cfff2db6ae1a03cefe1454696e96e6357d73,blinded-annotation-v2-shortrefs
C021,K057,judge_a,1,labeled,Daytime low-movement intervals ~45min each with 720min daily wear coverage.,Applies when long uninterrupted daytime low-movement intervals exist with adequate wear.,"Supported connection: regular ~45min low-movement blocks observed, though posture not confirmed per rules.",qwen3.8-max,53e8d2a7ac093505b975005e9491cfff2db6ae1a03cefe1454696e96e6357d73,blinded-annotation-v2-shortrefs
C021,K058,judge_a,0,labeled,Activity and low movement recorded; posture not confirmed.,Requires confirmed sitting posture and known activity intensity.,Low movement is not confirmed sitting per rules; item conditions not satisfied.,qwen3.8-max,53e8d2a7ac093505b975005e9491cfff2db6ae1a03cefe1454696e96e6357d73,blinded-annotation-v2-shortrefs
C021,K059,judge_a,0,labeled,"Low movement mean 448.0min baseline, 449.3min window; posture not measured.",Requires confirmed sitting for sedentary-time conclusion; non-applicable if treating low-movement as sitting.,Device low movement is not confirmed sitting per annotation rules; item conditions unmet.,qwen3.8-max,53e8d2a7ac093505b975005e9491cfff2db6ae1a03cefe1454696e96e6357d73,blinded-annotation-v2-shortrefs
C021,K060,judge_a,0,labeled,"No commuting, transport, or mobility context recorded.",Requires established sedentary commuting with transport and safety context.,Commute context entirely unknown; generic workplace movement advice not specifically informative.,qwen3.8-max,53e8d2a7ac093505b975005e9491cfff2db6ae1a03cefe1454696e96e6357d73,blinded-annotation-v2-shortrefs
C021,K061,judge_a,0,labeled,No desk work or workplace layout context recorded.,Requires desk work with prolonged sitting and known workplace layout.,Work context unknown; colleague-walking advice not specifically informative.,qwen3.8-max,53e8d2a7ac093505b975005e9491cfff2db6ae1a03cefe1454696e96e6357d73,blinded-annotation-v2-shortrefs
C021,K062,judge_a,0,labeled,"No workplace, meeting, or desk work context recorded.",Requires meetings or desk work involving prolonged sitting with workplace context.,Workplace context unknown; standing meeting advice not specifically informative.,qwen3.8-max,53e8d2a7ac093505b975005e9491cfff2db6ae1a03cefe1454696e96e6357d73,blinded-annotation-v2-shortrefs
C021,K063,judge_a,0,labeled,No television viewing or screen-related sitting context recorded.,Requires actual television-viewing context with prolonged sitting.,Screen habits unknown; TV break movement advice not specifically informative.,qwen3.8-max,53e8d2a7ac093505b975005e9491cfff2db6ae1a03cefe1454696e96e6357d73,blinded-annotation-v2-shortrefs
C021,K064,judge_a,0,labeled,"No leisure context, preferences, or seated routine details recorded.",Requires substantial habitual seated leisure with known routine and preferences.,No leisure context available; generic replacement advice not specifically informative.,qwen3.8-max,53e8d2a7ac093505b975005e9491cfff2db6ae1a03cefe1454696e96e6357d73,blinded-annotation-v2-shortrefs
C021,K065,judge_a,1,labeled,Steps ~8000/day and activity minutes 45-90 recorded; everyday movement tracked.,Applies when distinguishing everyday movement from formal exercise sessions.,"Supported connection: data captures general body movement, not just formal exercise.",qwen3.8-max,53e8d2a7ac093505b975005e9491cfff2db6ae1a03cefe1454696e96e6357d73,blinded-annotation-v2-shortrefs
C021,K066,judge_a,0,labeled,No workday lunch-break context or mobility information recorded.,Requires known workday lunch-break access and mobility context.,Lunch-break context unknown; generic walking suggestion not specifically informative.,qwen3.8-max,53e8d2a7ac093505b975005e9491cfff2db6ae1a03cefe1454696e96e6357d73,blinded-annotation-v2-shortrefs
C021,K067,judge_a,0,labeled,Step counts range 7582-8405; no stair access or mobility context recorded.,Requires accessible stairs and safe mobility context.,Generic stair advice with no supporting context about stair access or mobility.,qwen3.8-max,53e8d2a7ac093505b975005e9491cfff2db6ae1a03cefe1454696e96e6357d73,blinded-annotation-v2-shortrefs
C021,K068,judge_a,1,labeled,Low movement intervals ~45min each throughout daytime; no posture sensor data.,Applies when low-movement intervals are available without posture measurement.,Supported connection: data has low-movement intervals but lacks posture confirmation per rules.,qwen3.8-max,53e8d2a7ac093505b975005e9491cfff2db6ae1a03cefe1454696e96e6357d73,blinded-annotation-v2-shortrefs
C021,K069,judge_a,0,labeled,Activity and sleep data available; paired correlation r=-0.996 in window.,Non-applicable for declaring causal effect from paired observations.,Strong negative correlation exists but temporal co-occurrence does not imply causation per rules.,qwen3.8-max,53e8d2a7ac093505b975005e9491cfff2db6ae1a03cefe1454696e96e6357d73,blinded-annotation-v2-shortrefs
C021,K070,judge_a,0,labeled,"Steps and activity minutes recorded, but no outdoor exposure data available.",Requires low daytime activity accompanying changed sleep routine; non-applicable if inferring outdoors from steps.,General advice about outdoor time; cannot infer outdoor exposure from movement counts.,qwen3.8-max,53e8d2a7ac093505b975005e9491cfff2db6ae1a03cefe1454696e96e6357d73,blinded-annotation-v2-shortrefs
C021,K071,judge_a,1,labeled,Activity intervals at 20:30-22:00 on several window days; sleep starts ~22:35-22:46 those nights.,Requires activity close to bedtime with known intensity.,"Late activity occurs near bedtime, but unknown intensity prevents applying intense-exercise advice directly.",qwen3.8-max,53e8d2a7ac093505b975005e9491cfff2db6ae1a03cefe1454696e96e6357d73,blinded-annotation-v2-shortrefs
C021,K072,judge_a,0,labeled,"Late activity intervals exist (e.g., 20:30-22:00), but no insomnia symptoms reported.",Requires reported insomnia symptoms alongside exercise near bedtime.,No reported sleeping difficulties; temporal adjacency alone does not establish insomnia.,qwen3.8-max,53e8d2a7ac093505b975005e9491cfff2db6ae1a03cefe1454696e96e6357d73,blinded-annotation-v2-shortrefs
C021,K073,judge_a,1,labeled,Activity intervals recorded with timestamps; sleep start times also timestamped.,Applies when activity timing and subsequent sleep are being compared.,Supported connection: both activity and sleep timing data exist for temporal comparison.,qwen3.8-max,53e8d2a7ac093505b975005e9491cfff2db6ae1a03cefe1454696e96e6357d73,blinded-annotation-v2-shortrefs
C021,K074,judge_a,0,labeled,No emergency response deployment context recorded.,Requires confirmed emergency-response deployment context.,Deployment context unknown; specialized responder advice not applicable.,qwen3.8-max,53e8d2a7ac093505b975005e9491cfff2db6ae1a03cefe1454696e96e6357d73,blinded-annotation-v2-shortrefs
C021,K075,judge_a,0,labeled,No tiredness reports or subjective energy patterns recorded.,Requires reported tiredness limiting activity with known energy patterns.,No tiredness history available; scheduling advice based on energy not applicable.,qwen3.8-max,53e8d2a7ac093505b975005e9491cfff2db6ae1a03cefe1454696e96e6357d73,blinded-annotation-v2-shortrefs
C021,K076,judge_a,1,labeled,Sleep and activity show temporal relationship in window; no substance data recorded.,Applies when sleep and activity show temporal relationship needing substance context.,"Supported connection: substance/medication history absent, preventing causal interpretation of sleep-activity patterns.",qwen3.8-max,53e8d2a7ac093505b975005e9491cfff2db6ae1a03cefe1454696e96e6357d73,blinded-annotation-v2-shortrefs
C021,K077,judge_a,1,labeled,Daily RHR values 55-57bpm recorded across 42 days.,Applies when resting heart rate observations are available for interpretation.,Supported connection: defines what the recorded RHR metric represents in context.,qwen3.8-max,53e8d2a7ac093505b975005e9491cfff2db6ae1a03cefe1454696e96e6357d73,blinded-annotation-v2-shortrefs
C021,K078,judge_a,1,labeled,Daily RHR values recorded (55-57bpm); no separate sleeping heart rate metric present.,Applies when a daily resting heart-rate trend is being interpreted.,Supported connection: clarifies that recorded RHR differs from sleeping heart rate conceptually.,qwen3.8-max,53e8d2a7ac093505b975005e9491cfff2db6ae1a03cefe1454696e96e6357d73,blinded-annotation-v2-shortrefs
C021,K079,judge_a,1,labeled,RHR mean increased 0.43bpm from baseline to window; variance decreased slightly.,Applies when resting heart rate changes relative to previous readings.,Small RHR increase observed; item correctly notes multiple possible explanations without attributing cause.,qwen3.8-max,53e8d2a7ac093505b975005e9491cfff2db6ae1a03cefe1454696e96e6357d73,blinded-annotation-v2-shortrefs
C021,K080,judge_a,2,labeled,"HRV RMSSD mean 45.0ms baseline, 45.7ms window; RHR mean 55.9bpm baseline, 56.4bpm window.",Applies when HRV and heart-rate estimates are interpreted together.,Directly explains that HRV (RMSSD) and RHR are distinct metrics co-reported in the data.,qwen3.8-max,53e8d2a7ac093505b975005e9491cfff2db6ae1a03cefe1454696e96e6357d73,blinded-annotation-v2-shortrefs
C021,K081,judge_a,1,labeled,HRV RMSSD ranges 43-47ms across both periods; personal baseline established over 28 days.,Applies when an HRV level or trend is being reviewed with personal history.,Supported connection: 28-day baseline provides personal context for HRV interpretation.,qwen3.8-max,53e8d2a7ac093505b975005e9491cfff2db6ae1a03cefe1454696e96e6357d73,blinded-annotation-v2-shortrefs
C021,K082,judge_a,2,labeled,28-day baseline provides personal ranges; window shows sleep mean difference -30min.,Applies when a vital has changed from a recent personal baseline with sufficient history.,Core directly explains how the 28-day baseline establishes personal ranges for interpreting window changes.,qwen3.8-max,53e8d2a7ac093505b975005e9491cfff2db6ae1a03cefe1454696e96e6357d73,blinded-annotation-v2-shortrefs
C021,K083,judge_a,1,labeled,RHR recorded daily across 42 days; window mean 56.4bpm vs baseline 55.9bpm.,Applies when repeated RHR readings or a recent change are available.,Supported connection: multi-day RHR data enables trend review rather than single-day conclusions.,qwen3.8-max,53e8d2a7ac093505b975005e9491cfff2db6ae1a03cefe1454696e96e6357d73,blinded-annotation-v2-shortrefs
C021,K084,judge_a,1,labeled,"HRV RMSSD recorded nightly, range 43-47ms across both periods.",Applies when HRV trend is available for wellness monitoring.,"Supported connection: HRV data is for wellness observation, not diagnosis per source and rules.",qwen3.8-max,53e8d2a7ac093505b975005e9491cfff2db6ae1a03cefe1454696e96e6357d73,blinded-annotation-v2-shortrefs
C021,K085,judge_a,2,labeled,HRV reported as hrv_rmssd_ms in all observations; metadata confirms night RMSSD.,Applies when HRV records identify RMSSD as their metric definition.,Core directly explains the specific HRV formula (RMSSD) used in the wearable data.,qwen3.8-max,53e8d2a7ac093505b975005e9491cfff2db6ae1a03cefe1454696e96e6357d73,blinded-annotation-v2-shortrefs
C021,K086,judge_a,1,labeled,HRV RMSSD recorded every night; shortest sleep 385min exceeds 3-hour threshold.,Applies when overnight HRV estimates are being compared with sleep coverage context.,Supported connection: all sleep periods exceed 3h minimum for HRV collection per device definition.,qwen3.8-max,53e8d2a7ac093505b975005e9491cfff2db6ae1a03cefe1454696e96e6357d73,blinded-annotation-v2-shortrefs
C021,K087,judge_a,0,labeled,"Only sleep duration, start, and end times recorded; no sleep-stage data present.",Requires sleep-stage measurements to be available.,No sleep-stage data in observations; item explicitly non-applicable for duration-only records.,qwen3.8-max,53e8d2a7ac093505b975005e9491cfff2db6ae1a03cefe1454696e96e6357d73,blinded-annotation-v2-shortrefs
C021,K088,judge_a,0,labeled,No health concerns or symptoms reported by the user.,Requires reported health concerns about a vital trend.,No reported health concerns; generic clinical referral advice without specific data trigger.,qwen3.8-max,53e8d2a7ac093505b975005e9491cfff2db6ae1a03cefe1454696e96e6357d73,blinded-annotation-v2-shortrefs
C021,K089,judge_a,0,labeled,"No device placement, fit, or wear quality change information recorded.",Requires evidence of unreliable readings or wear quality changes.,No evidence of fit problems; generic accuracy information without specific data connection.,qwen3.8-max,53e8d2a7ac093505b975005e9491cfff2db6ae1a03cefe1454696e96e6357d73,blinded-annotation-v2-shortrefs
C021,K090,judge_a,1,labeled,Nighttime coverage 405-505min; daytime wear 720min every day.,Applies when overnight vitals validity needs separate night-time wear confirmation.,"Supported connection: confirms overnight vitals require the recorded nighttime coverage, not just daytime wear.",qwen3.8-max,53e8d2a7ac093505b975005e9491cfff2db6ae1a03cefe1454696e96e6357d73,blinded-annotation-v2-shortrefs
C021,K091,judge_a,0,labeled,"All vitals present every day; nighttime coverage >=405 min, well above 180 min threshold.",Requires a missing vital with limited night-time data.,No vitals are missing and coverage exceeds thresholds; item not applicable.,qwen3.8-max,53e8d2a7ac093505b975005e9491cfff2db6ae1a03cefe1454696e96e6357d73,blinded-annotation-v2-shortrefs
C021,K092,judge_a,0,labeled,All vitals present every day; no missing or delayed readings in either period.,Requires missing or delayed vitals potentially due to sync issues.,No missing data observed; device support and syncing concerns not applicable.,qwen3.8-max,53e8d2a7ac093505b975005e9491cfff2db6ae1a03cefe1454696e96e6357d73,blinded-annotation-v2-shortrefs
C021,K093,judge_a,0,labeled,Same synthetic device used across all 42 days; no device switch recorded.,Requires a device or algorithm change to be applicable.,"No device change occurred, so cross-device comparison concerns do not apply.",qwen3.8-max,53e8d2a7ac093505b975005e9491cfff2db6ae1a03cefe1454696e96e6357d73,blinded-annotation-v2-shortrefs
C021,K094,judge_a,1,labeled,Sleep duration estimated nightly; sleep start/end boundaries also recorded.,Applies when device-estimated sleep duration and sleep boundaries are available.,Supported connection: clarifies that estimated sleep duration differs from full sleep period boundaries.,qwen3.8-max,53e8d2a7ac093505b975005e9491cfff2db6ae1a03cefe1454696e96e6357d73,blinded-annotation-v2-shortrefs
C021,K095,judge_a,1,labeled,Nighttime coverage 405-505min across all nights; sleep detected every night.,Applies when sleep readings might be absent due to non-wear.,"Supported connection: adequate overnight wear confirms sleep detection; unworn nights would be missing, not zero.",qwen3.8-max,53e8d2a7ac093505b975005e9491cfff2db6ae1a03cefe1454696e96e6357d73,blinded-annotation-v2-shortrefs
C021,K096,judge_a,1,labeled,Steps recorded via accelerometer; arm swing context unknown for all observations.,Applies when step readings change with possible measurement limitations.,"Supported connection: step accuracy depends on arm swing and wear context, which are unrecorded.",qwen3.8-max,53e8d2a7ac093505b975005e9491cfff2db6ae1a03cefe1454696e96e6357d73,blinded-annotation-v2-shortrefs
C022,K001,judge_a,2,labeled,Sleep duration 462-478 min (7.7-8.0h); age band 18-60; CDC recommends ≥7h.,Applies to adults 18-60 with sleep duration data; requires compatible age band.,Core reference: subject's sleep consistently meets the ≥7h adult recommendation for their age band.,qwen3.8-max,09b2ce132b91854896418f5f7526c6e3171ad9e17fccf3e0d82c943d70975f1e,blinded-annotation-v2-shortrefs
C022,K002,judge_a,0,labeled,Age band is 18-60 per metadata.,Non-applicable for age groups other than 61-64.,Subject is 18-60; the 61-64 age group recommendation does not apply.,qwen3.8-max,09b2ce132b91854896418f5f7526c6e3171ad9e17fccf3e0d82c943d70975f1e,blinded-annotation-v2-shortrefs
C022,K003,judge_a,0,labeled,Age band is 18-60 per metadata.,Non-applicable for age below 65.,Subject is 18-60; older adult sleep recommendations do not apply.,qwen3.8-max,09b2ce132b91854896418f5f7526c6e3171ad9e17fccf3e0d82c943d70975f1e,blinded-annotation-v2-shortrefs
C022,K004,judge_a,0,labeled,Age band is 18-60 per metadata.,Non-applicable for adults; applies to teenagers 13-17.,Subject is an adult (18-60); teenage sleep recommendations do not apply.,qwen3.8-max,09b2ce132b91854896418f5f7526c6e3171ad9e17fccf3e0d82c943d70975f1e,blinded-annotation-v2-shortrefs
C022,K005,judge_a,0,labeled,Sleep ~470 min/night consistently; no evidence of insufficient sleep.,Requires repeatedly shortened sleep opportunity or duration.,Sleep duration is adequate and stable; no evidence of schedule-driven sleep loss.,qwen3.8-max,09b2ce132b91854896418f5f7526c6e3171ad9e17fccf3e0d82c943d70975f1e,blinded-annotation-v2-shortrefs
C022,K006,judge_a,0,labeled,Sleep duration ~470 min (~7.8h) consistently; not short sleep.,Requires consistently short sleep even without new decline.,Sleep duration meets adult recommendations; not a short sleep pattern.,qwen3.8-max,09b2ce132b91854896418f5f7526c6e3171ad9e17fccf3e0d82c943d70975f1e,blinded-annotation-v2-shortrefs
C022,K007,judge_a,1,labeled,Sleep duration 462-478 min nightly; no quality metrics recorded.,Applies when sleep duration is recorded but quality may be unknown.,Duration is recorded but quality indicators like awakenings are absent from data.,qwen3.8-max,09b2ce132b91854896418f5f7526c6e3171ad9e17fccf3e0d82c943d70975f1e,blinded-annotation-v2-shortrefs
C022,K008,judge_a,1,labeled,"Only sleep duration, start, and end times recorded; no awakening data.",Requires awakening history or measured sleep continuity; non-applicable with only duration.,Relevant limitation: total duration data cannot reveal whether night awakenings occurred.,qwen3.8-max,09b2ce132b91854896418f5f7526c6e3171ad9e17fccf3e0d82c943d70975f1e,blinded-annotation-v2-shortrefs
C022,K009,judge_a,0,labeled,Sleep ~470 min (<8h); no refreshment data recorded.,Requires more than eight hours sleep with reported lack of refreshment.,Sleep is under 8 hours and refreshment status is unknown; conditions not met.,qwen3.8-max,09b2ce132b91854896418f5f7526c6e3171ad9e17fccf3e0d82c943d70975f1e,blinded-annotation-v2-shortrefs
C022,K010,judge_a,0,labeled,Sleep ~470 min/night consistently; no repeated restriction observed.,Requires repeatedly shortened sleep.,Sleep duration is stable and near 7.8 hours; no repeated shortening observed.,qwen3.8-max,09b2ce132b91854896418f5f7526c6e3171ad9e17fccf3e0d82c943d70975f1e,blinded-annotation-v2-shortrefs
C022,K011,judge_a,0,labeled,Sleep ~470 min/night consistently; no repeated sleep loss observed.,Requires several nights of reduced sleep duration.,No repeated sleep restriction in the data; sleep duration is stable and adequate.,qwen3.8-max,09b2ce132b91854896418f5f7526c6e3171ad9e17fccf3e0d82c943d70975f1e,blinded-annotation-v2-shortrefs
C022,K012,judge_a,0,labeled,Sleep ~470 min/night consistently; no ongoing deficiency observed.,Requires ongoing insufficient sleep.,Sleep duration is adequate and stable; no deficiency to link with immune function.,qwen3.8-max,09b2ce132b91854896418f5f7526c6e3171ad9e17fccf3e0d82c943d70975f1e,blinded-annotation-v2-shortrefs
C022,K013,judge_a,0,labeled,Sleep ~470 min/night consistently; no appetite or food intake data.,Requires repeated insufficient sleep and food intake information.,Sleep is adequate and stable; no appetite data to connect with hormonal effects.,qwen3.8-max,09b2ce132b91854896418f5f7526c6e3171ad9e17fccf3e0d82c943d70975f1e,blinded-annotation-v2-shortrefs
C022,K014,judge_a,0,labeled,No sleepiness reports or driving context information available.,Requires reported sleepiness and driving plans.,Neither sleepiness nor driving context is established; safety advice cannot be applied.,qwen3.8-max,09b2ce132b91854896418f5f7526c6e3171ad9e17fccf3e0d82c943d70975f1e,blinded-annotation-v2-shortrefs
C022,K015,judge_a,1,labeled,Sleep ~470 min/night; individual experience of adequacy unknown.,Applies when adult sleep duration is being reviewed alongside individual experience.,Provides context that population averages don't define individual needs; subjective data missing.,qwen3.8-max,09b2ce132b91854896418f5f7526c6e3171ad9e17fccf3e0d82c943d70975f1e,blinded-annotation-v2-shortrefs
C022,K016,judge_a,0,labeled,Only 14-day window of sleep data; no reported insomnia symptoms.,Requires months-long sleeping difficulties or reported insomnia.,Two-week data without reported symptoms cannot establish insomnia conditions.,qwen3.8-max,09b2ce132b91854896418f5f7526c6e3171ad9e17fccf3e0d82c943d70975f1e,blinded-annotation-v2-shortrefs
C022,K017,judge_a,2,labeled,Sleep start SD ~5.5 min; sleep end exactly 07:00 daily; slope near zero.,Applies when reviewing repeated variability; stable schedule doesn't establish problem.,"Core confirmation: sleep timing is highly consistent, directly aligning with this recommendation.",qwen3.8-max,09b2ce132b91854896418f5f7526c6e3171ad9e17fccf3e0d82c943d70975f1e,blinded-annotation-v2-shortrefs
C022,K018,judge_a,0,labeled,Wake time exactly 07:00 daily; no insomnia symptoms reported.,Requires inconsistent wake time with reported sleeping difficulties.,Wake time is perfectly consistent and no sleeping difficulties are reported; advice not needed.,qwen3.8-max,09b2ce132b91854896418f5f7526c6e3171ad9e17fccf3e0d82c943d70975f1e,blinded-annotation-v2-shortrefs
C022,K019,judge_a,1,labeled,Sleep start variance low; weekday mean 650.45 vs weekend 649.63 min from noon (baseline).,Applies when bedtime/wake time differs between weekdays and weekends.,"Weekday-weekend difference is <1 min; data shows schedules are already similar, meeting this guidance.",qwen3.8-max,09b2ce132b91854896418f5f7526c6e3171ad9e17fccf3e0d82c943d70975f1e,blinded-annotation-v2-shortrefs
C022,K020,judge_a,0,labeled,Sleep start times recorded; pre-bed activities unknown.,Requires information about pre-bed activities for targeted advice.,Timestamps alone don't reveal what the person did before bed; advice not actionable.,qwen3.8-max,09b2ce132b91854896418f5f7526c6e3171ad9e17fccf3e0d82c943d70975f1e,blinded-annotation-v2-shortrefs
C022,K021,judge_a,0,labeled,No screen exposure or light information recorded before bed.,Requires known bright-screen exposure shortly before bed.,Screen/light exposure is unknown; cannot attribute any sleep pattern to screens.,qwen3.8-max,09b2ce132b91854896418f5f7526c6e3171ad9e17fccf3e0d82c943d70975f1e,blinded-annotation-v2-shortrefs
C022,K022,judge_a,0,labeled,No caffeine timing or intake data recorded.,Requires known afternoon or evening caffeine use.,Caffeine history is absent; cannot link to any sleep observations.,qwen3.8-max,09b2ce132b91854896418f5f7526c6e3171ad9e17fccf3e0d82c943d70975f1e,blinded-annotation-v2-shortrefs
C022,K023,judge_a,0,labeled,No meal timing or size information recorded.,Requires known large meal shortly before bed.,Meal information is completely absent; cannot connect to sleep timing observations.,qwen3.8-max,09b2ce132b91854896418f5f7526c6e3171ad9e17fccf3e0d82c943d70975f1e,blinded-annotation-v2-shortrefs
C022,K024,judge_a,0,labeled,No alcohol intake information recorded in wearable data.,Requires reported alcohol use near bedtime.,Alcohol exposure is unknown; cannot apply this guidance to the observations.,qwen3.8-max,09b2ce132b91854896418f5f7526c6e3171ad9e17fccf3e0d82c943d70975f1e,blinded-annotation-v2-shortrefs
C022,K025,judge_a,0,labeled,No nicotine use information recorded.,Requires established nicotine exposure.,Nicotine use is unknown; cannot link to any sleep or vital observations.,qwen3.8-max,09b2ce132b91854896418f5f7526c6e3171ad9e17fccf3e0d82c943d70975f1e,blinded-annotation-v2-shortrefs
C022,K026,judge_a,0,labeled,No bedroom environment data recorded.,Requires known disruptive bedroom environment.,Bedroom conditions are unknown; cannot connect to sleep observations.,qwen3.8-max,09b2ce132b91854896418f5f7526c6e3171ad9e17fccf3e0d82c943d70975f1e,blinded-annotation-v2-shortrefs
C022,K027,judge_a,0,labeled,No pre-bed routine or relaxation difficulty information available.,Requires reported difficulty relaxing or request for routine options.,No evidence of relaxation issues; generic advice not connected to observations.,qwen3.8-max,09b2ce132b91854896418f5f7526c6e3171ad9e17fccf3e0d82c943d70975f1e,blinded-annotation-v2-shortrefs
C022,K028,judge_a,0,labeled,No nap data recorded in the wearable observations.,Requires adult naps to be recorded or reported.,Nap history is unknown; this guidance cannot be applied to the data.,qwen3.8-max,09b2ce132b91854896418f5f7526c6e3171ad9e17fccf3e0d82c943d70975f1e,blinded-annotation-v2-shortrefs
C022,K029,judge_a,0,labeled,Sleep timing highly consistent; no shift work indicated.,Requires confirmed shift-work schedule with changing shifts.,No evidence of shift work; sleep schedule is stable throughout observation.,qwen3.8-max,09b2ce132b91854896418f5f7526c6e3171ad9e17fccf3e0d82c943d70975f1e,blinded-annotation-v2-shortrefs
C022,K030,judge_a,0,labeled,No shift work information; sleep occurs overnight consistently.,Requires confirmed shift work.,No evidence of shift work; sleep timing is consistent overnight throughout.,qwen3.8-max,09b2ce132b91854896418f5f7526c6e3171ad9e17fccf3e0d82c943d70975f1e,blinded-annotation-v2-shortrefs
C022,K031,judge_a,0,labeled,No shift work or caffeine timing information recorded.,Requires shift schedule and caffeine intake context.,Neither shift work nor caffeine use is established; guidance cannot be applied.,qwen3.8-max,09b2ce132b91854896418f5f7526c6e3171ad9e17fccf3e0d82c943d70975f1e,blinded-annotation-v2-shortrefs
C022,K032,judge_a,0,labeled,All sleep occurs overnight ~22:45-07:00; no shift work indicated.,Requires daytime sleep associated with shift work.,Only ordinary overnight sleep is recorded; shift-work daytime sleep advice doesn't apply.,qwen3.8-max,09b2ce132b91854896418f5f7526c6e3171ad9e17fccf3e0d82c943d70975f1e,blinded-annotation-v2-shortrefs
C022,K033,judge_a,1,labeled,14-day window shows stable sleep; no diary of awakenings or naps available.,Applies when a changed or variable sleep pattern needs review with timeline context.,Supports value of diary data for capturing awakenings/naps absent from wearable records.,qwen3.8-max,09b2ce132b91854896418f5f7526c6e3171ad9e17fccf3e0d82c943d70975f1e,blinded-annotation-v2-shortrefs
C022,K034,judge_a,0,labeled,Sleep ~470 min/night consistently; no shortened nights accumulating.,Requires several shortened nights rather than a single isolated reading.,No pattern of shortened nights; sleep debt accumulation concept doesn't apply here.,qwen3.8-max,09b2ce132b91854896418f5f7526c6e3171ad9e17fccf3e0d82c943d70975f1e,blinded-annotation-v2-shortrefs
C022,K035,judge_a,0,labeled,Weekend sleep mean 470.0 min vs weekday 470.6 min (window); nearly identical.,Requires longer sleep and later timing on days off.,No meaningful weekday-weekend sleep difference; cannot signal insufficient workday sleep.,qwen3.8-max,09b2ce132b91854896418f5f7526c6e3171ad9e17fccf3e0d82c943d70975f1e,blinded-annotation-v2-shortrefs
C022,K036,judge_a,0,labeled,No nap data recorded in the wearable observations.,Requires recorded naps after shortened night-time sleep.,Nap information is absent; cannot evaluate compensation for any sleep loss.,qwen3.8-max,09b2ce132b91854896418f5f7526c6e3171ad9e17fccf3e0d82c943d70975f1e,blinded-annotation-v2-shortrefs
C022,K037,judge_a,0,labeled,No reported bad nights or insomnia symptoms; sleep is stable.,Requires reported bad sleep or insomnia symptoms.,No sleeping difficulties reported; sleep pattern is consistent throughout.,qwen3.8-max,09b2ce132b91854896418f5f7526c6e3171ad9e17fccf3e0d82c943d70975f1e,blinded-annotation-v2-shortrefs
C022,K038,judge_a,0,labeled,No reported sleeping difficulties; 14 days of stable sleep data.,Requires symptom history and onset for insomnia categorization.,No insomnia symptoms reported; sleep duration is stable and adequate.,qwen3.8-max,09b2ce132b91854896418f5f7526c6e3171ad9e17fccf3e0d82c943d70975f1e,blinded-annotation-v2-shortrefs
C022,K039,judge_a,0,labeled,No travel history recorded; timezone constant Asia/Shanghai.,Requires confirmed travel across time zones.,No travel evidence; sleep timing is stable throughout the observation period.,qwen3.8-max,09b2ce132b91854896418f5f7526c6e3171ad9e17fccf3e0d82c943d70975f1e,blinded-annotation-v2-shortrefs
C022,K040,judge_a,0,labeled,No travel or trip information recorded in the data.,Requires a known short trip across time zones.,Travel context is completely unknown; jet lag guidance cannot be applied.,qwen3.8-max,09b2ce132b91854896418f5f7526c6e3171ad9e17fccf3e0d82c943d70975f1e,blinded-annotation-v2-shortrefs
C022,K041,judge_a,0,labeled,Activity intensity unknown; ~55 min/day recorded.,Requires intensity information to count recommended aerobic minutes.,Generic encouragement; intensity unknown prevents assessment against any threshold.,qwen3.8-max,09b2ce132b91854896418f5f7526c6e3171ad9e17fccf3e0d82c943d70975f1e,blinded-annotation-v2-shortrefs
C022,K042,judge_a,0,labeled,Activity duration stable ~55 min/day; no recent inactivity observed.,Requires recently low or reduced physical activity.,Activity levels are consistent; no evidence of recent inactivity requiring gradual buildup.,qwen3.8-max,09b2ce132b91854896418f5f7526c6e3171ad9e17fccf3e0d82c943d70975f1e,blinded-annotation-v2-shortrefs
C022,K043,judge_a,0,labeled,Activity intensity unknown throughout all 42 days.,Requires known activity intensity; non-applicable with unspecified active minutes.,Cannot determine if 150 min/week moderate target is met without intensity data.,qwen3.8-max,09b2ce132b91854896418f5f7526c6e3171ad9e17fccf3e0d82c943d70975f1e,blinded-annotation-v2-shortrefs
C022,K044,judge_a,0,labeled,All activity intervals have intensity unknown.,Requires known vigorous intensity; non-applicable when intensity unknown.,"Intensity is unknown in all records, so vigorous activity guidance cannot be applied.",qwen3.8-max,09b2ce132b91854896418f5f7526c6e3171ad9e17fccf3e0d82c943d70975f1e,blinded-annotation-v2-shortrefs
C022,K045,judge_a,0,labeled,Activity intensity unknown; cannot count guideline minutes.,Requires known intensity for counting guideline minutes.,"Without intensity data, cannot determine if activity chunks meet aerobic guidelines.",qwen3.8-max,09b2ce132b91854896418f5f7526c6e3171ad9e17fccf3e0d82c943d70975f1e,blinded-annotation-v2-shortrefs
C022,K046,judge_a,0,labeled,Only steps and activity minutes recorded; no strengthening activity data.,Requires strengthening activity records including days and muscle groups.,No muscle-strengthening data available; step counts cannot address this separate recommendation.,qwen3.8-max,09b2ce132b91854896418f5f7526c6e3171ad9e17fccf3e0d82c943d70975f1e,blinded-annotation-v2-shortrefs
C022,K047,judge_a,0,labeled,Activity intensity unknown; weekly moderate/vigorous totals unverified.,Requires documented aerobic activity reaching guideline with known intensity.,Cannot assess guideline attainment because activity intensity is unknown throughout.,qwen3.8-max,09b2ce132b91854896418f5f7526c6e3171ad9e17fccf3e0d82c943d70975f1e,blinded-annotation-v2-shortrefs
C022,K048,judge_a,0,labeled,All activity intervals have intensity unknown; fitness level unknown.,Requires fitness or perceived effort to interpret intensity.,Cannot assign relative intensity without fitness context; intensity is unknown.,qwen3.8-max,09b2ce132b91854896418f5f7526c6e3171ad9e17fccf3e0d82c943d70975f1e,blinded-annotation-v2-shortrefs
C022,K049,judge_a,0,labeled,All activity intensity is unknown; no breathing or talk-test observations.,Requires observed effort during aerobic activity with talk-test observation.,Effort is unrecorded; talk test cannot be applied to unknown-intensity activity data.,qwen3.8-max,09b2ce132b91854896418f5f7526c6e3171ad9e17fccf3e0d82c943d70975f1e,blinded-annotation-v2-shortrefs
C022,K050,judge_a,1,labeled,Steps vary 7603-8404; activity duration stable ~55 min; intensity unknown.,Applies when steps change while other activity may differ.,Steps fluctuate slightly but activity minutes remain stable; steps alone don't capture all exercise.,qwen3.8-max,09b2ce132b91854896418f5f7526c6e3171ad9e17fccf3e0d82c943d70975f1e,blinded-annotation-v2-shortrefs
C022,K051,judge_a,0,labeled,Steps ~8000/day stable; no declining routine movement observed.,Requires low or declining routine movement.,Movement levels are stable and adequate; no decline requiring routine integration advice.,qwen3.8-max,09b2ce132b91854896418f5f7526c6e3171ad9e17fccf3e0d82c943d70975f1e,blinded-annotation-v2-shortrefs
C022,K052,judge_a,0,labeled,"Steps ~8000/day, activity ~55 min/day consistently across baseline and window.",Requires low or difficult-to-maintain activity habit.,Activity levels are stable and adequate; no evidence of difficulty maintaining habits.,qwen3.8-max,09b2ce132b91854896418f5f7526c6e3171ad9e17fccf3e0d82c943d70975f1e,blinded-annotation-v2-shortrefs
C022,K053,judge_a,0,labeled,No social preferences or motivational barriers reported.,Requires social preferences or reported motivational barrier.,No evidence of motivational issues; activity is stable without social intervention.,qwen3.8-max,09b2ce132b91854896418f5f7526c6e3171ad9e17fccf3e0d82c943d70975f1e,blinded-annotation-v2-shortrefs
C022,K054,judge_a,0,labeled,Activity ~55 min/day; no reported time barrier.,Requires low activity with a reported time barrier.,Activity is stable and no time barrier is reported; diary suggestion not applicable.,qwen3.8-max,09b2ce132b91854896418f5f7526c6e3171ad9e17fccf3e0d82c943d70975f1e,blinded-annotation-v2-shortrefs
C022,K055,judge_a,0,labeled,No schedule constraint or competing demand information available.,Requires reported competing demands reducing activity.,No evidence of schedule barriers to activity in the provided data.,qwen3.8-max,09b2ce132b91854896418f5f7526c6e3171ad9e17fccf3e0d82c943d70975f1e,blinded-annotation-v2-shortrefs
C022,K056,judge_a,0,labeled,No chronic health condition or disability information provided.,Requires established chronic condition or special health need.,Medical context is unknown; cannot apply health-condition-specific activity guidance.,qwen3.8-max,09b2ce132b91854896418f5f7526c6e3171ad9e17fccf3e0d82c943d70975f1e,blinded-annotation-v2-shortrefs
C022,K057,judge_a,1,labeled,Low movement in ~45-min blocks 10:00-18:25 daily; 720 min daytime wear.,Applies when long uninterrupted daytime low-movement intervals exist with adequate wear.,Relevant: data shows repeated ~45-min low-movement blocks during verified daytime wear.,qwen3.8-max,09b2ce132b91854896418f5f7526c6e3171ad9e17fccf3e0d82c943d70975f1e,blinded-annotation-v2-shortrefs
C022,K058,judge_a,0,labeled,Low movement ~450 min/day; activity ~55 min/day; posture unconfirmed.,Requires sitting posture and known activity intensity for guideline claims.,Posture unconfirmed and intensity unknown; cannot assess exercise-sitting interaction.,qwen3.8-max,09b2ce132b91854896418f5f7526c6e3171ad9e17fccf3e0d82c943d70975f1e,blinded-annotation-v2-shortrefs
C022,K059,judge_a,0,labeled,Low movement ~450 min/day; posture not confirmed.,Requires confirmed sitting for sedentary-time conclusion.,Device low movement is not confirmed sitting; cannot apply sedentary behavior guidance directly.,qwen3.8-max,09b2ce132b91854896418f5f7526c6e3171ad9e17fccf3e0d82c943d70975f1e,blinded-annotation-v2-shortrefs
C022,K060,judge_a,0,labeled,No commuting or transport information recorded.,Requires established sedentary commuting context.,Commute context is unknown; cannot apply transport-related activity suggestions.,qwen3.8-max,09b2ce132b91854896418f5f7526c6e3171ad9e17fccf3e0d82c943d70975f1e,blinded-annotation-v2-shortrefs
C022,K061,judge_a,0,labeled,Workplace context unknown; low movement recorded but not confirmed sitting.,Requires desk work with prolonged sitting context.,Work context is unknown; device low movement does not confirm desk sitting.,qwen3.8-max,09b2ce132b91854896418f5f7526c6e3171ad9e17fccf3e0d82c943d70975f1e,blinded-annotation-v2-shortrefs
C022,K062,judge_a,0,labeled,No workplace or meeting information recorded.,Requires meetings or desk work involving prolonged sitting context.,Workplace context is unknown; standing meeting suggestions cannot be applied.,qwen3.8-max,09b2ce132b91854896418f5f7526c6e3171ad9e17fccf3e0d82c943d70975f1e,blinded-annotation-v2-shortrefs
C022,K063,judge_a,0,labeled,No television viewing or screen habit information recorded.,Requires prolonged sitting while watching television context.,Screen habits are unknown; cannot apply TV-break movement suggestions.,qwen3.8-max,09b2ce132b91854896418f5f7526c6e3171ad9e17fccf3e0d82c943d70975f1e,blinded-annotation-v2-shortrefs
C022,K064,judge_a,0,labeled,Low movement ~450 min/day; leisure routine context unknown.,Requires substantial habitual seated leisure with known routine.,Device low movement is not confirmed sitting; leisure context is unknown.,qwen3.8-max,09b2ce132b91854896418f5f7526c6e3171ad9e17fccf3e0d82c943d70975f1e,blinded-annotation-v2-shortrefs
C022,K065,judge_a,1,labeled,Activity ~55 min/day plus ~8000 steps; formal exercise type unknown.,Applies when everyday movement can be considered separately from planned exercise.,Relevant distinction: recorded steps and activity include everyday movement beyond formal exercise.,qwen3.8-max,09b2ce132b91854896418f5f7526c6e3171ad9e17fccf3e0d82c943d70975f1e,blinded-annotation-v2-shortrefs
C022,K066,judge_a,0,labeled,Low movement ~450 min/day recorded; workday context unknown.,Requires known workday lunch-break context; non-applicable if unknown.,Workday and lunch-break context are not established in the wearable data.,qwen3.8-max,09b2ce132b91854896418f5f7526c6e3171ad9e17fccf3e0d82c943d70975f1e,blinded-annotation-v2-shortrefs
C022,K067,judge_a,0,labeled,No stair access or mobility context information available.,Requires stair access and safe mobility context.,Context unknown; generic suggestion not connected to specific observations.,qwen3.8-max,09b2ce132b91854896418f5f7526c6e3171ad9e17fccf3e0d82c943d70975f1e,blinded-annotation-v2-shortrefs
C022,K068,judge_a,1,labeled,Low movement ~450 min/day in ~45-min intervals; no posture measurement.,Applies when low-movement intervals lack posture measurement.,Directly warns against relabeling low-movement estimates as confirmed sitting behavior.,qwen3.8-max,09b2ce132b91854896418f5f7526c6e3171ad9e17fccf3e0d82c943d70975f1e,blinded-annotation-v2-shortrefs
C022,K069,judge_a,0,labeled,Activity ~55 min/day stable; sleep ~470 min stable; paired r=0.10 (window).,Non-applicable for declaring causal effect from few paired observations.,Weak correlation and general benefit statement cannot establish individual causal relationship.,qwen3.8-max,09b2ce132b91854896418f5f7526c6e3171ad9e17fccf3e0d82c943d70975f1e,blinded-annotation-v2-shortrefs
C022,K070,judge_a,0,labeled,Activity ~55 min/day stable; outdoor access unknown.,Requires outdoor access and mobility for a specific plan.,Generic routine advice; no evidence of low activity or changed sleep routine needing this.,qwen3.8-max,09b2ce132b91854896418f5f7526c6e3171ad9e17fccf3e0d82c943d70975f1e,blinded-annotation-v2-shortrefs
C022,K071,judge_a,1,labeled,Activity intervals 21:00-~22:00 daily; sleep starts ~22:45-22:58; intensity unknown.,Requires known intensity and actual timing relative to bedtime.,"Late activity occurs within 1h of sleep, but unknown intensity prevents applying intense-exercise advice.",qwen3.8-max,09b2ce132b91854896418f5f7526c6e3171ad9e17fccf3e0d82c943d70975f1e,blinded-annotation-v2-shortrefs
C022,K072,judge_a,0,labeled,Activity 21:00-~22:00; sleep ~22:45-22:58; no insomnia symptoms reported.,Requires exercise near bedtime with reported insomnia symptoms.,No insomnia symptoms; temporal adjacency alone doesn't establish need for this targeted advice.,qwen3.8-max,09b2ce132b91854896418f5f7526c6e3171ad9e17fccf3e0d82c943d70975f1e,blinded-annotation-v2-shortrefs
C022,K073,judge_a,1,labeled,Activity intervals 21:00-~22:00 daily; sleep starts ~22:45-22:58.,Applies when activity timing and subsequent sleep are being compared.,Relevant: late activity ends ~1h before sleep start; timing context preserved for review.,qwen3.8-max,09b2ce132b91854896418f5f7526c6e3171ad9e17fccf3e0d82c943d70975f1e,blinded-annotation-v2-shortrefs
C022,K074,judge_a,0,labeled,No emergency responder deployment context indicated.,Requires confirmed emergency-response deployment context.,Deployment context is unknown; this specialized occupational guidance does not apply.,qwen3.8-max,09b2ce132b91854896418f5f7526c6e3171ad9e17fccf3e0d82c943d70975f1e,blinded-annotation-v2-shortrefs
C022,K075,judge_a,0,labeled,No tiredness or subjective energy pattern information recorded.,Requires reported tiredness limiting activity and subjective energy pattern.,Energy levels and tiredness are unknown; cannot apply scheduling guidance.,qwen3.8-max,09b2ce132b91854896418f5f7526c6e3171ad9e17fccf3e0d82c943d70975f1e,blinded-annotation-v2-shortrefs
C022,K076,judge_a,1,labeled,RHR/HRV changed Apr 3-6 without substance or medication records.,Applies when sleep/activity temporal relationship needs substance context.,Missing substance/medication data limits causal interpretation of the transient vital changes.,qwen3.8-max,09b2ce132b91854896418f5f7526c6e3171ad9e17fccf3e0d82c943d70975f1e,blinded-annotation-v2-shortrefs
C022,K077,judge_a,1,labeled,Daily RHR values 55-67 bpm recorded throughout both periods.,Applies when resting heart rate observations are available.,"Clarifies that recorded RHR represents still, well-rested measurement context.",qwen3.8-max,09b2ce132b91854896418f5f7526c6e3171ad9e17fccf3e0d82c943d70975f1e,blinded-annotation-v2-shortrefs
C022,K078,judge_a,1,labeled,RHR recorded daily (55-67 bpm); sleeping HR not separately reported.,Applies when a daily resting heart-rate trend is being interpreted.,Data provides daily RHR; this item clarifies it differs from sleeping heart rate.,qwen3.8-max,09b2ce132b91854896418f5f7526c6e3171ad9e17fccf3e0d82c943d70975f1e,blinded-annotation-v2-shortrefs
C022,K079,judge_a,2,labeled,"RHR rose from 55-57 baseline to 65-67 bpm Apr 3-6, then returned to 55-57.",Applies when RHR changes relative to previous readings; multiple possible explanations exist.,Core explanation: the transient RHR elevation has many possible causes; data alone cannot identify which.,qwen3.8-max,09b2ce132b91854896418f5f7526c6e3171ad9e17fccf3e0d82c943d70975f1e,blinded-annotation-v2-shortrefs
C022,K080,judge_a,1,labeled,Both RHR and HRV RMSSD recorded daily; HRV dropped while RHR rose Apr 3-6.,Applies when HRV and heart-rate estimates are interpreted together.,Directly relevant: HRV and RHR are distinct measures; their inverse change Apr 3-6 illustrates this.,qwen3.8-max,09b2ce132b91854896418f5f7526c6e3171ad9e17fccf3e0d82c943d70975f1e,blinded-annotation-v2-shortrefs
C022,K081,judge_a,2,labeled,"HRV RMSSD dropped from baseline mean 45ms to 23-26ms Apr 3-6, then recovered.",Applies when an HRV level or trend is being reviewed; requires personal history context.,Directly explains that HRV varies by person and context; the transient drop needs personal baseline comparison.,qwen3.8-max,09b2ce132b91854896418f5f7526c6e3171ad9e17fccf3e0d82c943d70975f1e,blinded-annotation-v2-shortrefs
C022,K082,judge_a,2,labeled,"28-day baseline provides personal ranges: RHR 55-57, HRV 43-47ms.",Applies when a vital has changed from a recent personal baseline with sufficient history.,Core context: baseline establishes personal ranges; Apr 3-6 deviations are interpretable against them.,qwen3.8-max,09b2ce132b91854896418f5f7526c6e3171ad9e17fccf3e0d82c943d70975f1e,blinded-annotation-v2-shortrefs
C022,K083,judge_a,2,labeled,"RHR 55-57 baseline, spiked 65-67 Apr 3-6, returned 55-57 Apr 7-12.",Applies when repeated RHR readings show a recent change; single reading insufficient.,"Core context: multi-day trend shows transient spike and recovery, not a persistent change.",qwen3.8-max,09b2ce132b91854896418f5f7526c6e3171ad9e17fccf3e0d82c943d70975f1e,blinded-annotation-v2-shortrefs
C022,K084,judge_a,2,labeled,HRV RMSSD dropped to 23-26ms Apr 3-6 then recovered to 44-47ms.,Applies when HRV trend is available for wellness monitoring; non-applicable for diagnosis.,"Core context: the transient HRV drop is a wellness observation, not diagnostic of any condition.",qwen3.8-max,09b2ce132b91854896418f5f7526c6e3171ad9e17fccf3e0d82c943d70975f1e,blinded-annotation-v2-shortrefs
C022,K085,judge_a,1,labeled,HRV reported as hrv_rmssd_ms throughout baseline and window.,Applies when HRV records identify RMSSD as their metric.,Data explicitly uses RMSSD; this item confirms the metric definition used.,qwen3.8-max,09b2ce132b91854896418f5f7526c6e3171ad9e17fccf3e0d82c943d70975f1e,blinded-annotation-v2-shortrefs
C022,K086,judge_a,1,labeled,HRV RMSSD recorded nightly; sleep periods 462-478 min (>3h threshold).,Applies when overnight HRV estimates are compared; requires compatible collection definition.,All sleep periods exceed 3h minimum; supports validity of nightly HRV comparisons.,qwen3.8-max,09b2ce132b91854896418f5f7526c6e3171ad9e17fccf3e0d82c943d70975f1e,blinded-annotation-v2-shortrefs
C022,K087,judge_a,0,labeled,Only sleep duration and timing recorded; no sleep-stage data available.,Requires sleep-stage measurements; non-applicable with only duration/timing.,Sleep stage data is absent; this guidance about stage patterns cannot be applied.,qwen3.8-max,09b2ce132b91854896418f5f7526c6e3171ad9e17fccf3e0d82c943d70975f1e,blinded-annotation-v2-shortrefs
C022,K088,judge_a,1,labeled,Transient RHR/HRV changes Apr 3-6; no reported health concerns in data.,Applies when a person reports concerns about a vital trend.,"General principle: vital changes warrant clinical conversation if concerning, not self-diagnosis.",qwen3.8-max,09b2ce132b91854896418f5f7526c6e3171ad9e17fccf3e0d82c943d70975f1e,blinded-annotation-v2-shortrefs
C022,K089,judge_a,1,labeled,RHR spiked to 65-67 bpm Apr 3-6 then returned to 55-57; wear quality unknown.,Applies when heart-rate readings may be unreliable or wear quality changes.,Transient RHR elevation could reflect sensor fit changes; relevant contextual factor.,qwen3.8-max,09b2ce132b91854896418f5f7526c6e3171ad9e17fccf3e0d82c943d70975f1e,blinded-annotation-v2-shortrefs
C022,K090,judge_a,1,labeled,Nighttime coverage 482-498 min daily; daytime wear 720 min daily.,Applies when overnight vitals have uncertain coverage; requires separate night wear info.,"Confirms that both day and night coverage are documented, supporting overnight vital validity.",qwen3.8-max,09b2ce132b91854896418f5f7526c6e3171ad9e17fccf3e0d82c943d70975f1e,blinded-annotation-v2-shortrefs
C022,K091,judge_a,0,labeled,Nighttime coverage 482-498 min; no missing vitals in dataset.,Requires a missing vital with limited nighttime data.,All vitals are present with adequate nighttime coverage; no missing data issue.,qwen3.8-max,09b2ce132b91854896418f5f7526c6e3171ad9e17fccf3e0d82c943d70975f1e,blinded-annotation-v2-shortrefs
C022,K092,judge_a,0,labeled,All vitals present every day; no missing data in either period.,Requires missing or delayed vitals.,No missing vitals observed; device syncing appears complete throughout.,qwen3.8-max,09b2ce132b91854896418f5f7526c6e3171ad9e17fccf3e0d82c943d70975f1e,blinded-annotation-v2-shortrefs
C022,K093,judge_a,0,labeled,Single synthetic device used throughout; no device switch indicated.,Requires heart-rate series involving a device or algorithm change.,Same device used continuously; cross-device comparison concerns do not apply.,qwen3.8-max,09b2ce132b91854896418f5f7526c6e3171ad9e17fccf3e0d82c943d70975f1e,blinded-annotation-v2-shortrefs
C022,K094,judge_a,1,labeled,Sleep duration 462-478 min estimated from device; sleep boundaries recorded.,Applies when device-estimated sleep duration and boundaries are available.,"Clarifies that recorded sleep duration is an estimate, not equivalent to clinical polysomnography.",qwen3.8-max,09b2ce132b91854896418f5f7526c6e3171ad9e17fccf3e0d82c943d70975f1e,blinded-annotation-v2-shortrefs
C022,K095,judge_a,1,labeled,Nighttime coverage 482-498 min daily; all sleep readings present.,Applies when sleep readings are present with night-time wear record.,"Confirms device was worn overnight consistently, validating all sleep observations.",qwen3.8-max,09b2ce132b91854896418f5f7526c6e3171ad9e17fccf3e0d82c943d70975f1e,blinded-annotation-v2-shortrefs
C022,K096,judge_a,1,labeled,Steps range 7603-8404; arm swing and wear context unknown.,Applies when step readings change with possible measurement limitations.,Step counting depends on arm motion; variations could partly reflect wear differences.,qwen3.8-max,09b2ce132b91854896418f5f7526c6e3171ad9e17fccf3e0d82c943d70975f1e,blinded-annotation-v2-shortrefs
C023,K001,judge_a,2,labeled,"Age band 18-60; window sleep mean 440.6 min (~7.3h), Apr 7-12 sleep 385-392 min (<7h).",Requires age 18-60 and sleep below 7h recommendation.,Core directly explains that recent window sleep falls below the CDC adult recommendation.,qwen3.8-max,3c3103e3fe1783a906c3a6d90cb49d4709439fcf02033b92ad6028b456029072,blinded-annotation-v2-shortrefs
C023,K002,judge_a,0,labeled,Age band 18-60; not aged 61-64.,Requires age 61-64 established.,Age group contradicts applicability; not relevant.,qwen3.8-max,3c3103e3fe1783a906c3a6d90cb49d4709439fcf02033b92ad6028b456029072,blinded-annotation-v2-shortrefs
C023,K003,judge_a,0,labeled,"Age band is 18-60, not 65 or older.",Requires age at least 65 established.,Age group contradicts applicability; not relevant.,qwen3.8-max,3c3103e3fe1783a906c3a6d90cb49d4709439fcf02033b92ad6028b456029072,blinded-annotation-v2-shortrefs
C023,K004,judge_a,0,labeled,"Age band 18-60; subject is an adult, not a teenager.",Requires teenage age group 13-17 established.,Age group contradicts applicability; not relevant.,qwen3.8-max,3c3103e3fe1783a906c3a6d90cb49d4709439fcf02033b92ad6028b456029072,blinded-annotation-v2-shortrefs
C023,K005,judge_a,1,labeled,Sleep dropped from ~470 min to 385-392 min in latter window.,Requires repeatedly shortened sleep opportunity or duration.,Shortened sleep observed but schedule constraint not confirmed; partial contextual relevance.,qwen3.8-max,3c3103e3fe1783a906c3a6d90cb49d4709439fcf02033b92ad6028b456029072,blinded-annotation-v2-shortrefs
C023,K006,judge_a,1,labeled,Baseline sleep stable ~470 min; window drops to 385-392 min.,Requires sleep consistently short even without new decline.,Baseline was stable but not extremely short; partial contextual relevance to routine stability.,qwen3.8-max,3c3103e3fe1783a906c3a6d90cb49d4709439fcf02033b92ad6028b456029072,blinded-annotation-v2-shortrefs
C023,K007,judge_a,1,labeled,Sleep duration recorded 385-485 min; no quality metrics like awakenings.,"Requires sleep-onset difficulty, awakenings, or subjective refreshment.",Duration recorded but quality unknown; contextual distinction supported.,qwen3.8-max,3c3103e3fe1783a906c3a6d90cb49d4709439fcf02033b92ad6028b456029072,blinded-annotation-v2-shortrefs
C023,K008,judge_a,0,labeled,Only sleep start/end and duration recorded; no awakening data.,Requires awakening history or measured sleep continuity.,Awakenings not measured; conditions not met.,qwen3.8-max,3c3103e3fe1783a906c3a6d90cb49d4709439fcf02033b92ad6028b456029072,blinded-annotation-v2-shortrefs
C023,K009,judge_a,0,labeled,Window sleep mostly under 8h; no subjective refreshment data.,Requires more than 8h sleep with reported lack of refreshment.,Sleep not consistently >8h and no refreshment report; conditions not met.,qwen3.8-max,3c3103e3fe1783a906c3a6d90cb49d4709439fcf02033b92ad6028b456029072,blinded-annotation-v2-shortrefs
C023,K010,judge_a,0,labeled,Sleep shortened in window; no cognitive or performance symptoms recorded.,Requires symptoms to claim actual cognitive impairment.,Wearable record alone cannot establish impaired cognition; generic background.,qwen3.8-max,3c3103e3fe1783a906c3a6d90cb49d4709439fcf02033b92ad6028b456029072,blinded-annotation-v2-shortrefs
C023,K011,judge_a,1,labeled,Window sleep mean 440.6 min; Apr 7-12 sleep 385-392 min vs baseline ~470 min.,Requires several nights of reduced sleep duration.,"Several shortened nights in window match condition, but no performance symptoms recorded.",qwen3.8-max,3c3103e3fe1783a906c3a6d90cb49d4709439fcf02033b92ad6028b456029072,blinded-annotation-v2-shortrefs
C023,K012,judge_a,0,labeled,Sleep shortened in window; no infection or immune symptoms recorded.,Requires ongoing insufficient sleep but cannot infer infection.,Generic background; cannot diagnose infection from sleep data alone.,qwen3.8-max,3c3103e3fe1783a906c3a6d90cb49d4709439fcf02033b92ad6028b456029072,blinded-annotation-v2-shortrefs
C023,K013,judge_a,0,labeled,Sleep shortened in window; no appetite or food intake data.,Requires food intake or appetite information for individual claims.,No appetite data; cannot infer metabolic effects from sleep alone.,qwen3.8-max,3c3103e3fe1783a906c3a6d90cb49d4709439fcf02033b92ad6028b456029072,blinded-annotation-v2-shortrefs
C023,K014,judge_a,0,labeled,No sleepiness reports or driving context recorded.,Requires reported sleepiness and driving plans.,Sleepiness and driving unknown; conditions not met.,qwen3.8-max,3c3103e3fe1783a906c3a6d90cb49d4709439fcf02033b92ad6028b456029072,blinded-annotation-v2-shortrefs
C023,K015,judge_a,1,labeled,Adult age 18-60; sleep durations vary 385-485 min in window.,Requires individual sleep experience to assess adequacy.,General context about sleep needs varying; supported but not most direct explanation.,qwen3.8-max,3c3103e3fe1783a906c3a6d90cb49d4709439fcf02033b92ad6028b456029072,blinded-annotation-v2-shortrefs
C023,K016,judge_a,0,labeled,14-day window only; no months-long history or reported insomnia.,Requires months-long sleeping difficulties or failed habit changes.,Duration too short and no reported problems; conditions not met.,qwen3.8-max,3c3103e3fe1783a906c3a6d90cb49d4709439fcf02033b92ad6028b456029072,blinded-annotation-v2-shortrefs
C023,K017,judge_a,2,labeled,"Baseline sleep start ~22:45-22:58; window Apr 7-12 starts 00:08-00:15, highly variable.",Requires repeated variability in bedtime or wake time.,Core directly explains the marked bedtime variability emerging in the current window.,qwen3.8-max,3c3103e3fe1783a906c3a6d90cb49d4709439fcf02033b92ad6028b456029072,blinded-annotation-v2-shortrefs
C023,K018,judge_a,0,labeled,Wake time fixed at 07:00; no reported sleeping difficulties.,Requires inconsistent wake time with reported sleeping difficulties.,Wake time is perfectly consistent; no insomnia symptoms reported.,qwen3.8-max,3c3103e3fe1783a906c3a6d90cb49d4709439fcf02033b92ad6028b456029072,blinded-annotation-v2-shortrefs
C023,K019,judge_a,0,labeled,Baseline weekday/weekend sleep similar; window has late starts but no workday labels.,Requires calendar grouping establishing workdays vs weekends.,Calendar grouping does not itself establish workdays; conditions ambiguous.,qwen3.8-max,3c3103e3fe1783a906c3a6d90cb49d4709439fcf02033b92ad6028b456029072,blinded-annotation-v2-shortrefs
C023,K020,judge_a,0,labeled,Bedtime recorded but no pre-bed activity information available.,Requires information about pre-bed activities for targeted advice.,Pre-bed activities unknown; cannot assess routine from timestamps alone.,qwen3.8-max,3c3103e3fe1783a906c3a6d90cb49d4709439fcf02033b92ad6028b456029072,blinded-annotation-v2-shortrefs
C023,K021,judge_a,0,labeled,No screen or light exposure data recorded before bed.,Requires known bright-screen exposure shortly before bed.,Screen exposure unknown; conditions not met.,qwen3.8-max,3c3103e3fe1783a906c3a6d90cb49d4709439fcf02033b92ad6028b456029072,blinded-annotation-v2-shortrefs
C023,K022,judge_a,0,labeled,No caffeine timing or intake data recorded.,Requires known afternoon/evening caffeine use with sleeping difficulty.,Caffeine history unknown; conditions not met.,qwen3.8-max,3c3103e3fe1783a906c3a6d90cb49d4709439fcf02033b92ad6028b456029072,blinded-annotation-v2-shortrefs
C023,K023,judge_a,0,labeled,No meal timing or size data recorded.,Requires known large meal shortly before bed.,Meal information unknown; conditions not met.,qwen3.8-max,3c3103e3fe1783a906c3a6d90cb49d4709439fcf02033b92ad6028b456029072,blinded-annotation-v2-shortrefs
C023,K024,judge_a,0,labeled,No alcohol consumption data recorded in wearable observations.,Requires alcohol intake and timing information.,Alcohol exposure unknown; conditions not met.,qwen3.8-max,3c3103e3fe1783a906c3a6d90cb49d4709439fcf02033b92ad6028b456029072,blinded-annotation-v2-shortrefs
C023,K025,judge_a,0,labeled,No nicotine use data recorded.,Requires nicotine exposure established.,Nicotine use unknown; conditions not met.,qwen3.8-max,3c3103e3fe1783a906c3a6d90cb49d4709439fcf02033b92ad6028b456029072,blinded-annotation-v2-shortrefs
C023,K026,judge_a,0,labeled,"No bedroom environment data (light, noise, temperature) recorded.",Requires known disruptive bedroom environment.,Environment unknown; conditions not met.,qwen3.8-max,3c3103e3fe1783a906c3a6d90cb49d4709439fcf02033b92ad6028b456029072,blinded-annotation-v2-shortrefs
C023,K027,judge_a,0,labeled,No pre-bed routine or relaxation difficulty data recorded.,Requires reported difficulty relaxing or request for routine options.,No relaxation issues reported; generic advice.,qwen3.8-max,3c3103e3fe1783a906c3a6d90cb49d4709439fcf02033b92ad6028b456029072,blinded-annotation-v2-shortrefs
C023,K028,judge_a,0,labeled,No nap data recorded in wearable observations.,Requires adult naps recorded or reported.,Nap history unknown; conditions not met.,qwen3.8-max,3c3103e3fe1783a906c3a6d90cb49d4709439fcf02033b92ad6028b456029072,blinded-annotation-v2-shortrefs
C023,K029,judge_a,0,labeled,No shift work schedule data recorded.,Requires confirmed shift-work schedule.,Shift work unknown; conditions not met.,qwen3.8-max,3c3103e3fe1783a906c3a6d90cb49d4709439fcf02033b92ad6028b456029072,blinded-annotation-v2-shortrefs
C023,K030,judge_a,0,labeled,No shift work data recorded.,Requires confirmed shift work with work schedule context.,Shift work unknown; conditions not met.,qwen3.8-max,3c3103e3fe1783a906c3a6d90cb49d4709439fcf02033b92ad6028b456029072,blinded-annotation-v2-shortrefs
C023,K031,judge_a,0,labeled,No shift work or caffeine intake information in wearable data.,Requires shift worker using caffeine.,Shift work and caffeine unknown; conditions not met.,qwen3.8-max,3c3103e3fe1783a906c3a6d90cb49d4709439fcf02033b92ad6028b456029072,blinded-annotation-v2-shortrefs
C023,K032,judge_a,0,labeled,All sleep occurs overnight starting 22:35-00:15; no daytime sleep.,Requires daytime sleep associated with shift work.,Only ordinary overnight sleep recorded; conditions not met.,qwen3.8-max,3c3103e3fe1783a906c3a6d90cb49d4709439fcf02033b92ad6028b456029072,blinded-annotation-v2-shortrefs
C023,K033,judge_a,1,labeled,"Sleep pattern changed markedly in window (late starts, shorter duration).",Requires a changed or variable sleep pattern needing review.,"Supports reviewing the changed sleep pattern, though awakenings/naps unrecorded.",qwen3.8-max,3c3103e3fe1783a906c3a6d90cb49d4709439fcf02033b92ad6028b456029072,blinded-annotation-v2-shortrefs
C023,K034,judge_a,1,labeled,"Apr 7-12 sleep 385-392 min nightly, well below baseline ~470 min.",Requires several shortened nights rather than a single isolated reading.,Multiple consecutive short nights in window match condition for accumulated sleep loss.,qwen3.8-max,3c3103e3fe1783a906c3a6d90cb49d4709439fcf02033b92ad6028b456029072,blinded-annotation-v2-shortrefs
C023,K035,judge_a,0,labeled,Weekend/weekday sleep similar in baseline; no workday/off-day labels.,Requires longer sleep and later timing on days off with known workdays.,Workdays and days off unknown; cannot apply this comparison.,qwen3.8-max,3c3103e3fe1783a906c3a6d90cb49d4709439fcf02033b92ad6028b456029072,blinded-annotation-v2-shortrefs
C023,K036,judge_a,0,labeled,No nap data recorded in wearable observations.,Requires recorded naps after shortened night-time sleep.,Nap information absent; conditions not met.,qwen3.8-max,3c3103e3fe1783a906c3a6d90cb49d4709439fcf02033b92ad6028b456029072,blinded-annotation-v2-shortrefs
C023,K037,judge_a,0,labeled,No reported bad nights or insomnia symptoms.,Requires recent bad night and reported sleeping difficulties.,No insomnia symptoms reported; conditions not met.,qwen3.8-max,3c3103e3fe1783a906c3a6d90cb49d4709439fcf02033b92ad6028b456029072,blinded-annotation-v2-shortrefs
C023,K038,judge_a,0,labeled,14-day window shows short sleep; no symptom history or insomnia report.,Requires reported sleeping difficulties with known duration and symptom history.,Cannot diagnose insomnia from estimated sleep hours alone; conditions not met.,qwen3.8-max,3c3103e3fe1783a906c3a6d90cb49d4709439fcf02033b92ad6028b456029072,blinded-annotation-v2-shortrefs
C023,K039,judge_a,0,labeled,No travel history recorded in data.,"Requires confirmed travel, destination time zone, and trip duration.",Travel context unknown; conditions not met.,qwen3.8-max,3c3103e3fe1783a906c3a6d90cb49d4709439fcf02033b92ad6028b456029072,blinded-annotation-v2-shortrefs
C023,K040,judge_a,0,labeled,No travel or trip information in wearable data.,Requires a short trip across time zones planned.,Travel context unknown; conditions not met.,qwen3.8-max,3c3103e3fe1783a906c3a6d90cb49d4709439fcf02033b92ad6028b456029072,blinded-annotation-v2-shortrefs
C023,K041,judge_a,0,labeled,"Steps ~8000/day, activity 45-90 min; no intensity data.",Requires intensity information to count recommended aerobic minutes.,Generic encouragement; intensity unknown prevents specific application.,qwen3.8-max,3c3103e3fe1783a906c3a6d90cb49d4709439fcf02033b92ad6028b456029072,blinded-annotation-v2-shortrefs
C023,K042,judge_a,0,labeled,Activity increased in window (mean 64.3 vs 55.6 min); no prior inactivity period.,Requires recently low or reduced physical activity.,Activity is not reduced; conditions contradicted by data.,qwen3.8-max,3c3103e3fe1783a906c3a6d90cb49d4709439fcf02033b92ad6028b456029072,blinded-annotation-v2-shortrefs
C023,K043,judge_a,0,labeled,Activity intensity labeled 'unknown'; only moving minutes available.,Requires known moderate-intensity aerobic minutes documented.,Intensity unknown per rules; cannot determine guideline compliance.,qwen3.8-max,3c3103e3fe1783a906c3a6d90cb49d4709439fcf02033b92ad6028b456029072,blinded-annotation-v2-shortrefs
C023,K044,judge_a,0,labeled,Activity intensity labeled 'unknown' for all intervals.,Requires known vigorous intensity documentation.,Intensity unknown; cannot assume vigorous activity per rules.,qwen3.8-max,3c3103e3fe1783a906c3a6d90cb49d4709439fcf02033b92ad6028b456029072,blinded-annotation-v2-shortrefs
C023,K045,judge_a,0,labeled,Activity intensity unknown; no guideline minute counting possible.,Requires intensity known for counting guideline minutes.,Cannot assume recorded active minutes are moderate intensity per rules.,qwen3.8-max,3c3103e3fe1783a906c3a6d90cb49d4709439fcf02033b92ad6028b456029072,blinded-annotation-v2-shortrefs
C023,K046,judge_a,0,labeled,Only steps and active minutes recorded; no muscle-strengthening data.,Requires strengthening activity records including days and muscle groups.,Only step/movement counts available; cannot assess strengthening.,qwen3.8-max,3c3103e3fe1783a906c3a6d90cb49d4709439fcf02033b92ad6028b456029072,blinded-annotation-v2-shortrefs
C023,K047,judge_a,0,labeled,Activity intensity unknown; guideline attainment unverifiable.,Requires known intensity and weekly duration above minimum.,Unknown intensity prevents verifying guideline attainment; conditions not met.,qwen3.8-max,3c3103e3fe1783a906c3a6d90cb49d4709439fcf02033b92ad6028b456029072,blinded-annotation-v2-shortrefs
C023,K048,judge_a,0,labeled,All activity intensity labeled 'unknown'; no fitness level data.,Requires fitness or perceived effort to interpret intensity.,Intensity cannot be assigned from movement totals per rules.,qwen3.8-max,3c3103e3fe1783a906c3a6d90cb49d4709439fcf02033b92ad6028b456029072,blinded-annotation-v2-shortrefs
C023,K049,judge_a,0,labeled,All activity intensity labeled 'unknown'; no breathing/talk-test data.,Requires observed effort during aerobic activity.,Effort unrecorded; intensity unknown per rules.,qwen3.8-max,3c3103e3fe1783a906c3a6d90cb49d4709439fcf02033b92ad6028b456029072,blinded-annotation-v2-shortrefs
C023,K050,judge_a,1,labeled,Steps ~8000/day stable; activity type unknown beyond walking.,Requires activity type for interpreting non-step exercise.,Steps may miss non-step exercise; contextual caution supported by data limitations.,qwen3.8-max,3c3103e3fe1783a906c3a6d90cb49d4709439fcf02033b92ad6028b456029072,blinded-annotation-v2-shortrefs
C023,K051,judge_a,0,labeled,Steps stable ~8000/day; no declining routine movement.,Requires low or declining routine movement.,Movement not declining; conditions contradicted by stable step counts.,qwen3.8-max,3c3103e3fe1783a906c3a6d90cb49d4709439fcf02033b92ad6028b456029072,blinded-annotation-v2-shortrefs
C023,K052,judge_a,0,labeled,No personal preferences or availability data recorded.,Requires personal preferences and availability for choosing options.,Preferences unknown; generic advice not connected to observations.,qwen3.8-max,3c3103e3fe1783a906c3a6d90cb49d4709439fcf02033b92ad6028b456029072,blinded-annotation-v2-shortrefs
C023,K053,judge_a,0,labeled,No social preference or motivational barrier data.,Requires social preferences or reported motivational barrier.,No evidence of motivational barrier; generic advice.,qwen3.8-max,3c3103e3fe1783a906c3a6d90cb49d4709439fcf02033b92ad6028b456029072,blinded-annotation-v2-shortrefs
C023,K054,judge_a,0,labeled,No reported time barrier to activity; steps stable.,Requires low activity with a reported time barrier.,No time barrier reported; conditions not met.,qwen3.8-max,3c3103e3fe1783a906c3a6d90cb49d4709439fcf02033b92ad6028b456029072,blinded-annotation-v2-shortrefs
C023,K055,judge_a,0,labeled,Activity varies 45-90 min; no schedule constraint information available.,Requires reported competing demands reducing activity.,Schedule reason unknown; generic planning advice not connected to data.,qwen3.8-max,3c3103e3fe1783a906c3a6d90cb49d4709439fcf02033b92ad6028b456029072,blinded-annotation-v2-shortrefs
C023,K056,judge_a,0,labeled,No chronic condition or disability data recorded.,Requires relevant health condition and activity safety history.,Medical context unknown; conditions not met.,qwen3.8-max,3c3103e3fe1783a906c3a6d90cb49d4709439fcf02033b92ad6028b456029072,blinded-annotation-v2-shortrefs
C023,K057,judge_a,1,labeled,"Low movement intervals ~45 min each, repeated 10x daily across both periods.",Requires long uninterrupted daytime low-movement intervals with adequate wear.,Data shows repeated ~45 min low-movement blocks; contextual connection to interruption advice.,qwen3.8-max,3c3103e3fe1783a906c3a6d90cb49d4709439fcf02033b92ad6028b456029072,blinded-annotation-v2-shortrefs
C023,K058,judge_a,1,labeled,Activity 45-90 min coexists with ~440-462 min low movement daily.,Requires recorded activity coexisting with substantial low-movement periods.,Data shows activity alongside extensive low movement; contextual connection supported.,qwen3.8-max,3c3103e3fe1783a906c3a6d90cb49d4709439fcf02033b92ad6028b456029072,blinded-annotation-v2-shortrefs
C023,K059,judge_a,1,labeled,Low movement ~440-462 min/day consistently across both periods.,Requires substantial daily low movement with confirmed sitting context.,Substantial low movement present but sitting not confirmed; partial contextual relevance.,qwen3.8-max,3c3103e3fe1783a906c3a6d90cb49d4709439fcf02033b92ad6028b456029072,blinded-annotation-v2-shortrefs
C023,K060,judge_a,0,labeled,No commuting or transport data recorded.,Requires sedentary commuting established with transport context.,Commute unknown; conditions not met.,qwen3.8-max,3c3103e3fe1783a906c3a6d90cb49d4709439fcf02033b92ad6028b456029072,blinded-annotation-v2-shortrefs
C023,K061,judge_a,0,labeled,No workplace layout or desk work context recorded.,Requires desk work with prolonged sitting and workplace context.,Work context unknown; conditions not met.,qwen3.8-max,3c3103e3fe1783a906c3a6d90cb49d4709439fcf02033b92ad6028b456029072,blinded-annotation-v2-shortrefs
C023,K062,judge_a,0,labeled,No workplace or meeting information recorded.,Requires meetings or desk work involving prolonged sitting.,Workplace context unknown; conditions not met.,qwen3.8-max,3c3103e3fe1783a906c3a6d90cb49d4709439fcf02033b92ad6028b456029072,blinded-annotation-v2-shortrefs
C023,K063,judge_a,0,labeled,No television viewing or screen context recorded in wearable data.,Requires prolonged sitting while watching television.,Screen habits unknown; generic advice with no connection to observations.,qwen3.8-max,3c3103e3fe1783a906c3a6d90cb49d4709439fcf02033b92ad6028b456029072,blinded-annotation-v2-shortrefs
C023,K064,judge_a,0,labeled,No leisure context or seated hobby data recorded.,Requires substantial habitual seated leisure with routine context.,Leisure context unknown; conditions not met.,qwen3.8-max,3c3103e3fe1783a906c3a6d90cb49d4709439fcf02033b92ad6028b456029072,blinded-annotation-v2-shortrefs
C023,K065,judge_a,1,labeled,Steps ~8000/day plus active minutes 45-90; everyday movement recorded.,Requires low everyday movement despite possible formal exercise.,Distinguishes everyday movement from exercise; contextual support for interpreting activity data.,qwen3.8-max,3c3103e3fe1783a906c3a6d90cb49d4709439fcf02033b92ad6028b456029072,blinded-annotation-v2-shortrefs
C023,K066,judge_a,0,labeled,No workday lunch-break context recorded.,Requires known workday lunch-break access and mobility.,Lunch-break context unknown; conditions not met.,qwen3.8-max,3c3103e3fe1783a906c3a6d90cb49d4709439fcf02033b92ad6028b456029072,blinded-annotation-v2-shortrefs
C023,K067,judge_a,0,labeled,"Steps ~8000/day, activity 45-90 min; no stair access data.",Requires stair access and safe mobility context unknown.,Generic movement advice with no specific connection to observed wearable patterns.,qwen3.8-max,3c3103e3fe1783a906c3a6d90cb49d4709439fcf02033b92ad6028b456029072,blinded-annotation-v2-shortrefs
C023,K068,judge_a,1,labeled,Low movement ~440-462 min/day across both periods without posture measurement.,Requires low-movement intervals available without posture measurement.,"Directly cautions against relabeling device low-movement as confirmed sitting, matching data constraints.",qwen3.8-max,3c3103e3fe1783a906c3a6d90cb49d4709439fcf02033b92ad6028b456029072,blinded-annotation-v2-shortrefs
C023,K069,judge_a,0,labeled,Activity and sleep recorded; paired correlation r=-0.069 in window.,Cannot declare causal effect from paired observations.,General benefit statement; temporal co-occurrence does not imply causation per rules.,qwen3.8-max,3c3103e3fe1783a906c3a6d90cb49d4709439fcf02033b92ad6028b456029072,blinded-annotation-v2-shortrefs
C023,K070,judge_a,0,labeled,Activity varies; no outdoor exposure data available.,Requires outdoor access and mobility for a specific plan.,Cannot infer outdoor exposure from movement counts; generic advice.,qwen3.8-max,3c3103e3fe1783a906c3a6d90cb49d4709439fcf02033b92ad6028b456029072,blinded-annotation-v2-shortrefs
C023,K071,judge_a,1,labeled,Evening activity intervals 20:30-22:00 on several window days; intensity unknown.,Requires activity close to bedtime with known intensity.,Late activity present but intensity unknown; partially relevant for timing check.,qwen3.8-max,3c3103e3fe1783a906c3a6d90cb49d4709439fcf02033b92ad6028b456029072,blinded-annotation-v2-shortrefs
C023,K072,judge_a,0,labeled,Late activity present but intensity unknown; no insomnia symptoms reported.,Requires exercise near bedtime with reported insomnia symptoms.,No insomnia symptoms; intensity unknown; conditions not met.,qwen3.8-max,3c3103e3fe1783a906c3a6d90cb49d4709439fcf02033b92ad6028b456029072,blinded-annotation-v2-shortrefs
C023,K073,judge_a,1,labeled,Activity intervals recorded with timestamps; sleep timing also recorded.,Requires activity intervals needed for timing comparisons.,Supports comparing evening activity timing with subsequent sleep onset.,qwen3.8-max,3c3103e3fe1783a906c3a6d90cb49d4709439fcf02033b92ad6028b456029072,blinded-annotation-v2-shortrefs
C023,K074,judge_a,0,labeled,No emergency responder deployment context in data.,Requires confirmed emergency-response deployment context.,Deployment context unknown; conditions not met.,qwen3.8-max,3c3103e3fe1783a906c3a6d90cb49d4709439fcf02033b92ad6028b456029072,blinded-annotation-v2-shortrefs
C023,K075,judge_a,0,labeled,No tiredness or subjective energy data recorded.,Requires reported tiredness limiting activity and subjective energy pattern.,Tiredness history unknown; conditions not met.,qwen3.8-max,3c3103e3fe1783a906c3a6d90cb49d4709439fcf02033b92ad6028b456029072,blinded-annotation-v2-shortrefs
C023,K076,judge_a,0,labeled,No substance or medication data recorded in observations.,Requires substance and medication history for causal interpretation.,Exposures unrecorded; cannot attribute sleep changes to adjacent activity.,qwen3.8-max,3c3103e3fe1783a906c3a6d90cb49d4709439fcf02033b92ad6028b456029072,blinded-annotation-v2-shortrefs
C023,K077,judge_a,1,labeled,Daily RHR recorded 55-57 bpm across both periods.,Requires resting heart rate observations available.,Defines RHR context for the recorded metric; supported educational connection.,qwen3.8-max,3c3103e3fe1783a906c3a6d90cb49d4709439fcf02033b92ad6028b456029072,blinded-annotation-v2-shortrefs
C023,K078,judge_a,1,labeled,Daily RHR 55-57 bpm recorded; no sleeping HR separately identified.,Requires the heart-rate measure and collection context known.,Important distinction for interpreting the recorded RHR metric; contextual support.,qwen3.8-max,3c3103e3fe1783a906c3a6d90cb49d4709439fcf02033b92ad6028b456029072,blinded-annotation-v2-shortrefs
C023,K079,judge_a,1,labeled,RHR stable 55-57 bpm across both periods; no exposure data.,Requires RHR changes relative to previous readings with exposure info.,RHR stable but item correctly notes multiple influences; contextual support.,qwen3.8-max,3c3103e3fe1783a906c3a6d90cb49d4709439fcf02033b92ad6028b456029072,blinded-annotation-v2-shortrefs
C023,K080,judge_a,1,labeled,HRV RMSSD 43-47 ms and RHR 55-57 bpm recorded nightly.,Requires HRV and heart-rate estimates interpreted together.,Supported contextual distinction between HRV and RHR metrics present in data.,qwen3.8-max,3c3103e3fe1783a906c3a6d90cb49d4709439fcf02033b92ad6028b456029072,blinded-annotation-v2-shortrefs
C023,K081,judge_a,1,labeled,"HRV RMSSD 43-47 ms across both periods, relatively stable.",Requires personal history and consistent measurement context.,Contextual note that HRV is person-specific; supported but not explaining a change.,qwen3.8-max,3c3103e3fe1783a906c3a6d90cb49d4709439fcf02033b92ad6028b456029072,blinded-annotation-v2-shortrefs
C023,K082,judge_a,1,labeled,28-day baseline provides personal range for all vitals.,Requires sufficient same-metric personal history.,Baseline provides adequate personal history for trend context; supported connection.,qwen3.8-max,3c3103e3fe1783a906c3a6d90cb49d4709439fcf02033b92ad6028b456029072,blinded-annotation-v2-shortrefs
C023,K083,judge_a,1,labeled,RHR recorded daily for 42 days total across both periods.,Requires repeated resting heart-rate readings or recent change.,Extended RHR series supports trend review over single readings; contextual support.,qwen3.8-max,3c3103e3fe1783a906c3a6d90cb49d4709439fcf02033b92ad6028b456029072,blinded-annotation-v2-shortrefs
C023,K084,judge_a,1,labeled,HRV RMSSD 43-47 ms recorded; stable across periods.,Requires HRV trend available for wellness monitoring.,"Correctly frames HRV as wellness observation, not diagnostic; contextual support.",qwen3.8-max,3c3103e3fe1783a906c3a6d90cb49d4709439fcf02033b92ad6028b456029072,blinded-annotation-v2-shortrefs
C023,K085,judge_a,1,labeled,"HRV recorded as hrv_rmssd_ms, values 43-47 ms.",Requires HRV records identifying RMSSD as their metric.,Confirms metric definition matches data; supported contextual connection.,qwen3.8-max,3c3103e3fe1783a906c3a6d90cb49d4709439fcf02033b92ad6028b456029072,blinded-annotation-v2-shortrefs
C023,K086,judge_a,1,labeled,HRV RMSSD recorded nightly; sleep periods range 385-485 min.,Requires compatible collection definition and sleep coverage over 3h.,All sleep periods exceed 3h threshold; contextual support for HRV validity.,qwen3.8-max,3c3103e3fe1783a906c3a6d90cb49d4709439fcf02033b92ad6028b456029072,blinded-annotation-v2-shortrefs
C023,K087,judge_a,0,labeled,Only sleep duration and timing recorded; no sleep-stage data available.,Requires sleep-stage measurements.,Sleep stages not measured; conditions not met.,qwen3.8-max,3c3103e3fe1783a906c3a6d90cb49d4709439fcf02033b92ad6028b456029072,blinded-annotation-v2-shortrefs
C023,K088,judge_a,0,labeled,No health concerns or symptoms reported in data.,Requires reported health concerns or symptoms.,Generic advisory; no reported concerns to trigger this item.,qwen3.8-max,3c3103e3fe1783a906c3a6d90cb49d4709439fcf02033b92ad6028b456029072,blinded-annotation-v2-shortrefs
C023,K089,judge_a,0,labeled,RHR stable 55-57 bpm; no wear quality changes indicated.,Requires heart-rate readings unreliable or wear quality changes.,No evidence of fit problems or unreliable readings; conditions not met.,qwen3.8-max,3c3103e3fe1783a906c3a6d90cb49d4709439fcf02033b92ad6028b456029072,blinded-annotation-v2-shortrefs
C023,K090,judge_a,1,labeled,Nighttime coverage 405-505 min; all overnight vitals captured.,Requires separate night-time wear information for overnight vitals.,Confirms night-time coverage supports valid overnight vitals; contextual support.,qwen3.8-max,3c3103e3fe1783a906c3a6d90cb49d4709439fcf02033b92ad6028b456029072,blinded-annotation-v2-shortrefs
C023,K091,judge_a,0,labeled,All vitals present every night; nighttime coverage >=405 min throughout.,Requires a vital missing with limited night-time data.,No missing vitals observed; conditions not met.,qwen3.8-max,3c3103e3fe1783a906c3a6d90cb49d4709439fcf02033b92ad6028b456029072,blinded-annotation-v2-shortrefs
C023,K092,judge_a,0,labeled,All vitals present daily; no missing or delayed data.,Requires vitals missing or delayed.,No missing data observed; conditions not met.,qwen3.8-max,3c3103e3fe1783a906c3a6d90cb49d4709439fcf02033b92ad6028b456029072,blinded-annotation-v2-shortrefs
C023,K093,judge_a,0,labeled,Single synthetic device used throughout; no device switch indicated.,Requires heart-rate series involving a device or algorithm change.,Same device throughout; no switch to complicate comparisons.,qwen3.8-max,3c3103e3fe1783a906c3a6d90cb49d4709439fcf02033b92ad6028b456029072,blinded-annotation-v2-shortrefs
C023,K094,judge_a,1,labeled,Sleep duration estimated from device; sleep boundaries recorded nightly.,Requires device-estimated sleep duration and sleep boundaries available.,Contextual note that estimated sleep differs from full sleep period; supported but not core.,qwen3.8-max,3c3103e3fe1783a906c3a6d90cb49d4709439fcf02033b92ad6028b456029072,blinded-annotation-v2-shortrefs
C023,K095,judge_a,1,labeled,Nighttime coverage 405-505 min; sleep detected every night.,Requires night-time wear record for sleep detection.,Confirms device worn overnight supporting valid sleep records; contextual.,qwen3.8-max,3c3103e3fe1783a906c3a6d90cb49d4709439fcf02033b92ad6028b456029072,blinded-annotation-v2-shortrefs
C023,K096,judge_a,1,labeled,Steps ~8000/day recorded via accelerometer; arm swing context unknown.,Requires wear context and activity type for step accuracy.,Step counting depends on arm motion; contextual limitation for interpreting step data.,qwen3.8-max,3c3103e3fe1783a906c3a6d90cb49d4709439fcf02033b92ad6028b456029072,blinded-annotation-v2-shortrefs
C024,K001,judge_a,2,labeled,Age band 18-60; sleep mean 470 min (~7.8h) in both periods.,Applies to adults 18-60 with sleep duration data relative to 7h recommendation.,Core directly explains observed sleep meets the age-specific CDC recommendation consistently.,qwen3.8-max,5bc98fb6cb4e829c8f2c038586b21e092887536f1469e984955b7b9549d03c47,blinded-annotation-v2-shortrefs
C024,K002,judge_a,0,labeled,Age band 18-60 per metadata; not 61-64.,Requires age 61 to 64 established.,Other age group applies; non-applicable condition met for this specific range.,qwen3.8-max,5bc98fb6cb4e829c8f2c038586b21e092887536f1469e984955b7b9549d03c47,blinded-annotation-v2-shortrefs
C024,K003,judge_a,0,labeled,Age band 18-60 per metadata; not 65 or older.,Requires age at least 65 established.,Age below 65; non-applicable condition met for older adult recommendation.,qwen3.8-max,5bc98fb6cb4e829c8f2c038586b21e092887536f1469e984955b7b9549d03c47,blinded-annotation-v2-shortrefs
C024,K004,judge_a,0,labeled,Age band 18-60 per metadata; not teenager.,Requires teenage age group 13-17 established.,Adults category applies; non-applicable condition met for teenager recommendation.,qwen3.8-max,5bc98fb6cb4e829c8f2c038586b21e092887536f1469e984955b7b9549d03c47,blinded-annotation-v2-shortrefs
C024,K005,judge_a,0,labeled,Sleep ~470 min consistently; no evidence of insufficient sleep opportunity.,Requires repeatedly shortened sleep opportunity or duration.,No evidence of insufficient sleep; durations consistently meet recommendations.,qwen3.8-max,5bc98fb6cb4e829c8f2c038586b21e092887536f1469e984955b7b9549d03c47,blinded-annotation-v2-shortrefs
C024,K006,judge_a,0,labeled,Sleep ~470 min (~7.8h); not consistently short for 18-60 age group.,Requires consistently short sleep even without new decline.,Sleep duration is sufficient for applicable age group; non-applicable condition met.,qwen3.8-max,5bc98fb6cb4e829c8f2c038586b21e092887536f1469e984955b7b9549d03c47,blinded-annotation-v2-shortrefs
C024,K007,judge_a,1,labeled,Sleep duration ~470 min recorded; no subjective quality or refreshment data.,Applies when sleep duration is recorded but quality may be unknown.,Supported connection: duration alone does not establish sleep quality without subjective data.,qwen3.8-max,5bc98fb6cb4e829c8f2c038586b21e092887536f1469e984955b7b9549d03c47,blinded-annotation-v2-shortrefs
C024,K008,judge_a,0,labeled,"Only sleep duration, start, and end recorded; no awakening data.",Requires documented repeated awakenings or measured sleep continuity.,Only duration and sleep start/end available; cannot assess night awakenings.,qwen3.8-max,5bc98fb6cb4e829c8f2c038586b21e092887536f1469e984955b7b9549d03c47,blinded-annotation-v2-shortrefs
C024,K009,judge_a,0,labeled,"Sleep duration ~470 min (7.8h), under eight hours; no refreshment reports.",Requires more than eight hours sleep with reported lack of refreshment.,Sleep is under eight hours and subjective refreshment is unknown; conditions not met.,qwen3.8-max,5bc98fb6cb4e829c8f2c038586b21e092887536f1469e984955b7b9549d03c47,blinded-annotation-v2-shortrefs
C024,K010,judge_a,0,labeled,Sleep ~470 min adequate; no cognitive performance or symptom data.,Requires symptoms to claim actual cognitive impairment from sleep data.,Sleep is not restricted; no symptoms to establish impaired cognition.,qwen3.8-max,5bc98fb6cb4e829c8f2c038586b21e092887536f1469e984955b7b9549d03c47,blinded-annotation-v2-shortrefs
C024,K011,judge_a,0,labeled,"Baseline sleep mean 469.8 min, window 470.4 min; no shortened nights below recommendation.",Requires several nights of reduced sleep duration.,No repeated sleep restriction observed; durations consistently near 7.8 hours.,qwen3.8-max,5bc98fb6cb4e829c8f2c038586b21e092887536f1469e984955b7b9549d03c47,blinded-annotation-v2-shortrefs
C024,K012,judge_a,0,labeled,"Sleep duration mean 470 min (~7.8h), above deficiency thresholds.",Requires ongoing insufficient sleep.,No repeated sleep restriction observed; sleep duration is adequate throughout both periods.,qwen3.8-max,5bc98fb6cb4e829c8f2c038586b21e092887536f1469e984955b7b9549d03c47,blinded-annotation-v2-shortrefs
C024,K013,judge_a,0,labeled,Sleep ~470 min consistently adequate; no appetite or food intake data.,Requires repeated insufficient sleep and food intake information.,Sleep is not insufficient; no appetite data to support individual claims.,qwen3.8-max,5bc98fb6cb4e829c8f2c038586b21e092887536f1469e984955b7b9549d03c47,blinded-annotation-v2-shortrefs
C024,K014,judge_a,0,labeled,Sleep duration ~470 min/night; no reported sleepiness or driving context.,Requires reported sleepiness and driving plans.,Sleepiness and driving context unknown; wearable duration does not establish either.,qwen3.8-max,5bc98fb6cb4e829c8f2c038586b21e092887536f1469e984955b7b9549d03c47,blinded-annotation-v2-shortrefs
C024,K015,judge_a,1,labeled,Sleep ~470 min/night consistently; no individual experience data.,Applies when adult sleep duration is being reviewed.,Supported connection: contextualizes observed 7.8h sleep within normal variation range.,qwen3.8-max,5bc98fb6cb4e829c8f2c038586b21e092887536f1469e984955b7b9549d03c47,blinded-annotation-v2-shortrefs
C024,K016,judge_a,0,labeled,14-day window data only; no reported sleeping difficulties or months-long history.,Requires months-long sleeping difficulties or failed habit changes.,Only brief duration record without reported problems; conditions not met.,qwen3.8-max,5bc98fb6cb4e829c8f2c038586b21e092887536f1469e984955b7b9549d03c47,blinded-annotation-v2-shortrefs
C024,K017,judge_a,0,labeled,Sleep end fixed at 07:00; sleep start varies ~16 min (22:42-22:58).,Requires repeated variability in bedtime or wake time.,Schedule is stable; 16-minute start variation with fixed wake time is not repeated variability.,qwen3.8-max,5bc98fb6cb4e829c8f2c038586b21e092887536f1469e984955b7b9549d03c47,blinded-annotation-v2-shortrefs
C024,K018,judge_a,0,labeled,Wake time fixed at 07:00 daily; no reported sleeping difficulties.,Requires inconsistent wake time with reported sleeping difficulties.,Wake time is perfectly consistent; no evidence of insomnia symptoms.,qwen3.8-max,5bc98fb6cb4e829c8f2c038586b21e092887536f1469e984955b7b9549d03c47,blinded-annotation-v2-shortrefs
C024,K019,judge_a,0,labeled,Weekday vs weekend sleep start variance similar; sleep end fixed at 07:00 daily.,Requires substantial weekday-weekend sleep time differences.,Weekday and weekend sleep times are similar; non-applicable condition met.,qwen3.8-max,5bc98fb6cb4e829c8f2c038586b21e092887536f1469e984955b7b9549d03c47,blinded-annotation-v2-shortrefs
C024,K020,judge_a,0,labeled,Sleep start ~22:45-22:58 recorded but no pre-bed activity data.,Requires information about pre-bed activities for targeted advice.,Bedtime timestamps available but cannot reveal what someone did during quiet time.,qwen3.8-max,5bc98fb6cb4e829c8f2c038586b21e092887536f1469e984955b7b9549d03c47,blinded-annotation-v2-shortrefs
C024,K021,judge_a,0,labeled,No screen or light exposure data recorded before bedtime.,Requires known bright-screen exposure shortly before bed.,Exposure is unknown; cannot attribute sleep timing to screens without evidence.,qwen3.8-max,5bc98fb6cb4e829c8f2c038586b21e092887536f1469e984955b7b9549d03c47,blinded-annotation-v2-shortrefs
C024,K022,judge_a,0,labeled,No caffeine timing or intake data recorded.,Requires caffeine timing and intake information.,No caffeine history available; cannot attribute sleep patterns to caffeine.,qwen3.8-max,5bc98fb6cb4e829c8f2c038586b21e092887536f1469e984955b7b9549d03c47,blinded-annotation-v2-shortrefs
C024,K023,judge_a,0,labeled,No meal timing or size data recorded.,Requires known large meal shortly before bed.,Meal information unknown; cannot assess eating patterns relative to bedtime.,qwen3.8-max,5bc98fb6cb4e829c8f2c038586b21e092887536f1469e984955b7b9549d03c47,blinded-annotation-v2-shortrefs
C024,K024,judge_a,0,labeled,No alcohol intake or timing data recorded.,Requires alcohol intake and timing information.,Alcohol exposure unknown; cannot link sleep patterns to alcohol consumption.,qwen3.8-max,5bc98fb6cb4e829c8f2c038586b21e092887536f1469e984955b7b9549d03c47,blinded-annotation-v2-shortrefs
C024,K025,judge_a,0,labeled,No nicotine use or smoking data recorded.,Requires established nicotine exposure.,Nicotine use unknown; cannot link sleep patterns to nicotine stimulation.,qwen3.8-max,5bc98fb6cb4e829c8f2c038586b21e092887536f1469e984955b7b9549d03c47,blinded-annotation-v2-shortrefs
C024,K026,judge_a,0,labeled,"No bedroom environment data (light, noise, temperature) recorded.",Requires known disruptive bedroom environment.,Environment unknown; wearable data cannot establish bedroom conditions.,qwen3.8-max,5bc98fb6cb4e829c8f2c038586b21e092887536f1469e984955b7b9549d03c47,blinded-annotation-v2-shortrefs
C024,K027,judge_a,0,labeled,No pre-bed routine or relaxation difficulty data recorded.,Requires reported difficulty relaxing or request for routine options.,No evidence of relaxation issues; generic advice without concrete connection.,qwen3.8-max,5bc98fb6cb4e829c8f2c038586b21e092887536f1469e984955b7b9549d03c47,blinded-annotation-v2-shortrefs
C024,K028,judge_a,0,labeled,No nap data recorded in any observation period.,Requires recorded or reported adult naps.,Nap history unknown; no nap information available in wearable data.,qwen3.8-max,5bc98fb6cb4e829c8f2c038586b21e092887536f1469e984955b7b9549d03c47,blinded-annotation-v2-shortrefs
C024,K029,judge_a,0,labeled,Sleep start times stable around 22:45-22:58; no shift work indicated.,Requires confirmed shift-work schedule.,Shift work unknown; consistent overnight sleep pattern does not suggest rotating shifts.,qwen3.8-max,5bc98fb6cb4e829c8f2c038586b21e092887536f1469e984955b7b9549d03c47,blinded-annotation-v2-shortrefs
C024,K030,judge_a,0,labeled,No shift work established; sleep occurs overnight consistently.,Requires established shift work with workplace lighting context.,No confirmed shift work; item specific to shift worker lighting strategies.,qwen3.8-max,5bc98fb6cb4e829c8f2c038586b21e092887536f1469e984955b7b9549d03c47,blinded-annotation-v2-shortrefs
C024,K031,judge_a,0,labeled,No shift work or caffeine timing data recorded.,Requires shift schedule and caffeine intake information.,Shift work and caffeine use unknown; item not applicable to observed data.,qwen3.8-max,5bc98fb6cb4e829c8f2c038586b21e092887536f1469e984955b7b9549d03c47,blinded-annotation-v2-shortrefs
C024,K032,judge_a,0,labeled,All sleep occurs overnight (22:42-22:58 start); no daytime sleep recorded.,Requires daytime sleep associated with confirmed shift work.,Only ordinary overnight sleep recorded; no shift work or daytime sleep evidence.,qwen3.8-max,5bc98fb6cb4e829c8f2c038586b21e092887536f1469e984955b7b9549d03c47,blinded-annotation-v2-shortrefs
C024,K033,judge_a,1,labeled,Window shows HRV drop and RHR rise; no diary of awakenings or naps.,Applies when changed or variable pattern needs review with timeline context.,Supported connection: highlights need for diary data to explain observed vital changes.,qwen3.8-max,5bc98fb6cb4e829c8f2c038586b21e092887536f1469e984955b7b9549d03c47,blinded-annotation-v2-shortrefs
C024,K034,judge_a,0,labeled,Sleep duration stable ~470 min; no shortened nights observed.,Requires several shortened nights rather than single reading.,No repeated sleep restriction; sleep duration consistently meets recommendations.,qwen3.8-max,5bc98fb6cb4e829c8f2c038586b21e092887536f1469e984955b7b9549d03c47,blinded-annotation-v2-shortrefs
C024,K035,judge_a,0,labeled,Weekend sleep mean 470.0 min vs weekday 470.6 min in window; no days off identified.,Requires longer sleep on actual days off vs workdays.,Weekend and weekday sleep durations are similar; no evidence of extra sleep on days off.,qwen3.8-max,5bc98fb6cb4e829c8f2c038586b21e092887536f1469e984955b7b9549d03c47,blinded-annotation-v2-shortrefs
C024,K036,judge_a,0,labeled,No nap data recorded in baseline or window periods.,Requires recorded naps after shortened night-time sleep.,Non-applicable condition met: no nap information available in wearable data.,qwen3.8-max,5bc98fb6cb4e829c8f2c038586b21e092887536f1469e984955b7b9549d03c47,blinded-annotation-v2-shortrefs
C024,K037,judge_a,0,labeled,No reported bad nights or insomnia symptoms; sleep stable ~470 min.,Requires reported bad sleep or insomnia symptoms.,Only device estimates without reported sleeping difficulty; conditions not met.,qwen3.8-max,5bc98fb6cb4e829c8f2c038586b21e092887536f1469e984955b7b9549d03c47,blinded-annotation-v2-shortrefs
C024,K038,judge_a,0,labeled,14-day window; no symptom history or reported sleeping difficulties.,Requires symptom history and onset for duration categorization.,Cannot diagnose insomnia from estimated sleep hours alone; no symptoms reported.,qwen3.8-max,5bc98fb6cb4e829c8f2c038586b21e092887536f1469e984955b7b9549d03c47,blinded-annotation-v2-shortrefs
C024,K039,judge_a,0,labeled,No travel history or timezone changes recorded; timezone fixed Asia/Shanghai.,Requires confirmed travel across time zones.,No travel history; sleep timing changes cannot be attributed to jet lag.,qwen3.8-max,5bc98fb6cb4e829c8f2c038586b21e092887536f1469e984955b7b9549d03c47,blinded-annotation-v2-shortrefs
C024,K040,judge_a,0,labeled,No travel or trip data recorded; timezone fixed.,Requires planned short trip across time zones.,Travel context unknown; no evidence of any trips during observation.,qwen3.8-max,5bc98fb6cb4e829c8f2c038586b21e092887536f1469e984955b7b9549d03c47,blinded-annotation-v2-shortrefs
C024,K041,judge_a,0,labeled,Activity ~55 min/day stable; intensity unknown for all intervals.,Requires intensity information to count recommended aerobic minutes.,Cannot equate steps or unknown-intensity activity directly with guideline compliance.,qwen3.8-max,5bc98fb6cb4e829c8f2c038586b21e092887536f1469e984955b7b9549d03c47,blinded-annotation-v2-shortrefs
C024,K042,judge_a,0,labeled,Activity ~55 min/day stable; no recent inactivity period observed.,Requires recently low or reduced physical activity.,Activity is stable throughout; no evidence of inactivity requiring gradual buildup.,qwen3.8-max,5bc98fb6cb4e829c8f2c038586b21e092887536f1469e984955b7b9549d03c47,blinded-annotation-v2-shortrefs
C024,K043,judge_a,0,labeled,Activity intensity is unknown for all recorded intervals.,Requires known moderate-intensity aerobic minutes.,Only unspecified active minutes available; cannot determine if intensity requirement is met.,qwen3.8-max,5bc98fb6cb4e829c8f2c038586b21e092887536f1469e984955b7b9549d03c47,blinded-annotation-v2-shortrefs
C024,K044,judge_a,0,labeled,All activity intervals marked intensity unknown.,Requires known vigorous intensity documentation.,Intensity unknown; cannot apply vigorous activity target to unclassified movement.,qwen3.8-max,5bc98fb6cb4e829c8f2c038586b21e092887536f1469e984955b7b9549d03c47,blinded-annotation-v2-shortrefs
C024,K045,judge_a,0,labeled,Activity intensity unknown; ~55 min/day recorded without intensity classification.,Requires known intensity for counting guideline minutes.,Cannot assume every recorded active minute is moderate intensity.,qwen3.8-max,5bc98fb6cb4e829c8f2c038586b21e092887536f1469e984955b7b9549d03c47,blinded-annotation-v2-shortrefs
C024,K046,judge_a,0,labeled,Only steps and activity duration recorded; no strengthening activity data.,Requires strengthening activity records including days and muscle groups.,Only step and generic movement counts available; cannot assess muscle strengthening.,qwen3.8-max,5bc98fb6cb4e829c8f2c038586b21e092887536f1469e984955b7b9549d03c47,blinded-annotation-v2-shortrefs
C024,K047,judge_a,0,labeled,Activity intensity unknown; cannot verify guideline attainment.,Requires known intensity and weekly duration verifying guideline attainment.,Unknown intensity prevents verification of whether additional benefits apply.,qwen3.8-max,5bc98fb6cb4e829c8f2c038586b21e092887536f1469e984955b7b9549d03c47,blinded-annotation-v2-shortrefs
C024,K048,judge_a,0,labeled,Activity intensity unknown; steps ~8000/day without fitness context.,Requires fitness or perceived effort for intensity interpretation.,Cannot infer intensity from steps alone; fitness context unavailable.,qwen3.8-max,5bc98fb6cb4e829c8f2c038586b21e092887536f1469e984955b7b9549d03c47,blinded-annotation-v2-shortrefs
C024,K049,judge_a,0,labeled,All activity intervals have intensity marked as unknown.,Requires observed effort during aerobic activity for talk test.,Effort and aerobic-activity context unrecorded; intensity is unknown throughout.,qwen3.8-max,5bc98fb6cb4e829c8f2c038586b21e092887536f1469e984955b7b9549d03c47,blinded-annotation-v2-shortrefs
C024,K050,judge_a,1,labeled,Steps ~8000/day stable; activity intensity unknown for all intervals.,Applies when steps change while other activity types may differ in intensity.,"Supported connection: steps may miss non-step exercise intensity, relevant given unknown intensity.",qwen3.8-max,5bc98fb6cb4e829c8f2c038586b21e092887536f1469e984955b7b9549d03c47,blinded-annotation-v2-shortrefs
C024,K051,judge_a,0,labeled,Steps ~8000/day stable; no declining routine movement observed.,Requires low or declining routine movement.,Movement is stable; no evidence of decline requiring routine integration advice.,qwen3.8-max,5bc98fb6cb4e829c8f2c038586b21e092887536f1469e984955b7b9549d03c47,blinded-annotation-v2-shortrefs
C024,K052,judge_a,0,labeled,Activity stable ~55 min/day; no preferences or availability data.,Requires personal preferences and availability for choosing options.,No reported difficulty maintaining activity; generic advice without concrete connection.,qwen3.8-max,5bc98fb6cb4e829c8f2c038586b21e092887536f1469e984955b7b9549d03c47,blinded-annotation-v2-shortrefs
C024,K053,judge_a,0,labeled,Activity stable ~55 min/day; no social preferences or motivational barriers reported.,Requires social preferences or reported motivational barrier.,No evidence of motivational or social barrier; activity maintenance appears stable.,qwen3.8-max,5bc98fb6cb4e829c8f2c038586b21e092887536f1469e984955b7b9549d03c47,blinded-annotation-v2-shortrefs
C024,K054,judge_a,0,labeled,Activity ~55 min/day stable; no reported time barrier.,Requires low activity with reported time barrier.,No time barrier reported; activity levels are stable throughout observation.,qwen3.8-max,5bc98fb6cb4e829c8f2c038586b21e092887536f1469e984955b7b9549d03c47,blinded-annotation-v2-shortrefs
C024,K055,judge_a,0,labeled,Activity stable ~55 min/day; no competing demands or schedule data.,Requires reported competing demands reducing activity.,Schedule reason unknown; no evidence activity is being crowded out.,qwen3.8-max,5bc98fb6cb4e829c8f2c038586b21e092887536f1469e984955b7b9549d03c47,blinded-annotation-v2-shortrefs
C024,K056,judge_a,0,labeled,No chronic conditions or special health needs recorded.,"Requires established chronic condition, disability, or special need.",Medical context unknown; wearable data does not supply health condition information.,qwen3.8-max,5bc98fb6cb4e829c8f2c038586b21e092887536f1469e984955b7b9549d03c47,blinded-annotation-v2-shortrefs
C024,K057,judge_a,1,labeled,~450 min/day low movement in ~45-min intervals with 720 min daytime wear.,Requires long uninterrupted daytime low-movement intervals with adequate wear.,"Supported connection: low movement intervals exist with good coverage, but posture unconfirmed.",qwen3.8-max,5bc98fb6cb4e829c8f2c038586b21e092887536f1469e984955b7b9549d03c47,blinded-annotation-v2-shortrefs
C024,K058,judge_a,1,labeled,Activity ~55 min/day coexists with ~450 min/day low movement intervals.,Applies when recorded activity coexists with substantial low-movement periods.,"Supported contextual connection: activity and low movement coexist, but posture unconfirmed.",qwen3.8-max,5bc98fb6cb4e829c8f2c038586b21e092887536f1469e984955b7b9549d03c47,blinded-annotation-v2-shortrefs
C024,K059,judge_a,0,labeled,Low movement ~450 min/day but posture not confirmed; no increasing trend.,Requires confirmed sitting for specific sedentary-time conclusion.,Device low movement is not confirmed sitting; cannot draw sedentary conclusions.,qwen3.8-max,5bc98fb6cb4e829c8f2c038586b21e092887536f1469e984955b7b9549d03c47,blinded-annotation-v2-shortrefs
C024,K060,judge_a,0,labeled,No commuting or transport context data recorded.,Requires established sedentary commuting with transport context.,Commute unknown; no evidence of sedentary travel patterns.,qwen3.8-max,5bc98fb6cb4e829c8f2c038586b21e092887536f1469e984955b7b9549d03c47,blinded-annotation-v2-shortrefs
C024,K061,judge_a,0,labeled,No workplace layout or desk work context recorded.,Requires workplace layout and ability to walk to colleagues.,Work context unknown; no evidence of desk-based work patterns.,qwen3.8-max,5bc98fb6cb4e829c8f2c038586b21e092887536f1469e984955b7b9549d03c47,blinded-annotation-v2-shortrefs
C024,K062,judge_a,0,labeled,No workplace meeting or desk work context recorded.,Requires workplace and mobility context for meetings.,No workplace information available; generic advice without concrete connection.,qwen3.8-max,5bc98fb6cb4e829c8f2c038586b21e092887536f1469e984955b7b9549d03c47,blinded-annotation-v2-shortrefs
C024,K063,judge_a,0,labeled,Low movement intervals present but no television context recorded.,Requires television-viewing context for prolonged sitting.,Screen habits unknown; low movement alone does not confirm TV watching.,qwen3.8-max,5bc98fb6cb4e829c8f2c038586b21e092887536f1469e984955b7b9549d03c47,blinded-annotation-v2-shortrefs
C024,K064,judge_a,0,labeled,Low movement ~450 min/day but no seated leisure context recorded.,Requires substantial habitual seated leisure with routine context.,No leisure context available; device low movement is not confirmed sitting.,qwen3.8-max,5bc98fb6cb4e829c8f2c038586b21e092887536f1469e984955b7b9549d03c47,blinded-annotation-v2-shortrefs
C024,K065,judge_a,1,labeled,Steps ~8000 and activity ~55 min recorded alongside ~450 min low movement.,Applies when everyday movement can be considered separately from formal exercise.,Supported connection: distinguishes recorded steps/activity from total daily movement patterns.,qwen3.8-max,5bc98fb6cb4e829c8f2c038586b21e092887536f1469e984955b7b9549d03c47,blinded-annotation-v2-shortrefs
C024,K066,judge_a,0,labeled,Daytime low movement present but no workday lunch-break context.,Requires known workday lunch-break access and mobility.,Workday and lunch-break context unknown; cannot assess walking opportunities.,qwen3.8-max,5bc98fb6cb4e829c8f2c038586b21e092887536f1469e984955b7b9549d03c47,blinded-annotation-v2-shortrefs
C024,K067,judge_a,0,labeled,Steps ~8000/day; no stair access or mobility context recorded.,Requires stair access and safe mobility context.,Mobility limitations and context unknown; generic advice with no concrete connection.,qwen3.8-max,5bc98fb6cb4e829c8f2c038586b21e092887536f1469e984955b7b9549d03c47,blinded-annotation-v2-shortrefs
C024,K068,judge_a,2,labeled,~450 min/day low movement recorded without posture measurement.,Applies when low-movement intervals available without posture measurement.,Core directly explains that device low movement is not confirmed sitting per annotation rules.,qwen3.8-max,5bc98fb6cb4e829c8f2c038586b21e092887536f1469e984955b7b9549d03c47,blinded-annotation-v2-shortrefs
C024,K069,judge_a,0,labeled,Activity ~55 min and sleep ~470 min both stable; no causal pattern evident.,Requires joint review without declaring causal effect from paired observations.,Temporal co-occurrence does not imply causation; general benefit statement with no concrete link.,qwen3.8-max,5bc98fb6cb4e829c8f2c038586b21e092887536f1469e984955b7b9549d03c47,blinded-annotation-v2-shortrefs
C024,K070,judge_a,0,labeled,Activity ~55 min/day stable; no outdoor exposure data.,Requires low daytime activity accompanying changed sleep routine.,Activity is stable and outdoor exposure cannot be inferred from movement counts.,qwen3.8-max,5bc98fb6cb4e829c8f2c038586b21e092887536f1469e984955b7b9549d03c47,blinded-annotation-v2-shortrefs
C024,K071,judge_a,1,labeled,"Activity intervals 21:00-~21:55 daily, ~1-1.5h before sleep start ~22:45-22:58.",Requires activity close to bedtime with known intensity for intense-exercise advice.,Supported connection: late activity timing is relevant but unknown intensity limits application.,qwen3.8-max,5bc98fb6cb4e829c8f2c038586b21e092887536f1469e984955b7b9549d03c47,blinded-annotation-v2-shortrefs
C024,K072,judge_a,0,labeled,Activity at 21:00 daily with unknown intensity; no insomnia symptoms reported.,Requires exercise near bedtime with reported insomnia symptoms.,Only movement timestamps known; no insomnia symptom history to trigger this advice.,qwen3.8-max,5bc98fb6cb4e829c8f2c038586b21e092887536f1469e984955b7b9549d03c47,blinded-annotation-v2-shortrefs
C024,K073,judge_a,1,labeled,Activity intervals at 21:00 daily; sleep starts ~22:45-22:58 same dates.,Requires activity intervals for timing comparisons with subsequent sleep.,Supported connection: activity timing data exists for comparison with following sleep periods.,qwen3.8-max,5bc98fb6cb4e829c8f2c038586b21e092887536f1469e984955b7b9549d03c47,blinded-annotation-v2-shortrefs
C024,K074,judge_a,0,labeled,No emergency responder deployment context in data.,Requires confirmed emergency-response deployment context.,Deployment context unknown; item specifically targets deployed responders.,qwen3.8-max,5bc98fb6cb4e829c8f2c038586b21e092887536f1469e984955b7b9549d03c47,blinded-annotation-v2-shortrefs
C024,K075,judge_a,0,labeled,No tiredness or subjective energy data recorded.,Requires reported tiredness limiting activity and subjective energy pattern.,No tiredness history; wearable sleep hours do not establish preferred energy times.,qwen3.8-max,5bc98fb6cb4e829c8f2c038586b21e092887536f1469e984955b7b9549d03c47,blinded-annotation-v2-shortrefs
C024,K076,judge_a,1,labeled,"Window HRV dropped from 45 to 23 ms, RHR rose to 67 bpm without substance records.",Requires substance and medication history for causal interpretation of sleep/vital changes.,Supported contextual connection: missing substance data limits causal attribution of observed vital changes.,qwen3.8-max,5bc98fb6cb4e829c8f2c038586b21e092887536f1469e984955b7b9549d03c47,blinded-annotation-v2-shortrefs
C024,K077,judge_a,1,labeled,RHR values 55-67 bpm recorded across baseline and window periods.,Applies when resting heart rate observations are available for interpretation.,Supported connection: defines RHR measurement context for interpreting observed 55-67 bpm values.,qwen3.8-max,5bc98fb6cb4e829c8f2c038586b21e092887536f1469e984955b7b9549d03c47,blinded-annotation-v2-shortrefs
C024,K078,judge_a,1,labeled,RHR recorded daily (55-67 bpm); no separate sleeping heart rate series shown.,Applies when daily resting heart-rate trend is being interpreted.,Supported connection: distinguishes daily RHR from sleeping HR for proper trend interpretation.,qwen3.8-max,5bc98fb6cb4e829c8f2c038586b21e092887536f1469e984955b7b9549d03c47,blinded-annotation-v2-shortrefs
C024,K079,judge_a,2,labeled,RHR rose to 65-67 bpm Apr 3-6 from baseline 55-57 without exposure data.,Applies when RHR changes relative to previous readings without cause information.,"Core directly explains that RHR rise has multiple possible causes, not identifiable from data.",qwen3.8-max,5bc98fb6cb4e829c8f2c038586b21e092887536f1469e984955b7b9549d03c47,blinded-annotation-v2-shortrefs
C024,K080,judge_a,1,labeled,HRV RMSSD and RHR both recorded; HRV dropped while RHR rose in window.,Applies when HRV and heart-rate estimates are interpreted together.,Supported connection: clarifies HRV and RHR are different metrics when both show changes.,qwen3.8-max,5bc98fb6cb4e829c8f2c038586b21e092887536f1469e984955b7b9549d03c47,blinded-annotation-v2-shortrefs
C024,K081,judge_a,2,labeled,HRV RMSSD dropped from baseline 43-47 ms to window 23-26 ms Apr 7-10.,Applies when HRV level or trend is being reviewed with personal context.,Core directly explains that HRV varies individually; absolute drop needs personal context.,qwen3.8-max,5bc98fb6cb4e829c8f2c038586b21e092887536f1469e984955b7b9549d03c47,blinded-annotation-v2-shortrefs
C024,K082,judge_a,2,labeled,28-day baseline provides personal range; window HRV dropped from 43-47 to 23-26 ms.,Applies when vital has changed from recent personal baseline with sufficient history.,Core directly explains using 28-day baseline as personal range context for HRV/RHR changes.,qwen3.8-max,5bc98fb6cb4e829c8f2c038586b21e092887536f1469e984955b7b9549d03c47,blinded-annotation-v2-shortrefs
C024,K083,judge_a,2,labeled,"RHR rose from baseline 55-57 to 65-67 Apr 3-6, returned to 55-57 Apr 7+.",Applies when repeated RHR readings or recent change are observed.,Core directly explains need to follow RHR over multiple days to interpret transient spike.,qwen3.8-max,5bc98fb6cb4e829c8f2c038586b21e092887536f1469e984955b7b9549d03c47,blinded-annotation-v2-shortrefs
C024,K084,judge_a,2,labeled,Window HRV RMSSD dropped from baseline mean 45 ms to 23-26 ms Apr 7-10.,"Applies when HRV trend is available for wellness monitoring, not diagnosis.","Core directly explains that the observed HRV drop is a wellness observation, not a diagnosis.",qwen3.8-max,5bc98fb6cb4e829c8f2c038586b21e092887536f1469e984955b7b9549d03c47,blinded-annotation-v2-shortrefs
C024,K085,judge_a,2,labeled,HRV recorded as hrv_rmssd_ms per metadata metric definition revision.,Applies when HRV records identify RMSSD as their metric.,Core directly explains the specific HRV metric (RMSSD) used in the observed data.,qwen3.8-max,5bc98fb6cb4e829c8f2c038586b21e092887536f1469e984955b7b9549d03c47,blinded-annotation-v2-shortrefs
C024,K086,judge_a,1,labeled,HRV RMSSD recorded nightly; sleep periods >460 min exceed 3-hour minimum.,Applies when overnight HRV estimates are compared with compatible collection definition.,Supported connection: confirms sleep duration exceeds minimum for valid HRV collection.,qwen3.8-max,5bc98fb6cb4e829c8f2c038586b21e092887536f1469e984955b7b9549d03c47,blinded-annotation-v2-shortrefs
C024,K087,judge_a,0,labeled,Only sleep duration and timing recorded; no sleep-stage measurements.,Requires sleep-stage measurements varying between nights.,Only sleep duration and timing available; no stage data to apply this guidance.,qwen3.8-max,5bc98fb6cb4e829c8f2c038586b21e092887536f1469e984955b7b9549d03c47,blinded-annotation-v2-shortrefs
C024,K088,judge_a,1,labeled,Window shows RHR spike to 67 bpm and HRV drop to 23 ms.,Applies when person reports concerns about a vital trend.,Supported connection: notable vital changes warrant clinical conversation per source guidance.,qwen3.8-max,5bc98fb6cb4e829c8f2c038586b21e092887536f1469e984955b7b9549d03c47,blinded-annotation-v2-shortrefs
C024,K089,judge_a,1,labeled,RHR spiked to 65-67 bpm Apr 3-6 then returned to 55-57; no fit data.,Applies when heart-rate readings may be unreliable or wear quality changes.,Supported connection: sensor fit could explain transient RHR elevation without placement info.,qwen3.8-max,5bc98fb6cb4e829c8f2c038586b21e092887536f1469e984955b7b9549d03c47,blinded-annotation-v2-shortrefs
C024,K090,judge_a,1,labeled,Nighttime coverage 482-498 min recorded separately from 720 min daytime wear.,Applies when overnight vitals have uncertain coverage needing separate night wear info.,Supported connection: confirms separate nighttime coverage validates overnight HRV/RHR data.,qwen3.8-max,5bc98fb6cb4e829c8f2c038586b21e092887536f1469e984955b7b9549d03c47,blinded-annotation-v2-shortrefs
C024,K091,judge_a,1,labeled,All vitals present; sleep >460 min exceeds 3-hour minimum requirement.,Applies when vitals might be missing with limited night-time data.,Supported connection: confirms adequate sleep duration prevents missing vital readings.,qwen3.8-max,5bc98fb6cb4e829c8f2c038586b21e092887536f1469e984955b7b9549d03c47,blinded-annotation-v2-shortrefs
C024,K092,judge_a,0,labeled,All vitals present with zero missing counts; 720 min wear achieved daily.,Requires missing or delayed vitals data.,No missing data observed; all metrics recorded with full coverage throughout.,qwen3.8-max,5bc98fb6cb4e829c8f2c038586b21e092887536f1469e984955b7b9549d03c47,blinded-annotation-v2-shortrefs
C024,K093,judge_a,0,labeled,Single synthetic device used throughout; no device switch indicated.,Requires heart-rate series involving device or algorithm change.,Same device throughout observation; no evidence of sensor or algorithm changes.,qwen3.8-max,5bc98fb6cb4e829c8f2c038586b21e092887536f1469e984955b7b9549d03c47,blinded-annotation-v2-shortrefs
C024,K094,judge_a,1,labeled,Sleep duration ~470 min derived from device within ~490 min coverage windows.,Applies when device-estimated sleep duration and boundaries are available.,"Supported connection: clarifies that recorded sleep duration is an estimate, not full period.",qwen3.8-max,5bc98fb6cb4e829c8f2c038586b21e092887536f1469e984955b7b9549d03c47,blinded-annotation-v2-shortrefs
C024,K095,judge_a,1,labeled,Nighttime coverage 482-498 min (>180 min threshold) across all nights.,Applies when sleep readings are absent with non-wear or incomplete coverage.,Supported connection: confirms adequate overnight wear validates sleep observations.,qwen3.8-max,5bc98fb6cb4e829c8f2c038586b21e092887536f1469e984955b7b9549d03c47,blinded-annotation-v2-shortrefs
C024,K096,judge_a,1,labeled,"Steps 7603-8404 baseline, 7612-8377 window; accelerometer-based per metadata.",Applies when step readings change with possible measurement limitations.,Supported connection: step counts depend on arm motion sensing per device documentation.,qwen3.8-max,5bc98fb6cb4e829c8f2c038586b21e092887536f1469e984955b7b9549d03c47,blinded-annotation-v2-shortrefs
