case_id,knowledge_id,annotator_id,relevance,status,raw_data_evidence,item_condition_evidence,rationale,model,input_sha256,annotation_revision
C001,K001,judge_b,2,labeled,Age band 18-60; window sleep mean 346 min (~5.8h) below 7-hour recommendation.,Requires age 18-60 and sleep duration below recommendation.,Directly applies: adult in correct age band with sleep persistently below 7-hour minimum.,qwen3.8-max,092781e7c89d7439fed362f514b68f80b1a9d57930b4e224024cd6a973349e3b,blinded-annotation-v2-shortrefs
C001,K002,judge_b,0,labeled,Age band 18-60; not specifically 61-64.,Requires age 61 to 64 to be established.,Age band broader than 61-64; item targets narrower group; less directly applicable.,qwen3.8-max,092781e7c89d7439fed362f514b68f80b1a9d57930b4e224024cd6a973349e3b,blinded-annotation-v2-shortrefs
C001,K003,judge_b,0,labeled,Age band 18-60; not 65 or older.,Requires age at least 65 to be established.,Explicitly non-applicable; age band contradicts required population.,qwen3.8-max,092781e7c89d7439fed362f514b68f80b1a9d57930b4e224024cd6a973349e3b,blinded-annotation-v2-shortrefs
C001,K004,judge_b,0,labeled,Age band is 18-60; not a teenager.,Requires teenage age group (13-17) to be established.,Explicitly non-applicable to adults; age band contradicts required population.,qwen3.8-max,092781e7c89d7439fed362f514b68f80b1a9d57930b4e224024cd6a973349e3b,blinded-annotation-v2-shortrefs
C001,K005,judge_b,1,labeled,Sleep opportunity reduced ~118 min/night in window; schedule constraint not confirmed.,Applies when repeatedly shortened sleep opportunity is observed; schedule attribution needs context.,Shortened sleep observed; item relevant but schedule cause unconfirmed so relevance is 1.,qwen3.8-max,092781e7c89d7439fed362f514b68f80b1a9d57930b4e224024cd6a973349e3b,blinded-annotation-v2-shortrefs
C001,K006,judge_b,2,labeled,"Window sleep consistently ~346 min/night for 14 days, well below 7-hour recommendation.",Applies when sleep is consistently short even without a new decline.,Directly addresses the persistent short sleep pattern observed in the 14-day window.,qwen3.8-max,092781e7c89d7439fed362f514b68f80b1a9d57930b4e224024cd6a973349e3b,blinded-annotation-v2-shortrefs
C001,K007,judge_b,1,labeled,Window sleep duration mean 346 min vs baseline 465 min; no quality metrics recorded.,Applies when sleep duration is recorded but quality may be unknown.,Duration changed substantially but quality measures like awakenings are absent from data.,qwen3.8-max,092781e7c89d7439fed362f514b68f80b1a9d57930b4e224024cd6a973349e3b,blinded-annotation-v2-shortrefs
C001,K008,judge_b,0,labeled,Only sleep start/end timestamps and total duration available; no awakening records.,Requires documented repeated awakenings or measured sleep continuity.,Awakening history unavailable; condition explicitly listed as non-applicable.,qwen3.8-max,092781e7c89d7439fed362f514b68f80b1a9d57930b4e224024cd6a973349e3b,blinded-annotation-v2-shortrefs
C001,K009,judge_b,0,labeled,"Window sleep ~346 min (~5.8h), under 8 hours; no refreshment data available.",Requires more than eight hours of sleep with reported lack of refreshment.,"Sleep is under 8 hours, not over; feeling rested unknown; conditions not met.",qwen3.8-max,092781e7c89d7439fed362f514b68f80b1a9d57930b4e224024cd6a973349e3b,blinded-annotation-v2-shortrefs
C001,K010,judge_b,1,labeled,Sleep ~346 min/night for 14 days; repeatedly shortened from baseline.,Applies when there is repeatedly shortened sleep.,Repeatedly shortened sleep observed; item provides relevant context about cognitive effects.,qwen3.8-max,092781e7c89d7439fed362f514b68f80b1a9d57930b4e224024cd6a973349e3b,blinded-annotation-v2-shortrefs
C001,K011,judge_b,2,labeled,"Sleep ~346 min/night for 14 consecutive days, ~118 min below baseline.",Applies when there are several nights of reduced sleep duration.,Directly relevant: 14 consecutive short nights can affect daytime performance per this source.,qwen3.8-max,092781e7c89d7439fed362f514b68f80b1a9d57930b4e224024cd6a973349e3b,blinded-annotation-v2-shortrefs
C001,K012,judge_b,1,labeled,"Sleep ~346 min/night for 14 days in window, below recommended 7 hours.",Applies when there is ongoing insufficient sleep.,Ongoing sleep deficiency directly observed; item provides relevant general health context.,qwen3.8-max,092781e7c89d7439fed362f514b68f80b1a9d57930b4e224024cd6a973349e3b,blinded-annotation-v2-shortrefs
C001,K013,judge_b,1,labeled,Sleep duration dropped ~118 min/night in window period for 14 consecutive days.,Applies when there is repeated insufficient sleep.,Repeated insufficient sleep directly observed; item provides relevant physiological context.,qwen3.8-max,092781e7c89d7439fed362f514b68f80b1a9d57930b4e224024cd6a973349e3b,blinded-annotation-v2-shortrefs
C001,K014,judge_b,0,labeled,No reported sleepiness or driving context in the data.,Requires reported sleepiness and driving plans.,Sleepiness and driving context unknown; item explicitly non-applicable.,qwen3.8-max,092781e7c89d7439fed362f514b68f80b1a9d57930b4e224024cd6a973349e3b,blinded-annotation-v2-shortrefs
C001,K015,judge_b,1,labeled,Window sleep ~346 min; individual sleep experience or adequacy not assessed.,Applies when adult sleep duration is being reviewed alongside individual experience.,Duration below average recommendations; item notes individual variation matters for adequacy.,qwen3.8-max,092781e7c89d7439fed362f514b68f80b1a9d57930b4e224024cd6a973349e3b,blinded-annotation-v2-shortrefs
C001,K016,judge_b,0,labeled,14-day window only; no reported sleeping difficulties or months-long history.,Requires months-long sleeping difficulties or failed habit changes.,Two-week window cannot establish months-long insomnia; conditions not met.,qwen3.8-max,092781e7c89d7439fed362f514b68f80b1a9d57930b4e224024cd6a973349e3b,blinded-annotation-v2-shortrefs
C001,K017,judge_b,0,labeled,"Sleep start SD ~6min baseline, ~6min window; wake time exactly 07:00 daily.",Applies when there is repeated variability in bedtime or wake time.,"Schedule is highly consistent, not variable; late stable sleep is not irregularity.",qwen3.8-max,092781e7c89d7439fed362f514b68f80b1a9d57930b4e224024cd6a973349e3b,blinded-annotation-v2-shortrefs
C001,K018,judge_b,0,labeled,Wake time constant at 07:00 every day in both periods; no sleeping difficulties reported.,Requires inconsistent wake time with reported sleeping difficulties.,Wake time perfectly consistent; insomnia symptoms not reported; conditions not met.,qwen3.8-max,092781e7c89d7439fed362f514b68f80b1a9d57930b4e224024cd6a973349e3b,blinded-annotation-v2-shortrefs
C001,K019,judge_b,0,labeled,Wake time constant 07:00 daily; sleep start variance similar weekday/weekend in both periods.,Requires substantial bedtime or wake time differences between weekdays and weekends.,Sleep times similar across weekdays/weekends; grouped stats show minimal difference.,qwen3.8-max,092781e7c89d7439fed362f514b68f80b1a9d57930b4e224024cd6a973349e3b,blinded-annotation-v2-shortrefs
C001,K020,judge_b,0,labeled,Sleep starts ~00:47-01:05 in window; no pre-bed activity information recorded.,Requires information about pre-bed activities for targeted advice.,Pre-bed activities unknown; timestamps alone do not reveal routine content.,qwen3.8-max,092781e7c89d7439fed362f514b68f80b1a9d57930b4e224024cd6a973349e3b,blinded-annotation-v2-shortrefs
C001,K021,judge_b,0,labeled,No screen or light exposure information in the wearable data.,Requires known bright-screen exposure shortly before bed.,Screen exposure unknown; item explicitly non-applicable.,qwen3.8-max,092781e7c89d7439fed362f514b68f80b1a9d57930b4e224024cd6a973349e3b,blinded-annotation-v2-shortrefs
C001,K022,judge_b,0,labeled,No caffeine timing or intake information in the data.,Requires known afternoon or evening caffeine use with sleeping difficulty.,Caffeine history unknown; item explicitly non-applicable.,qwen3.8-max,092781e7c89d7439fed362f514b68f80b1a9d57930b4e224024cd6a973349e3b,blinded-annotation-v2-shortrefs
C001,K023,judge_b,0,labeled,No meal timing or size information in the wearable data.,Requires known large meal shortly before bed.,Meal information unknown; item explicitly non-applicable.,qwen3.8-max,092781e7c89d7439fed362f514b68f80b1a9d57930b4e224024cd6a973349e3b,blinded-annotation-v2-shortrefs
C001,K024,judge_b,0,labeled,No alcohol intake information in the wearable data.,Requires alcohol intake and timing to be reported.,Alcohol exposure unknown; item explicitly non-applicable.,qwen3.8-max,092781e7c89d7439fed362f514b68f80b1a9d57930b4e224024cd6a973349e3b,blinded-annotation-v2-shortrefs
C001,K025,judge_b,0,labeled,No nicotine use information in the wearable data.,Requires established nicotine exposure.,Nicotine use unknown; item explicitly non-applicable.,qwen3.8-max,092781e7c89d7439fed362f514b68f80b1a9d57930b4e224024cd6a973349e3b,blinded-annotation-v2-shortrefs
C001,K026,judge_b,0,labeled,"No bedroom environment data (light, noise, temperature) in wearable record.",Requires known disruptive bedroom environment.,Environment unknown; item explicitly non-applicable.,qwen3.8-max,092781e7c89d7439fed362f514b68f80b1a9d57930b4e224024cd6a973349e3b,blinded-annotation-v2-shortrefs
C001,K027,judge_b,0,labeled,No reported difficulty relaxing or request for routine options in the data.,Requires reported difficulty relaxing or a request for routine options.,Generic relaxation advice; no specific connection to observed patterns.,qwen3.8-max,092781e7c89d7439fed362f514b68f80b1a9d57930b4e224024cd6a973349e3b,blinded-annotation-v2-shortrefs
C001,K028,judge_b,0,labeled,No nap information recorded in the wearable data.,Requires adult naps to be recorded or reported.,Nap history unknown; item explicitly non-applicable.,qwen3.8-max,092781e7c89d7439fed362f514b68f80b1a9d57930b4e224024cd6a973349e3b,blinded-annotation-v2-shortrefs
C001,K029,judge_b,0,labeled,No shift-work schedule information in the data.,Requires confirmed shift-work schedule.,Shift work unknown; item explicitly non-applicable.,qwen3.8-max,092781e7c89d7439fed362f514b68f80b1a9d57930b4e224024cd6a973349e3b,blinded-annotation-v2-shortrefs
C001,K030,judge_b,0,labeled,No shift work information; sleep timing changed but work schedule unknown.,Requires confirmed shift work and lighting context.,Shift work not established; item explicitly non-applicable without confirmed shift work.,qwen3.8-max,092781e7c89d7439fed362f514b68f80b1a9d57930b4e224024cd6a973349e3b,blinded-annotation-v2-shortrefs
C001,K031,judge_b,0,labeled,No shift work or caffeine use information in the data.,Requires shift schedule and caffeine intake to be known.,Shift work and caffeine unknown; item explicitly non-applicable.,qwen3.8-max,092781e7c89d7439fed362f514b68f80b1a9d57930b4e224024cd6a973349e3b,blinded-annotation-v2-shortrefs
C001,K032,judge_b,0,labeled,Sleep occurs ~00:47-07:00; no shift work or daytime sleep confirmed.,Requires daytime sleep associated with shift work.,Only overnight sleep recorded; shift work not established; conditions not met.,qwen3.8-max,092781e7c89d7439fed362f514b68f80b1a9d57930b4e224024cd6a973349e3b,blinded-annotation-v2-shortrefs
C001,K033,judge_b,0,labeled,No awakenings or naps recorded; only duration and timing available.,Requires awakenings and naps to need separate records if absent.,Generic diary advice; no specific connection to observed data patterns.,qwen3.8-max,092781e7c89d7439fed362f514b68f80b1a9d57930b4e224024cd6a973349e3b,blinded-annotation-v2-shortrefs
C001,K034,judge_b,2,labeled,Sleep ~346 min/night for 14 consecutive days vs baseline ~465 min.,Applies when several shortened nights rather than a single isolated reading are observed.,Directly explains that 14 consecutive short nights accumulate sleep loss over time.,qwen3.8-max,092781e7c89d7439fed362f514b68f80b1a9d57930b4e224024cd6a973349e3b,blinded-annotation-v2-shortrefs
C001,K035,judge_b,0,labeled,Weekend sleep mean 351min vs weekday 344min in window; difference ~7min.,Requires longer sleep and later timing on days off vs workdays.,Minimal weekend/weekday difference; no substantial extra sleep on weekends observed.,qwen3.8-max,092781e7c89d7439fed362f514b68f80b1a9d57930b4e224024cd6a973349e3b,blinded-annotation-v2-shortrefs
C001,K036,judge_b,0,labeled,No nap information recorded in the wearable data.,Requires recorded naps to be applicable.,Nap data absent; item explicitly non-applicable without nap information.,qwen3.8-max,092781e7c89d7439fed362f514b68f80b1a9d57930b4e224024cd6a973349e3b,blinded-annotation-v2-shortrefs
C001,K037,judge_b,0,labeled,No reported bad nights or insomnia symptoms; wake time fixed at 07:00.,Requires reported bad sleep or insomnia symptoms.,No sleeping difficulty reported; wake time already consistent; conditions not met.,qwen3.8-max,092781e7c89d7439fed362f514b68f80b1a9d57930b4e224024cd6a973349e3b,blinded-annotation-v2-shortrefs
C001,K038,judge_b,0,labeled,14-day window only; no symptom history or onset date reported.,Requires symptom history and onset for insomnia categorization.,Cannot diagnose insomnia from estimated sleep hours alone; conditions not met.,qwen3.8-max,092781e7c89d7439fed362f514b68f80b1a9d57930b4e224024cd6a973349e3b,blinded-annotation-v2-shortrefs
C001,K039,judge_b,0,labeled,Sleep start shifted ~2h later in window; no travel history available.,"Requires confirmed travel, destination time zone, and trip duration.",Timing changed but travel not established; cannot attribute to jet lag.,qwen3.8-max,092781e7c89d7439fed362f514b68f80b1a9d57930b4e224024cd6a973349e3b,blinded-annotation-v2-shortrefs
C001,K040,judge_b,0,labeled,No travel or time-zone change information in the wearable data.,Requires a short trip across time zones to be planned.,Travel context unknown; item explicitly non-applicable.,qwen3.8-max,092781e7c89d7439fed362f514b68f80b1a9d57930b4e224024cd6a973349e3b,blinded-annotation-v2-shortrefs
C001,K041,judge_b,0,labeled,"Activity duration ~55 min/day, steps ~8000/day; no decline observed.",Applies to low or declining movement giving opportunity to add activity.,"Movement is stable, not declining; generic advice with no specific observation connection.",qwen3.8-max,092781e7c89d7439fed362f514b68f80b1a9d57930b4e224024cd6a973349e3b,blinded-annotation-v2-shortrefs
C001,K042,judge_b,0,labeled,Activity ~55 min/day stable; no recent inactivity observed.,Applies to recently low or reduced physical activity.,Activity not reduced; generic advice with no connection to observed patterns.,qwen3.8-max,092781e7c89d7439fed362f514b68f80b1a9d57930b4e224024cd6a973349e3b,blinded-annotation-v2-shortrefs
C001,K043,judge_b,0,labeled,Activity intensity is unknown for all recorded intervals.,Requires known activity intensity to determine guideline compliance.,Cannot assess moderate-intensity minutes; intensity unknown throughout dataset.,qwen3.8-max,092781e7c89d7439fed362f514b68f80b1a9d57930b4e224024cd6a973349e3b,blinded-annotation-v2-shortrefs
C001,K044,judge_b,0,labeled,Activity intensity unknown for all intervals; no vigorous activity documented.,Requires known vigorous intensity to be documented.,Intensity unknown; cannot assume vigorous activity from movement totals.,qwen3.8-max,092781e7c89d7439fed362f514b68f80b1a9d57930b4e224024cd6a973349e3b,blinded-annotation-v2-shortrefs
C001,K045,judge_b,0,labeled,Activity ~55 min/day; intensity unknown for all intervals.,Requires intensity information for counting guideline minutes.,Generic activity advice; intensity unknown prevents specific application.,qwen3.8-max,092781e7c89d7439fed362f514b68f80b1a9d57930b4e224024cd6a973349e3b,blinded-annotation-v2-shortrefs
C001,K046,judge_b,0,labeled,Only steps and activity duration recorded; no strengthening activity data.,Requires strengthening activity records including days and muscle groups.,Strengthening data absent; generic guideline with no specific observation connection.,qwen3.8-max,092781e7c89d7439fed362f514b68f80b1a9d57930b4e224024cd6a973349e3b,blinded-annotation-v2-shortrefs
C001,K047,judge_b,0,labeled,Activity intensity unknown; cannot verify guideline attainment.,Requires known intensity and weekly duration beyond minimum guidelines.,Intensity unknown; cannot assess whether additional benefits apply.,qwen3.8-max,092781e7c89d7439fed362f514b68f80b1a9d57930b4e224024cd6a973349e3b,blinded-annotation-v2-shortrefs
C001,K048,judge_b,0,labeled,All activity intervals have intensity marked as unknown.,Applies when activity intensity needs interpretation; requires fitness context.,Intensity unknown throughout; generic educational statement with no direct data link.,qwen3.8-max,092781e7c89d7439fed362f514b68f80b1a9d57930b4e224024cd6a973349e3b,blinded-annotation-v2-shortrefs
C001,K049,judge_b,0,labeled,All activity intensities marked as unknown; no breathing observations.,Requires an aerobic activity and breathing or talk-test observation.,Effort unrecorded; intensity unknown throughout; conditions not met.,qwen3.8-max,092781e7c89d7439fed362f514b68f80b1a9d57930b4e224024cd6a973349e3b,blinded-annotation-v2-shortrefs
C001,K050,judge_b,0,labeled,Steps ~8000/day stable; activity duration ~55min stable; no intensity data.,Applies when steps change while other activity may differ.,Steps did not meaningfully change; generic device limitation note.,qwen3.8-max,092781e7c89d7439fed362f514b68f80b1a9d57930b4e224024cd6a973349e3b,blinded-annotation-v2-shortrefs
C001,K051,judge_b,0,labeled,Steps ~8000/day stable; no decline in routine movement observed.,Applies to low or declining routine movement.,Movement not declining; generic walking advice with no specific data connection.,qwen3.8-max,092781e7c89d7439fed362f514b68f80b1a9d57930b4e224024cd6a973349e3b,blinded-annotation-v2-shortrefs
C001,K052,judge_b,0,labeled,Activity stable ~55 min/day; no personal preferences recorded.,Requires activity habit that is low or difficult to maintain.,Activity not low or declining; generic advice with no data connection.,qwen3.8-max,092781e7c89d7439fed362f514b68f80b1a9d57930b4e224024cd6a973349e3b,blinded-annotation-v2-shortrefs
C001,K053,judge_b,0,labeled,No social preferences or motivational barriers reported in the data.,Requires social preferences or reported motivational barrier.,Generic suggestion with no connection to observed wearable patterns.,qwen3.8-max,092781e7c89d7439fed362f514b68f80b1a9d57930b4e224024cd6a973349e3b,blinded-annotation-v2-shortrefs
C001,K054,judge_b,0,labeled,No reported time barrier; activity levels stable across periods.,Requires low activity with a reported time barrier.,No time barrier reported; activity not low; conditions not met.,qwen3.8-max,092781e7c89d7439fed362f514b68f80b1a9d57930b4e224024cd6a973349e3b,blinded-annotation-v2-shortrefs
C001,K055,judge_b,0,labeled,No competing demands or schedule constraints reported in the data.,Requires reported competing demands that reduce activity.,Schedule reason unknown; generic planning advice with no data connection.,qwen3.8-max,092781e7c89d7439fed362f514b68f80b1a9d57930b4e224024cd6a973349e3b,blinded-annotation-v2-shortrefs
C001,K056,judge_b,0,labeled,No chronic health conditions or disabilities reported in the data.,"Requires established chronic condition, disability, or special need.",Medical context unknown; item conditions not supported by available data.,qwen3.8-max,092781e7c89d7439fed362f514b68f80b1a9d57930b4e224024cd6a973349e3b,blinded-annotation-v2-shortrefs
C001,K057,judge_b,0,labeled,Low movement in ~45-min blocks with breaks; posture not confirmed as sitting.,Requires long uninterrupted daytime low-movement intervals with posture context.,Intervals already broken into ~45-min blocks; low movement not confirmed sitting.,qwen3.8-max,092781e7c89d7439fed362f514b68f80b1a9d57930b4e224024cd6a973349e3b,blinded-annotation-v2-shortrefs
C001,K058,judge_b,0,labeled,Activity ~55 min/day; low movement ~450 min/day; sitting posture unconfirmed.,Requires sitting posture and known activity intensity for guideline claims.,Posture unknown; low movement not confirmed sitting; conditions not met.,qwen3.8-max,092781e7c89d7439fed362f514b68f80b1a9d57930b4e224024cd6a973349e3b,blinded-annotation-v2-shortrefs
C001,K059,judge_b,0,labeled,Low movement ~450 min/day; posture not confirmed as sitting.,Requires confirmed sitting for a specific sedentary-time conclusion.,Device low movement is not confirmed sitting; cannot draw sedentary conclusions.,qwen3.8-max,092781e7c89d7439fed362f514b68f80b1a9d57930b4e224024cd6a973349e3b,blinded-annotation-v2-shortrefs
C001,K060,judge_b,0,labeled,No commute or transport information in wearable data.,Requires established sedentary commuting and transport context.,Commute context unknown; item conditions not met by available observations.,qwen3.8-max,092781e7c89d7439fed362f514b68f80b1a9d57930b4e224024cd6a973349e3b,blinded-annotation-v2-shortrefs
C001,K061,judge_b,0,labeled,No workplace layout or desk work information in the data.,Requires desk work with prolonged sitting and workplace ability to walk.,Work context unknown; item explicitly non-applicable.,qwen3.8-max,092781e7c89d7439fed362f514b68f80b1a9d57930b4e224024cd6a973349e3b,blinded-annotation-v2-shortrefs
C001,K062,judge_b,0,labeled,No workplace or meeting information in the data.,Requires meetings or desk work involving prolonged sitting.,Workplace context unknown; item explicitly non-applicable.,qwen3.8-max,092781e7c89d7439fed362f514b68f80b1a9d57930b4e224024cd6a973349e3b,blinded-annotation-v2-shortrefs
C001,K063,judge_b,0,labeled,No television-viewing context in the wearable data.,Requires prolonged sitting while watching television.,Screen habits unknown; item explicitly non-applicable.,qwen3.8-max,092781e7c89d7439fed362f514b68f80b1a9d57930b4e224024cd6a973349e3b,blinded-annotation-v2-shortrefs
C001,K064,judge_b,0,labeled,No leisure context or seated habits information in the data.,Requires substantial habitual seated leisure to be established.,Leisure context unknown; item explicitly non-applicable.,qwen3.8-max,092781e7c89d7439fed362f514b68f80b1a9d57930b4e224024cd6a973349e3b,blinded-annotation-v2-shortrefs
C001,K065,judge_b,0,labeled,Activity duration ~55 min/day both periods; steps ~8000/day; intensity unknown.,Applies to low everyday movement despite possible formal exercise.,Generic definition of physical activity; no specific connection to observed patterns.,qwen3.8-max,092781e7c89d7439fed362f514b68f80b1a9d57930b4e224024cd6a973349e3b,blinded-annotation-v2-shortrefs
C001,K066,judge_b,0,labeled,No workday lunch-break context or employment information in the data.,Requires known workday lunch-break access and mobility.,Workday context unknown; item explicitly non-applicable.,qwen3.8-max,092781e7c89d7439fed362f514b68f80b1a9d57930b4e224024cd6a973349e3b,blinded-annotation-v2-shortrefs
C001,K067,judge_b,0,labeled,No stair access or mobility context information in the data.,Requires accessible stairs and safe mobility.,Mobility context unknown; generic suggestion with no data connection.,qwen3.8-max,092781e7c89d7439fed362f514b68f80b1a9d57930b4e224024cd6a973349e3b,blinded-annotation-v2-shortrefs
C001,K068,judge_b,1,labeled,Low movement ~450 min/day in structured ~45-min blocks; posture not measured.,Applies when low-movement intervals available without posture measurement.,Directly relevant: confirms low-movement intervals should not be labeled as sitting.,qwen3.8-max,092781e7c89d7439fed362f514b68f80b1a9d57930b4e224024cd6a973349e3b,blinded-annotation-v2-shortrefs
C001,K069,judge_b,0,labeled,Activity stable ~55 min/day; sleep decreased ~118 min; no causal link established.,Applies when activity and sleep patterns are available for joint review.,Temporal co-occurrence does not imply causation; activity stable while sleep changed.,qwen3.8-max,092781e7c89d7439fed362f514b68f80b1a9d57930b4e224024cd6a973349e3b,blinded-annotation-v2-shortrefs
C001,K070,judge_b,0,labeled,Activity ~55 min/day stable; outdoor exposure not measurable from wearable.,Applies when low daytime activity accompanies changed sleep routine.,Activity not low; generic sleep hygiene advice with no specific data connection.,qwen3.8-max,092781e7c89d7439fed362f514b68f80b1a9d57930b4e224024cd6a973349e3b,blinded-annotation-v2-shortrefs
C001,K071,judge_b,0,labeled,Activity intervals 21:00-22:00 daily; all intensities marked as unknown.,Requires known intensity and actual timing relative to bedtime.,Intensity unknown; cannot apply intense-exercise advice to unclassified movement.,qwen3.8-max,092781e7c89d7439fed362f514b68f80b1a9d57930b4e224024cd6a973349e3b,blinded-annotation-v2-shortrefs
C001,K072,judge_b,0,labeled,Activity intervals ~21:00-22:00 daily; sleep starts ~00:47+ in window; no insomnia reported.,Requires exercise near bedtime with reported insomnia symptoms.,Insomnia symptoms not reported; temporal adjacency alone does not establish condition.,qwen3.8-max,092781e7c89d7439fed362f514b68f80b1a9d57930b4e224024cd6a973349e3b,blinded-annotation-v2-shortrefs
C001,K073,judge_b,1,labeled,Activity intervals 21:00-22:00 precede sleep starts ~00:47-01:05 in window period.,Applies when activity timing and subsequent sleep are being compared.,Supports correct temporal framing: evening activity on day t relates to sleep waking t+1.,qwen3.8-max,092781e7c89d7439fed362f514b68f80b1a9d57930b4e224024cd6a973349e3b,blinded-annotation-v2-shortrefs
C001,K074,judge_b,0,labeled,No emergency responder deployment context in the data.,Requires confirmed emergency-response deployment context.,Deployment context unknown; item explicitly non-applicable.,qwen3.8-max,092781e7c89d7439fed362f514b68f80b1a9d57930b4e224024cd6a973349e3b,blinded-annotation-v2-shortrefs
C001,K075,judge_b,0,labeled,No reported tiredness or subjective energy patterns in the data.,Requires reported tiredness limiting activity and subjective energy pattern.,Tiredness not reported; activity stable; conditions not met.,qwen3.8-max,092781e7c89d7439fed362f514b68f80b1a9d57930b4e224024cd6a973349e3b,blinded-annotation-v2-shortrefs
C001,K076,judge_b,0,labeled,"No substance, medication, alcohol, or caffeine records in the data.",Requires substance and medication history for causal interpretation.,Exposures unrecorded; generic diary advice with no specific data connection.,qwen3.8-max,092781e7c89d7439fed362f514b68f80b1a9d57930b4e224024cd6a973349e3b,blinded-annotation-v2-shortrefs
C001,K077,judge_b,1,labeled,Daily RHR values 55-57bpm recorded across 42 days.,Applies when resting heart rate observations are available.,RHR data present; item correctly defines what the resting measurement represents.,qwen3.8-max,092781e7c89d7439fed362f514b68f80b1a9d57930b4e224024cd6a973349e3b,blinded-annotation-v2-shortrefs
C001,K078,judge_b,1,labeled,"RHR recorded daily (mean 56.1 baseline, 55.4 window); sleeping HR not separately shown.",Applies when daily resting heart-rate trend is being interpreted.,Relevant methodological note for interpreting the RHR values present in the dataset.,qwen3.8-max,092781e7c89d7439fed362f514b68f80b1a9d57930b4e224024cd6a973349e3b,blinded-annotation-v2-shortrefs
C001,K079,judge_b,1,labeled,"RHR mean 56.1 baseline, 55.4 window; slight decrease observed.",Applies when resting heart rate changes relative to previous readings.,RHR changed slightly; item correctly notes multiple factors influence RHR trends.,qwen3.8-max,092781e7c89d7439fed362f514b68f80b1a9d57930b4e224024cd6a973349e3b,blinded-annotation-v2-shortrefs
C001,K080,judge_b,1,labeled,HRV RMSSD ~45ms and RHR ~55-56bpm recorded simultaneously each night.,Applies when HRV and heart-rate estimates are being interpreted together.,Both metrics present; item correctly distinguishes HRV from average heart rate.,qwen3.8-max,092781e7c89d7439fed362f514b68f80b1a9d57930b4e224024cd6a973349e3b,blinded-annotation-v2-shortrefs
C001,K081,judge_b,1,labeled,"HRV RMSSD mean 44.75ms baseline, 44.93ms window; variance small in both periods.",Applies when an HRV level or trend is being reviewed with personal history.,HRV stable within personal range; item correctly contextualizes individual HRV interpretation.,qwen3.8-max,092781e7c89d7439fed362f514b68f80b1a9d57930b4e224024cd6a973349e3b,blinded-annotation-v2-shortrefs
C001,K082,judge_b,2,labeled,"Baseline 28 days, window 14 days; sleep mean dropped from 465 to 346 min.",Requires sufficient same-metric personal history and a change from recent baseline.,Data provide 28-day baseline and 14-day window showing clear sleep duration change.,qwen3.8-max,092781e7c89d7439fed362f514b68f80b1a9d57930b4e224024cd6a973349e3b,blinded-annotation-v2-shortrefs
C001,K083,judge_b,1,labeled,"RHR recorded daily for 42 days; mean 56.1 baseline, 55.4 window.",Applies when repeated resting heart-rate readings or a recent change are available.,Multi-week RHR trend available; item supports reviewing repeated readings over time.,qwen3.8-max,092781e7c89d7439fed362f514b68f80b1a9d57930b4e224024cd6a973349e3b,blinded-annotation-v2-shortrefs
C001,K084,judge_b,1,labeled,"HRV RMSSD mean 44.75ms baseline, 44.93ms window; essentially unchanged.",Applies when HRV trend is available for wellness monitoring.,HRV data present and stable; item correctly frames HRV as wellness metric not diagnosis.,qwen3.8-max,092781e7c89d7439fed362f514b68f80b1a9d57930b4e224024cd6a973349e3b,blinded-annotation-v2-shortrefs
C001,K085,judge_b,1,labeled,HRV recorded as hrv_rmssd_ms; values ~43-47ms across both periods.,Requires HRV records that identify RMSSD as their metric.,Data explicitly uses RMSSD; item confirms metric definition for proper interpretation.,qwen3.8-max,092781e7c89d7439fed362f514b68f80b1a9d57930b4e224024cd6a973349e3b,blinded-annotation-v2-shortrefs
C001,K086,judge_b,1,labeled,Window nighttime coverage 355-373min; HRV RMSSD recorded every night.,Requires compatible Fitbit collection definition and sleep coverage >3 hours.,Coverage exceeds 3-hour minimum; explains why HRV was successfully captured each night.,qwen3.8-max,092781e7c89d7439fed362f514b68f80b1a9d57930b4e224024cd6a973349e3b,blinded-annotation-v2-shortrefs
C001,K087,judge_b,0,labeled,Only sleep duration and timing recorded; no sleep-stage measurements available.,Requires sleep-stage measurements to be available.,Sleep stages not in dataset; item explicitly non-applicable.,qwen3.8-max,092781e7c89d7439fed362f514b68f80b1a9d57930b4e224024cd6a973349e3b,blinded-annotation-v2-shortrefs
C001,K088,judge_b,0,labeled,No reported health concerns or symptoms in the data.,Requires reported health concerns or symptoms.,Generic advisory; no specific health concern raised by the observations.,qwen3.8-max,092781e7c89d7439fed362f514b68f80b1a9d57930b4e224024cd6a973349e3b,blinded-annotation-v2-shortrefs
C001,K089,judge_b,0,labeled,RHR stable 55-57bpm; no evidence of wear quality changes.,Requires device placement or contact information suggesting unreliable readings.,No fit problems evidenced; RHR readings consistent and stable across periods.,qwen3.8-max,092781e7c89d7439fed362f514b68f80b1a9d57930b4e224024cd6a973349e3b,blinded-annotation-v2-shortrefs
C001,K090,judge_b,1,labeled,Daytime wear 720min daily; nighttime coverage 355-373min in window.,Requires separate night-time wear information for overnight vitals.,Confirms nighttime coverage exists independently from daytime wear for valid overnight metrics.,qwen3.8-max,092781e7c89d7439fed362f514b68f80b1a9d57930b4e224024cd6a973349e3b,blinded-annotation-v2-shortrefs
C001,K091,judge_b,1,labeled,Nighttime coverage dropped from ~485min baseline to ~365min window; all vitals present.,Applies when vitals are missing with limited night-time data; requires >=180min coverage.,Coverage decreased but remained above 180min threshold; explains why vitals still recorded.,qwen3.8-max,092781e7c89d7439fed362f514b68f80b1a9d57930b4e224024cd6a973349e3b,blinded-annotation-v2-shortrefs
C001,K092,judge_b,0,labeled,All vitals recorded every day; no missing data in either period.,Applies when vitals are missing or delayed.,No missing vitals observed; item conditions not triggered by current data.,qwen3.8-max,092781e7c89d7439fed362f514b68f80b1a9d57930b4e224024cd6a973349e3b,blinded-annotation-v2-shortrefs
C001,K093,judge_b,0,labeled,Single synthetic device used throughout; no device switch indicated.,Requires heart-rate series involving a device or algorithm change.,Same device throughout; no cross-device comparison issue present.,qwen3.8-max,092781e7c89d7439fed362f514b68f80b1a9d57930b4e224024cd6a973349e3b,blinded-annotation-v2-shortrefs
C001,K094,judge_b,1,labeled,Sleep duration estimated from device; sleep boundaries recorded nightly.,Applies when device-estimated sleep duration and sleep boundaries are available.,Methodological note relevant to interpreting the estimated sleep duration values in data.,qwen3.8-max,092781e7c89d7439fed362f514b68f80b1a9d57930b4e224024cd6a973349e3b,blinded-annotation-v2-shortrefs
C001,K095,judge_b,1,labeled,Nighttime coverage 355-373min in window vs 475-495min baseline; sleep recorded nightly.,Applies when sleep readings are absent with non-wear or incomplete coverage.,Coverage reduced but device worn overnight; explains continued sleep recording validity.,qwen3.8-max,092781e7c89d7439fed362f514b68f80b1a9d57930b4e224024cd6a973349e3b,blinded-annotation-v2-shortrefs
C001,K096,judge_b,0,labeled,Steps stable ~8000/day across both periods; no wear context changes noted.,Applies when step readings change with possible measurement limitations.,Steps did not meaningfully change; generic device info with no specific observation link.,qwen3.8-max,092781e7c89d7439fed362f514b68f80b1a9d57930b4e224024cd6a973349e3b,blinded-annotation-v2-shortrefs
C002,K001,judge_b,1,labeled,Age band 18-60; sleep duration ~470 min (~7.8 hrs) meets >=7 hr recommendation.,Requires age band compatible with 18 to 60 years and sleep duration observation.,User is 18-60 and sleeps ~7.8 hrs; item directly explains the applicable sleep target.,qwen3.8-max,175d280354d92874ce4a1ca796378764307393c8fc0baf09a0b823a0d7dc1c1a,blinded-annotation-v2-shortrefs
C002,K002,judge_b,0,labeled,"Metadata age_band is 18-60, not 61-64.",Non-applicable for other age groups.,"User age band is 18-60; item targets 61-64, so conditions are contradicted.",qwen3.8-max,175d280354d92874ce4a1ca796378764307393c8fc0baf09a0b823a0d7dc1c1a,blinded-annotation-v2-shortrefs
C002,K003,judge_b,0,labeled,"Metadata age_band is 18-60, not 65+.",Non-applicable for age below 65.,"User age band is 18-60; item targets adults 65+, so conditions are contradicted.",qwen3.8-max,175d280354d92874ce4a1ca796378764307393c8fc0baf09a0b823a0d7dc1c1a,blinded-annotation-v2-shortrefs
C002,K004,judge_b,0,labeled,"Metadata age_band is 18-60, not teenagers 13-17.",Non-applicable for adults.,"User is an adult; item targets teenagers, so conditions are contradicted.",qwen3.8-max,175d280354d92874ce4a1ca796378764307393c8fc0baf09a0b823a0d7dc1c1a,blinded-annotation-v2-shortrefs
C002,K005,judge_b,0,labeled,"Sleep duration mean is 469.8 min baseline, 469.6 min window; no shortage observed.",Non-applicable when no evidence of insufficient sleep.,Sleep duration is stable and sufficient; no repeatedly shortened sleep opportunity exists.,qwen3.8-max,175d280354d92874ce4a1ca796378764307393c8fc0baf09a0b823a0d7dc1c1a,blinded-annotation-v2-shortrefs
C002,K006,judge_b,0,labeled,"Sleep duration is ~470 min (~7.8 hrs), meeting the >=7 hr adult recommendation.",Non-applicable when sleep duration is sufficient for the applicable age group.,Sleep is sufficient for the 18-60 age band; item targets consistently short sleep.,qwen3.8-max,175d280354d92874ce4a1ca796378764307393c8fc0baf09a0b823a0d7dc1c1a,blinded-annotation-v2-shortrefs
C002,K007,judge_b,1,labeled,"Sleep duration is ~470 min/night, but no awakenings or subjective quality are recorded.",Requires sleep duration is recorded but sleep quality may be unknown.,"Duration is recorded without quality metrics, directly matching the observable condition.",qwen3.8-max,175d280354d92874ce4a1ca796378764307393c8fc0baf09a0b823a0d7dc1c1a,blinded-annotation-v2-shortrefs
C002,K008,judge_b,0,labeled,"Only sleep duration, start, and end are recorded; no awakening data exists.",Non-applicable when only duration and sleep start or end are available.,Awakenings are not measured; item explicitly states duration alone doesn't indicate them.,qwen3.8-max,175d280354d92874ce4a1ca796378764307393c8fc0baf09a0b823a0d7dc1c1a,blinded-annotation-v2-shortrefs
C002,K009,judge_b,0,labeled,"Sleep duration is ~470 min (~7.8 hrs), under eight hours; no refreshment data.",Non-applicable with no information about feeling rested.,Sleep is under 8 hours and refreshment is unreported; item conditions not met.,qwen3.8-max,175d280354d92874ce4a1ca796378764307393c8fc0baf09a0b823a0d7dc1c1a,blinded-annotation-v2-shortrefs
C002,K010,judge_b,0,labeled,Sleep duration is stable ~470 min/night; no repeatedly shortened sleep observed.,Non-applicable when diagnosing impairment from wearable data alone.,Sleep is not restricted; item requires repeatedly shortened sleep which is absent.,qwen3.8-max,175d280354d92874ce4a1ca796378764307393c8fc0baf09a0b823a0d7dc1c1a,blinded-annotation-v2-shortrefs
C002,K011,judge_b,0,labeled,Sleep duration is stable ~470 min/night; no repeated sleep restriction observed.,Non-applicable with no repeated sleep restriction.,No shortened nights exist; item requires several nights of reduced sleep duration.,qwen3.8-max,175d280354d92874ce4a1ca796378764307393c8fc0baf09a0b823a0d7dc1c1a,blinded-annotation-v2-shortrefs
C002,K012,judge_b,0,labeled,Sleep duration is stable ~470 min/night; no ongoing insufficient sleep observed.,Non-applicable when inferring an infection from sleep or heart-rate changes.,No sleep deficiency exists; item conditions are not met by the observations.,qwen3.8-max,175d280354d92874ce4a1ca796378764307393c8fc0baf09a0b823a0d7dc1c1a,blinded-annotation-v2-shortrefs
C002,K013,judge_b,0,labeled,Sleep duration is stable ~470 min/night; no repeatedly insufficient sleep observed.,Non-applicable when diagnosing a metabolic disorder from wearable observations.,Sleep is sufficient and stable; item conditions regarding insufficient sleep are not met.,qwen3.8-max,175d280354d92874ce4a1ca796378764307393c8fc0baf09a0b823a0d7dc1c1a,blinded-annotation-v2-shortrefs
C002,K014,judge_b,0,labeled,No sleepiness reports or driving context are recorded in the data.,Non-applicable when sleepiness or driving context is unknown.,Sleepiness and driving are unrecorded; item conditions cannot be evaluated.,qwen3.8-max,175d280354d92874ce4a1ca796378764307393c8fc0baf09a0b823a0d7dc1c1a,blinded-annotation-v2-shortrefs
C002,K015,judge_b,1,labeled,Sleep duration averages ~470 min (~7.8 hrs) across both periods consistently.,Requires adult sleep duration is being reviewed.,Adult sleep duration is recorded and reviewed; item provides general interpretive context.,qwen3.8-max,175d280354d92874ce4a1ca796378764307393c8fc0baf09a0b823a0d7dc1c1a,blinded-annotation-v2-shortrefs
C002,K016,judge_b,0,labeled,No sleeping difficulties or insomnia symptoms are reported in the data.,Non-applicable with only a brief duration record without reported problems.,Insomnia symptoms are absent; item requires reported months-long sleeping difficulties.,qwen3.8-max,175d280354d92874ce4a1ca796378764307393c8fc0baf09a0b823a0d7dc1c1a,blinded-annotation-v2-shortrefs
C002,K017,judge_b,0,labeled,Sleep start variance is 23 min^2; wake time is exactly 07:00 daily.,Non-applicable when a stable schedule alone does not establish a problem.,Schedule is highly consistent; item targets repeated variability which is absent.,qwen3.8-max,175d280354d92874ce4a1ca796378764307393c8fc0baf09a0b823a0d7dc1c1a,blinded-annotation-v2-shortrefs
C002,K018,judge_b,0,labeled,Wake time is exactly 07:00 every day; no sleeping difficulties reported.,Non-applicable with no evidence of insomnia symptoms.,Wake time is perfectly consistent and no insomnia is reported; conditions contradicted.,qwen3.8-max,175d280354d92874ce4a1ca796378764307393c8fc0baf09a0b823a0d7dc1c1a,blinded-annotation-v2-shortrefs
C002,K019,judge_b,0,labeled,Weekday/weekend sleep start means differ by <2 min in both baseline and window.,Non-applicable when weekday and weekend sleep times are similar.,Sleep timing is consistent across weekdays and weekends; no substantial schedule difference observed.,qwen3.8-max,175d280354d92874ce4a1ca796378764307393c8fc0baf09a0b823a0d7dc1c1a,blinded-annotation-v2-shortrefs
C002,K020,judge_b,0,labeled,"Bedtimes are ~22:42-22:58, but pre-bed activities are not recorded.",Non-applicable when assuming a missing bedtime routine from timestamps alone.,Pre-bed activities are unknown; item requires information about actual routines.,qwen3.8-max,175d280354d92874ce4a1ca796378764307393c8fc0baf09a0b823a0d7dc1c1a,blinded-annotation-v2-shortrefs
C002,K021,judge_b,0,labeled,No screen or light exposure data is recorded in the wearable observations.,Non-applicable when exposure is unknown.,Screen exposure is unrecorded; item conditions cannot be met.,qwen3.8-max,175d280354d92874ce4a1ca796378764307393c8fc0baf09a0b823a0d7dc1c1a,blinded-annotation-v2-shortrefs
C002,K022,judge_b,0,labeled,No caffeine timing or intake data is recorded in the observations.,Non-applicable with no caffeine history.,Caffeine history is absent; item requires known afternoon or evening caffeine use.,qwen3.8-max,175d280354d92874ce4a1ca796378764307393c8fc0baf09a0b823a0d7dc1c1a,blinded-annotation-v2-shortrefs
C002,K023,judge_b,0,labeled,No meal timing or size data is recorded in the wearable observations.,Non-applicable when meal information is unknown.,Meal context is absent; item requires known large meals shortly before bed.,qwen3.8-max,175d280354d92874ce4a1ca796378764307393c8fc0baf09a0b823a0d7dc1c1a,blinded-annotation-v2-shortrefs
C002,K024,judge_b,0,labeled,No alcohol intake data recorded in wearable observations.,Non-applicable when alcohol exposure is unknown.,"Alcohol use is not reported; required context missing, making item inapplicable.",qwen3.8-max,175d280354d92874ce4a1ca796378764307393c8fc0baf09a0b823a0d7dc1c1a,blinded-annotation-v2-shortrefs
C002,K025,judge_b,0,labeled,No nicotine or smoking data is recorded in the wearable observations.,Non-applicable when nicotine use is unknown.,Nicotine exposure is unrecorded; item conditions cannot be met.,qwen3.8-max,175d280354d92874ce4a1ca796378764307393c8fc0baf09a0b823a0d7dc1c1a,blinded-annotation-v2-shortrefs
C002,K026,judge_b,0,labeled,"No bedroom temperature, light, or noise data is recorded.",Non-applicable when environment is unknown.,Bedroom environment is unrecorded; item requires known disruptive conditions.,qwen3.8-max,175d280354d92874ce4a1ca796378764307393c8fc0baf09a0b823a0d7dc1c1a,blinded-annotation-v2-shortrefs
C002,K027,judge_b,0,labeled,No pre-bed routine difficulty or relaxation requests are reported.,Non-applicable when inferring stress or anxiety from wearable signals.,No relaxation difficulty is reported; item requires context of pre-bed routine consideration.,qwen3.8-max,175d280354d92874ce4a1ca796378764307393c8fc0baf09a0b823a0d7dc1c1a,blinded-annotation-v2-shortrefs
C002,K028,judge_b,0,labeled,No nap durations or nap events are recorded in the wearable data.,Non-applicable when nap history is unknown.,Nap information is absent; item cannot be applied to these observations.,qwen3.8-max,175d280354d92874ce4a1ca796378764307393c8fc0baf09a0b823a0d7dc1c1a,blinded-annotation-v2-shortrefs
C002,K029,judge_b,0,labeled,No shift-work schedule is indicated; sleep occurs overnight consistently.,Non-applicable when shift work is unknown.,Shift work is unrecorded; item requires confirmed rotating shift schedule.,qwen3.8-max,175d280354d92874ce4a1ca796378764307393c8fc0baf09a0b823a0d7dc1c1a,blinded-annotation-v2-shortrefs
C002,K030,judge_b,0,labeled,No shift work is indicated; sleep occurs overnight consistently.,Non-applicable with no confirmed shift work.,Shift work is not established; item conditions are contradicted by overnight sleep pattern.,qwen3.8-max,175d280354d92874ce4a1ca796378764307393c8fc0baf09a0b823a0d7dc1c1a,blinded-annotation-v2-shortrefs
C002,K031,judge_b,0,labeled,No shift work or caffeine intake data is recorded in the observations.,Non-applicable when shift work or caffeine use is unknown.,Shift work and caffeine are unrecorded; item conditions cannot be met.,qwen3.8-max,175d280354d92874ce4a1ca796378764307393c8fc0baf09a0b823a0d7dc1c1a,blinded-annotation-v2-shortrefs
C002,K032,judge_b,0,labeled,"All sleep occurs overnight (start ~22:50, end 07:00); no daytime sleep recorded.",Non-applicable when only ordinary overnight sleep is recorded.,No daytime sleep or shift work is indicated; item conditions are contradicted.,qwen3.8-max,175d280354d92874ce4a1ca796378764307393c8fc0baf09a0b823a0d7dc1c1a,blinded-annotation-v2-shortrefs
C002,K033,judge_b,0,labeled,Sleep pattern is highly stable (variance 23 min^2); no variable pattern needs review.,Requires a changed or variable sleep pattern needs review.,Sleep timing and duration are stable; no changed pattern warrants a diary recommendation.,qwen3.8-max,175d280354d92874ce4a1ca796378764307393c8fc0baf09a0b823a0d7dc1c1a,blinded-annotation-v2-shortrefs
C002,K034,judge_b,0,labeled,"Baseline sleep mean 469.8 min, window 469.6 min; no shortened nights observed.",Requires several shortened nights rather than a single isolated reading.,Sleep duration remained stable near 7.8 hours across both periods; no repeated shortening to apply this item.,qwen3.8-max,175d280354d92874ce4a1ca796378764307393c8fc0baf09a0b823a0d7dc1c1a,blinded-annotation-v2-shortrefs
C002,K035,judge_b,0,labeled,Weekend/weekday sleep duration differs by <0.5 min; no extra sleep on days off.,Requires longer sleep and later timing on days off.,No difference between weekday and weekend sleep; item conditions are contradicted.,qwen3.8-max,175d280354d92874ce4a1ca796378764307393c8fc0baf09a0b823a0d7dc1c1a,blinded-annotation-v2-shortrefs
C002,K036,judge_b,0,labeled,No nap information is recorded in the dataset.,Non-applicable with no nap information.,Naps are not tracked or reported; item conditions cannot be evaluated.,qwen3.8-max,175d280354d92874ce4a1ca796378764307393c8fc0baf09a0b823a0d7dc1c1a,blinded-annotation-v2-shortrefs
C002,K037,judge_b,0,labeled,No bad nights or sleeping difficulties are reported; sleep is stable ~470 min.,Non-applicable with only a device estimate without reported sleeping difficulty.,No bad nights or insomnia symptoms exist; item conditions are not met.,qwen3.8-max,175d280354d92874ce4a1ca796378764307393c8fc0baf09a0b823a0d7dc1c1a,blinded-annotation-v2-shortrefs
C002,K038,judge_b,0,labeled,No sleeping difficulties or symptom history are reported in the data.,Non-applicable when diagnosing insomnia from estimated sleep hours.,Insomnia symptoms are absent; item requires reported symptom history and onset.,qwen3.8-max,175d280354d92874ce4a1ca796378764307393c8fc0baf09a0b823a0d7dc1c1a,blinded-annotation-v2-shortrefs
C002,K039,judge_b,0,labeled,No travel history or flight data recorded in the wearable observations.,Non-applicable with no travel history.,Travel context is completely absent; item requires confirmed travel across time zones.,qwen3.8-max,175d280354d92874ce4a1ca796378764307393c8fc0baf09a0b823a0d7dc1c1a,blinded-annotation-v2-shortrefs
C002,K040,judge_b,0,labeled,No travel history or time-zone change recorded in the data.,Non-applicable when travel context is unknown.,Travel context is absent; item requires known short trip across time zones.,qwen3.8-max,175d280354d92874ce4a1ca796378764307393c8fc0baf09a0b823a0d7dc1c1a,blinded-annotation-v2-shortrefs
C002,K041,judge_b,1,labeled,Window steps dropped to ~2335/day from baseline ~8009/day; activity minutes remained ~55.,Requires low or declining movement gives an opportunity to add activity.,"Steps declined substantially, providing contextual connection to adding any movement.",qwen3.8-max,175d280354d92874ce4a1ca796378764307393c8fc0baf09a0b823a0d7dc1c1a,blinded-annotation-v2-shortrefs
C002,K042,judge_b,1,labeled,"Window steps dropped to ~2335/day from baseline ~8009/day, indicating recent inactivity.",Requires recently low or reduced physical activity.,"Steps declined sharply, establishing recently reduced activity that matches the condition.",qwen3.8-max,175d280354d92874ce4a1ca796378764307393c8fc0baf09a0b823a0d7dc1c1a,blinded-annotation-v2-shortrefs
C002,K043,judge_b,0,labeled,Activity intensity is 'unknown' for all recorded intervals.,Non-applicable when only steps or unspecified active minutes are available.,Intensity is unknown; item requires known moderate-intensity aerobic minutes.,qwen3.8-max,175d280354d92874ce4a1ca796378764307393c8fc0baf09a0b823a0d7dc1c1a,blinded-annotation-v2-shortrefs
C002,K044,judge_b,0,labeled,All activity intervals have intensity 'unknown'; no vigorous activity documented.,Non-applicable when intensity is unknown.,Vigorous intensity is not established; item requires known vigorous activity.,qwen3.8-max,175d280354d92874ce4a1ca796378764307393c8fc0baf09a0b823a0d7dc1c1a,blinded-annotation-v2-shortrefs
C002,K045,judge_b,0,labeled,Activity intensity is 'unknown' for all intervals; only ~55 active minutes/day recorded.,Non-applicable when assuming every recorded active minute is moderate intensity.,"Intensity is unknown, preventing application of guideline-based splitting advice.",qwen3.8-max,175d280354d92874ce4a1ca796378764307393c8fc0baf09a0b823a0d7dc1c1a,blinded-annotation-v2-shortrefs
C002,K046,judge_b,0,labeled,Only steps and activity minutes are recorded; no strengthening data exists.,Non-applicable when only step or generic movement counts are available.,Strengthening activity is unrecorded; item explicitly notes steps don't show this.,qwen3.8-max,175d280354d92874ce4a1ca796378764307393c8fc0baf09a0b823a0d7dc1c1a,blinded-annotation-v2-shortrefs
C002,K047,judge_b,0,labeled,Activity intensity is 'unknown'; weekly aerobic totals cannot be verified.,Non-applicable when intensity is unknown or guideline attainment is unverified.,Unknown intensity prevents assessing whether minimum guidelines are reached.,qwen3.8-max,175d280354d92874ce4a1ca796378764307393c8fc0baf09a0b823a0d7dc1c1a,blinded-annotation-v2-shortrefs
C002,K048,judge_b,0,labeled,Activity intensity is 'unknown'; no fitness or perceived effort data recorded.,Non-applicable when inferring intensity from steps alone.,Intensity and fitness are unknown; item requires perceived effort or fitness context.,qwen3.8-max,175d280354d92874ce4a1ca796378764307393c8fc0baf09a0b823a0d7dc1c1a,blinded-annotation-v2-shortrefs
C002,K049,judge_b,0,labeled,Activity intensity is 'unknown'; no breathing or talk-test observations exist.,Non-applicable when effort or aerobic-activity context is unrecorded.,Effort is unrecorded; item requires observed breathing or talk-test during aerobic activity.,qwen3.8-max,175d280354d92874ce4a1ca796378764307393c8fc0baf09a0b823a0d7dc1c1a,blinded-annotation-v2-shortrefs
C002,K050,judge_b,2,labeled,Steps dropped ~71% (8009 to 2335) while activity minutes remained stable (~55).,Requires steps change while other activity may differ.,Directly explains the core observed pattern where steps fell but active minutes did not.,qwen3.8-max,175d280354d92874ce4a1ca796378764307393c8fc0baf09a0b823a0d7dc1c1a,blinded-annotation-v2-shortrefs
C002,K051,judge_b,1,labeled,Window steps dropped from ~8009 to ~2335 daily while activity minutes stayed ~55.,Observable condition is low or declining routine movement.,"Steps declined sharply, supporting contextual connection to restoring routine movement like walking.",qwen3.8-max,175d280354d92874ce4a1ca796378764307393c8fc0baf09a0b823a0d7dc1c1a,blinded-annotation-v2-shortrefs
C002,K052,judge_b,0,labeled,No personal preferences or availability data recorded in the wearable observations.,Non-applicable when prescribing an unsuitable activity without context.,Preferences are unknown; item requires personal context for choosing activities.,qwen3.8-max,175d280354d92874ce4a1ca796378764307393c8fc0baf09a0b823a0d7dc1c1a,blinded-annotation-v2-shortrefs
C002,K053,judge_b,0,labeled,No social preferences or motivational barriers are reported in the data.,Non-applicable with no evidence of a motivational or social barrier.,Social context is unknown; item requires reported motivational barrier.,qwen3.8-max,175d280354d92874ce4a1ca796378764307393c8fc0baf09a0b823a0d7dc1c1a,blinded-annotation-v2-shortrefs
C002,K054,judge_b,0,labeled,"Steps dropped to ~2335, but no time barrier is reported in the data.",Non-applicable when assuming a time barrier from low steps.,Time barrier is not reported; low steps alone do not satisfy the required context.,qwen3.8-max,175d280354d92874ce4a1ca796378764307393c8fc0baf09a0b823a0d7dc1c1a,blinded-annotation-v2-shortrefs
C002,K055,judge_b,0,labeled,No schedule constraints or competing demands are reported in the data.,Non-applicable when schedule reason is unknown.,Schedule context is absent; item requires reported competing demands reducing activity.,qwen3.8-max,175d280354d92874ce4a1ca796378764307393c8fc0baf09a0b823a0d7dc1c1a,blinded-annotation-v2-shortrefs
C002,K056,judge_b,0,labeled,No chronic conditions or special health needs are recorded in the data.,Non-applicable when medical or disability context is unknown.,Health conditions are unknown; item requires established chronic condition context.,qwen3.8-max,175d280354d92874ce4a1ca796378764307393c8fc0baf09a0b823a0d7dc1c1a,blinded-annotation-v2-shortrefs
C002,K057,judge_b,1,labeled,"Daytime low-movement intervals span ~44-46 min each, totaling ~452 min/day across both periods.",Requires long uninterrupted daytime low-movement intervals with adequate wear coverage.,"Long low-movement intervals are present with full 720-min wear, providing contextual connection.",qwen3.8-max,175d280354d92874ce4a1ca796378764307393c8fc0baf09a0b823a0d7dc1c1a,blinded-annotation-v2-shortrefs
C002,K058,judge_b,1,labeled,~55 activity minutes coexist with ~452 low-movement minutes daily in both periods.,Requires recorded activity coexists with substantial low-movement periods.,"Activity and prolonged low movement coexist, directly matching the observable condition.",qwen3.8-max,175d280354d92874ce4a1ca796378764307393c8fc0baf09a0b823a0d7dc1c1a,blinded-annotation-v2-shortrefs
C002,K059,judge_b,1,labeled,"Low movement minutes average 451.4 baseline, 452.6 window, with 720 min daytime wear.",Requires substantial or increasing daily low movement.,"Substantial daily low movement is observed consistently, supporting contextual relevance.",qwen3.8-max,175d280354d92874ce4a1ca796378764307393c8fc0baf09a0b823a0d7dc1c1a,blinded-annotation-v2-shortrefs
C002,K060,judge_b,0,labeled,No commuting or transport data is recorded in the wearable observations.,Non-applicable when commute is unknown.,Commute context is absent; item requires established sedentary commuting.,qwen3.8-max,175d280354d92874ce4a1ca796378764307393c8fc0baf09a0b823a0d7dc1c1a,blinded-annotation-v2-shortrefs
C002,K061,judge_b,0,labeled,No workplace layout or desk work context is recorded in the data.,Non-applicable when work context is unknown.,Work context is absent; item requires established desk work with prolonged sitting.,qwen3.8-max,175d280354d92874ce4a1ca796378764307393c8fc0baf09a0b823a0d7dc1c1a,blinded-annotation-v2-shortrefs
C002,K062,judge_b,0,labeled,No meeting or workplace context is recorded in the wearable observations.,Non-applicable with no workplace or meeting information.,Workplace context is absent; item requires meetings or desk work involving sitting.,qwen3.8-max,175d280354d92874ce4a1ca796378764307393c8fc0baf09a0b823a0d7dc1c1a,blinded-annotation-v2-shortrefs
C002,K063,judge_b,0,labeled,No television viewing or screen habit data is recorded.,Non-applicable when screen habits are unknown.,Screen habits are unrecorded; item requires actual screen-related sitting context.,qwen3.8-max,175d280354d92874ce4a1ca796378764307393c8fc0baf09a0b823a0d7dc1c1a,blinded-annotation-v2-shortrefs
C002,K064,judge_b,0,labeled,No leisure or seated routine context is provided in the wearable data.,Non-applicable with no leisure context.,Leisure habits are unknown; item requires established seated leisure context.,qwen3.8-max,175d280354d92874ce4a1ca796378764307393c8fc0baf09a0b823a0d7dc1c1a,blinded-annotation-v2-shortrefs
C002,K065,judge_b,1,labeled,Activity minutes ~55/day and steps ~2335-8009/day are recorded as movement metrics.,Requires low everyday movement despite possible formal exercise.,Movement data exists; item distinguishes everyday physical activity from formal exercise.,qwen3.8-max,175d280354d92874ce4a1ca796378764307393c8fc0baf09a0b823a0d7dc1c1a,blinded-annotation-v2-shortrefs
C002,K066,judge_b,0,labeled,No workday lunch-break context is recorded in the wearable observations.,Non-applicable with unknown workday or lunch-break context.,Lunch-break context is absent; item requires known workday lunch-break access.,qwen3.8-max,175d280354d92874ce4a1ca796378764307393c8fc0baf09a0b823a0d7dc1c1a,blinded-annotation-v2-shortrefs
C002,K067,judge_b,0,labeled,No stair access or workplace mobility data is recorded.,Non-applicable when mobility limitations or context is unknown.,Stair access is unknown; item requires safe access and ability context.,qwen3.8-max,175d280354d92874ce4a1ca796378764307393c8fc0baf09a0b823a0d7dc1c1a,blinded-annotation-v2-shortrefs
C002,K068,judge_b,1,labeled,"Low-movement intervals are ~44-46 min each, totaling ~452 min/day without posture data.",Requires low-movement intervals are available without posture measurement.,Low-movement data exists without posture; item correctly cautions against equating to sitting.,qwen3.8-max,175d280354d92874ce4a1ca796378764307393c8fc0baf09a0b823a0d7dc1c1a,blinded-annotation-v2-shortrefs
C002,K069,judge_b,1,labeled,Activity minutes ~55/day and sleep ~470 min/night are jointly recorded.,Requires activity and sleep patterns are available for joint review.,Both activity and sleep data exist; item provides general context linking them.,qwen3.8-max,175d280354d92874ce4a1ca796378764307393c8fc0baf09a0b823a0d7dc1c1a,blinded-annotation-v2-shortrefs
C002,K070,judge_b,0,labeled,No outdoor access or exposure data is recorded in the observations.,Non-applicable when inferring outdoor exposure from movement counts.,Outdoor context is unknown; item requires outdoor access for specific planning.,qwen3.8-max,175d280354d92874ce4a1ca796378764307393c8fc0baf09a0b823a0d7dc1c1a,blinded-annotation-v2-shortrefs
C002,K071,judge_b,0,labeled,"Activity intervals occur 21:00-22:00, but intensity is 'unknown' for all.",Non-applicable when assuming every late movement interval is intense exercise.,Late activity exists but intensity is unknown; item explicitly warns against assuming intensity.,qwen3.8-max,175d280354d92874ce4a1ca796378764307393c8fc0baf09a0b823a0d7dc1c1a,blinded-annotation-v2-shortrefs
C002,K072,judge_b,0,labeled,"Activity occurs 21:00-22:00, but no insomnia symptoms are reported.",Non-applicable when only movement and sleep timestamps are known.,Insomnia is not established; item requires reported sleeping difficulties.,qwen3.8-max,175d280354d92874ce4a1ca796378764307393c8fc0baf09a0b823a0d7dc1c1a,blinded-annotation-v2-shortrefs
C002,K073,judge_b,1,labeled,Activity intervals (21:00-22:00) and sleep start times (~22:50) are both recorded.,Requires activity intervals are needed for timing comparisons.,Both activity and sleep timing are available; item supports preserving temporal context.,qwen3.8-max,175d280354d92874ce4a1ca796378764307393c8fc0baf09a0b823a0d7dc1c1a,blinded-annotation-v2-shortrefs
C002,K074,judge_b,0,labeled,No emergency-response deployment context is recorded in the data.,Non-applicable when emergency-response deployment context is unknown.,Deployment context is absent; item specifically targets deployed emergency responders.,qwen3.8-max,175d280354d92874ce4a1ca796378764307393c8fc0baf09a0b823a0d7dc1c1a,blinded-annotation-v2-shortrefs
C002,K075,judge_b,0,labeled,No tiredness reports or subjective energy patterns are recorded.,Non-applicable with no tiredness or energy history.,Energy levels are unrecorded; item requires reported tiredness limiting activity.,qwen3.8-max,175d280354d92874ce4a1ca796378764307393c8fc0baf09a0b823a0d7dc1c1a,blinded-annotation-v2-shortrefs
C002,K076,judge_b,0,labeled,"No substance, alcohol, caffeine, or medication data is recorded.",Non-applicable when assuming unrecorded exposures occurred.,Substance history is absent; item requires recorded substances for causal interpretation.,qwen3.8-max,175d280354d92874ce4a1ca796378764307393c8fc0baf09a0b823a0d7dc1c1a,blinded-annotation-v2-shortrefs
C002,K077,judge_b,1,labeled,RHR is recorded daily (55-57 bpm) alongside sleep and activity metrics.,Requires resting heart rate observations are available.,RHR observations are available; item clarifies the measurement context for interpretation.,qwen3.8-max,175d280354d92874ce4a1ca796378764307393c8fc0baf09a0b823a0d7dc1c1a,blinded-annotation-v2-shortrefs
C002,K078,judge_b,1,labeled,Daily RHR is recorded (55-57 bpm); sleeping heart rate is not separately listed.,Requires a daily resting heart-rate trend is being interpreted.,RHR trend exists; item clarifies distinction between daily resting and sleeping heart rate.,qwen3.8-max,175d280354d92874ce4a1ca796378764307393c8fc0baf09a0b823a0d7dc1c1a,blinded-annotation-v2-shortrefs
C002,K079,judge_b,0,labeled,RHR is stable at 55-57 bpm with mean difference +0.29 between periods.,Requires resting heart rate changes relative to the person's previous readings.,RHR did not meaningfully change; item requires a notable RHR shift to be informative.,qwen3.8-max,175d280354d92874ce4a1ca796378764307393c8fc0baf09a0b823a0d7dc1c1a,blinded-annotation-v2-shortrefs
C002,K080,judge_b,1,labeled,RHR (55-57 bpm) and HRV RMSSD (43-47 ms) are both recorded nightly.,Requires HRV and heart-rate estimates are being interpreted together.,Both metrics are present; item clarifies they measure different physiological quantities.,qwen3.8-max,175d280354d92874ce4a1ca796378764307393c8fc0baf09a0b823a0d7dc1c1a,blinded-annotation-v2-shortrefs
C002,K081,judge_b,1,labeled,HRV RMSSD ranges 43-47 ms across 42 days of observations.,Requires an HRV level or trend is being reviewed.,HRV trend is available; item provides necessary context about individual variation.,qwen3.8-max,175d280354d92874ce4a1ca796378764307393c8fc0baf09a0b823a0d7dc1c1a,blinded-annotation-v2-shortrefs
C002,K082,judge_b,1,labeled,"28-day baseline provides personal ranges for RHR (55-57), HRV (43-47), steps, etc.",Requires a vital has changed from a recent personal baseline with sufficient history.,Baseline establishes personal ranges; window step change can be compared against them.,qwen3.8-max,175d280354d92874ce4a1ca796378764307393c8fc0baf09a0b823a0d7dc1c1a,blinded-annotation-v2-shortrefs
C002,K083,judge_b,1,labeled,"RHR recorded daily over 28-day baseline and 14-day window, range 55-57 bpm.",Requires repeated resting heart-rate readings or a recent change.,"Repeated RHR readings exist across both periods, supporting trend context evaluation.",qwen3.8-max,175d280354d92874ce4a1ca796378764307393c8fc0baf09a0b823a0d7dc1c1a,blinded-annotation-v2-shortrefs
C002,K084,judge_b,1,labeled,HRV RMSSD is 43-47 ms across both periods with no diagnostic context.,Requires an HRV trend is available for wellness monitoring.,HRV data is present for wellness monitoring; item correctly frames it as non-diagnostic.,qwen3.8-max,175d280354d92874ce4a1ca796378764307393c8fc0baf09a0b823a0d7dc1c1a,blinded-annotation-v2-shortrefs
C002,K085,judge_b,1,labeled,HRV is recorded as hrv_rmssd_ms in the wearable metrics definition.,Requires HRV records identify RMSSD as their metric.,Data uses RMSSD for HRV; item confirms the metric definition used in observations.,qwen3.8-max,175d280354d92874ce4a1ca796378764307393c8fc0baf09a0b823a0d7dc1c1a,blinded-annotation-v2-shortrefs
C002,K086,judge_b,1,labeled,Nighttime coverage exceeds 480 min and sleep duration >3 hrs every night.,Requires compatible Fitbit collection definition and sleep coverage.,"Sleep periods exceed 3 hours nightly, satisfying the HRV collection requirement.",qwen3.8-max,175d280354d92874ce4a1ca796378764307393c8fc0baf09a0b823a0d7dc1c1a,blinded-annotation-v2-shortrefs
C002,K087,judge_b,0,labeled,Only sleep duration and timing are available; no sleep-stage data recorded.,Non-applicable when only sleep duration and timing are available.,Sleep stages are not measured; item explicitly requires sleep-stage data.,qwen3.8-max,175d280354d92874ce4a1ca796378764307393c8fc0baf09a0b823a0d7dc1c1a,blinded-annotation-v2-shortrefs
C002,K088,judge_b,0,labeled,No health concerns or symptoms are reported alongside the wearable data.,Non-applicable when declaring an emergency from a relative trend without clinical context.,No health concerns are reported; item is generic background without specific connection.,qwen3.8-max,175d280354d92874ce4a1ca796378764307393c8fc0baf09a0b823a0d7dc1c1a,blinded-annotation-v2-shortrefs
C002,K089,judge_b,0,labeled,"RHR variance is 0.63 baseline, 0.43 window; readings are stable 55-57 bpm.",Requires heart-rate readings may be unreliable or wear quality changes.,RHR is stable with no evidence of fit problems or unreliable readings.,qwen3.8-max,175d280354d92874ce4a1ca796378764307393c8fc0baf09a0b823a0d7dc1c1a,blinded-annotation-v2-shortrefs
C002,K090,judge_b,0,labeled,Nighttime coverage is 482-498 min every night; all overnight vitals are present.,Requires overnight vitals have missing readings or uncertain coverage.,Overnight vitals are fully captured with high coverage; item conditions not met.,qwen3.8-max,175d280354d92874ce4a1ca796378764307393c8fc0baf09a0b823a0d7dc1c1a,blinded-annotation-v2-shortrefs
C002,K091,judge_b,0,labeled,All nightly coverage values exceed 480 min; no vitals are missing.,Requires a vital missing with limited night-time data.,Nighttime coverage is full and no vitals are missing; item conditions not met.,qwen3.8-max,175d280354d92874ce4a1ca796378764307393c8fc0baf09a0b823a0d7dc1c1a,blinded-annotation-v2-shortrefs
C002,K092,judge_b,0,labeled,All vitals are present with zero missing counts across both periods.,Requires vitals are missing or delayed.,No vitals are missing; item conditions regarding data availability are not triggered.,qwen3.8-max,175d280354d92874ce4a1ca796378764307393c8fc0baf09a0b823a0d7dc1c1a,blinded-annotation-v2-shortrefs
C002,K093,judge_b,0,labeled,Device metadata indicates a single synthetic common wearable throughout.,Non-applicable when assuming a device switch in a documented same-device series.,No device switch occurred; item conditions regarding cross-device comparison are not met.,qwen3.8-max,175d280354d92874ce4a1ca796378764307393c8fc0baf09a0b823a0d7dc1c1a,blinded-annotation-v2-shortrefs
C002,K094,judge_b,1,labeled,Sleep duration is estimated (mean ~470 min) within ~490 min nighttime coverage windows.,Requires device-estimated sleep duration and sleep boundaries are available.,Device estimates sleep duration from coverage; item provides relevant measurement context.,qwen3.8-max,175d280354d92874ce4a1ca796378764307393c8fc0baf09a0b823a0d7dc1c1a,blinded-annotation-v2-shortrefs
C002,K095,judge_b,0,labeled,Nighttime coverage is 482-498 min every night; no sleep readings are absent.,Requires sleep readings are absent with non-wear or incomplete night-time coverage.,All nights have full coverage and valid sleep readings; item conditions not triggered.,qwen3.8-max,175d280354d92874ce4a1ca796378764307393c8fc0baf09a0b823a0d7dc1c1a,blinded-annotation-v2-shortrefs
C002,K096,judge_b,2,labeled,Steps dropped from ~8009 to ~2335 while activity minutes stayed ~55 and wear was 720 min.,Requires step readings change with possible measurement limitations.,Core explanation for the step drop despite stable activity minutes and full wear time.,qwen3.8-max,175d280354d92874ce4a1ca796378764307393c8fc0baf09a0b823a0d7dc1c1a,blinded-annotation-v2-shortrefs
C003,K001,judge_b,2,labeled,"Age 18-60; window sleep mean 421.6 min (~7h), Apr 6-12 sleep 357-368 min (<7h).",Requires sleep duration below recommendation for age 18-60; non-applicable for other ages.,"Age matches 18-60; seven nights fall below the 7-hour CDC recommendation, directly triggering this guidance.",qwen3.8-max,5d539dbb4ab69f92df130572838a155956ca17fd53423fe307e2c5a5ed115ac7,blinded-annotation-v2-shortrefs
C003,K002,judge_b,0,labeled,Age band 18-60; not specifically 61-64.,Requires age 61-64 established; non-applicable for other age groups.,Age band includes but is not specific to 61-64; item targets narrower group.,qwen3.8-max,5d539dbb4ab69f92df130572838a155956ca17fd53423fe307e2c5a5ed115ac7,blinded-annotation-v2-shortrefs
C003,K003,judge_b,0,labeled,Age band 18-60; not 65 or older.,Requires age at least 65; non-applicable for age below 65.,"Subject is 18-60, not 65+; item conditions not met.",qwen3.8-max,5d539dbb4ab69f92df130572838a155956ca17fd53423fe307e2c5a5ed115ac7,blinded-annotation-v2-shortrefs
C003,K004,judge_b,0,labeled,Age band 18-60; not teenager 13-17.,Requires teenage age group established; non-applicable for adults.,"Subject is adult, not teenager; item conditions not met.",qwen3.8-max,5d539dbb4ab69f92df130572838a155956ca17fd53423fe307e2c5a5ed115ac7,blinded-annotation-v2-shortrefs
C003,K005,judge_b,1,labeled,Sleep start shifted from ~22:40 to ~00:35; duration dropped ~59 min mean.,Requires repeatedly shortened sleep opportunity; needs schedule constraint to attribute to busyness.,Sleep opportunity clearly shortened; item relevant but schedule constraint causing it is unconfirmed.,qwen3.8-max,5d539dbb4ab69f92df130572838a155956ca17fd53423fe307e2c5a5ed115ac7,blinded-annotation-v2-shortrefs
C003,K006,judge_b,0,labeled,Baseline sleep ~481 min (~8h); not consistently short before window.,Requires consistently short sleep even without new decline; non-applicable if duration sufficient.,"Baseline sleep was adequate (~8h); the short sleep is a new change, not a familiar routine.",qwen3.8-max,5d539dbb4ab69f92df130572838a155956ca17fd53423fe307e2c5a5ed115ac7,blinded-annotation-v2-shortrefs
C003,K007,judge_b,1,labeled,Sleep duration dropped to 357-368 min; no quality indicators like awakenings recorded.,Requires sleep duration recorded but quality unknown; non-applicable claiming duration proves quality.,Duration changed significantly but quality metrics unavailable; item correctly distinguishes duration from quality.,qwen3.8-max,5d539dbb4ab69f92df130572838a155956ca17fd53423fe307e2c5a5ed115ac7,blinded-annotation-v2-shortrefs
C003,K008,judge_b,0,labeled,Only sleep duration and start/end times available; no awakening data recorded.,Requires repeated awakenings documented; non-applicable if only duration/start/end available.,No awakening data in the wearable output; item conditions not met.,qwen3.8-max,5d539dbb4ab69f92df130572838a155956ca17fd53423fe307e2c5a5ed115ac7,blinded-annotation-v2-shortrefs
C003,K009,judge_b,0,labeled,"Baseline sleep ~481 min (~8h), window sleep shorter; no refreshment data recorded.",Requires >8h sleep with reported lack of refreshment; non-applicable without feeling rested info.,Sleep is not >8h in window and no refreshment data exists; conditions not met.,qwen3.8-max,5d539dbb4ab69f92df130572838a155956ca17fd53423fe307e2c5a5ed115ac7,blinded-annotation-v2-shortrefs
C003,K010,judge_b,1,labeled,Sleep duration dropped to 357-368 min for 7 consecutive nights (Apr 6-12).,Requires repeatedly shortened sleep; non-applicable diagnosing impairment from wearable alone.,Repeated short sleep observed; item provides educational context about cognitive effects without diagnosing impairment.,qwen3.8-max,5d539dbb4ab69f92df130572838a155956ca17fd53423fe307e2c5a5ed115ac7,blinded-annotation-v2-shortrefs
C003,K011,judge_b,2,labeled,Sleep dropped from ~481 min baseline to 357-368 min on Apr 6-12 (7 nights).,Requires several nights of reduced sleep duration; non-applicable without repeated restriction.,Seven consecutive nights of significantly shortened sleep directly match the item's condition for cumulative effects.,qwen3.8-max,5d539dbb4ab69f92df130572838a155956ca17fd53423fe307e2c5a5ed115ac7,blinded-annotation-v2-shortrefs
C003,K012,judge_b,0,labeled,Sleep deficiency present (7 short nights); no infection or immune data recorded.,Requires ongoing insufficient sleep; non-applicable inferring infection from sleep/HR changes.,Sleep deficiency exists but item's immune connection cannot be verified from wearable data alone.,qwen3.8-max,5d539dbb4ab69f92df130572838a155956ca17fd53423fe307e2c5a5ed115ac7,blinded-annotation-v2-shortrefs
C003,K013,judge_b,0,labeled,No food intake or appetite data recorded.,Requires food intake/appetite info for individual claims; non-applicable diagnosing metabolic disorder from wearables.,No appetite data available; cannot link sleep changes to appetite regulation individually.,qwen3.8-max,5d539dbb4ab69f92df130572838a155956ca17fd53423fe307e2c5a5ed115ac7,blinded-annotation-v2-shortrefs
C003,K014,judge_b,0,labeled,No sleepiness reports or driving context recorded.,Requires reported sleepiness and driving plans; non-applicable if unknown.,No sleepiness or driving data available; item conditions not met.,qwen3.8-max,5d539dbb4ab69f92df130572838a155956ca17fd53423fe307e2c5a5ed115ac7,blinded-annotation-v2-shortrefs
C003,K015,judge_b,1,labeled,Baseline sleep ~481 min (~8h); window sleep ~422 min (~7h) then ~363 min (~6h).,Requires adult sleep duration being reviewed; needs individual experience to assess adequacy.,Sleep duration varies significantly; item provides context that needs vary individually beyond fixed targets.,qwen3.8-max,5d539dbb4ab69f92df130572838a155956ca17fd53423fe307e2c5a5ed115ac7,blinded-annotation-v2-shortrefs
C003,K016,judge_b,0,labeled,14-day window only; no reported sleeping difficulties or months-long history.,Requires months-long difficulties or failed habit changes; non-applicable with brief record without reported problems.,Insufficient duration and no reported symptoms to warrant professional review per this item.,qwen3.8-max,5d539dbb4ab69f92df130572838a155956ca17fd53423fe307e2c5a5ed115ac7,blinded-annotation-v2-shortrefs
C003,K017,judge_b,2,labeled,Sleep start shifted from ~22:40 (baseline) to ~00:35 (window Apr 6-12); variance increased dramatically.,Requires repeated variability in bedtime or wake time; non-applicable if schedule is stable.,"Sleep start time changed significantly and persistently in the window, directly matching the item's consistency concern.",qwen3.8-max,5d539dbb4ab69f92df130572838a155956ca17fd53423fe307e2c5a5ed115ac7,blinded-annotation-v2-shortrefs
C003,K018,judge_b,0,labeled,Wake time constant at 07:00 throughout; no reported sleeping difficulties.,Requires inconsistent wake time with reported sleeping difficulties; non-applicable without insomnia symptoms.,"Wake time is perfectly consistent; item targets inconsistent wakers with insomnia, not applicable here.",qwen3.8-max,5d539dbb4ab69f92df130572838a155956ca17fd53423fe307e2c5a5ed115ac7,blinded-annotation-v2-shortrefs
C003,K019,judge_b,0,labeled,Sleep end constant at 07:00; sleep start shifted but no workday/weekend distinction confirmed.,Requires substantial weekday/weekend bedtime difference; non-applicable if times similar or calendar grouping unconfirmed.,"Wake time is identical daily; sleep start shift affects all days equally, not just weekends.",qwen3.8-max,5d539dbb4ab69f92df130572838a155956ca17fd53423fe307e2c5a5ed115ac7,blinded-annotation-v2-shortrefs
C003,K020,judge_b,0,labeled,Sleep start times recorded but no pre-bed activity data available.,Requires information about pre-bed activities; non-applicable assuming missing routine from timestamps.,Bedtime timestamps exist but no activity content during that hour is recorded.,qwen3.8-max,5d539dbb4ab69f92df130572838a155956ca17fd53423fe307e2c5a5ed115ac7,blinded-annotation-v2-shortrefs
C003,K021,judge_b,0,labeled,No screen or light exposure data recorded before bed.,Requires known bright-screen exposure before bed; non-applicable if exposure unknown.,No screen data available; item conditions not met.,qwen3.8-max,5d539dbb4ab69f92df130572838a155956ca17fd53423fe307e2c5a5ed115ac7,blinded-annotation-v2-shortrefs
C003,K022,judge_b,0,labeled,No caffeine intake data recorded.,Requires known afternoon/evening caffeine use; non-applicable without caffeine history.,No caffeine data available to evaluate its potential effect on sleep timing.,qwen3.8-max,5d539dbb4ab69f92df130572838a155956ca17fd53423fe307e2c5a5ed115ac7,blinded-annotation-v2-shortrefs
C003,K023,judge_b,0,labeled,No meal timing or size data recorded.,Requires known large meal before bed; non-applicable if meal info unknown.,No dietary data available to evaluate meal timing relative to sleep.,qwen3.8-max,5d539dbb4ab69f92df130572838a155956ca17fd53423fe307e2c5a5ed115ac7,blinded-annotation-v2-shortrefs
C003,K024,judge_b,0,labeled,No alcohol intake data recorded.,Requires alcohol use near bedtime; non-applicable if exposure unknown.,Alcohol history absent; cannot link sleep changes to alcohol.,qwen3.8-max,5d539dbb4ab69f92df130572838a155956ca17fd53423fe307e2c5a5ed115ac7,blinded-annotation-v2-shortrefs
C003,K025,judge_b,0,labeled,No nicotine use data recorded.,Requires nicotine exposure; non-applicable if unknown.,No nicotine history available to link to sleep changes.,qwen3.8-max,5d539dbb4ab69f92df130572838a155956ca17fd53423fe307e2c5a5ed115ac7,blinded-annotation-v2-shortrefs
C003,K026,judge_b,0,labeled,"No bedroom environment data (light, noise, temperature) recorded.",Requires known disruptive bedroom environment; non-applicable if environment unknown.,No environmental data available; item conditions not met.,qwen3.8-max,5d539dbb4ab69f92df130572838a155956ca17fd53423fe307e2c5a5ed115ac7,blinded-annotation-v2-shortrefs
C003,K027,judge_b,0,labeled,No relaxation difficulty or pre-bed routine request data recorded.,Requires reported difficulty relaxing or request for routine options; non-applicable inferring stress from signals.,No relaxation data available; item conditions not met.,qwen3.8-max,5d539dbb4ab69f92df130572838a155956ca17fd53423fe307e2c5a5ed115ac7,blinded-annotation-v2-shortrefs
C003,K028,judge_b,0,labeled,No nap data recorded in wearable observations.,Requires adult naps recorded or reported; non-applicable if nap history unknown.,No nap data available; item conditions not met.,qwen3.8-max,5d539dbb4ab69f92df130572838a155956ca17fd53423fe307e2c5a5ed115ac7,blinded-annotation-v2-shortrefs
C003,K029,judge_b,0,labeled,No shift work schedule data recorded; sleep timing changed but cause unknown.,Requires confirmed shift-work schedule; non-applicable if shift work unknown.,Shift work not established; item conditions not met.,qwen3.8-max,5d539dbb4ab69f92df130572838a155956ca17fd53423fe307e2c5a5ed115ac7,blinded-annotation-v2-shortrefs
C003,K030,judge_b,0,labeled,No shift work confirmed; sleep start shifted late but no work schedule data.,Requires established shift work; non-applicable without confirmed shift work.,Shift work is not established in the data; item conditions not met.,qwen3.8-max,5d539dbb4ab69f92df130572838a155956ca17fd53423fe307e2c5a5ed115ac7,blinded-annotation-v2-shortrefs
C003,K031,judge_b,0,labeled,No shift work or caffeine timing data recorded.,Requires shift worker using caffeine; non-applicable if shift work/caffeine unknown.,No shift work or caffeine data available; item conditions not met.,qwen3.8-max,5d539dbb4ab69f92df130572838a155956ca17fd53423fe307e2c5a5ed115ac7,blinded-annotation-v2-shortrefs
C003,K032,judge_b,0,labeled,"No shift work confirmed; sleep occurs overnight (ending 07:00), not daytime.",Requires daytime sleep associated with shift work; non-applicable if only overnight sleep recorded.,"Sleep is overnight, not daytime; no shift work confirmed. Conditions not met.",qwen3.8-max,5d539dbb4ab69f92df130572838a155956ca17fd53423fe307e2c5a5ed115ac7,blinded-annotation-v2-shortrefs
C003,K033,judge_b,0,labeled,Sleep timing changed but no awakenings or naps recorded in data.,Requires changed/variable sleep pattern needing review; non-applicable inventing unrecorded awakenings/naps.,"Sleep pattern changed but diary elements (awakenings, naps) are not captured by this device.",qwen3.8-max,5d539dbb4ab69f92df130572838a155956ca17fd53423fe307e2c5a5ed115ac7,blinded-annotation-v2-shortrefs
C003,K034,judge_b,2,labeled,Sleep dropped to 357-368 min for 7 consecutive nights (Apr 6-12) from ~481 min baseline.,Requires several shortened nights rather than single isolated reading; non-applicable claiming fixed recovery.,Seven consecutive short nights directly demonstrate accumulated sleep loss matching the item's core condition.,qwen3.8-max,5d539dbb4ab69f92df130572838a155956ca17fd53423fe307e2c5a5ed115ac7,blinded-annotation-v2-shortrefs
C003,K035,judge_b,0,labeled,Baseline weekend sleep mean 484.6 min vs weekday 479.4 min; no workday confirmation.,Requires longer sleep on days off and actual workday identification.,Slightly longer weekend sleep observed but workdays unconfirmed; insufficient to apply.,qwen3.8-max,5d539dbb4ab69f92df130572838a155956ca17fd53423fe307e2c5a5ed115ac7,blinded-annotation-v2-shortrefs
C003,K036,judge_b,0,labeled,No nap data recorded in wearable observations.,Requires recorded naps after shortened sleep; non-applicable without nap info.,Naps are not tracked in the provided data; item cannot be applied.,qwen3.8-max,5d539dbb4ab69f92df130572838a155956ca17fd53423fe307e2c5a5ed115ac7,blinded-annotation-v2-shortrefs
C003,K037,judge_b,0,labeled,Sleep duration dropped sharply Apr 6-12; no reported insomnia symptoms.,Requires recent bad night and reported sleeping difficulties; non-applicable with only device estimate.,Device shows short sleep but no subjective insomnia report; conditions not fully met.,qwen3.8-max,5d539dbb4ab69f92df130572838a155956ca17fd53423fe307e2c5a5ed115ac7,blinded-annotation-v2-shortrefs
C003,K038,judge_b,0,labeled,14-day window with 7 short sleep nights; no symptom history or reported difficulties.,Requires reported sleeping difficulties with known duration; non-applicable diagnosing from estimated hours.,No symptom history available; cannot categorize insomnia duration from device data alone.,qwen3.8-max,5d539dbb4ab69f92df130572838a155956ca17fd53423fe307e2c5a5ed115ac7,blinded-annotation-v2-shortrefs
C003,K039,judge_b,0,labeled,No travel history recorded; sleep start shifted ~2h later from Apr 6.,Requires confirmed travel across time zones; non-applicable without travel history.,Sleep timing changed but no travel data exists to attribute it to jet lag.,qwen3.8-max,5d539dbb4ab69f92df130572838a155956ca17fd53423fe307e2c5a5ed115ac7,blinded-annotation-v2-shortrefs
C003,K040,judge_b,0,labeled,No travel or trip data recorded.,Requires short trip across time zones planned; non-applicable if travel context unknown.,No travel context available; item conditions not met.,qwen3.8-max,5d539dbb4ab69f92df130572838a155956ca17fd53423fe307e2c5a5ed115ac7,blinded-annotation-v2-shortrefs
C003,K041,judge_b,0,labeled,Activity ~55 min/day stable; no low or declining movement opportunity.,Requires low or declining movement; non-applicable equating steps with guideline compliance.,Movement is stable and adequate; item targeting low movement opportunities is not applicable.,qwen3.8-max,5d539dbb4ab69f92df130572838a155956ca17fd53423fe307e2c5a5ed115ac7,blinded-annotation-v2-shortrefs
C003,K042,judge_b,0,labeled,"Activity duration stable (~55 min baseline, ~54 min window); no recent inactivity.",Requires recently low or reduced physical activity; non-applicable prescribing intense program from data alone.,Activity has not been reduced; item conditions not met.,qwen3.8-max,5d539dbb4ab69f92df130572838a155956ca17fd53423fe307e2c5a5ed115ac7,blinded-annotation-v2-shortrefs
C003,K043,judge_b,0,labeled,Activity intensity unknown; only steps and unspecified active minutes available.,Requires known activity intensity; non-applicable if only steps/unspecified minutes available.,Intensity is unknown; cannot assess moderate-intensity guideline compliance.,qwen3.8-max,5d539dbb4ab69f92df130572838a155956ca17fd53423fe307e2c5a5ed115ac7,blinded-annotation-v2-shortrefs
C003,K044,judge_b,0,labeled,All activity intervals have intensity 'unknown'; no vigorous activity documented.,Requires documented vigorous aerobic activity; non-applicable if intensity unknown.,Intensity is unknown for all recorded activity; cannot apply vigorous targets.,qwen3.8-max,5d539dbb4ab69f92df130572838a155956ca17fd53423fe307e2c5a5ed115ac7,blinded-annotation-v2-shortrefs
C003,K045,judge_b,0,labeled,Activity duration stable (~55 min); no reduced activity or limited session opportunities.,Requires reduced activity or limited opportunities for long sessions; non-applicable assuming moderate intensity.,Activity levels are stable; item about splitting reduced activity is not applicable.,qwen3.8-max,5d539dbb4ab69f92df130572838a155956ca17fd53423fe307e2c5a5ed115ac7,blinded-annotation-v2-shortrefs
C003,K046,judge_b,0,labeled,"Steps ~7976 baseline, ~7979 window; activity intensity unknown.",Requires strengthening routine review; non-applicable if only step counts available.,Only steps and unknown-intensity activity available; no strengthening records to evaluate.,qwen3.8-max,5d539dbb4ab69f92df130572838a155956ca17fd53423fe307e2c5a5ed115ac7,blinded-annotation-v2-shortrefs
C003,K047,judge_b,0,labeled,Activity intensity unknown; cannot verify guideline attainment.,Requires documented aerobic activity reaching guideline; non-applicable with unknown intensity.,Cannot determine if guidelines are met due to unknown intensity; item conditions not met.,qwen3.8-max,5d539dbb4ab69f92df130572838a155956ca17fd53423fe307e2c5a5ed115ac7,blinded-annotation-v2-shortrefs
C003,K048,judge_b,0,labeled,Activity intensity unknown; no fitness or perceived effort data recorded.,Requires activity intensity needing interpretation; non-applicable inferring intensity from steps alone.,Cannot assign intensity without fitness context; item conditions partially met but not actionable.,qwen3.8-max,5d539dbb4ab69f92df130572838a155956ca17fd53423fe307e2c5a5ed115ac7,blinded-annotation-v2-shortrefs
C003,K049,judge_b,0,labeled,All activity intervals have intensity 'unknown'; no talk-test or effort data.,Requires effort during aerobic activity being assessed; non-applicable if effort unrecorded.,Intensity is unknown throughout; cannot apply talk test without effort observations.,qwen3.8-max,5d539dbb4ab69f92df130572838a155956ca17fd53423fe307e2c5a5ed115ac7,blinded-annotation-v2-shortrefs
C003,K050,judge_b,1,labeled,Steps stable; all activity intervals have intensity 'unknown'.,Requires steps changing while other activity may differ; non-applicable concluding intensity from steps alone.,Activity intensity is unknown throughout; item correctly notes steps don't capture non-step exercise intensity.,qwen3.8-max,5d539dbb4ab69f92df130572838a155956ca17fd53423fe307e2c5a5ed115ac7,blinded-annotation-v2-shortrefs
C003,K051,judge_b,0,labeled,"Steps stable (~7976 baseline, ~7979 window); no declining routine movement.",Requires low or declining routine movement; non-applicable assuming everyone can walk/cycle.,Movement has not declined; item conditions not met.,qwen3.8-max,5d539dbb4ab69f92df130572838a155956ca17fd53423fe307e2c5a5ed115ac7,blinded-annotation-v2-shortrefs
C003,K052,judge_b,0,labeled,Activity duration stable; no personal preference data recorded.,Requires low or difficult-to-maintain activity habit and personal preferences.,Activity levels are stable; no preference context available.,qwen3.8-max,5d539dbb4ab69f92df130572838a155956ca17fd53423fe307e2c5a5ed115ac7,blinded-annotation-v2-shortrefs
C003,K053,judge_b,0,labeled,No social preference or motivational barrier data recorded.,Requires person wanting support; non-applicable without motivational barrier evidence.,No evidence of social or motivational barriers in the data.,qwen3.8-max,5d539dbb4ab69f92df130572838a155956ca17fd53423fe307e2c5a5ed115ac7,blinded-annotation-v2-shortrefs
C003,K054,judge_b,0,labeled,Activity duration stable (~55 min); no reported time barrier.,Requires low activity with reported time barrier; non-applicable assuming from low steps.,Activity is not low and no time barrier is reported; conditions not met.,qwen3.8-max,5d539dbb4ab69f92df130572838a155956ca17fd53423fe307e2c5a5ed115ac7,blinded-annotation-v2-shortrefs
C003,K055,judge_b,0,labeled,No schedule constraint or competing demand data recorded.,Requires reported competing demands reducing activity; non-applicable if unknown.,No evidence of schedule barriers; item conditions not met.,qwen3.8-max,5d539dbb4ab69f92df130572838a155956ca17fd53423fe307e2c5a5ed115ac7,blinded-annotation-v2-shortrefs
C003,K056,judge_b,0,labeled,No chronic condition or disability data recorded.,Requires established chronic condition or special need; non-applicable if unknown.,No medical context available; item conditions not met.,qwen3.8-max,5d539dbb4ab69f92df130572838a155956ca17fd53423fe307e2c5a5ed115ac7,blinded-annotation-v2-shortrefs
C003,K057,judge_b,1,labeled,"Low movement intervals ~45 min each, 10 per day, totaling ~450 min daily.",Requires long uninterrupted daytime low-movement intervals with adequate wear coverage.,"Data shows repeated ~45 min low-movement blocks; item advises interrupting such periods, directly relevant.",qwen3.8-max,5d539dbb4ab69f92df130572838a155956ca17fd53423fe307e2c5a5ed115ac7,blinded-annotation-v2-shortrefs
C003,K058,judge_b,1,labeled,Activity ~55 min/day coexists with ~450 min/day low movement throughout both periods.,Requires recorded activity coexisting with substantial low-movement periods.,Daily activity and prolonged low movement coexist; item correctly notes exercise doesn't eliminate sedentary concerns.,qwen3.8-max,5d539dbb4ab69f92df130572838a155956ca17fd53423fe307e2c5a5ed115ac7,blinded-annotation-v2-shortrefs
C003,K059,judge_b,1,labeled,Low movement ~450 min/day consistently across both baseline and window periods.,Requires substantial daily low movement; non-applicable if non-wear recorded as no movement.,Substantial daily low movement observed with full wear coverage; item about reducing sitting time is relevant.,qwen3.8-max,5d539dbb4ab69f92df130572838a155956ca17fd53423fe307e2c5a5ed115ac7,blinded-annotation-v2-shortrefs
C003,K060,judge_b,0,labeled,No commuting or transport data recorded.,Requires sedentary commuting established; non-applicable if commute unknown.,No commute data available; item conditions not met.,qwen3.8-max,5d539dbb4ab69f92df130572838a155956ca17fd53423fe307e2c5a5ed115ac7,blinded-annotation-v2-shortrefs
C003,K061,judge_b,0,labeled,No workplace layout or desk work context recorded.,Requires desk work with prolonged sitting; non-applicable if work context unknown.,No work context available; item conditions not met.,qwen3.8-max,5d539dbb4ab69f92df130572838a155956ca17fd53423fe307e2c5a5ed115ac7,blinded-annotation-v2-shortrefs
C003,K062,judge_b,0,labeled,No workplace or meeting context in wearable data.,Requires workplace and mobility context; non-applicable without meeting information.,No workplace or meeting data provided; item conditions not met.,qwen3.8-max,5d539dbb4ab69f92df130572838a155956ca17fd53423fe307e2c5a5ed115ac7,blinded-annotation-v2-shortrefs
C003,K063,judge_b,0,labeled,No television viewing or screen habit data recorded.,Requires prolonged sitting while watching TV; non-applicable if screen habits unknown.,No screen time data available; item conditions not met.,qwen3.8-max,5d539dbb4ab69f92df130572838a155956ca17fd53423fe307e2c5a5ed115ac7,blinded-annotation-v2-shortrefs
C003,K064,judge_b,0,labeled,No leisure context or seated leisure data recorded.,Requires substantial habitual seated leisure; non-applicable without leisure context.,No leisure activity data available; item conditions not met.,qwen3.8-max,5d539dbb4ab69f92df130572838a155956ca17fd53423fe307e2c5a5ed115ac7,blinded-annotation-v2-shortrefs
C003,K065,judge_b,1,labeled,Activity duration ~55 min/day with intensity unknown; steps ~7976/day.,Requires low everyday movement despite possible formal exercise; non-applicable counting unworn as inactivity.,Unknown intensity activity and steps present; item clarifies everyday movement differs from formal exercise.,qwen3.8-max,5d539dbb4ab69f92df130572838a155956ca17fd53423fe307e2c5a5ed115ac7,blinded-annotation-v2-shortrefs
C003,K066,judge_b,0,labeled,No workday lunch-break context recorded.,Requires daytime low movement with known lunch-break context; non-applicable if unknown.,No lunch break data available; item conditions not met.,qwen3.8-max,5d539dbb4ab69f92df130572838a155956ca17fd53423fe307e2c5a5ed115ac7,blinded-annotation-v2-shortrefs
C003,K067,judge_b,0,labeled,No stair access or mobility context recorded.,Requires stair access and safe mobility; non-applicable if context unknown.,No environmental context available to apply stair-use advice.,qwen3.8-max,5d539dbb4ab69f92df130572838a155956ca17fd53423fe307e2c5a5ed115ac7,blinded-annotation-v2-shortrefs
C003,K068,judge_b,1,labeled,Low movement ~450 min/day consistently; no posture measurement available.,Requires low-movement intervals without posture; non-applicable treating as confirmed sitting.,Low movement is high but posture unknown; item correctly warns against equating low movement with sitting.,qwen3.8-max,5d539dbb4ab69f92df130572838a155956ca17fd53423fe307e2c5a5ed115ac7,blinded-annotation-v2-shortrefs
C003,K069,judge_b,0,labeled,Activity stable while sleep dropped sharply; no causal pairing evident.,Requires activity and sleep patterns for joint review; non-applicable declaring causal effect from few observations.,Activity didn't change when sleep did; item's general benefit claim doesn't explain the observed pattern.,qwen3.8-max,5d539dbb4ab69f92df130572838a155956ca17fd53423fe307e2c5a5ed115ac7,blinded-annotation-v2-shortrefs
C003,K070,judge_b,0,labeled,"Activity duration stable (~55 min baseline, ~54 min window); no outdoor data.",Requires low daytime activity with changed sleep routine; non-applicable inferring outdoors from steps.,Daytime activity did not decline; no outdoor exposure data available.,qwen3.8-max,5d539dbb4ab69f92df130572838a155956ca17fd53423fe307e2c5a5ed115ac7,blinded-annotation-v2-shortrefs
C003,K071,judge_b,0,labeled,Activity at 21:00 daily with unknown intensity; sleep start shifted to ~00:35 in window.,Requires activity close to bedtime with known intensity; non-applicable assuming late movement is intense.,Activity intensity is unknown; cannot determine if late activity qualifies as intense exercise before bed.,qwen3.8-max,5d539dbb4ab69f92df130572838a155956ca17fd53423fe307e2c5a5ed115ac7,blinded-annotation-v2-shortrefs
C003,K072,judge_b,0,labeled,"Activity at 21:00 daily; no reported insomnia symptoms, only device timestamps.",Requires exercise near bedtime with reported insomnia symptoms; non-applicable with only timestamps.,Late activity exists but no insomnia symptoms reported; item requires subjective symptoms.,qwen3.8-max,5d539dbb4ab69f92df130572838a155956ca17fd53423fe307e2c5a5ed115ac7,blinded-annotation-v2-shortrefs
C003,K073,judge_b,1,labeled,Activity intervals at 21:00 daily; sleep start times recorded for temporal comparison.,Requires activity timing and subsequent sleep being compared; non-applicable treating same-date activity as prior night exposure.,Both activity and sleep timing available; item supports recording exercise timing alongside sleep for proper analysis.,qwen3.8-max,5d539dbb4ab69f92df130572838a155956ca17fd53423fe307e2c5a5ed115ac7,blinded-annotation-v2-shortrefs
C003,K074,judge_b,0,labeled,No emergency responder deployment context recorded.,Requires confirmed emergency-response deployment; non-applicable if context unknown.,No deployment context available; item conditions not met.,qwen3.8-max,5d539dbb4ab69f92df130572838a155956ca17fd53423fe307e2c5a5ed115ac7,blinded-annotation-v2-shortrefs
C003,K075,judge_b,0,labeled,No subjective tiredness or energy pattern data recorded.,Requires reported tiredness limiting activity; non-applicable without tiredness history.,No tiredness data available; item conditions not met.,qwen3.8-max,5d539dbb4ab69f92df130572838a155956ca17fd53423fe307e2c5a5ed115ac7,blinded-annotation-v2-shortrefs
C003,K076,judge_b,0,labeled,No substance or medication data recorded alongside sleep and activity.,Requires substance/medication history for causal interpretation; non-applicable assuming unrecorded exposures.,No substance data available; item conditions for contextual interpretation not met.,qwen3.8-max,5d539dbb4ab69f92df130572838a155956ca17fd53423fe307e2c5a5ed115ac7,blinded-annotation-v2-shortrefs
C003,K077,judge_b,1,labeled,"RHR recorded daily (55-57 bpm) as resting estimate, not exercise HR.",Requires resting heart rate observations available; non-applicable substituting exercise HR.,RHR data present and correctly identified as resting; item clarifies distinction from exercise heart rate.,qwen3.8-max,5d539dbb4ab69f92df130572838a155956ca17fd53423fe307e2c5a5ed115ac7,blinded-annotation-v2-shortrefs
C003,K078,judge_b,1,labeled,RHR reported as resting_heart_rate_bpm (55-57 bpm); distinct from sleeping HR.,Requires daily RHR trend being interpreted; non-applicable mixing sleeping and resting HR series.,RHR data present; item clarifies distinction between resting and sleeping heart rate for proper interpretation.,qwen3.8-max,5d539dbb4ab69f92df130572838a155956ca17fd53423fe307e2c5a5ed115ac7,blinded-annotation-v2-shortrefs
C003,K079,judge_b,1,labeled,RHR stable at 55-57 bpm across both periods; no exposure data recorded.,Requires RHR changes relative to previous readings; non-applicable inferring cause from rise alone.,"RHR is stable, but item provides relevant context about multiple factors influencing RHR interpretation.",qwen3.8-max,5d539dbb4ab69f92df130572838a155956ca17fd53423fe307e2c5a5ed115ac7,blinded-annotation-v2-shortrefs
C003,K080,judge_b,1,labeled,Both RHR (55-57 bpm) and HRV RMSSD (43-47 ms) reported for same periods.,Requires HRV and heart-rate estimates interpreted together; non-applicable treating HRV as average HR.,Both metrics present; item correctly distinguishes HRV from heart rate for proper interpretation.,qwen3.8-max,5d539dbb4ab69f92df130572838a155956ca17fd53423fe307e2c5a5ed115ac7,blinded-annotation-v2-shortrefs
C003,K081,judge_b,1,labeled,"HRV RMSSD baseline mean 45.3ms, window mean 44.2ms; slight decrease.",Requires HRV level or trend being reviewed; needs personal history context.,HRV slightly decreased; item provides relevant context that HRV varies individually and depends on multiple factors.,qwen3.8-max,5d539dbb4ab69f92df130572838a155956ca17fd53423fe307e2c5a5ed115ac7,blinded-annotation-v2-shortrefs
C003,K082,judge_b,1,labeled,28-day baseline available for all vitals; window shows sleep duration drop vs baseline.,Requires vital changed from recent personal baseline with sufficient same-metric history.,Sleep duration changed significantly from 28-day baseline; item supports using personal range for context.,qwen3.8-max,5d539dbb4ab69f92df130572838a155956ca17fd53423fe307e2c5a5ed115ac7,blinded-annotation-v2-shortrefs
C003,K083,judge_b,1,labeled,"RHR stable: baseline mean 56.1 bpm, window mean 56.2 bpm over 14 days.",Requires repeated RHR readings; non-applicable concluding trend from one reading.,Multiple RHR readings show stability; item supports reviewing trends over time rather than single values.,qwen3.8-max,5d539dbb4ab69f92df130572838a155956ca17fd53423fe307e2c5a5ed115ac7,blinded-annotation-v2-shortrefs
C003,K084,judge_b,1,labeled,HRV RMSSD decreased slightly (45.3 to 44.2 ms); wellness monitoring context.,Requires HRV trend for wellness monitoring; non-applicable for diagnosing disease.,"HRV change observed; item correctly frames HRV as wellness observation, not diagnostic tool.",qwen3.8-max,5d539dbb4ab69f92df130572838a155956ca17fd53423fe307e2c5a5ed115ac7,blinded-annotation-v2-shortrefs
C003,K085,judge_b,2,labeled,HRV reported as hrv_rmssd_ms; metadata confirms RMSSD definition.,Requires HRV records identifying RMSSD; metric formula established.,"Data explicitly uses RMSSD for HRV, matching the item's metric definition requirement.",qwen3.8-max,5d539dbb4ab69f92df130572838a155956ca17fd53423fe307e2c5a5ed115ac7,blinded-annotation-v2-shortrefs
C003,K086,judge_b,1,labeled,Nighttime coverage dropped to 377-388 min (Apr 6-12) from ~500 min baseline; HRV still recorded.,Requires overnight HRV estimates being compared; needs compatible collection definition and sleep coverage.,Coverage decreased but remained above 3h threshold; item explains HRV collection requirements relevant to comparison.,qwen3.8-max,5d539dbb4ab69f92df130572838a155956ca17fd53423fe307e2c5a5ed115ac7,blinded-annotation-v2-shortrefs
C003,K087,judge_b,0,labeled,Only sleep duration and timing available; no sleep-stage data recorded.,Requires sleep-stage measurements; non-applicable if only duration/timing available.,No sleep stage data in the wearable output; item conditions not met.,qwen3.8-max,5d539dbb4ab69f92df130572838a155956ca17fd53423fe307e2c5a5ed115ac7,blinded-annotation-v2-shortrefs
C003,K088,judge_b,0,labeled,No reported health concerns or symptoms in the data.,Requires reported health concerns about vital trend; non-applicable declaring emergency without clinical context.,No health concerns reported; item conditions not met.,qwen3.8-max,5d539dbb4ab69f92df130572838a155956ca17fd53423fe307e2c5a5ed115ac7,blinded-annotation-v2-shortrefs
C003,K089,judge_b,0,labeled,RHR stable (55-57 bpm); no wear quality issues or fit changes indicated.,Requires unreliable HR readings or wear quality changes; non-applicable assuming fit problems without evidence.,HR readings appear stable and reliable; no evidence of sensor fit issues.,qwen3.8-max,5d539dbb4ab69f92df130572838a155956ca17fd53423fe307e2c5a5ed115ac7,blinded-annotation-v2-shortrefs
C003,K090,judge_b,1,labeled,Nighttime coverage 377-508 min; all above 180 min validity threshold.,Requires overnight vitals with uncertain coverage; non-applicable using daytime as proof of overnight validity.,Nighttime coverage is documented separately; item supports the validity framework used for overnight metrics.,qwen3.8-max,5d539dbb4ab69f92df130572838a155956ca17fd53423fe307e2c5a5ed115ac7,blinded-annotation-v2-shortrefs
C003,K091,judge_b,1,labeled,Nighttime coverage 377-388 min (Apr 6-12) vs ~500 min baseline; all above 180 min threshold.,Requires vital missing with limited night-time data; non-applicable interpreting missing as zero.,Coverage decreased but stayed above minimum; item explains why short sessions could cause missing vitals.,qwen3.8-max,5d539dbb4ab69f92df130572838a155956ca17fd53423fe307e2c5a5ed115ac7,blinded-annotation-v2-shortrefs
C003,K092,judge_b,0,labeled,All vitals present every day; no missing data in either period.,Requires missing or delayed vitals; non-applicable treating unsupported metrics as zeros.,No vitals are missing; item about data availability issues is not applicable.,qwen3.8-max,5d539dbb4ab69f92df130572838a155956ca17fd53423fe307e2c5a5ed115ac7,blinded-annotation-v2-shortrefs
C003,K093,judge_b,0,labeled,Single synthetic device used throughout; no device switch recorded.,Requires device or algorithm change; non-applicable assuming switch in same-device series.,No device change occurred; item conditions not met.,qwen3.8-max,5d539dbb4ab69f92df130572838a155956ca17fd53423fe307e2c5a5ed115ac7,blinded-annotation-v2-shortrefs
C003,K094,judge_b,1,labeled,Sleep duration estimated from device; sleep start/end boundaries recorded.,Requires device-estimated sleep duration and boundaries available; non-applicable treating as clinical study.,Device estimates sleep duration from boundaries; item clarifies estimated asleep time differs from period in bed.,qwen3.8-max,5d539dbb4ab69f92df130572838a155956ca17fd53423fe307e2c5a5ed115ac7,blinded-annotation-v2-shortrefs
C003,K095,judge_b,1,labeled,"Nighttime coverage 377-508 min; all nights have valid sleep records, no missing nights.",Requires sleep readings absent with non-wear; non-applicable treating non-wear as zero sleep.,"All nights have coverage >180 min and valid sleep; item reinforces that missing data would mean missing, not zero.",qwen3.8-max,5d539dbb4ab69f92df130572838a155956ca17fd53423fe307e2c5a5ed115ac7,blinded-annotation-v2-shortrefs
C003,K096,judge_b,1,labeled,"Steps stable (baseline mean 7976, window mean 7979); device is synthetic wearable.",Requires step readings changing with possible measurement limitations.,"Steps are stable, but item provides relevant context about how steps are measured by this device type.",qwen3.8-max,5d539dbb4ab69f92df130572838a155956ca17fd53423fe307e2c5a5ed115ac7,blinded-annotation-v2-shortrefs
C004,K001,judge_b,2,labeled,"Age band 18-60; sleep duration mean 470.5 min (7.84h) baseline, 468.5 min (7.81h) window; all nights >7h.",Age band compatible with 18-60; sleep duration below recommendation observable.,Core reference for evaluating observed sleep durations against age-appropriate CDC recommendation; subject meets criteria and consistently exceeds 7h minimum.,qwen3.8-max,4b855f69cd864d0dba099e6ad46222d245878fd5c1b76a00791050e027797d16,blinded-annotation-v2-shortrefs
C004,K002,judge_b,0,labeled,"Age band is 18-60, not 61-64.",Requires age 61-64; non-applicable for other age groups.,Subject age band 18-60 contradicts the 61-64 requirement of this item.,qwen3.8-max,4b855f69cd864d0dba099e6ad46222d245878fd5c1b76a00791050e027797d16,blinded-annotation-v2-shortrefs
C004,K003,judge_b,0,labeled,"Age band is 18-60, not 65+.",Age at least 65 required; non-applicable for age below 65.,Subject age band 18-60 contradicts the 65+ requirement of this item.,qwen3.8-max,4b855f69cd864d0dba099e6ad46222d245878fd5c1b76a00791050e027797d16,blinded-annotation-v2-shortrefs
C004,K004,judge_b,0,labeled,"Age band is 18-60, not 13-17.",Teenage age group required; non-applicable for adults.,Subject is adult (18-60); item explicitly non-applicable for this population.,qwen3.8-max,4b855f69cd864d0dba099e6ad46222d245878fd5c1b76a00791050e027797d16,blinded-annotation-v2-shortrefs
C004,K005,judge_b,0,labeled,Sleep mean ~7.8h; no schedule constraint data in wearable observations.,Schedule constraint needed to attribute shortage to busyness; no evidence of insufficient sleep non-applicable.,Sleep duration meets recommendations; no busyness evidence; item conditions not met.,qwen3.8-max,4b855f69cd864d0dba099e6ad46222d245878fd5c1b76a00791050e027797d16,blinded-annotation-v2-shortrefs
C004,K006,judge_b,0,labeled,"Sleep mean 470.5 min (~7.8h) baseline, 468.5 min (~7.8h) window; meets 7h recommendation.",Non-applicable when sleep duration is sufficient for applicable age group.,Sleep duration consistently meets CDC 7h+ recommendation for 18-60; item's concern condition not triggered.,qwen3.8-max,4b855f69cd864d0dba099e6ad46222d245878fd5c1b76a00791050e027797d16,blinded-annotation-v2-shortrefs
C004,K007,judge_b,1,labeled,"Sleep duration 462-478 min recorded; no awakenings, onset difficulty, or refreshment data.","Sleep-onset difficulty, awakenings, or subjective refreshment required to establish quality concern.",Duration is recorded but quality metrics absent; contextually relevant for noting duration alone doesn't establish quality.,qwen3.8-max,4b855f69cd864d0dba099e6ad46222d245878fd5c1b76a00791050e027797d16,blinded-annotation-v2-shortrefs
C004,K008,judge_b,0,labeled,Only sleep duration and start/end timestamps recorded; no awakening data.,Awakening history or measured sleep continuity required; non-applicable with only duration/timing.,No awakening data available in wearable; item conditions explicitly not met.,qwen3.8-max,4b855f69cd864d0dba099e6ad46222d245878fd5c1b76a00791050e027797d16,blinded-annotation-v2-shortrefs
C004,K009,judge_b,0,labeled,Sleep duration 462-478 min (7.7-8.0h); no subjective refreshment data.,Subjective lack of refreshment required; non-applicable without feeling-rested information.,No refreshment data available; sleep is under 8h most nights; item conditions not met.,qwen3.8-max,4b855f69cd864d0dba099e6ad46222d245878fd5c1b76a00791050e027797d16,blinded-annotation-v2-shortrefs
C004,K010,judge_b,0,labeled,Sleep duration 462-478 min nightly; no cognitive performance data.,Symptoms needed to claim actual cognitive impairment; diagnosing from wearable alone is non-applicable.,No cognitive symptoms documented; sleep durations are near-recommended levels; item conditions not met.,qwen3.8-max,4b855f69cd864d0dba099e6ad46222d245878fd5c1b76a00791050e027797d16,blinded-annotation-v2-shortrefs
C004,K011,judge_b,0,labeled,Sleep mean 470.5 min (~7.8h); no repeated sleep restriction pattern observed.,Actual performance or symptoms needed; non-applicable without repeated sleep restriction.,Sleep consistently meets 7h+ recommendation; no repeated restriction observed; item conditions not met.,qwen3.8-max,4b855f69cd864d0dba099e6ad46222d245878fd5c1b76a00791050e027797d16,blinded-annotation-v2-shortrefs
C004,K012,judge_b,0,labeled,"Sleep mean 470.5 min baseline, 468.5 min window; no infection or immune markers.",Inferring infection from sleep or heart-rate changes is non-applicable.,Sleep durations are adequate (~7.8h); no immune/infection data; item conditions not met.,qwen3.8-max,4b855f69cd864d0dba099e6ad46222d245878fd5c1b76a00791050e027797d16,blinded-annotation-v2-shortrefs
C004,K013,judge_b,0,labeled,Sleep mean ~7.8h; no food intake or appetite data in wearable observations.,Food intake or appetite information required for individual claims; diagnosing metabolic disorder non-applicable.,No appetite/dietary data; sleep is adequate; item conditions not met.,qwen3.8-max,4b855f69cd864d0dba099e6ad46222d245878fd5c1b76a00791050e027797d16,blinded-annotation-v2-shortrefs
C004,K014,judge_b,0,labeled,No sleepiness reports or driving context in wearable data.,Sleepiness and driving plans required; non-applicable when unknown.,No driving or subjective sleepiness data; item conditions not met.,qwen3.8-max,4b855f69cd864d0dba099e6ad46222d245878fd5c1b76a00791050e027797d16,blinded-annotation-v2-shortrefs
C004,K015,judge_b,1,labeled,Sleep mean 470.5 min (~7.8h); individual sleep experience not recorded.,Individual sleep experience required to assess adequacy; using one target as diagnostic non-applicable.,Provides context that observed ~7.8h sleep may be adequate or not depending on individual needs; supportive background.,qwen3.8-max,4b855f69cd864d0dba099e6ad46222d245878fd5c1b76a00791050e027797d16,blinded-annotation-v2-shortrefs
C004,K016,judge_b,0,labeled,14-day window data only; no reported sleeping difficulties or months-long history.,Months-long difficulties or failed habit changes required; brief record without problems is non-applicable.,No insomnia symptoms reported; 14-day window insufficient for item's conditions.,qwen3.8-max,4b855f69cd864d0dba099e6ad46222d245878fd5c1b76a00791050e027797d16,blinded-annotation-v2-shortrefs
C004,K017,judge_b,1,labeled,Sleep start varies between 22:42 and 22:58 across all 42 days; sleep end fixed at 07:00 daily.,Repeated variability in bedtime observable; stable schedule alone does not establish problem.,Bedtime varies ~16 min nightly while wake time is perfectly consistent; provides contextual support for evaluating schedule regularity.,qwen3.8-max,4b855f69cd864d0dba099e6ad46222d245878fd5c1b76a00791050e027797d16,blinded-annotation-v2-shortrefs
C004,K018,judge_b,0,labeled,Wake time perfectly consistent at 07:00 daily; no insomnia symptoms reported.,Reported sleeping difficulties required; no evidence of insomnia symptoms non-applicable.,Wake time is already maximally consistent; no insomnia reported; item conditions not met.,qwen3.8-max,4b855f69cd864d0dba099e6ad46222d245878fd5c1b76a00791050e027797d16,blinded-annotation-v2-shortrefs
C004,K019,judge_b,1,labeled,"Sleep start mean weekday 649.4 vs weekend 649.875 min from noon; difference <1 min baseline, ~0.7 min window.",Weekday and weekend sleep times are similar makes item non-applicable as a concern.,"Data show weekday/weekend sleep times are already similar (<1h difference), so item's concern condition is not met but contextually relevant to schedule consistency.",qwen3.8-max,4b855f69cd864d0dba099e6ad46222d245878fd5c1b76a00791050e027797d16,blinded-annotation-v2-shortrefs
C004,K020,judge_b,0,labeled,Activity intervals occur 21:00-~22:00; sleep starts ~22:42-22:58; pre-bed activities unknown.,Information about pre-bed activities required; assuming routine from timestamps alone is non-applicable.,Cannot determine pre-bed quiet time from timestamps alone; item conditions not met.,qwen3.8-max,4b855f69cd864d0dba099e6ad46222d245878fd5c1b76a00791050e027797d16,blinded-annotation-v2-shortrefs
C004,K021,judge_b,0,labeled,No screen or light exposure data in wearable observations.,Screen or light exposure information required; non-applicable when exposure unknown.,No screen/light data available; item conditions not met.,qwen3.8-max,4b855f69cd864d0dba099e6ad46222d245878fd5c1b76a00791050e027797d16,blinded-annotation-v2-shortrefs
C004,K022,judge_b,0,labeled,No caffeine intake timing or amount in wearable data.,Caffeine timing and intake required; non-applicable with no caffeine history.,No caffeine data available; item conditions not met.,qwen3.8-max,4b855f69cd864d0dba099e6ad46222d245878fd5c1b76a00791050e027797d16,blinded-annotation-v2-shortrefs
C004,K023,judge_b,0,labeled,No meal timing or size data in wearable observations.,Meal timing and size required; non-applicable when meal information unknown.,No dietary data available; item conditions not met.,qwen3.8-max,4b855f69cd864d0dba099e6ad46222d245878fd5c1b76a00791050e027797d16,blinded-annotation-v2-shortrefs
C004,K024,judge_b,0,labeled,No alcohol intake data in wearable observations.,Alcohol intake and timing required; non-applicable when alcohol exposure unknown.,No alcohol data available; item conditions not met.,qwen3.8-max,4b855f69cd864d0dba099e6ad46222d245878fd5c1b76a00791050e027797d16,blinded-annotation-v2-shortrefs
C004,K025,judge_b,0,labeled,No nicotine use information in wearable data.,Nicotine exposure required; non-applicable when nicotine use unknown.,Nicotine status unknown; item conditions cannot be evaluated against observations.,qwen3.8-max,4b855f69cd864d0dba099e6ad46222d245878fd5c1b76a00791050e027797d16,blinded-annotation-v2-shortrefs
C004,K026,judge_b,0,labeled,No bedroom environment data in wearable observations.,"Bedroom light, noise, or temperature required; non-applicable when environment unknown.",No environmental data available; item conditions not met.,qwen3.8-max,4b855f69cd864d0dba099e6ad46222d245878fd5c1b76a00791050e027797d16,blinded-annotation-v2-shortrefs
C004,K027,judge_b,0,labeled,No relaxation routine or pre-bed difficulty data in wearable observations.,Reported difficulty relaxing or request for options required; inferring stress from signals non-applicable.,No relaxation/difficulty data available; item conditions not met.,qwen3.8-max,4b855f69cd864d0dba099e6ad46222d245878fd5c1b76a00791050e027797d16,blinded-annotation-v2-shortrefs
C004,K028,judge_b,0,labeled,No nap data recorded in wearable observations.,Nap duration or night-time sleep-onset difficulty required; non-applicable when nap history unknown.,No nap information available; item conditions not met.,qwen3.8-max,4b855f69cd864d0dba099e6ad46222d245878fd5c1b76a00791050e027797d16,blinded-annotation-v2-shortrefs
C004,K029,judge_b,0,labeled,No shift work information in wearable data; sleep timing relatively stable.,Confirmed shift-work schedule required; variable times alone don't prove shift work.,No shift work data; sleep timing is actually quite consistent; item conditions not met.,qwen3.8-max,4b855f69cd864d0dba099e6ad46222d245878fd5c1b76a00791050e027797d16,blinded-annotation-v2-shortrefs
C004,K030,judge_b,0,labeled,No shift work information in wearable data.,Work schedule and lighting context required; non-applicable without confirmed shift work.,No shift work data; item conditions not met.,qwen3.8-max,4b855f69cd864d0dba099e6ad46222d245878fd5c1b76a00791050e027797d16,blinded-annotation-v2-shortrefs
C004,K031,judge_b,0,labeled,No shift work or caffeine data in wearable observations.,Shift schedule and caffeine intake required; non-applicable when unknown.,No shift work or caffeine data available; item conditions not met.,qwen3.8-max,4b855f69cd864d0dba099e6ad46222d245878fd5c1b76a00791050e027797d16,blinded-annotation-v2-shortrefs
C004,K032,judge_b,0,labeled,All sleep occurs overnight (22:42-07:00); no shift work or daytime sleep.,Shift work and sleep environment required; non-applicable with only ordinary overnight sleep.,No daytime sleep or shift work observed; item conditions not met.,qwen3.8-max,4b855f69cd864d0dba099e6ad46222d245878fd5c1b76a00791050e027797d16,blinded-annotation-v2-shortrefs
C004,K033,judge_b,0,labeled,Sleep start varies 22:42-22:58; no awakenings or naps recorded in wearable data.,Awakenings and naps need separate records if absent from device data.,Wearable lacks awakening/nap records required by item; generic diary advice without direct connection.,qwen3.8-max,4b855f69cd864d0dba099e6ad46222d245878fd5c1b76a00791050e027797d16,blinded-annotation-v2-shortrefs
C004,K034,judge_b,0,labeled,Sleep duration stable around 468-471 min mean; no pattern of progressive shortening.,Several shortened nights rather than single reading required; claiming fixed recovery is non-applicable.,"Sleep is consistently near 7.8h, above 7h recommendation; no accumulated sleep loss pattern observed.",qwen3.8-max,4b855f69cd864d0dba099e6ad46222d245878fd5c1b76a00791050e027797d16,blinded-annotation-v2-shortrefs
C004,K035,judge_b,0,labeled,Weekend sleep mean 468.0 min vs weekday 468.7 min in window; no workday/off distinction confirmed.,Actual workdays and days off required; assuming every weekend is day off non-applicable.,Sleep duration nearly identical weekday/weekend; no workday confirmation; item conditions not met.,qwen3.8-max,4b855f69cd864d0dba099e6ad46222d245878fd5c1b76a00791050e027797d16,blinded-annotation-v2-shortrefs
C004,K036,judge_b,0,labeled,No nap data recorded in wearable observations.,Recorded naps required; non-applicable with no nap information.,No nap information available; item conditions not met.,qwen3.8-max,4b855f69cd864d0dba099e6ad46222d245878fd5c1b76a00791050e027797d16,blinded-annotation-v2-shortrefs
C004,K037,judge_b,0,labeled,No reported bad nights or insomnia symptoms; sleep duration stable 462-478 min.,Reported bad sleep or insomnia symptoms required; device estimate alone non-applicable.,No insomnia symptoms documented; item conditions not met.,qwen3.8-max,4b855f69cd864d0dba099e6ad46222d245878fd5c1b76a00791050e027797d16,blinded-annotation-v2-shortrefs
C004,K038,judge_b,0,labeled,14-day window data; no reported sleeping difficulties or symptom history.,Symptom history and onset required; diagnosing from estimated hours non-applicable.,No insomnia symptoms reported; 14-day data insufficient for duration categorization; item conditions not met.,qwen3.8-max,4b855f69cd864d0dba099e6ad46222d245878fd5c1b76a00791050e027797d16,blinded-annotation-v2-shortrefs
C004,K039,judge_b,0,labeled,No travel history or flight data in wearable observations.,"Confirmed travel, destination time zone, trip duration required; non-applicable without travel history.",No travel data available; item conditions not met.,qwen3.8-max,4b855f69cd864d0dba099e6ad46222d245878fd5c1b76a00791050e027797d16,blinded-annotation-v2-shortrefs
C004,K040,judge_b,0,labeled,No travel or trip data in wearable observations.,Trip duration and time-zone change required; non-applicable when travel context unknown.,No travel data available; item conditions not met.,qwen3.8-max,4b855f69cd864d0dba099e6ad46222d245878fd5c1b76a00791050e027797d16,blinded-annotation-v2-shortrefs
C004,K041,judge_b,0,labeled,Activity intensity unknown; steps 7600-8400 daily.,Intensity information needed to count recommended aerobic minutes; equating steps with compliance non-applicable.,Cannot assess guideline compliance without intensity data; item conditions not met.,qwen3.8-max,4b855f69cd864d0dba099e6ad46222d245878fd5c1b76a00791050e027797d16,blinded-annotation-v2-shortrefs
C004,K042,judge_b,0,labeled,Activity stable ~53 min/day window; no recent inactivity pattern observed.,Health and mobility context required; prescribing from wearable alone non-applicable.,No inactivity pattern to address; item conditions not met by observations.,qwen3.8-max,4b855f69cd864d0dba099e6ad46222d245878fd5c1b76a00791050e027797d16,blinded-annotation-v2-shortrefs
C004,K043,judge_b,0,labeled,Activity intensity unknown for all recorded intervals; only steps and duration available.,Known activity intensity required; non-applicable when only unspecified active minutes available.,Cannot verify moderate-intensity requirement from unknown intensity data; item conditions not met.,qwen3.8-max,4b855f69cd864d0dba099e6ad46222d245878fd5c1b76a00791050e027797d16,blinded-annotation-v2-shortrefs
C004,K044,judge_b,0,labeled,All activity intervals have intensity labeled 'unknown'.,Known vigorous intensity required; non-applicable when intensity unknown.,Activity intensity is unknown throughout; cannot apply vigorous activity guidance.,qwen3.8-max,4b855f69cd864d0dba099e6ad46222d245878fd5c1b76a00791050e027797d16,blinded-annotation-v2-shortrefs
C004,K045,judge_b,0,labeled,Activity intensity unknown; single vs split sessions not distinguishable from data.,Intensity required for counting guideline minutes; assuming every active minute is moderate non-applicable.,Cannot determine intensity or session structure; item conditions not met.,qwen3.8-max,4b855f69cd864d0dba099e6ad46222d245878fd5c1b76a00791050e027797d16,blinded-annotation-v2-shortrefs
C004,K046,judge_b,0,labeled,Activity intensity is unknown for all intervals; only steps and activity minutes recorded.,Requires strengthening activity records including days and muscle groups.,No muscle-strengthening data available; item conditions not met by wearable observations.,qwen3.8-max,4b855f69cd864d0dba099e6ad46222d245878fd5c1b76a00791050e027797d16,blinded-annotation-v2-shortrefs
C004,K047,judge_b,0,labeled,Activity intensity unknown; cannot verify guideline attainment.,Known intensity and weekly duration required; non-applicable with unknown intensity.,Cannot assess if minimum guidelines are met without intensity data; item conditions not met.,qwen3.8-max,4b855f69cd864d0dba099e6ad46222d245878fd5c1b76a00791050e027797d16,blinded-annotation-v2-shortrefs
C004,K048,judge_b,0,labeled,All activity intensities labeled 'unknown'; no fitness level data.,Fitness or perceived effort required; inferring intensity from steps alone is non-applicable.,Intensity unknown throughout; cannot assign relative intensity from step counts alone.,qwen3.8-max,4b855f69cd864d0dba099e6ad46222d245878fd5c1b76a00791050e027797d16,blinded-annotation-v2-shortrefs
C004,K049,judge_b,0,labeled,All activity intensities labeled 'unknown'; no breathing or talk-test observations.,Aerobic activity and breathing/talk-test observation required; non-applicable when effort unrecorded.,No intensity or effort data available; item conditions not met.,qwen3.8-max,4b855f69cd864d0dba099e6ad46222d245878fd5c1b76a00791050e027797d16,blinded-annotation-v2-shortrefs
C004,K050,judge_b,1,labeled,Steps 7614-8417 window; activity 50-58 min; intensity unknown for all intervals.,Activity type required for interpreting non-step exercise; concluding from steps alone non-applicable.,Contextually relevant for noting steps may not capture all activity types; supports cautious interpretation of step data.,qwen3.8-max,4b855f69cd864d0dba099e6ad46222d245878fd5c1b76a00791050e027797d16,blinded-annotation-v2-shortrefs
C004,K051,judge_b,0,labeled,"Steps range 7602-8420 baseline, 7614-8417 window; no declining trend (slope +0.82/day window).",Low or declining routine movement required for observation.,Steps are stable/slightly increasing; no decline observed to trigger this item's relevance.,qwen3.8-max,4b855f69cd864d0dba099e6ad46222d245878fd5c1b76a00791050e027797d16,blinded-annotation-v2-shortrefs
C004,K052,judge_b,0,labeled,No personal preferences or availability data in wearable observations.,Personal preferences and availability required; prescribing unsuitable activity non-applicable.,No preference data available; item conditions not met.,qwen3.8-max,4b855f69cd864d0dba099e6ad46222d245878fd5c1b76a00791050e027797d16,blinded-annotation-v2-shortrefs
C004,K053,judge_b,0,labeled,No social preference or motivational barrier data in wearable observations.,Social preferences or reported motivational barrier required; non-applicable without evidence.,No social/motivational data available; item conditions not met.,qwen3.8-max,4b855f69cd864d0dba099e6ad46222d245878fd5c1b76a00791050e027797d16,blinded-annotation-v2-shortrefs
C004,K054,judge_b,0,labeled,No reported time barrier; activity stable ~53 min/day.,Actual daily schedule and time barrier required; assuming from low steps non-applicable.,No time barrier reported; activity levels are stable; item conditions not met.,qwen3.8-max,4b855f69cd864d0dba099e6ad46222d245878fd5c1b76a00791050e027797d16,blinded-annotation-v2-shortrefs
C004,K055,judge_b,0,labeled,No schedule constraint or competing demand information in wearable data.,Schedule reason unknown makes item non-applicable.,No schedule data; item conditions not met by observations.,qwen3.8-max,4b855f69cd864d0dba099e6ad46222d245878fd5c1b76a00791050e027797d16,blinded-annotation-v2-shortrefs
C004,K056,judge_b,0,labeled,No chronic health condition or disability information in wearable data.,Relevant health condition required; non-applicable when medical context unknown.,No health condition data available; item conditions not met.,qwen3.8-max,4b855f69cd864d0dba099e6ad46222d245878fd5c1b76a00791050e027797d16,blinded-annotation-v2-shortrefs
C004,K057,judge_b,1,labeled,"Low movement intervals ~44-46 min each, 10 per day, totaling ~440-460 min daily during daytime wear.",Long uninterrupted daytime low-movement intervals with adequate wear coverage observable.,Data show repeated ~45-min low-movement blocks with 5-min gaps; contextually relevant to sedentary interruption guidance though posture unconfirmed.,qwen3.8-max,4b855f69cd864d0dba099e6ad46222d245878fd5c1b76a00791050e027797d16,blinded-annotation-v2-shortrefs
C004,K058,judge_b,0,labeled,"Activity 50-60 min/day; low movement ~440-460 min/day; intensity unknown, sitting unconfirmed.",Sitting posture and known intensity required; assuming low-movement proves sitting non-applicable.,Cannot confirm sitting from low-movement data per rules; activity intensity unknown; item conditions not met.,qwen3.8-max,4b855f69cd864d0dba099e6ad46222d245878fd5c1b76a00791050e027797d16,blinded-annotation-v2-shortrefs
C004,K059,judge_b,0,labeled,Low movement ~440-460 min/day; device low movement is not confirmed sitting per instructions.,Confirmed sitting required for sedentary conclusion; non-wear as no movement non-applicable.,Low movement minutes cannot be equated to confirmed sitting per annotation rules; item conditions not fully met.,qwen3.8-max,4b855f69cd864d0dba099e6ad46222d245878fd5c1b76a00791050e027797d16,blinded-annotation-v2-shortrefs
C004,K060,judge_b,0,labeled,No commuting or transport information in wearable data.,Commute unknown makes item non-applicable.,No commute data available; item conditions not met.,qwen3.8-max,4b855f69cd864d0dba099e6ad46222d245878fd5c1b76a00791050e027797d16,blinded-annotation-v2-shortrefs
C004,K061,judge_b,0,labeled,No workplace layout or desk work context in wearable data.,Workplace layout and ability to walk required; non-applicable when work context unknown.,No work context available; item conditions not met.,qwen3.8-max,4b855f69cd864d0dba099e6ad46222d245878fd5c1b76a00791050e027797d16,blinded-annotation-v2-shortrefs
C004,K062,judge_b,0,labeled,No workplace or meeting information in wearable data.,Workplace and mobility context required; non-applicable without it.,No work context available; item conditions not met.,qwen3.8-max,4b855f69cd864d0dba099e6ad46222d245878fd5c1b76a00791050e027797d16,blinded-annotation-v2-shortrefs
C004,K063,judge_b,0,labeled,No television viewing or screen habits in wearable data.,Television-viewing context required; non-applicable when screen habits unknown.,No screen/TV data available; item conditions not met.,qwen3.8-max,4b855f69cd864d0dba099e6ad46222d245878fd5c1b76a00791050e027797d16,blinded-annotation-v2-shortrefs
C004,K064,judge_b,0,labeled,No leisure routine or seated context in wearable data.,"Routine, preferences, and mobility required; non-applicable without leisure context.",No leisure data available; item conditions not met.,qwen3.8-max,4b855f69cd864d0dba099e6ad46222d245878fd5c1b76a00791050e027797d16,blinded-annotation-v2-shortrefs
C004,K065,judge_b,1,labeled,Daily activity 50-60 min plus 7600-8400 steps; formal exercise type unknown.,Everyday movement can be considered separately from planned exercise sessions.,Contextually relevant for distinguishing recorded steps/activity from formal exercise; supports interpreting total movement data.,qwen3.8-max,4b855f69cd864d0dba099e6ad46222d245878fd5c1b76a00791050e027797d16,blinded-annotation-v2-shortrefs
C004,K066,judge_b,0,labeled,No workday lunch-break context in wearable data.,Workday lunch-break access and mobility required; non-applicable when unknown.,No work schedule data available; item conditions not met.,qwen3.8-max,4b855f69cd864d0dba099e6ad46222d245878fd5c1b76a00791050e027797d16,blinded-annotation-v2-shortrefs
C004,K067,judge_b,0,labeled,No stair access or workplace context in wearable data.,Stair access and safe mobility required; non-applicable when context unknown.,No environmental context available; item conditions not met.,qwen3.8-max,4b855f69cd864d0dba099e6ad46222d245878fd5c1b76a00791050e027797d16,blinded-annotation-v2-shortrefs
C004,K068,judge_b,1,labeled,Low movement ~440-460 min/day in ~45-min blocks; no posture measurement available.,Posture and waking context required to establish sitting; treating sleep/non-wear as sedentary non-applicable.,Directly supports rule that device low movement is not confirmed sitting; contextually important for interpreting low_movement_minutes.,qwen3.8-max,4b855f69cd864d0dba099e6ad46222d245878fd5c1b76a00791050e027797d16,blinded-annotation-v2-shortrefs
C004,K069,judge_b,0,labeled,"Activity ~53 min/day, sleep ~468 min/day; paired correlation r=-0.25 window.",Declaring causal effect from few paired observations is non-applicable.,General benefit statement; cannot establish causation from observed co-occurrence per annotation rules.,qwen3.8-max,4b855f69cd864d0dba099e6ad46222d245878fd5c1b76a00791050e027797d16,blinded-annotation-v2-shortrefs
C004,K070,judge_b,0,labeled,Daytime activity ~50-60 min daily; no outdoor exposure data.,Outdoor access and mobility required; inferring outdoor exposure from movement counts is non-applicable.,Cannot determine outdoor time from wearable data; item conditions not met.,qwen3.8-max,4b855f69cd864d0dba099e6ad46222d245878fd5c1b76a00791050e027797d16,blinded-annotation-v2-shortrefs
C004,K071,judge_b,1,labeled,Activity intervals 21:00-~22:00 daily; sleep starts 22:42-22:58; ~42-58 min gap before sleep.,Intensity and actual timing relative to bedtime required; assuming late movement is intense non-applicable.,"Late activity occurs within hour before sleep onset, but intensity is unknown; contextually relevant but cannot apply intense-exercise advice directly.",qwen3.8-max,4b855f69cd864d0dba099e6ad46222d245878fd5c1b76a00791050e027797d16,blinded-annotation-v2-shortrefs
C004,K072,judge_b,0,labeled,Activity occurs 21:00-~22:00; sleep starts ~22:42-22:58; no insomnia symptoms reported.,Exercise and insomnia symptom history required; non-applicable with only timestamps.,No insomnia symptoms documented; item conditions not met despite late activity timing.,qwen3.8-max,4b855f69cd864d0dba099e6ad46222d245878fd5c1b76a00791050e027797d16,blinded-annotation-v2-shortrefs
C004,K073,judge_b,1,labeled,Activity intervals 21:00-~22:00 daily; sleep starts 22:42-22:58; temporal relationship observable.,Activity intervals needed for timing comparisons; treating same-date activity as prior-night exposure non-applicable.,Supports correct temporal alignment: evening activity on day t precedes sleep waking on t+1 per annotation rules.,qwen3.8-max,4b855f69cd864d0dba099e6ad46222d245878fd5c1b76a00791050e027797d16,blinded-annotation-v2-shortrefs
C004,K074,judge_b,0,labeled,No emergency responder deployment context in wearable data.,Confirmed emergency-response deployment required; non-applicable when context unknown.,No deployment data; item specific to emergency responders; conditions not met.,qwen3.8-max,4b855f69cd864d0dba099e6ad46222d245878fd5c1b76a00791050e027797d16,blinded-annotation-v2-shortrefs
C004,K075,judge_b,0,labeled,No subjective energy or tiredness data in wearable observations.,Subjective energy pattern required; non-applicable without tiredness or energy history.,No energy/tiredness data available; item conditions not met.,qwen3.8-max,4b855f69cd864d0dba099e6ad46222d245878fd5c1b76a00791050e027797d16,blinded-annotation-v2-shortrefs
C004,K076,judge_b,0,labeled,No substance or medication history in wearable data.,Substance and medication history required for causal interpretation.,No substance/medication data available; item conditions not met.,qwen3.8-max,4b855f69cd864d0dba099e6ad46222d245878fd5c1b76a00791050e027797d16,blinded-annotation-v2-shortrefs
C004,K077,judge_b,2,labeled,RHR recorded as 55-57 bpm daily; metadata defines nocturnal RHR measurement.,Resting heart rate observations available; no additional required context.,Core explanation of what the observed RHR metric represents; directly informative for interpreting stable 55-57 bpm readings.,qwen3.8-max,4b855f69cd864d0dba099e6ad46222d245878fd5c1b76a00791050e027797d16,blinded-annotation-v2-shortrefs
C004,K078,judge_b,1,labeled,RHR 55-57 bpm recorded as daily metric; metadata notes nocturnal RHR measurement.,Heart-rate measure and collection context must be known; mixing series is non-applicable.,Contextually relevant for correctly interpreting the reported RHR values given metadata specifies nocturnal RHR.,qwen3.8-max,4b855f69cd864d0dba099e6ad46222d245878fd5c1b76a00791050e027797d16,blinded-annotation-v2-shortrefs
C004,K079,judge_b,1,labeled,RHR stable 55-57 bpm; no exposure or symptom data to attribute any variation.,Exposure or symptom information required to attribute cause; inferring from rise alone non-applicable.,"RHR shows no meaningful change; item provides context that even if RHR varied, multiple factors could explain it.",qwen3.8-max,4b855f69cd864d0dba099e6ad46222d245878fd5c1b76a00791050e027797d16,blinded-annotation-v2-shortrefs
C004,K080,judge_b,2,labeled,HRV RMSSD dropped from baseline mean 44.5ms to window values as low as 22ms (Apr 3); RHR stable 55-57bpm.,HRV and heart-rate estimates being interpreted together; no required context beyond observability.,Directly explains that HRV (RMSSD) and RHR are distinct metrics; core to interpreting the observed HRV drop with stable RHR.,qwen3.8-max,4b855f69cd864d0dba099e6ad46222d245878fd5c1b76a00791050e027797d16,blinded-annotation-v2-shortrefs
C004,K081,judge_b,2,labeled,"HRV RMSSD dropped from baseline mean 44.5ms to 22-28ms Apr 3-6, then recovered to 43-47ms Apr 7-12.",Personal history and consistent measurement context required; universal diagnosis from HRV non-applicable.,"Core explanation for interpreting the transient HRV drop: HRV is personal and context-dependent, not a universal diagnostic value.",qwen3.8-max,4b855f69cd864d0dba099e6ad46222d245878fd5c1b76a00791050e027797d16,blinded-annotation-v2-shortrefs
C004,K082,judge_b,2,labeled,28-day baseline HRV mean 44.5ms; window shows transient drop to 22ms then return to 43-47ms.,Sufficient same-metric personal history required; single isolated reading without history non-applicable.,Core framework for interpreting the HRV change: 28-day baseline provides personal range context for the transient window deviation.,qwen3.8-max,4b855f69cd864d0dba099e6ad46222d245878fd5c1b76a00791050e027797d16,blinded-annotation-v2-shortrefs
C004,K083,judge_b,1,labeled,"RHR stable 55-57 bpm across 42 days; variance 0.77 baseline, 0.71 window.",Repeated resting heart-rate readings available; concluding persistent trend from one reading non-applicable.,Contextually supports reviewing the stable multi-day RHR trend rather than isolated values; 42 days of data available.,qwen3.8-max,4b855f69cd864d0dba099e6ad46222d245878fd5c1b76a00791050e027797d16,blinded-annotation-v2-shortrefs
C004,K084,judge_b,2,labeled,HRV RMSSD transiently dropped to 22ms Apr 3 then recovered to 43-47ms by Apr 7-12.,HRV trend available for wellness monitoring; diagnosing disease from HRV non-applicable.,"Core principle for interpreting the observed transient HRV drop: it is a wellness observation, not a diagnostic indicator of disease.",qwen3.8-max,4b855f69cd864d0dba099e6ad46222d245878fd5c1b76a00791050e027797d16,blinded-annotation-v2-shortrefs
C004,K085,judge_b,2,labeled,"HRV recorded as hrv_rmssd_ms; baseline mean 44.5ms, window includes 22-47ms range.",Metric formula established; comparisons with unidentified HRV metric non-applicable.,Core explanation that observed HRV values use RMSSD formula; essential for correctly interpreting the specific metric recorded.,qwen3.8-max,4b855f69cd864d0dba099e6ad46222d245878fd5c1b76a00791050e027797d16,blinded-annotation-v2-shortrefs
C004,K086,judge_b,1,labeled,Nighttime coverage 482-498 min (>3h) all nights; HRV RMSSD present but variable in window.,Compatible Fitbit collection definition and sleep coverage required.,"Device is synthetic, not confirmed Fitbit; however, sleep coverage exceeds 3h threshold supporting HRV collection validity contextually.",qwen3.8-max,4b855f69cd864d0dba099e6ad46222d245878fd5c1b76a00791050e027797d16,blinded-annotation-v2-shortrefs
C004,K087,judge_b,0,labeled,Only sleep duration and timing recorded; no sleep-stage data in observations.,Sleep-stage measurements required; non-applicable when only duration and timing available.,No sleep stage data present; item conditions explicitly not met per non-applicable criteria.,qwen3.8-max,4b855f69cd864d0dba099e6ad46222d245878fd5c1b76a00791050e027797d16,blinded-annotation-v2-shortrefs
C004,K088,judge_b,0,labeled,No reported health concerns or symptoms in wearable data.,Reported health concerns or symptoms required; declaring emergency from trend non-applicable.,No health concerns documented; item conditions not met.,qwen3.8-max,4b855f69cd864d0dba099e6ad46222d245878fd5c1b76a00791050e027797d16,blinded-annotation-v2-shortrefs
C004,K089,judge_b,0,labeled,RHR stable 55-57 bpm throughout; no wear quality change indicators.,Device placement and contact information required; assuming fit problems without evidence is non-applicable.,No evidence of sensor fit issues; RHR readings are stable suggesting consistent measurement.,qwen3.8-max,4b855f69cd864d0dba099e6ad46222d245878fd5c1b76a00791050e027797d16,blinded-annotation-v2-shortrefs
C004,K090,judge_b,1,labeled,Daytime wear 720 min and nighttime coverage 482-498 min recorded every day.,Separate night-time wear information required; daytime alone insufficient proof.,Data confirms both daytime and nighttime wear occurred; supports validity of overnight vitals collection.,qwen3.8-max,4b855f69cd864d0dba099e6ad46222d245878fd5c1b76a00791050e027797d16,blinded-annotation-v2-shortrefs
C004,K091,judge_b,1,labeled,All vitals present every day; nighttime coverage 482-498 min exceeds 3h threshold.,Compatible device and sleep coverage required; interpreting missing as zero non-applicable.,Supports understanding why no vitals are missing—coverage consistently exceeds minimum thresholds.,qwen3.8-max,4b855f69cd864d0dba099e6ad46222d245878fd5c1b76a00791050e027797d16,blinded-annotation-v2-shortrefs
C004,K092,judge_b,0,labeled,No missing vitals in dataset; all metrics present every day with adequate coverage.,Device support and sync status required; treating unsupported metrics as zeros non-applicable.,All data present; no missing vitals to troubleshoot; item conditions not triggered.,qwen3.8-max,4b855f69cd864d0dba099e6ad46222d245878fd5c1b76a00791050e027797d16,blinded-annotation-v2-shortrefs
C004,K093,judge_b,0,labeled,Single synthetic device used throughout 42-day period; no device switch indicated.,Device and algorithm history required; assuming switch in same-device series non-applicable.,Same device throughout; no cross-device comparison issue; item conditions not met.,qwen3.8-max,4b855f69cd864d0dba099e6ad46222d245878fd5c1b76a00791050e027797d16,blinded-annotation-v2-shortrefs
C004,K094,judge_b,1,labeled,Sleep duration 462-478 min estimated; sleep start/end timestamps recorded.,Device-estimated sleep duration and boundaries available; treating as clinical study non-applicable.,"Contextually relevant for understanding that recorded sleep duration is an estimate, not polysomnography.",qwen3.8-max,4b855f69cd864d0dba099e6ad46222d245878fd5c1b76a00791050e027797d16,blinded-annotation-v2-shortrefs
C004,K095,judge_b,1,labeled,Nighttime coverage 482-498 min every night; no missing sleep observations in either period.,Night-time wear record required; non-wear should remain missing rather than zero.,All nights have adequate coverage confirming continuous wear; supports interpreting complete sleep record as valid observations.,qwen3.8-max,4b855f69cd864d0dba099e6ad46222d245878fd5c1b76a00791050e027797d16,blinded-annotation-v2-shortrefs
C004,K096,judge_b,1,labeled,Steps range 7602-8420; device is synthetic common wearable; arm swing context unknown.,Wear context and activity type required; assuming low steps means less walking non-applicable.,Contextually relevant for understanding step count limitations; supports cautious interpretation of step variations.,qwen3.8-max,4b855f69cd864d0dba099e6ad46222d245878fd5c1b76a00791050e027797d16,blinded-annotation-v2-shortrefs
C005,K001,judge_b,2,labeled,Age 18-60; sleep dropped to 357-368 min (Mar 30-Apr 5) from baseline ~481 min.,Requires sleep duration below recommendation for adults 18-60.,Core directly explains that early window sleep fell below the 7-hour CDC recommendation for this age band.,qwen3.8-max,f54127c98b740c10ecbb2942467505b528a908c8d0d8ece5b11f7d1846b91601,blinded-annotation-v2-shortrefs
C005,K002,judge_b,0,labeled,"Age band 18-60, not 61-64.",Requires age 61-64 to be established.,Subject age band does not match; later middle-age recommendations not applicable.,qwen3.8-max,f54127c98b740c10ecbb2942467505b528a908c8d0d8ece5b11f7d1846b91601,blinded-annotation-v2-shortrefs
C005,K003,judge_b,0,labeled,"Age band 18-60, not 65+.",Requires age at least 65 to be established.,Subject is under 65; older adult sleep recommendations explicitly not applicable.,qwen3.8-max,f54127c98b740c10ecbb2942467505b528a908c8d0d8ece5b11f7d1846b91601,blinded-annotation-v2-shortrefs
C005,K004,judge_b,0,labeled,"Metadata age_band is 18-60, not 13-17.",Requires teenage age group 13-17 to be established.,Subject is an adult; teenager sleep recommendations explicitly not applicable.,qwen3.8-max,f54127c98b740c10ecbb2942467505b528a908c8d0d8ece5b11f7d1846b91601,blinded-annotation-v2-shortrefs
C005,K005,judge_b,1,labeled,Sleep dropped to 357-368 min for 7 nights (Mar 30-Apr 5) with fixed 07:00 wake time.,Applies when repeatedly shortened sleep opportunity or duration is observed.,Relevant context: shortened sleep with fixed wake time suggests reduced sleep opportunity.,qwen3.8-max,f54127c98b740c10ecbb2942467505b528a908c8d0d8ece5b11f7d1846b91601,blinded-annotation-v2-shortrefs
C005,K006,judge_b,1,labeled,Baseline sleep ~481 min (~8h) is adequate; early window dropped to ~362 min.,Applies when sleep is consistently short even without new decline.,"Relevant caution: baseline was adequate, but if short sleep persisted it wouldn't prove adaptation.",qwen3.8-max,f54127c98b740c10ecbb2942467505b528a908c8d0d8ece5b11f7d1846b91601,blinded-annotation-v2-shortrefs
C005,K007,judge_b,1,labeled,Sleep duration dropped to ~360 min early window then returned to ~480 min; no quality metrics.,Applies when sleep duration is recorded but quality may be unknown.,Important distinction: observed duration changes do not establish whether sleep quality changed.,qwen3.8-max,f54127c98b740c10ecbb2942467505b528a908c8d0d8ece5b11f7d1846b91601,blinded-annotation-v2-shortrefs
C005,K008,judge_b,0,labeled,"Only sleep start, end, and duration recorded; no awakening data available.",Requires repeated awakenings to be documented.,Awakening history unknown; cannot assess sleep continuity from available data.,qwen3.8-max,f54127c98b740c10ecbb2942467505b528a908c8d0d8ece5b11f7d1846b91601,blinded-annotation-v2-shortrefs
C005,K009,judge_b,0,labeled,"Baseline sleep ~481 min (~8h), window early ~362 min; no refreshment reports.",Requires >8h sleep with reported lack of refreshment.,Sleep was not consistently >8h and no subjective refreshment data exists.,qwen3.8-max,f54127c98b740c10ecbb2942467505b528a908c8d0d8ece5b11f7d1846b91601,blinded-annotation-v2-shortrefs
C005,K010,judge_b,0,labeled,Shortened sleep Mar 30-Apr 5; no cognitive performance or symptom data recorded.,Requires symptoms to claim actual cognitive impairment.,No cognitive symptoms reported; educational item cannot establish individual impairment.,qwen3.8-max,f54127c98b740c10ecbb2942467505b528a908c8d0d8ece5b11f7d1846b91601,blinded-annotation-v2-shortrefs
C005,K011,judge_b,2,labeled,Sleep duration dropped to 357-368 min (Mar 30-Apr 5) from baseline ~481 min.,Requires several nights of reduced sleep duration.,"Core directly explains that seven consecutive shortened nights (~6h) can affect performance, matching observed data.",qwen3.8-max,f54127c98b740c10ecbb2942467505b528a908c8d0d8ece5b11f7d1846b91601,blinded-annotation-v2-shortrefs
C005,K012,judge_b,1,labeled,Seven nights of ~360 min sleep (Mar 30-Apr 5) vs baseline ~481 min.,Applies when ongoing insufficient sleep is observed.,Educational context: repeated short sleep in early window relates to immune function considerations.,qwen3.8-max,f54127c98b740c10ecbb2942467505b528a908c8d0d8ece5b11f7d1846b91601,blinded-annotation-v2-shortrefs
C005,K013,judge_b,0,labeled,Seven short sleep nights observed; no food intake or appetite data recorded.,Requires food intake or appetite information for individual claims.,Appetite data unknown; cannot infer hormonal hunger changes from sleep duration alone.,qwen3.8-max,f54127c98b740c10ecbb2942467505b528a908c8d0d8ece5b11f7d1846b91601,blinded-annotation-v2-shortrefs
C005,K014,judge_b,0,labeled,No sleepiness reports or driving context recorded.,Requires reported sleepiness and driving plans.,Sleepiness and driving context unknown; safety advice not triggered by duration data alone.,qwen3.8-max,f54127c98b740c10ecbb2942467505b528a908c8d0d8ece5b11f7d1846b91601,blinded-annotation-v2-shortrefs
C005,K015,judge_b,1,labeled,"Age band 18-60; baseline sleep ~481 min (~8h), early window ~362 min (~6h).",Applies when adult sleep duration is being reviewed.,Contextualizes observed durations against individual variation within the 7-9h average range.,qwen3.8-max,f54127c98b740c10ecbb2942467505b528a908c8d0d8ece5b11f7d1846b91601,blinded-annotation-v2-shortrefs
C005,K016,judge_b,0,labeled,Two-week window shows sleep changes but no reported insomnia symptoms or months-long history.,Requires months-long sleeping difficulties or failed habit changes.,Insufficient duration and no reported symptoms to meet conditions for professional insomnia review.,qwen3.8-max,f54127c98b740c10ecbb2942467505b528a908c8d0d8ece5b11f7d1846b91601,blinded-annotation-v2-shortrefs
C005,K017,judge_b,2,labeled,Sleep start varied from 00:32-00:43 (Mar 30-Apr 5) then returned to 22:35-22:46 (Apr 6-12).,Applies when repeated variability in bedtime is observed.,Core directly explains the importance of consistency given the observed abrupt sleep start shift and return.,qwen3.8-max,f54127c98b740c10ecbb2942467505b528a908c8d0d8ece5b11f7d1846b91601,blinded-annotation-v2-shortrefs
C005,K018,judge_b,0,labeled,Sleep end fixed at 07:00 every single day; no insomnia symptoms reported.,Requires inconsistent wake time with reported sleeping difficulties.,Wake time is perfectly consistent; no insomnia symptoms to trigger this specific advice.,qwen3.8-max,f54127c98b740c10ecbb2942467505b528a908c8d0d8ece5b11f7d1846b91601,blinded-annotation-v2-shortrefs
C005,K019,judge_b,0,labeled,Sleep end fixed at 07:00 daily; sleep start variance similar on weekdays and weekends.,Requires substantial weekday/weekend bedtime or wake time differences.,Wake time identical every day; no substantial weekday/weekend schedule difference observed.,qwen3.8-max,f54127c98b740c10ecbb2942467505b528a908c8d0d8ece5b11f7d1846b91601,blinded-annotation-v2-shortrefs
C005,K020,judge_b,0,labeled,Sleep start times recorded but no pre-bed activity information available.,Requires information about pre-bed activities for targeted advice.,Bedtime timestamps exist but activities during quiet time are unknown.,qwen3.8-max,f54127c98b740c10ecbb2942467505b528a908c8d0d8ece5b11f7d1846b91601,blinded-annotation-v2-shortrefs
C005,K021,judge_b,0,labeled,Sleep start shifted from ~22:40 baseline to ~00:35 window Mar 30-Apr 5.,Requires known bright-screen exposure before bed.,Screen exposure is unknown; cannot attribute the observed late sleep onset to screens.,qwen3.8-max,f54127c98b740c10ecbb2942467505b528a908c8d0d8ece5b11f7d1846b91601,blinded-annotation-v2-shortrefs
C005,K022,judge_b,0,labeled,No caffeine timing or intake data recorded.,Requires known afternoon or evening caffeine use with sleeping difficulty.,Caffeine history unknown; cannot link to observed late sleep onset.,qwen3.8-max,f54127c98b740c10ecbb2942467505b528a908c8d0d8ece5b11f7d1846b91601,blinded-annotation-v2-shortrefs
C005,K023,judge_b,0,labeled,No meal timing or size data recorded.,Requires known large meal shortly before bed.,Meal information unknown; cannot connect sleep changes to eating habits.,qwen3.8-max,f54127c98b740c10ecbb2942467505b528a908c8d0d8ece5b11f7d1846b91601,blinded-annotation-v2-shortrefs
C005,K024,judge_b,0,labeled,No alcohol intake or timing data recorded.,Requires alcohol use near bedtime to be reported.,Alcohol exposure unknown; cannot link sleep changes to drinking habits.,qwen3.8-max,f54127c98b740c10ecbb2942467505b528a908c8d0d8ece5b11f7d1846b91601,blinded-annotation-v2-shortrefs
C005,K025,judge_b,0,labeled,No nicotine use or smoking data recorded.,Requires nicotine exposure to be established.,Nicotine use unknown; cannot link sleep changes to stimulant effects.,qwen3.8-max,f54127c98b740c10ecbb2942467505b528a908c8d0d8ece5b11f7d1846b91601,blinded-annotation-v2-shortrefs
C005,K026,judge_b,0,labeled,"No bedroom environment data (light, noise, temperature) recorded.",Requires known disruptive bedroom environment.,Environment unknown; cannot link sleep changes to bedroom conditions.,qwen3.8-max,f54127c98b740c10ecbb2942467505b528a908c8d0d8ece5b11f7d1846b91601,blinded-annotation-v2-shortrefs
C005,K027,judge_b,0,labeled,No pre-bed routine or relaxation difficulty reported in data.,Requires reported difficulty relaxing or request for routine options.,Generic routine advice; no evidence of relaxation issues or pre-bed routine context.,qwen3.8-max,f54127c98b740c10ecbb2942467505b528a908c8d0d8ece5b11f7d1846b91601,blinded-annotation-v2-shortrefs
C005,K028,judge_b,0,labeled,No nap data recorded in wearable observations.,Requires adult naps to be recorded or reported.,Nap history unknown; cannot apply nap duration or timing advice.,qwen3.8-max,f54127c98b740c10ecbb2942467505b528a908c8d0d8ece5b11f7d1846b91601,blinded-annotation-v2-shortrefs
C005,K029,judge_b,0,labeled,Sleep times changed but no shift work schedule confirmed.,Requires confirmed shift-work schedule.,Variable sleep times alone do not prove rotating shifts; shift work context unknown.,qwen3.8-max,f54127c98b740c10ecbb2942467505b528a908c8d0d8ece5b11f7d1846b91601,blinded-annotation-v2-shortrefs
C005,K030,judge_b,0,labeled,No shift work schedule confirmed in data.,Requires confirmed shift work context.,Shift work unknown; bright lighting advice for shift workers not applicable.,qwen3.8-max,f54127c98b740c10ecbb2942467505b528a908c8d0d8ece5b11f7d1846b91601,blinded-annotation-v2-shortrefs
C005,K031,judge_b,0,labeled,No shift work schedule or caffeine intake recorded in data.,Requires confirmed shift worker using caffeine.,Shift work and caffeine use unknown; conditions not met.,qwen3.8-max,f54127c98b740c10ecbb2942467505b528a908c8d0d8ece5b11f7d1846b91601,blinded-annotation-v2-shortrefs
C005,K032,judge_b,0,labeled,All sleep occurred overnight ending at 07:00; no daytime sleep recorded.,Requires daytime sleep associated with shift work.,Only ordinary overnight sleep observed; shift work and daytime sleep conditions not met.,qwen3.8-max,f54127c98b740c10ecbb2942467505b528a908c8d0d8ece5b11f7d1846b91601,blinded-annotation-v2-shortrefs
C005,K033,judge_b,1,labeled,"Sleep start varied widely in window (00:32-00:43 early, then 22:35-22:46 later).",Applies when a changed or variable sleep pattern needs review.,A sleep diary would help contextualize the observed abrupt sleep timing shift and variability.,qwen3.8-max,f54127c98b740c10ecbb2942467505b528a908c8d0d8ece5b11f7d1846b91601,blinded-annotation-v2-shortrefs
C005,K034,judge_b,2,labeled,Seven consecutive nights of 357-368 min sleep (Mar 30-Apr 5) after 28 nights of ~481 min.,Requires several shortened nights rather than a single isolated reading.,"Core explanation: repeated lost sleep during early window accumulates, directly matching observed pattern.",qwen3.8-max,f54127c98b740c10ecbb2942467505b528a908c8d0d8ece5b11f7d1846b91601,blinded-annotation-v2-shortrefs
C005,K035,judge_b,0,labeled,Weekend sleep mean 484.6 min vs weekday 479.4 min baseline; difference ~5 min.,Requires longer sleep and later timing on days off vs workdays.,Weekend/baseline difference is minimal (~5 min); no substantial extra sleep on days off observed.,qwen3.8-max,f54127c98b740c10ecbb2942467505b528a908c8d0d8ece5b11f7d1846b91601,blinded-annotation-v2-shortrefs
C005,K036,judge_b,0,labeled,No nap data recorded in any observation period.,Requires recorded naps after shortened night-time sleep.,Nap information absent; cannot evaluate compensation for shortened nights.,qwen3.8-max,f54127c98b740c10ecbb2942467505b528a908c8d0d8ece5b11f7d1846b91601,blinded-annotation-v2-shortrefs
C005,K037,judge_b,0,labeled,Sleep end fixed at 07:00 every day; no reported bad nights or insomnia symptoms.,Requires recent bad night and reported sleeping difficulties.,No reported insomnia or bad nights; wake time is perfectly consistent.,qwen3.8-max,f54127c98b740c10ecbb2942467505b528a908c8d0d8ece5b11f7d1846b91601,blinded-annotation-v2-shortrefs
C005,K038,judge_b,0,labeled,14-day window with 7 short nights; no symptom history or insomnia report.,Requires symptom history and onset for duration categorization.,Cannot diagnose or categorize insomnia from 14 days of device estimates without symptoms.,qwen3.8-max,f54127c98b740c10ecbb2942467505b528a908c8d0d8ece5b11f7d1846b91601,blinded-annotation-v2-shortrefs
C005,K039,judge_b,0,labeled,Sleep timing changed abruptly Mar 30; no travel or flight history recorded.,Requires confirmed travel across time zones.,No travel history; cannot attribute sleep shift to jet lag or travel.,qwen3.8-max,f54127c98b740c10ecbb2942467505b528a908c8d0d8ece5b11f7d1846b91601,blinded-annotation-v2-shortrefs
C005,K040,judge_b,0,labeled,Sleep timing changed abruptly on Mar 30; no travel information in data.,Requires a short trip across time zones to be planned.,Travel context is unknown; cannot apply short-trip jet lag advice.,qwen3.8-max,f54127c98b740c10ecbb2942467505b528a908c8d0d8ece5b11f7d1846b91601,blinded-annotation-v2-shortrefs
C005,K041,judge_b,0,labeled,"Steps ~7976 baseline, ~7979 window; activity duration stable around 55 min/day.",Requires low or declining movement.,Movement did not decline; generic advice with no specific connection to observed stable patterns.,qwen3.8-max,f54127c98b740c10ecbb2942467505b528a908c8d0d8ece5b11f7d1846b91601,blinded-annotation-v2-shortrefs
C005,K042,judge_b,0,labeled,"Window activity mean 54.4 min, baseline 55.5 min; no recent inactivity period observed.",Requires recently low or reduced physical activity.,Activity remained stable across periods; no evidence of recent inactivity to trigger gradual build-up advice.,qwen3.8-max,f54127c98b740c10ecbb2942467505b528a908c8d0d8ece5b11f7d1846b91601,blinded-annotation-v2-shortrefs
C005,K043,judge_b,0,labeled,Activity intensity labeled 'unknown' for all intervals; ~55 min/day total.,Requires moderate-intensity aerobic minutes to be documented.,Intensity unknown; cannot determine if 150-minute weekly target is met.,qwen3.8-max,f54127c98b740c10ecbb2942467505b528a908c8d0d8ece5b11f7d1846b91601,blinded-annotation-v2-shortrefs
C005,K044,judge_b,0,labeled,All activity intervals have 'unknown' intensity.,Requires vigorous aerobic activity to be documented.,Intensity unknown; cannot apply vigorous activity targets to observed data.,qwen3.8-max,f54127c98b740c10ecbb2942467505b528a908c8d0d8ece5b11f7d1846b91601,blinded-annotation-v2-shortrefs
C005,K045,judge_b,0,labeled,Activity intensity 'unknown'; ~55 min/day in single evening intervals.,Requires intensity for counting guideline minutes.,Cannot verify guideline accumulation without intensity; splitting advice not specifically informative.,qwen3.8-max,f54127c98b740c10ecbb2942467505b528a908c8d0d8ece5b11f7d1846b91601,blinded-annotation-v2-shortrefs
C005,K046,judge_b,0,labeled,Only steps and active minutes recorded; no strengthening activity data.,Requires a strengthening routine being reviewed.,No muscle-strengthening records available; generic guideline not connected to observed data.,qwen3.8-max,f54127c98b740c10ecbb2942467505b528a908c8d0d8ece5b11f7d1846b91601,blinded-annotation-v2-shortrefs
C005,K047,judge_b,0,labeled,Activity intensity is 'unknown' for all recorded intervals; only ~55 min/day total.,Requires documented aerobic activity reaching adult guidelines with known intensity.,Intensity unknown and duration insufficient to verify guideline attainment; conditions not met.,qwen3.8-max,f54127c98b740c10ecbb2942467505b528a908c8d0d8ece5b11f7d1846b91601,blinded-annotation-v2-shortrefs
C005,K048,judge_b,0,labeled,Activity intensity 'unknown'; fitness level not recorded.,Requires fitness or perceived effort for intensity interpretation.,Cannot assign intensity from ~55 min daily movement without fitness context.,qwen3.8-max,f54127c98b740c10ecbb2942467505b528a908c8d0d8ece5b11f7d1846b91601,blinded-annotation-v2-shortrefs
C005,K049,judge_b,0,labeled,All activity intervals have 'unknown' intensity; no breathing or effort data.,Requires observed effort or talk-test during aerobic activity.,Effort context unrecorded; cannot classify activity intensity using talk test.,qwen3.8-max,f54127c98b740c10ecbb2942467505b528a908c8d0d8ece5b11f7d1846b91601,blinded-annotation-v2-shortrefs
C005,K050,judge_b,0,labeled,"Steps stable (baseline mean 7976, window mean 7979); activity duration unchanged.",Requires steps changing while other activity may differ.,No step change observed; item conditions not met by the data.,qwen3.8-max,f54127c98b740c10ecbb2942467505b528a908c8d0d8ece5b11f7d1846b91601,blinded-annotation-v2-shortrefs
C005,K051,judge_b,0,labeled,Steps stable ~8000/day; no declining routine movement observed.,Requires low or declining routine movement.,Movement did not decline; generic walking advice not specifically informative here.,qwen3.8-max,f54127c98b740c10ecbb2942467505b528a908c8d0d8ece5b11f7d1846b91601,blinded-annotation-v2-shortrefs
C005,K052,judge_b,0,labeled,Activity stable ~55 min/day; no preferences or availability barriers reported.,Requires personal preferences and availability for choosing options.,No activity maintenance difficulty observed; preference-based advice not specifically informative.,qwen3.8-max,f54127c98b740c10ecbb2942467505b528a908c8d0d8ece5b11f7d1846b91601,blinded-annotation-v2-shortrefs
C005,K053,judge_b,0,labeled,Activity stable; no motivational barriers or social preferences reported.,Requires social preferences or reported motivational barrier.,No evidence of motivational issues; generic social activity advice not connected to data.,qwen3.8-max,f54127c98b740c10ecbb2942467505b528a908c8d0d8ece5b11f7d1846b91601,blinded-annotation-v2-shortrefs
C005,K054,judge_b,0,labeled,Activity stable ~55 min/day; no reported time barrier.,Requires low activity with a reported time barrier.,No time barrier reported and activity not low; conditions not met.,qwen3.8-max,f54127c98b740c10ecbb2942467505b528a908c8d0d8ece5b11f7d1846b91601,blinded-annotation-v2-shortrefs
C005,K055,judge_b,0,labeled,Activity stable ~55 min/day; no competing demands or schedule constraints reported.,Requires reported competing demands reducing activity.,No evidence of schedule barriers; generic planning advice not specifically informative.,qwen3.8-max,f54127c98b740c10ecbb2942467505b528a908c8d0d8ece5b11f7d1846b91601,blinded-annotation-v2-shortrefs
C005,K056,judge_b,0,labeled,No chronic health conditions or disabilities indicated in metadata or data.,"Requires established chronic condition, disability, or special need.",Medical context unknown; generic advice not applicable to observed data.,qwen3.8-max,f54127c98b740c10ecbb2942467505b528a908c8d0d8ece5b11f7d1846b91601,blinded-annotation-v2-shortrefs
C005,K057,judge_b,1,labeled,Low movement in ~45-min intervals from 10:00-18:00+ daily with 720 min daytime wear.,Applies when long uninterrupted daytime low-movement intervals exist with adequate wear.,Relevant: device shows repeated ~45-min low movement blocks during confirmed daytime wear.,qwen3.8-max,f54127c98b740c10ecbb2942467505b528a908c8d0d8ece5b11f7d1846b91601,blinded-annotation-v2-shortrefs
C005,K058,judge_b,0,labeled,"~55 min activity and ~450 min low movement daily; intensity unknown, posture unconfirmed.",Requires confirmed sitting posture and known activity intensity.,Cannot confirm sitting or guideline attainment; conditions for this distinction not fully met.,qwen3.8-max,f54127c98b740c10ecbb2942467505b528a908c8d0d8ece5b11f7d1846b91601,blinded-annotation-v2-shortrefs
C005,K059,judge_b,0,labeled,Low movement ~450 min/day stable; posture not confirmed as sitting.,Requires confirmed sitting for specific sedentary-time conclusion.,Device low movement is not confirmed sitting; cannot draw specific sedentary conclusions.,qwen3.8-max,f54127c98b740c10ecbb2942467505b528a908c8d0d8ece5b11f7d1846b91601,blinded-annotation-v2-shortrefs
C005,K060,judge_b,0,labeled,No commuting or transport context recorded.,Requires sedentary commuting to be established.,Commute unknown; generic transport advice not connected to data.,qwen3.8-max,f54127c98b740c10ecbb2942467505b528a908c8d0d8ece5b11f7d1846b91601,blinded-annotation-v2-shortrefs
C005,K061,judge_b,0,labeled,No workplace or desk-work context provided in wearable data.,Requires desk work with prolonged sitting context.,Work context unknown; generic workplace advice not connected to observations.,qwen3.8-max,f54127c98b740c10ecbb2942467505b528a908c8d0d8ece5b11f7d1846b91601,blinded-annotation-v2-shortrefs
C005,K062,judge_b,0,labeled,No workplace meeting or desk context provided.,Requires meetings or desk work involving prolonged sitting.,Workplace context unknown; generic standing meeting advice not applicable.,qwen3.8-max,f54127c98b740c10ecbb2942467505b528a908c8d0d8ece5b11f7d1846b91601,blinded-annotation-v2-shortrefs
C005,K063,judge_b,0,labeled,No television viewing context recorded in data.,Requires prolonged sitting while watching television.,Screen habits unknown; generic advice not connected to observations.,qwen3.8-max,f54127c98b740c10ecbb2942467505b528a908c8d0d8ece5b11f7d1846b91601,blinded-annotation-v2-shortrefs
C005,K064,judge_b,0,labeled,No seated leisure context or routine preferences recorded.,Requires substantial habitual seated leisure context.,Leisure context unknown; generic replacement advice not connected to data.,qwen3.8-max,f54127c98b740c10ecbb2942467505b528a908c8d0d8ece5b11f7d1846b91601,blinded-annotation-v2-shortrefs
C005,K065,judge_b,0,labeled,Steps ~8000 and activity ~55 min daily; everyday movement context limited.,Applies when low everyday movement despite possible formal exercise.,Movement is not low; generic definition of physical activity not specifically informative here.,qwen3.8-max,f54127c98b740c10ecbb2942467505b528a908c8d0d8ece5b11f7d1846b91601,blinded-annotation-v2-shortrefs
C005,K066,judge_b,0,labeled,No workday lunch-break context or mobility information recorded.,Requires known workday lunch-break access and mobility.,Workday context unknown; generic lunch walk suggestion not connected to observations.,qwen3.8-max,f54127c98b740c10ecbb2942467505b528a908c8d0d8ece5b11f7d1846b91601,blinded-annotation-v2-shortrefs
C005,K067,judge_b,0,labeled,Steps ~8000/day consistently; no stair access or mobility context provided.,Requires low incidental movement with accessible stairs.,Generic suggestion; no evidence of low incidental movement or stair context.,qwen3.8-max,f54127c98b740c10ecbb2942467505b528a908c8d0d8ece5b11f7d1846b91601,blinded-annotation-v2-shortrefs
C005,K068,judge_b,1,labeled,Low movement ~450 min/day with ~45-min intervals throughout daytime in both periods.,Applies when low-movement intervals are available without posture measurement.,"Directly relevant caution: device low movement is recorded but posture is unconfirmed, matching item condition.",qwen3.8-max,f54127c98b740c10ecbb2942467505b528a908c8d0d8ece5b11f7d1846b91601,blinded-annotation-v2-shortrefs
C005,K069,judge_b,0,labeled,Activity stable ~55 min/day; sleep changed independently of activity levels.,Requires activity and sleep patterns for joint review without causal claims.,Generic benefit statement; cannot establish causal effect from observed co-occurring patterns.,qwen3.8-max,f54127c98b740c10ecbb2942467505b528a908c8d0d8ece5b11f7d1846b91601,blinded-annotation-v2-shortrefs
C005,K070,judge_b,0,labeled,Daytime activity ~55 min/day stable; outdoor exposure unknown.,Requires low daytime activity accompanying changed sleep routine.,Activity was not low; outdoor exposure cannot be inferred from movement counts.,qwen3.8-max,f54127c98b740c10ecbb2942467505b528a908c8d0d8ece5b11f7d1846b91601,blinded-annotation-v2-shortrefs
C005,K071,judge_b,1,labeled,Activity intervals consistently at 21:00; sleep start shifted to ~00:35 early window.,Requires activity close to bedtime with known intensity.,"Late activity timing is observed, but intensity is unknown; partially applicable for timing review.",qwen3.8-max,f54127c98b740c10ecbb2942467505b528a908c8d0d8ece5b11f7d1846b91601,blinded-annotation-v2-shortrefs
C005,K072,judge_b,0,labeled,Evening activity at 21:00; no insomnia symptoms reported.,Requires exercise near bedtime with reported insomnia symptoms.,No reported insomnia; temporal adjacency alone does not establish the condition.,qwen3.8-max,f54127c98b740c10ecbb2942467505b528a908c8d0d8ece5b11f7d1846b91601,blinded-annotation-v2-shortrefs
C005,K073,judge_b,1,labeled,Activity intervals at 21:00 daily; sleep start shifted to ~00:35 early window.,Applies when activity timing and subsequent sleep are compared.,Relevant for interpreting temporal relationship between evening activity and delayed sleep onset.,qwen3.8-max,f54127c98b740c10ecbb2942467505b528a908c8d0d8ece5b11f7d1846b91601,blinded-annotation-v2-shortrefs
C005,K074,judge_b,0,labeled,No emergency responder deployment context indicated.,Requires confirmed emergency-response deployment context.,Deployment context unknown; specialized advice not applicable to general observations.,qwen3.8-max,f54127c98b740c10ecbb2942467505b528a908c8d0d8ece5b11f7d1846b91601,blinded-annotation-v2-shortrefs
C005,K075,judge_b,0,labeled,No tiredness reports or subjective energy patterns recorded.,Requires reported tiredness limiting activity.,Energy history unknown; generic scheduling advice not connected to observations.,qwen3.8-max,f54127c98b740c10ecbb2942467505b528a908c8d0d8ece5b11f7d1846b91601,blinded-annotation-v2-shortrefs
C005,K076,judge_b,1,labeled,Sleep timing shifted abruptly Mar 30; no substance or medication records available.,Applies when sleep and activity show temporal relationship needing context.,Highlights that unrecorded substances/medications could explain sleep changes beyond activity timing.,qwen3.8-max,f54127c98b740c10ecbb2942467505b528a908c8d0d8ece5b11f7d1846b91601,blinded-annotation-v2-shortrefs
C005,K077,judge_b,1,labeled,RHR 55-57 bpm recorded nightly across 42 days of observations.,Applies when resting heart rate observations are available.,Defines what the observed RHR metric represents; relevant for proper interpretation of stable readings.,qwen3.8-max,f54127c98b740c10ecbb2942467505b528a908c8d0d8ece5b11f7d1846b91601,blinded-annotation-v2-shortrefs
C005,K078,judge_b,1,labeled,RHR recorded as resting_heart_rate_bpm (55-57 bpm) during sleep periods.,Applies when daily RHR trend is being interpreted.,Clarifies that observed RHR differs from sleeping heart rate; important for metric interpretation.,qwen3.8-max,f54127c98b740c10ecbb2942467505b528a908c8d0d8ece5b11f7d1846b91601,blinded-annotation-v2-shortrefs
C005,K079,judge_b,1,labeled,RHR stable at 55-57 bpm across both periods; mean difference +0.14 bpm.,Applies when RHR changes relative to previous readings.,Provides necessary context that RHR has multiple influences; relevant given stable RHR despite sleep changes.,qwen3.8-max,f54127c98b740c10ecbb2942467505b528a908c8d0d8ece5b11f7d1846b91601,blinded-annotation-v2-shortrefs
C005,K080,judge_b,1,labeled,RHR 55-57 bpm and HRV RMSSD 43-47 ms both recorded nightly.,Applies when HRV and heart-rate estimates are interpreted together.,"Clarifies that observed RHR and HRV are distinct metrics, preventing conflation in interpretation.",qwen3.8-max,f54127c98b740c10ecbb2942467505b528a908c8d0d8ece5b11f7d1846b91601,blinded-annotation-v2-shortrefs
C005,K081,judge_b,1,labeled,"HRV RMSSD mean 45.3 baseline, 44.2 window; values range 43-47 ms.",Applies when an HRV level or trend is being reviewed.,Contextualizes the slight HRV decrease as person-specific; prevents overinterpreting absolute values.,qwen3.8-max,f54127c98b740c10ecbb2942467505b528a908c8d0d8ece5b11f7d1846b91601,blinded-annotation-v2-shortrefs
C005,K082,judge_b,1,labeled,28-day baseline provides personal ranges for all vitals before 14-day window comparison.,Applies when a vital has changed from a recent personal baseline.,Explains how the 28-day baseline establishes personal context for evaluating window changes.,qwen3.8-max,f54127c98b740c10ecbb2942467505b528a908c8d0d8ece5b11f7d1846b91601,blinded-annotation-v2-shortrefs
C005,K083,judge_b,1,labeled,"RHR recorded daily for 42 days; mean 56.1 baseline, 56.2 window.",Applies when repeated RHR readings or a recent change are available.,Supports reviewing the 42-day RHR trend rather than focusing on single daily estimates.,qwen3.8-max,f54127c98b740c10ecbb2942467505b528a908c8d0d8ece5b11f7d1846b91601,blinded-annotation-v2-shortrefs
C005,K084,judge_b,1,labeled,HRV RMSSD decreased slightly from 45.3 to 44.2 ms mean between periods.,Applies when an HRV trend is available for wellness monitoring.,"Directly relevant: HRV change is a wellness observation, not diagnostic of any condition.",qwen3.8-max,f54127c98b740c10ecbb2942467505b528a908c8d0d8ece5b11f7d1846b91601,blinded-annotation-v2-shortrefs
C005,K085,judge_b,1,labeled,HRV recorded as hrv_rmssd_ms; metadata confirms 'night RMSSD' definition.,Requires HRV records identifying RMSSD as their metric.,"Confirms the specific HRV metric used, ensuring proper interpretation of observed values.",qwen3.8-max,f54127c98b740c10ecbb2942467505b528a908c8d0d8ece5b11f7d1846b91601,blinded-annotation-v2-shortrefs
C005,K086,judge_b,1,labeled,HRV RMSSD recorded nightly; early window coverage 377-388 min (>3h threshold).,Applies when overnight HRV estimates are being compared.,Explains HRV collection requirements; early window sleep exceeded 3h minimum for valid HRV.,qwen3.8-max,f54127c98b740c10ecbb2942467505b528a908c8d0d8ece5b11f7d1846b91601,blinded-annotation-v2-shortrefs
C005,K087,judge_b,0,labeled,Only sleep duration and timing recorded; no sleep stage data available.,Requires sleep-stage measurements.,Sleep stage data absent; item about stage pattern variation not applicable.,qwen3.8-max,f54127c98b740c10ecbb2942467505b528a908c8d0d8ece5b11f7d1846b91601,blinded-annotation-v2-shortrefs
C005,K088,judge_b,0,labeled,No health concerns or symptoms reported alongside vital trends.,Requires reported health concerns about a vital trend.,Generic advisory; no reported concerns to trigger clinical conversation recommendation.,qwen3.8-max,f54127c98b740c10ecbb2942467505b528a908c8d0d8ece5b11f7d1846b91601,blinded-annotation-v2-shortrefs
C005,K089,judge_b,0,labeled,RHR consistently 55-57 bpm; no wear quality issues or fit changes noted.,Requires heart-rate readings may be unreliable or wear quality changes.,No evidence of sensor fit problems; RHR readings appear stable and reliable.,qwen3.8-max,f54127c98b740c10ecbb2942467505b528a908c8d0d8ece5b11f7d1846b91601,blinded-annotation-v2-shortrefs
C005,K090,judge_b,1,labeled,Nighttime coverage dropped to ~380 min Mar 30-Apr 5 vs ~500 min baseline; vitals still present.,Applies when overnight vitals have uncertain coverage.,Relevant caution about coverage requirements; shortened early-window coverage makes this applicable contextually.,qwen3.8-max,f54127c98b740c10ecbb2942467505b528a908c8d0d8ece5b11f7d1846b91601,blinded-annotation-v2-shortrefs
C005,K091,judge_b,1,labeled,Nighttime coverage dropped to 377-388 min Mar 30-Apr 5; vitals still recorded.,Applies when a vital might be missing with limited night-time data.,Early window coverage approached minimum thresholds; explains why vitals require adequate sleep data.,qwen3.8-max,f54127c98b740c10ecbb2942467505b528a908c8d0d8ece5b11f7d1846b91601,blinded-annotation-v2-shortrefs
C005,K092,judge_b,0,labeled,"All vitals (RHR, HRV, sleep) present daily; no missing readings in either period.",Requires vitals to be missing or delayed.,No missing vitals observed; item conditions not triggered.,qwen3.8-max,f54127c98b740c10ecbb2942467505b528a908c8d0d8ece5b11f7d1846b91601,blinded-annotation-v2-shortrefs
C005,K093,judge_b,0,labeled,Single synthetic device used throughout; no device switch indicated.,Requires heart-rate series involving a device or algorithm change.,Same device throughout; cross-device comparison concerns not applicable.,qwen3.8-max,f54127c98b740c10ecbb2942467505b528a908c8d0d8ece5b11f7d1846b91601,blinded-annotation-v2-shortrefs
C005,K094,judge_b,1,labeled,Sleep duration estimated from device; nighttime coverage varies (377-508 min).,Applies when device-estimated sleep duration and boundaries are available.,"Clarifies that recorded sleep duration is an estimate from classified periods, not exact time in bed.",qwen3.8-max,f54127c98b740c10ecbb2942467505b528a908c8d0d8ece5b11f7d1846b91601,blinded-annotation-v2-shortrefs
C005,K095,judge_b,1,labeled,Nighttime coverage 377-508 min; all nights had sleep readings recorded.,Applies when sleep readings might be absent with non-wear or incomplete coverage.,Confirms device was worn overnight; relevant for validating that recorded sleep reflects actual wear.,qwen3.8-max,f54127c98b740c10ecbb2942467505b528a908c8d0d8ece5b11f7d1846b91601,blinded-annotation-v2-shortrefs
C005,K096,judge_b,0,labeled,Steps stable ~8000/day; no wear context changes or arm motion issues noted.,Requires step readings changing with possible measurement limitations.,Steps did not change meaningfully; sensing limitation advice not triggered.,qwen3.8-max,f54127c98b740c10ecbb2942467505b528a908c8d0d8ece5b11f7d1846b91601,blinded-annotation-v2-shortrefs
C006,K001,judge_b,2,labeled,"Age band 18-60; sleep mean 470.9 min baseline, 467.7 min window (~7.8h).",Requires age band 18-60 and sleep duration below recommendation.,Directly applies CDC 7h+ recommendation to this age group; sleep meets minimum threshold.,qwen3.8-max,afdfe52ab780fb3bd90412177ea9195fd7efd62a162f5201c0f3486fd6fa190e,blinded-annotation-v2-shortrefs
C006,K002,judge_b,0,labeled,"Age band is 18-60, not 61-64.",Non-applicable for other age groups.,Subject not in 61-64 age group; non-applicable condition met.,qwen3.8-max,afdfe52ab780fb3bd90412177ea9195fd7efd62a162f5201c0f3486fd6fa190e,blinded-annotation-v2-shortrefs
C006,K003,judge_b,0,labeled,"Age band 18-60, not 65+.",Non-applicable for age below 65.,Subject not 65+; non-applicable condition met.,qwen3.8-max,afdfe52ab780fb3bd90412177ea9195fd7efd62a162f5201c0f3486fd6fa190e,blinded-annotation-v2-shortrefs
C006,K004,judge_b,0,labeled,"Age band is 18-60, not 13-17.",Non-applicable for adults.,Subject is adult; non-applicable condition explicitly met.,qwen3.8-max,afdfe52ab780fb3bd90412177ea9195fd7efd62a162f5201c0f3486fd6fa190e,blinded-annotation-v2-shortrefs
C006,K005,judge_b,0,labeled,Sleep ~7.7-7.9h consistently; no repeatedly shortened sleep opportunity.,Requires repeatedly shortened sleep opportunity or duration.,No evidence of insufficient sleep; observable condition not met.,qwen3.8-max,afdfe52ab780fb3bd90412177ea9195fd7efd62a162f5201c0f3486fd6fa190e,blinded-annotation-v2-shortrefs
C006,K006,judge_b,0,labeled,"Window sleep mean 467.7 min (~7.8h), baseline 470.9 min; all nights above 7h.",Requires consistently short sleep even without new decline.,"Sleep is not short; non-applicable condition met, so item is not informative.",qwen3.8-max,afdfe52ab780fb3bd90412177ea9195fd7efd62a162f5201c0f3486fd6fa190e,blinded-annotation-v2-shortrefs
C006,K007,judge_b,2,labeled,Sleep duration recorded nightly (~462-478 min); no awakenings or quality data available.,Requires sleep duration recorded but sleep quality may be unknown.,Directly explains that duration alone does not establish quality; core methodological point.,qwen3.8-max,afdfe52ab780fb3bd90412177ea9195fd7efd62a162f5201c0f3486fd6fa190e,blinded-annotation-v2-shortrefs
C006,K008,judge_b,0,labeled,"Only sleep duration, start, and end recorded; no awakening data available.",Non-applicable when only duration and sleep start or end are available.,No awakening measurements; non-applicable condition met per instructions.,qwen3.8-max,afdfe52ab780fb3bd90412177ea9195fd7efd62a162f5201c0f3486fd6fa190e,blinded-annotation-v2-shortrefs
C006,K009,judge_b,0,labeled,"Sleep duration ~7.7-7.9h, below 8h threshold; no subjective refreshment data.",Requires more than eight hours of night-time sleep with reported lack of refreshment.,Sleep under 8h and no refreshment report; conditions not met.,qwen3.8-max,afdfe52ab780fb3bd90412177ea9195fd7efd62a162f5201c0f3486fd6fa190e,blinded-annotation-v2-shortrefs
C006,K010,judge_b,0,labeled,Sleep ~7.7-7.9h; no repeatedly shortened sleep or cognitive symptoms.,Requires repeatedly shortened sleep and symptoms for impairment claim.,No sleep restriction or symptoms; conditions not met.,qwen3.8-max,afdfe52ab780fb3bd90412177ea9195fd7efd62a162f5201c0f3486fd6fa190e,blinded-annotation-v2-shortrefs
C006,K011,judge_b,0,labeled,Sleep consistently ~7.7-7.9h; no repeated shortened nights below recommendation.,Requires several nights of reduced sleep duration.,No repeated sleep restriction; observable condition not met.,qwen3.8-max,afdfe52ab780fb3bd90412177ea9195fd7efd62a162f5201c0f3486fd6fa190e,blinded-annotation-v2-shortrefs
C006,K012,judge_b,0,labeled,Sleep duration consistently above 7h; no ongoing insufficient sleep.,Requires ongoing insufficient sleep.,"Sleep is adequate; observable condition not met, item not informative.",qwen3.8-max,afdfe52ab780fb3bd90412177ea9195fd7efd62a162f5201c0f3486fd6fa190e,blinded-annotation-v2-shortrefs
C006,K013,judge_b,0,labeled,Sleep consistently ~7.7-7.9h; no repeated insufficient sleep observed.,Requires repeated insufficient sleep.,Sleep duration adequate; observable condition not met.,qwen3.8-max,afdfe52ab780fb3bd90412177ea9195fd7efd62a162f5201c0f3486fd6fa190e,blinded-annotation-v2-shortrefs
C006,K014,judge_b,0,labeled,No reported sleepiness or driving context in data.,Requires reported sleepiness and driving plans.,Sleepiness and driving unknown; required context missing.,qwen3.8-max,afdfe52ab780fb3bd90412177ea9195fd7efd62a162f5201c0f3486fd6fa190e,blinded-annotation-v2-shortrefs
C006,K015,judge_b,1,labeled,Sleep ~7.7-7.9h nightly; individual experience not recorded.,Requires adult sleep duration being reviewed.,Contextual connection: sleep needs vary; duration should be considered with individual experience.,qwen3.8-max,afdfe52ab780fb3bd90412177ea9195fd7efd62a162f5201c0f3486fd6fa190e,blinded-annotation-v2-shortrefs
C006,K016,judge_b,0,labeled,No reported sleeping difficulties; only 14-day window available.,Non-applicable with only brief duration record without reported problems.,No insomnia symptoms reported; non-applicable condition met.,qwen3.8-max,afdfe52ab780fb3bd90412177ea9195fd7efd62a162f5201c0f3486fd6fa190e,blinded-annotation-v2-shortrefs
C006,K017,judge_b,0,labeled,Sleep start varies 22:42-22:58; sleep end fixed at 07:00. Pattern stable across 42 days.,Non-applicable when a stable schedule alone does not establish a problem.,Schedule is stable; late stable sleep is not irregularity per instructions.,qwen3.8-max,afdfe52ab780fb3bd90412177ea9195fd7efd62a162f5201c0f3486fd6fa190e,blinded-annotation-v2-shortrefs
C006,K018,judge_b,0,labeled,Sleep end time exactly 07:00 every day; no reported sleeping difficulties.,Requires inconsistent wake time with reported sleeping difficulties.,Wake time perfectly consistent; no insomnia symptoms reported.,qwen3.8-max,afdfe52ab780fb3bd90412177ea9195fd7efd62a162f5201c0f3486fd6fa190e,blinded-annotation-v2-shortrefs
C006,K019,judge_b,0,labeled,Weekend sleep mean 468.0 min vs weekday 467.6 min in window; difference <1 min.,Non-applicable when weekday and weekend sleep times are similar.,Weekday/weekend sleep nearly identical; non-applicable condition met.,qwen3.8-max,afdfe52ab780fb3bd90412177ea9195fd7efd62a162f5201c0f3486fd6fa190e,blinded-annotation-v2-shortrefs
C006,K020,judge_b,0,labeled,Bedtime ~22:43-22:58 recorded; no pre-bed activity information available.,Requires information about pre-bed activities for targeted advice.,Pre-bed activities unknown; cannot determine what occurred during quiet hour.,qwen3.8-max,afdfe52ab780fb3bd90412177ea9195fd7efd62a162f5201c0f3486fd6fa190e,blinded-annotation-v2-shortrefs
C006,K021,judge_b,0,labeled,No screen or light exposure data before bedtime.,Requires known bright-screen exposure shortly before bed.,Exposure unknown; required context missing.,qwen3.8-max,afdfe52ab780fb3bd90412177ea9195fd7efd62a162f5201c0f3486fd6fa190e,blinded-annotation-v2-shortrefs
C006,K022,judge_b,0,labeled,No caffeine timing or intake data in wearable record.,Requires known afternoon or evening caffeine use with sleeping difficulty.,Caffeine history unknown; required context missing.,qwen3.8-max,afdfe52ab780fb3bd90412177ea9195fd7efd62a162f5201c0f3486fd6fa190e,blinded-annotation-v2-shortrefs
C006,K023,judge_b,0,labeled,No meal timing or size data in wearable record.,Requires known large meal shortly before bed.,Meal information unknown; required context missing.,qwen3.8-max,afdfe52ab780fb3bd90412177ea9195fd7efd62a162f5201c0f3486fd6fa190e,blinded-annotation-v2-shortrefs
C006,K024,judge_b,0,labeled,No alcohol intake or timing data in wearable record.,Requires alcohol use near bedtime to be reported.,Alcohol exposure unknown; required context missing.,qwen3.8-max,afdfe52ab780fb3bd90412177ea9195fd7efd62a162f5201c0f3486fd6fa190e,blinded-annotation-v2-shortrefs
C006,K025,judge_b,0,labeled,No nicotine use data in wearable record.,Requires nicotine exposure to be established.,Nicotine use unknown; required context missing.,qwen3.8-max,afdfe52ab780fb3bd90412177ea9195fd7efd62a162f5201c0f3486fd6fa190e,blinded-annotation-v2-shortrefs
C006,K026,judge_b,0,labeled,"No bedroom environment data (light, noise, temperature) in wearable record.",Requires known disruptive bedroom environment.,Environment unknown; required context missing.,qwen3.8-max,afdfe52ab780fb3bd90412177ea9195fd7efd62a162f5201c0f3486fd6fa190e,blinded-annotation-v2-shortrefs
C006,K027,judge_b,0,labeled,No pre-bed routine information or reported difficulty relaxing in data.,Requires reported difficulty relaxing or request for routine options.,No evidence of relaxation issues; required context missing.,qwen3.8-max,afdfe52ab780fb3bd90412177ea9195fd7efd62a162f5201c0f3486fd6fa190e,blinded-annotation-v2-shortrefs
C006,K028,judge_b,0,labeled,No nap data recorded in wearable observations.,Requires adult naps to be recorded or reported.,Nap history unknown; required context missing.,qwen3.8-max,afdfe52ab780fb3bd90412177ea9195fd7efd62a162f5201c0f3486fd6fa190e,blinded-annotation-v2-shortrefs
C006,K029,judge_b,0,labeled,No shift work information; sleep times are stable overnight pattern.,Requires confirmed shift-work schedule.,"Shift work unknown; required context missing, non-applicable.",qwen3.8-max,afdfe52ab780fb3bd90412177ea9195fd7efd62a162f5201c0f3486fd6fa190e,blinded-annotation-v2-shortrefs
C006,K030,judge_b,0,labeled,No shift work established in data.,Requires shift work to be established.,No confirmed shift work; non-applicable condition met.,qwen3.8-max,afdfe52ab780fb3bd90412177ea9195fd7efd62a162f5201c0f3486fd6fa190e,blinded-annotation-v2-shortrefs
C006,K031,judge_b,0,labeled,No shift work or caffeine use data in wearable record.,Requires shift worker using caffeine.,Shift work and caffeine unknown; required context missing.,qwen3.8-max,afdfe52ab780fb3bd90412177ea9195fd7efd62a162f5201c0f3486fd6fa190e,blinded-annotation-v2-shortrefs
C006,K032,judge_b,0,labeled,"All sleep periods are overnight (start ~22:43-22:58, end 07:00).",Requires daytime sleep associated with shift work.,Only ordinary overnight sleep recorded; non-applicable condition met.,qwen3.8-max,afdfe52ab780fb3bd90412177ea9195fd7efd62a162f5201c0f3486fd6fa190e,blinded-annotation-v2-shortrefs
C006,K033,judge_b,0,labeled,"Sleep pattern is stable; start times vary within ~16 min range, no major change.",Requires a changed or variable sleep pattern needing review.,Sleep pattern is consistent; no substantial variability requiring diary review.,qwen3.8-max,afdfe52ab780fb3bd90412177ea9195fd7efd62a162f5201c0f3486fd6fa190e,blinded-annotation-v2-shortrefs
C006,K034,judge_b,0,labeled,Sleep consistently ~7.7-7.9h; no several shortened nights observed.,Requires several shortened nights rather than a single isolated reading.,No repeated sleep loss; observable condition not met.,qwen3.8-max,afdfe52ab780fb3bd90412177ea9195fd7efd62a162f5201c0f3486fd6fa190e,blinded-annotation-v2-shortrefs
C006,K035,judge_b,0,labeled,Weekend sleep mean 468.0 min vs weekday 467.6 min in window; no extra weekend sleep.,Requires longer sleep and later timing on days off.,No weekend sleep extension observed; observable condition not met.,qwen3.8-max,afdfe52ab780fb3bd90412177ea9195fd7efd62a162f5201c0f3486fd6fa190e,blinded-annotation-v2-shortrefs
C006,K036,judge_b,0,labeled,No nap information recorded in wearable data.,Requires recorded naps after shortened night-time sleep.,Nap history unknown; required context missing.,qwen3.8-max,afdfe52ab780fb3bd90412177ea9195fd7efd62a162f5201c0f3486fd6fa190e,blinded-annotation-v2-shortrefs
C006,K037,judge_b,0,labeled,No reported bad nights or insomnia symptoms; sleep pattern stable.,Requires recent bad night and sleeping difficulties.,No insomnia evidence; required context missing.,qwen3.8-max,afdfe52ab780fb3bd90412177ea9195fd7efd62a162f5201c0f3486fd6fa190e,blinded-annotation-v2-shortrefs
C006,K038,judge_b,0,labeled,No reported sleeping difficulties; only 14-day window of device estimates.,Non-applicable when diagnosing insomnia from estimated sleep hours.,No symptom history; non-applicable condition met per instructions.,qwen3.8-max,afdfe52ab780fb3bd90412177ea9195fd7efd62a162f5201c0f3486fd6fa190e,blinded-annotation-v2-shortrefs
C006,K039,judge_b,0,labeled,No travel history in data; sleep timing stable.,"Requires confirmed travel, destination time zone, and trip duration.",No travel history; required context missing.,qwen3.8-max,afdfe52ab780fb3bd90412177ea9195fd7efd62a162f5201c0f3486fd6fa190e,blinded-annotation-v2-shortrefs
C006,K040,judge_b,0,labeled,No travel or trip information in wearable data.,Requires a short trip across time zones to be planned.,Travel context unknown; required context missing.,qwen3.8-max,afdfe52ab780fb3bd90412177ea9195fd7efd62a162f5201c0f3486fd6fa190e,blinded-annotation-v2-shortrefs
C006,K041,judge_b,0,labeled,Activity intensity unknown; steps cannot be equated with guideline compliance.,Non-applicable when equating steps directly with guideline compliance.,Intensity unknown; non-applicable condition met per instructions.,qwen3.8-max,afdfe52ab780fb3bd90412177ea9195fd7efd62a162f5201c0f3486fd6fa190e,blinded-annotation-v2-shortrefs
C006,K042,judge_b,0,labeled,Activity stable ~55 min/day; no recently low or reduced physical activity.,Requires recently low or reduced physical activity.,Activity not reduced; observable condition not met.,qwen3.8-max,afdfe52ab780fb3bd90412177ea9195fd7efd62a162f5201c0f3486fd6fa190e,blinded-annotation-v2-shortrefs
C006,K043,judge_b,0,labeled,Activity intensity labeled 'unknown' for all intervals across both periods.,Non-applicable when only steps or unspecified active minutes are available.,Intensity unknown; non-applicable condition explicitly met per instructions.,qwen3.8-max,afdfe52ab780fb3bd90412177ea9195fd7efd62a162f5201c0f3486fd6fa190e,blinded-annotation-v2-shortrefs
C006,K044,judge_b,0,labeled,All activity intensity labeled 'unknown'; no vigorous activity documented.,Non-applicable when intensity is unknown.,Cannot confirm vigorous activity; non-applicable condition met.,qwen3.8-max,afdfe52ab780fb3bd90412177ea9195fd7efd62a162f5201c0f3486fd6fa190e,blinded-annotation-v2-shortrefs
C006,K045,judge_b,0,labeled,Activity ~55 min/day stable; no reduced activity or limited session opportunities.,Requires reduced activity or limited opportunities for long sessions.,Activity not reduced; observable condition not met.,qwen3.8-max,afdfe52ab780fb3bd90412177ea9195fd7efd62a162f5201c0f3486fd6fa190e,blinded-annotation-v2-shortrefs
C006,K046,judge_b,0,labeled,Only steps and generic movement counts available; no strengthening records.,Non-applicable when only step or generic movement counts are available.,No strengthening data; non-applicable condition met per instructions.,qwen3.8-max,afdfe52ab780fb3bd90412177ea9195fd7efd62a162f5201c0f3486fd6fa190e,blinded-annotation-v2-shortrefs
C006,K047,judge_b,0,labeled,Activity intensity unknown; guideline attainment unverified.,Non-applicable when intensity unknown or guideline attainment unverified.,Cannot verify guideline attainment; non-applicable condition met.,qwen3.8-max,afdfe52ab780fb3bd90412177ea9195fd7efd62a162f5201c0f3486fd6fa190e,blinded-annotation-v2-shortrefs
C006,K048,judge_b,0,labeled,All activity intervals have intensity 'unknown'; no fitness context provided.,Non-applicable when inferring intensity from steps alone.,"Intensity cannot be assigned; required context missing, non-applicable condition met.",qwen3.8-max,afdfe52ab780fb3bd90412177ea9195fd7efd62a162f5201c0f3486fd6fa190e,blinded-annotation-v2-shortrefs
C006,K049,judge_b,0,labeled,All activity intensity labeled 'unknown'; no breathing or talk-test observations.,Non-applicable when effort or aerobic-activity context is unrecorded.,Effort unrecorded; non-applicable condition met per instructions.,qwen3.8-max,afdfe52ab780fb3bd90412177ea9195fd7efd62a162f5201c0f3486fd6fa190e,blinded-annotation-v2-shortrefs
C006,K050,judge_b,1,labeled,Steps decreased ~112/day mean in window; activity intensity unknown throughout.,Requires steps changing while other activity may differ.,Explains step decrease may not reflect total activity change when intensity unknown.,qwen3.8-max,afdfe52ab780fb3bd90412177ea9195fd7efd62a162f5201c0f3486fd6fa190e,blinded-annotation-v2-shortrefs
C006,K051,judge_b,0,labeled,"Steps stable: baseline mean 8066, window mean 7954; no clear decline.",Requires low or declining routine movement.,No substantial movement decline observed; condition not supported by data.,qwen3.8-max,afdfe52ab780fb3bd90412177ea9195fd7efd62a162f5201c0f3486fd6fa190e,blinded-annotation-v2-shortrefs
C006,K052,judge_b,0,labeled,Activity habit stable ~55 min/day; no difficulty maintaining activity.,Requires activity habit to be low or difficult to maintain.,Activity maintained consistently; observable condition not met.,qwen3.8-max,afdfe52ab780fb3bd90412177ea9195fd7efd62a162f5201c0f3486fd6fa190e,blinded-annotation-v2-shortrefs
C006,K053,judge_b,0,labeled,No reported motivational barrier or social preference data in wearable record.,Requires a person wanting support maintaining activity.,No evidence of motivational barrier; required context missing.,qwen3.8-max,afdfe52ab780fb3bd90412177ea9195fd7efd62a162f5201c0f3486fd6fa190e,blinded-annotation-v2-shortrefs
C006,K054,judge_b,0,labeled,No reported time barrier; activity stable ~55 min/day.,Requires low activity with a reported time barrier.,No time barrier reported; required context missing.,qwen3.8-max,afdfe52ab780fb3bd90412177ea9195fd7efd62a162f5201c0f3486fd6fa190e,blinded-annotation-v2-shortrefs
C006,K055,judge_b,0,labeled,No reported competing demands or schedule constraints in wearable data.,Requires reported competing demands reducing activity and schedule constraints.,"No evidence of schedule barriers; required context missing, generic advice only.",qwen3.8-max,afdfe52ab780fb3bd90412177ea9195fd7efd62a162f5201c0f3486fd6fa190e,blinded-annotation-v2-shortrefs
C006,K056,judge_b,0,labeled,No chronic condition or disability context in data.,Requires relevant health condition and activity safety history.,Medical context unknown; required context missing.,qwen3.8-max,afdfe52ab780fb3bd90412177ea9195fd7efd62a162f5201c0f3486fd6fa190e,blinded-annotation-v2-shortrefs
C006,K057,judge_b,1,labeled,"Daytime low-movement intervals ~44-46 min each, 10 per day, total ~451 min.",Requires long uninterrupted daytime low-movement intervals with adequate wear coverage.,Data show repeated ~45-min low-movement blocks with 720 min wear; contextual connection supported.,qwen3.8-max,afdfe52ab780fb3bd90412177ea9195fd7efd62a162f5201c0f3486fd6fa190e,blinded-annotation-v2-shortrefs
C006,K058,judge_b,1,labeled,~55 min activity coexists with ~451 min low movement daily across both periods.,Requires recorded activity coexisting with substantial low-movement periods.,Supported contextual connection: activity and prolonged low movement coexist in data.,qwen3.8-max,afdfe52ab780fb3bd90412177ea9195fd7efd62a162f5201c0f3486fd6fa190e,blinded-annotation-v2-shortrefs
C006,K059,judge_b,1,labeled,Daily low movement ~451-453 min across both periods; stable pattern.,Requires substantial or increasing daily low movement.,Substantial low movement present; contextual connection though sitting not confirmed.,qwen3.8-max,afdfe52ab780fb3bd90412177ea9195fd7efd62a162f5201c0f3486fd6fa190e,blinded-annotation-v2-shortrefs
C006,K060,judge_b,0,labeled,No commuting or transport context in data.,Requires sedentary commuting to be established with transport context.,Commute unknown; required context missing.,qwen3.8-max,afdfe52ab780fb3bd90412177ea9195fd7efd62a162f5201c0f3486fd6fa190e,blinded-annotation-v2-shortrefs
C006,K061,judge_b,0,labeled,No workplace layout or desk work context in data.,Requires desk work with prolonged sitting and workplace context.,Work context unknown; required context missing.,qwen3.8-max,afdfe52ab780fb3bd90412177ea9195fd7efd62a162f5201c0f3486fd6fa190e,blinded-annotation-v2-shortrefs
C006,K062,judge_b,0,labeled,No workplace or meeting information in data.,Requires meetings or desk work involving prolonged sitting with workplace context.,Workplace context unknown; required context missing.,qwen3.8-max,afdfe52ab780fb3bd90412177ea9195fd7efd62a162f5201c0f3486fd6fa190e,blinded-annotation-v2-shortrefs
C006,K063,judge_b,0,labeled,No television-viewing context in wearable data.,Requires prolonged sitting while watching television.,Screen habits unknown; required context missing.,qwen3.8-max,afdfe52ab780fb3bd90412177ea9195fd7efd62a162f5201c0f3486fd6fa190e,blinded-annotation-v2-shortrefs
C006,K064,judge_b,0,labeled,No leisure context or seated habit information beyond low-movement intervals.,Requires substantial habitual seated leisure with routine context.,Leisure context unknown; required context missing.,qwen3.8-max,afdfe52ab780fb3bd90412177ea9195fd7efd62a162f5201c0f3486fd6fa190e,blinded-annotation-v2-shortrefs
C006,K065,judge_b,1,labeled,Steps ~8000/day and activity ~55 min/day; everyday movement included in totals.,Requires distinguishing everyday movement from planned exercise.,"Contextual connection: steps include everyday movement, not just formal exercise.",qwen3.8-max,afdfe52ab780fb3bd90412177ea9195fd7efd62a162f5201c0f3486fd6fa190e,blinded-annotation-v2-shortrefs
C006,K066,judge_b,0,labeled,No workday lunch-break context in data.,Requires daytime low movement with known workday lunch-break context.,Lunch-break context unknown; required context missing.,qwen3.8-max,afdfe52ab780fb3bd90412177ea9195fd7efd62a162f5201c0f3486fd6fa190e,blinded-annotation-v2-shortrefs
C006,K067,judge_b,0,labeled,No stair access or mobility context in data.,Requires low incidental movement with accessible stairs.,Stair access unknown; required context missing.,qwen3.8-max,afdfe52ab780fb3bd90412177ea9195fd7efd62a162f5201c0f3486fd6fa190e,blinded-annotation-v2-shortrefs
C006,K068,judge_b,2,labeled,"Low movement intervals ~44-46 min each, totaling ~451-453 min/day across both periods.",Requires low-movement intervals without posture measurement.,"Directly explains that device low movement is not confirmed sitting, matching data structure.",qwen3.8-max,afdfe52ab780fb3bd90412177ea9195fd7efd62a162f5201c0f3486fd6fa190e,blinded-annotation-v2-shortrefs
C006,K069,judge_b,0,labeled,Activity and sleep patterns available but stable; no particular change to explain.,Non-applicable when declaring causal effect from paired observations.,Generic benefit statement; no specific causal pattern to explain in stable data.,qwen3.8-max,afdfe52ab780fb3bd90412177ea9195fd7efd62a162f5201c0f3486fd6fa190e,blinded-annotation-v2-shortrefs
C006,K070,judge_b,0,labeled,Activity stable ~55 min/day; no changed sleep routine observed.,Requires low daytime activity accompanying a changed sleep routine.,No sleep routine change or low activity; conditions not met.,qwen3.8-max,afdfe52ab780fb3bd90412177ea9195fd7efd62a162f5201c0f3486fd6fa190e,blinded-annotation-v2-shortrefs
C006,K071,judge_b,1,labeled,"Activity intervals consistently 21:00-~21:55, approximately 1 hour before sleep start ~22:43-22:58.",Requires activity occurring close to bedtime.,Late activity occurs near bedtime; contextual connection supported though intensity unknown.,qwen3.8-max,afdfe52ab780fb3bd90412177ea9195fd7efd62a162f5201c0f3486fd6fa190e,blinded-annotation-v2-shortrefs
C006,K072,judge_b,0,labeled,No reported insomnia symptoms; only timestamps available.,Non-applicable when only movement and sleep timestamps are known.,No insomnia history; non-applicable condition met per instructions.,qwen3.8-max,afdfe52ab780fb3bd90412177ea9195fd7efd62a162f5201c0f3486fd6fa190e,blinded-annotation-v2-shortrefs
C006,K073,judge_b,1,labeled,Activity intervals 21:00-~21:55 recorded; sleep starts ~22:43-22:58 same calendar date.,Requires activity intervals needed for timing comparisons.,Supports recording exercise timing alongside sleep; contextual connection to observed late activity.,qwen3.8-max,afdfe52ab780fb3bd90412177ea9195fd7efd62a162f5201c0f3486fd6fa190e,blinded-annotation-v2-shortrefs
C006,K074,judge_b,0,labeled,No emergency-response deployment context in data.,Requires confirmed emergency-response deployment context.,Deployment context unknown; non-applicable condition met.,qwen3.8-max,afdfe52ab780fb3bd90412177ea9195fd7efd62a162f5201c0f3486fd6fa190e,blinded-annotation-v2-shortrefs
C006,K075,judge_b,0,labeled,No tiredness or energy history reported in data.,Requires reported tiredness limiting activity.,No tiredness history; required context missing.,qwen3.8-max,afdfe52ab780fb3bd90412177ea9195fd7efd62a162f5201c0f3486fd6fa190e,blinded-annotation-v2-shortrefs
C006,K076,judge_b,0,labeled,No substance or medication data recorded alongside sleep and activity.,Requires substance and medication history for causal interpretation.,No exposures recorded; required context missing.,qwen3.8-max,afdfe52ab780fb3bd90412177ea9195fd7efd62a162f5201c0f3486fd6fa190e,blinded-annotation-v2-shortrefs
C006,K077,judge_b,2,labeled,"RHR recorded daily: baseline mean 56.3 bpm, window mean 55.8 bpm.",Requires resting heart rate observations to be available.,Directly explains the RHR metric definition used throughout the dataset.,qwen3.8-max,afdfe52ab780fb3bd90412177ea9195fd7efd62a162f5201c0f3486fd6fa190e,blinded-annotation-v2-shortrefs
C006,K078,judge_b,2,labeled,Daily RHR recorded (55-57 bpm); distinct from any sleeping heart rate measure.,Requires a daily resting heart-rate trend being interpreted with known collection context.,Directly explains RHR differs from sleeping HR; core to correctly interpreting the RHR metric.,qwen3.8-max,afdfe52ab780fb3bd90412177ea9195fd7efd62a162f5201c0f3486fd6fa190e,blinded-annotation-v2-shortrefs
C006,K079,judge_b,1,labeled,RHR varies 55-57 bpm across both periods; slight decrease in window mean.,Requires RHR changes relative to previous readings.,Explains that RHR variation has multiple causes; supports cautious interpretation of small changes.,qwen3.8-max,afdfe52ab780fb3bd90412177ea9195fd7efd62a162f5201c0f3486fd6fa190e,blinded-annotation-v2-shortrefs
C006,K080,judge_b,2,labeled,HRV RMSSD and RHR both recorded nightly; distinct metrics in dataset.,Requires HRV and heart-rate estimates being interpreted together.,"Directly explains HRV measures beat-to-beat variation, distinct from average RHR.",qwen3.8-max,afdfe52ab780fb3bd90412177ea9195fd7efd62a162f5201c0f3486fd6fa190e,blinded-annotation-v2-shortrefs
C006,K081,judge_b,2,labeled,"HRV RMSSD baseline mean 45.3 ms, window mean 43.1 ms; one outlier 23 ms on Apr 5.",Requires an HRV level or trend being reviewed.,Directly explains HRV is personal and context-dependent; core to interpreting the Apr 5 outlier.,qwen3.8-max,afdfe52ab780fb3bd90412177ea9195fd7efd62a162f5201c0f3486fd6fa190e,blinded-annotation-v2-shortrefs
C006,K082,judge_b,1,labeled,"28-day baseline provides personal range for RHR, HRV, sleep, and steps.",Requires sufficient same-metric personal history for vital change comparison.,Baseline data supports personal range context; supported contextual connection.,qwen3.8-max,afdfe52ab780fb3bd90412177ea9195fd7efd62a162f5201c0f3486fd6fa190e,blinded-annotation-v2-shortrefs
C006,K083,judge_b,1,labeled,RHR recorded over 28 baseline + 14 window days; window mean slightly lower than baseline.,Requires repeated resting heart-rate readings or a recent change.,Supports reviewing RHR trend over multiple days rather than single readings.,qwen3.8-max,afdfe52ab780fb3bd90412177ea9195fd7efd62a162f5201c0f3486fd6fa190e,blinded-annotation-v2-shortrefs
C006,K084,judge_b,2,labeled,HRV RMSSD outlier 23 ms on Apr 5 vs typical 43-47 ms; wellness monitoring context.,Requires an HRV trend available for wellness monitoring.,Directly explains HRV is wellness observation not diagnosis; core to interpreting the outlier.,qwen3.8-max,afdfe52ab780fb3bd90412177ea9195fd7efd62a162f5201c0f3486fd6fa190e,blinded-annotation-v2-shortrefs
C006,K085,judge_b,2,labeled,HRV reported as hrv_rmssd_ms; metadata confirms 'night RMSSD' metric definition.,Requires HRV records identifying RMSSD as their metric.,Directly confirms the HRV metric formula used in this dataset.,qwen3.8-max,afdfe52ab780fb3bd90412177ea9195fd7efd62a162f5201c0f3486fd6fa190e,blinded-annotation-v2-shortrefs
C006,K086,judge_b,1,labeled,HRV RMSSD recorded nightly; one outlier 23 ms on Apr 5 vs baseline 43-47 ms.,Requires overnight HRV estimates being compared.,Explains HRV collection depends on longest sleep period; relevant to interpreting nightly RMSSD values.,qwen3.8-max,afdfe52ab780fb3bd90412177ea9195fd7efd62a162f5201c0f3486fd6fa190e,blinded-annotation-v2-shortrefs
C006,K087,judge_b,0,labeled,Only sleep duration and timing available; no sleep-stage measurements in data.,Non-applicable when only sleep duration and timing are available.,No sleep-stage data; non-applicable condition met per instructions.,qwen3.8-max,afdfe52ab780fb3bd90412177ea9195fd7efd62a162f5201c0f3486fd6fa190e,blinded-annotation-v2-shortrefs
C006,K088,judge_b,0,labeled,No reported health concerns or symptoms in data.,Requires reported health concerns or symptoms.,No health concerns reported; required context missing.,qwen3.8-max,afdfe52ab780fb3bd90412177ea9195fd7efd62a162f5201c0f3486fd6fa190e,blinded-annotation-v2-shortrefs
C006,K089,judge_b,0,labeled,No evidence of wear quality changes or fit problems in data.,Non-applicable when assuming fit problems without evidence.,No fit issue evidence; non-applicable condition met per instructions.,qwen3.8-max,afdfe52ab780fb3bd90412177ea9195fd7efd62a162f5201c0f3486fd6fa190e,blinded-annotation-v2-shortrefs
C006,K090,judge_b,1,labeled,Nighttime coverage 482-498 min recorded separately from daytime 720 min wear.,Requires separate night-time wear information for overnight vitals.,"Supports that overnight vitals require night-time coverage, which is present here.",qwen3.8-max,afdfe52ab780fb3bd90412177ea9195fd7efd62a162f5201c0f3486fd6fa190e,blinded-annotation-v2-shortrefs
C006,K091,judge_b,1,labeled,All vitals present; nighttime coverage 482-498 min exceeds 180 min threshold.,Requires compatible device and sleep coverage context.,Confirms adequate coverage for vitals; contextual connection explaining why no data is missing.,qwen3.8-max,afdfe52ab780fb3bd90412177ea9195fd7efd62a162f5201c0f3486fd6fa190e,blinded-annotation-v2-shortrefs
C006,K092,judge_b,0,labeled,"No missing vitals; all 42 days have complete RHR, HRV, sleep, and step data.",Requires vitals to be missing or delayed.,All data present; observable condition not met.,qwen3.8-max,afdfe52ab780fb3bd90412177ea9195fd7efd62a162f5201c0f3486fd6fa190e,blinded-annotation-v2-shortrefs
C006,K093,judge_b,0,labeled,Single synthetic device used throughout; no device switch indicated.,Requires heart-rate series involving a device or algorithm change.,"No device change; required condition not met, item not informative.",qwen3.8-max,afdfe52ab780fb3bd90412177ea9195fd7efd62a162f5201c0f3486fd6fa190e,blinded-annotation-v2-shortrefs
C006,K094,judge_b,2,labeled,Sleep duration metrics derived from device estimates; nighttime coverage ~482-498 min.,Requires device-estimated sleep duration and sleep boundaries to be available.,Directly explains how device sleep duration differs from time-in-bed; core to interpreting data.,qwen3.8-max,afdfe52ab780fb3bd90412177ea9195fd7efd62a162f5201c0f3486fd6fa190e,blinded-annotation-v2-shortrefs
C006,K095,judge_b,2,labeled,Nighttime coverage 482-498 min across all nights; no missing sleep observations.,Requires night-time wear record for sleep readings.,Directly explains overnight wear requirement; confirms valid sleep data collection in this dataset.,qwen3.8-max,afdfe52ab780fb3bd90412177ea9195fd7efd62a162f5201c0f3486fd6fa190e,blinded-annotation-v2-shortrefs
C006,K096,judge_b,1,labeled,Steps range 7632-8418; slight window decrease of ~112 steps/day mean difference.,Requires step readings changing with possible measurement limitations.,Explains step count limitations; contextual connection to interpreting small step variations.,qwen3.8-max,afdfe52ab780fb3bd90412177ea9195fd7efd62a162f5201c0f3486fd6fa190e,blinded-annotation-v2-shortrefs
C007,K001,judge_b,2,labeled,"Age band 18-60; baseline sleep mean 328 min (~5.5h), window mean 448 min (~7.5h).",Requires age 18-60 and sleep below 7h recommendation.,Core explanation: baseline sleep was below 7h recommendation; window sleep meets it.,qwen3.8-max,428834dbbcc26cadebdc4725f24cd10683da60f71d686cfc80c18d56514b2c17,blinded-annotation-v2-shortrefs
C007,K002,judge_b,0,labeled,Age band is 18-60.,Requires age 61 to 64 established.,Subject is 18-60; item explicitly non-applicable.,qwen3.8-max,428834dbbcc26cadebdc4725f24cd10683da60f71d686cfc80c18d56514b2c17,blinded-annotation-v2-shortrefs
C007,K003,judge_b,0,labeled,Age band is 18-60.,Requires age at least 65.,Subject is under 65; item explicitly non-applicable.,qwen3.8-max,428834dbbcc26cadebdc4725f24cd10683da60f71d686cfc80c18d56514b2c17,blinded-annotation-v2-shortrefs
C007,K004,judge_b,0,labeled,Age band is 18-60.,Requires teenage age group (13-17).,Subject is an adult; item explicitly non-applicable.,qwen3.8-max,428834dbbcc26cadebdc4725f24cd10683da60f71d686cfc80c18d56514b2c17,blinded-annotation-v2-shortrefs
C007,K005,judge_b,0,labeled,Window sleep increased to ~448 min; no schedule constraint data.,Requires repeatedly shortened sleep opportunity and schedule constraint.,Current sleep is longer; no evidence of schedule-driven shortage.,qwen3.8-max,428834dbbcc26cadebdc4725f24cd10683da60f71d686cfc80c18d56514b2c17,blinded-annotation-v2-shortrefs
C007,K006,judge_b,1,labeled,Baseline sleep consistently ~322-338 min (~5.4-5.6h) over 28 days.,Requires consistently short sleep even without new decline.,Baseline shows stable short sleep; item correctly notes routine stability does not prove adaptation.,qwen3.8-max,428834dbbcc26cadebdc4725f24cd10683da60f71d686cfc80c18d56514b2c17,blinded-annotation-v2-shortrefs
C007,K007,judge_b,1,labeled,Sleep duration recorded (322-457 min); no quality metrics like awakenings.,Requires sleep duration recorded but quality unknown; duration alone doesn't prove quality.,Correctly notes that available duration data does not establish sleep quality.,qwen3.8-max,428834dbbcc26cadebdc4725f24cd10683da60f71d686cfc80c18d56514b2c17,blinded-annotation-v2-shortrefs
C007,K008,judge_b,0,labeled,"Only sleep duration, start, and end recorded; no awakening data.",Requires awakening history or measured sleep continuity.,Awakenings not measured; only duration and timing available.,qwen3.8-max,428834dbbcc26cadebdc4725f24cd10683da60f71d686cfc80c18d56514b2c17,blinded-annotation-v2-shortrefs
C007,K009,judge_b,0,labeled,Window sleep ~448 min; no subjective refreshment data.,Requires >8h sleep with reported lack of refreshment.,Sleep is under 8h and no refreshment report exists.,qwen3.8-max,428834dbbcc26cadebdc4725f24cd10683da60f71d686cfc80c18d56514b2c17,blinded-annotation-v2-shortrefs
C007,K010,judge_b,0,labeled,Baseline sleep ~5.5h; no cognitive symptom data.,Requires repeatedly shortened sleep and symptoms for impairment claims.,No symptoms reported; cannot establish cognitive impairment from wearable data.,qwen3.8-max,428834dbbcc26cadebdc4725f24cd10683da60f71d686cfc80c18d56514b2c17,blinded-annotation-v2-shortrefs
C007,K011,judge_b,0,labeled,Baseline sleep mean 328 min (~5.5h); window sleep mean 448 min (~7.5h).,Requires several nights of reduced sleep duration currently.,"Current window shows increased sleep, not repeated sleep restriction.",qwen3.8-max,428834dbbcc26cadebdc4725f24cd10683da60f71d686cfc80c18d56514b2c17,blinded-annotation-v2-shortrefs
C007,K012,judge_b,0,labeled,Baseline sleep ~5.5h; no infection or immune data.,Requires ongoing insufficient sleep; warns against inferring infection.,"Generic background; current sleep improved, no infection data.",qwen3.8-max,428834dbbcc26cadebdc4725f24cd10683da60f71d686cfc80c18d56514b2c17,blinded-annotation-v2-shortrefs
C007,K013,judge_b,0,labeled,Baseline sleep ~5.5h; no food intake or appetite data.,Requires food intake or appetite information for individual claims.,Appetite data absent; cannot link sleep to hunger hormones individually.,qwen3.8-max,428834dbbcc26cadebdc4725f24cd10683da60f71d686cfc80c18d56514b2c17,blinded-annotation-v2-shortrefs
C007,K014,judge_b,0,labeled,No sleepiness reports or driving context data.,Requires reported sleepiness and driving plans.,Sleepiness and driving context unknown; required conditions not met.,qwen3.8-max,428834dbbcc26cadebdc4725f24cd10683da60f71d686cfc80c18d56514b2c17,blinded-annotation-v2-shortrefs
C007,K015,judge_b,1,labeled,"Baseline sleep ~5.5h, window ~7.5h; age 18-60.",Requires adult sleep duration being reviewed alongside individual experience.,Notes sleep needs vary; relevant context for interpreting the 5.5h baseline duration.,qwen3.8-max,428834dbbcc26cadebdc4725f24cd10683da60f71d686cfc80c18d56514b2c17,blinded-annotation-v2-shortrefs
C007,K016,judge_b,0,labeled,14-day window data; no reported insomnia symptoms.,Requires months-long sleeping difficulties or failed habit changes.,Window too short; no insomnia symptoms reported.,qwen3.8-max,428834dbbcc26cadebdc4725f24cd10683da60f71d686cfc80c18d56514b2c17,blinded-annotation-v2-shortrefs
C007,K017,judge_b,0,labeled,Sleep start variance ~28 min²; sleep end variance 0 across all days.,Requires repeated variability in bedtime or wake time.,Schedule is highly consistent; item condition of variability not met.,qwen3.8-max,428834dbbcc26cadebdc4725f24cd10683da60f71d686cfc80c18d56514b2c17,blinded-annotation-v2-shortrefs
C007,K018,judge_b,0,labeled,Sleep end is exactly 07:00 daily in both periods; no reported insomnia.,Requires inconsistent wake time with reported sleeping difficulties.,Wake time is perfectly consistent; no sleeping difficulties reported.,qwen3.8-max,428834dbbcc26cadebdc4725f24cd10683da60f71d686cfc80c18d56514b2c17,blinded-annotation-v2-shortrefs
C007,K019,judge_b,0,labeled,Sleep start/end times are consistent across weekdays and weekends in both periods.,Requires substantial weekday/weekend schedule differences.,No weekday-weekend difference observed; condition not met.,qwen3.8-max,428834dbbcc26cadebdc4725f24cd10683da60f71d686cfc80c18d56514b2c17,blinded-annotation-v2-shortrefs
C007,K020,judge_b,0,labeled,Sleep start times recorded; no pre-bed activity data.,Requires information about pre-bed activities.,Bedtime routine content unknown; timestamps alone insufficient.,qwen3.8-max,428834dbbcc26cadebdc4725f24cd10683da60f71d686cfc80c18d56514b2c17,blinded-annotation-v2-shortrefs
C007,K021,judge_b,0,labeled,No screen or light exposure data in wearable records.,Requires known bright-screen exposure shortly before bed.,Exposure unknown; required context not met.,qwen3.8-max,428834dbbcc26cadebdc4725f24cd10683da60f71d686cfc80c18d56514b2c17,blinded-annotation-v2-shortrefs
C007,K022,judge_b,0,labeled,No caffeine intake or timing data in wearable records.,Requires known afternoon/evening caffeine use with sleeping difficulty.,Caffeine history unknown; required context not met.,qwen3.8-max,428834dbbcc26cadebdc4725f24cd10683da60f71d686cfc80c18d56514b2c17,blinded-annotation-v2-shortrefs
C007,K023,judge_b,0,labeled,No meal timing or size data in wearable records.,Requires known large meal shortly before bed.,Meal information unknown; required context not met.,qwen3.8-max,428834dbbcc26cadebdc4725f24cd10683da60f71d686cfc80c18d56514b2c17,blinded-annotation-v2-shortrefs
C007,K024,judge_b,0,labeled,No alcohol intake data in wearable records.,Requires alcohol intake and timing.,Alcohol exposure unknown; required context not met.,qwen3.8-max,428834dbbcc26cadebdc4725f24cd10683da60f71d686cfc80c18d56514b2c17,blinded-annotation-v2-shortrefs
C007,K025,judge_b,0,labeled,No nicotine use recorded in wearable data.,Requires established nicotine exposure.,Nicotine use is unknown; required context not met.,qwen3.8-max,428834dbbcc26cadebdc4725f24cd10683da60f71d686cfc80c18d56514b2c17,blinded-annotation-v2-shortrefs
C007,K026,judge_b,0,labeled,No bedroom environment data in wearable records.,Requires known disruptive bedroom environment.,Environment unknown; required context not met.,qwen3.8-max,428834dbbcc26cadebdc4725f24cd10683da60f71d686cfc80c18d56514b2c17,blinded-annotation-v2-shortrefs
C007,K027,judge_b,0,labeled,No pre-bed routine or relaxation difficulty data.,Requires reported difficulty relaxing or request for routine options.,No relaxation context; generic optional advice.,qwen3.8-max,428834dbbcc26cadebdc4725f24cd10683da60f71d686cfc80c18d56514b2c17,blinded-annotation-v2-shortrefs
C007,K028,judge_b,0,labeled,No nap data recorded in wearable observations.,Requires recorded or reported adult naps.,Nap history unknown; required context not met.,qwen3.8-max,428834dbbcc26cadebdc4725f24cd10683da60f71d686cfc80c18d56514b2c17,blinded-annotation-v2-shortrefs
C007,K029,judge_b,0,labeled,Sleep times are highly consistent; no shift work indicated.,Requires changing work shifts and disrupted sleep schedule.,No shift work or variable sleep; conditions not met.,qwen3.8-max,428834dbbcc26cadebdc4725f24cd10683da60f71d686cfc80c18d56514b2c17,blinded-annotation-v2-shortrefs
C007,K030,judge_b,0,labeled,No shift work indicated; sleep is nocturnal and consistent.,Requires established shift work and lighting context.,No confirmed shift work; item explicitly non-applicable.,qwen3.8-max,428834dbbcc26cadebdc4725f24cd10683da60f71d686cfc80c18d56514b2c17,blinded-annotation-v2-shortrefs
C007,K031,judge_b,0,labeled,No shift work or caffeine data in wearable records.,Requires shift schedule and caffeine intake.,Shift work and caffeine unknown; conditions not met.,qwen3.8-max,428834dbbcc26cadebdc4725f24cd10683da60f71d686cfc80c18d56514b2c17,blinded-annotation-v2-shortrefs
C007,K032,judge_b,0,labeled,All sleep occurs overnight (23:00-07:00); no shift work indicated.,Requires daytime sleep associated with shift work.,Sleep is nocturnal; shift work context not established.,qwen3.8-max,428834dbbcc26cadebdc4725f24cd10683da60f71d686cfc80c18d56514b2c17,blinded-annotation-v2-shortrefs
C007,K033,judge_b,0,labeled,Sleep start shifted ~2h earlier; no diary of awakenings/naps.,Requires changed sleep pattern needing review; awakenings/naps need separate records.,Pattern changed but no awakenings/naps recorded; generic diary advice.,qwen3.8-max,428834dbbcc26cadebdc4725f24cd10683da60f71d686cfc80c18d56514b2c17,blinded-annotation-v2-shortrefs
C007,K034,judge_b,1,labeled,Baseline sleep ~5.5h for 28 days; window sleep ~7.5h for 14 days.,Requires several shortened nights; current improvement doesn't quantify recovery.,Relevant: 28 days of short baseline sleep accumulated loss; current increase doesn't confirm full recovery.,qwen3.8-max,428834dbbcc26cadebdc4725f24cd10683da60f71d686cfc80c18d56514b2c17,blinded-annotation-v2-shortrefs
C007,K035,judge_b,0,labeled,Weekday/weekend sleep means nearly identical in both periods.,Requires longer sleep and later timing on days off vs workdays.,No weekday-weekend sleep difference observed; condition not met.,qwen3.8-max,428834dbbcc26cadebdc4725f24cd10683da60f71d686cfc80c18d56514b2c17,blinded-annotation-v2-shortrefs
C007,K036,judge_b,0,labeled,No nap data recorded in wearable observations.,Requires recorded naps after shortened night-time sleep.,Nap information absent; required context not met.,qwen3.8-max,428834dbbcc26cadebdc4725f24cd10683da60f71d686cfc80c18d56514b2c17,blinded-annotation-v2-shortrefs
C007,K037,judge_b,0,labeled,No reported bad nights or insomnia symptoms.,Requires recent bad night and reported sleeping difficulties.,No insomnia symptoms; sleep is stable and improving.,qwen3.8-max,428834dbbcc26cadebdc4725f24cd10683da60f71d686cfc80c18d56514b2c17,blinded-annotation-v2-shortrefs
C007,K038,judge_b,0,labeled,14-day window; no symptom history or insomnia reports.,Requires symptom history and onset for duration categorization.,Cannot diagnose insomnia from 14 days of estimates without symptoms.,qwen3.8-max,428834dbbcc26cadebdc4725f24cd10683da60f71d686cfc80c18d56514b2c17,blinded-annotation-v2-shortrefs
C007,K039,judge_b,0,labeled,No travel history or flight data in wearable records.,"Requires confirmed travel, destination time zone, and trip duration.",Travel context unknown; sleep timing change not linked to travel.,qwen3.8-max,428834dbbcc26cadebdc4725f24cd10683da60f71d686cfc80c18d56514b2c17,blinded-annotation-v2-shortrefs
C007,K040,judge_b,0,labeled,No travel or time-zone data in wearable records.,Requires a short trip across time zones planned.,Travel context unknown; required conditions not met.,qwen3.8-max,428834dbbcc26cadebdc4725f24cd10683da60f71d686cfc80c18d56514b2c17,blinded-annotation-v2-shortrefs
C007,K041,judge_b,0,labeled,Activity ~55 min/day; intensity unknown.,Requires intensity information to count recommended aerobic minutes.,Generic advice; intensity unknown so guideline relevance cannot be established.,qwen3.8-max,428834dbbcc26cadebdc4725f24cd10683da60f71d686cfc80c18d56514b2c17,blinded-annotation-v2-shortrefs
C007,K042,judge_b,0,labeled,Activity ~55 min/day consistently; no recent inactivity period.,Requires recently low or reduced physical activity.,No evidence of recent inactivity; activity is stable across periods.,qwen3.8-max,428834dbbcc26cadebdc4725f24cd10683da60f71d686cfc80c18d56514b2c17,blinded-annotation-v2-shortrefs
C007,K043,judge_b,0,labeled,Activity ~55 min/day; intensity unknown throughout.,Requires known moderate-intensity aerobic minutes documented.,Intensity unknown; cannot determine guideline compliance.,qwen3.8-max,428834dbbcc26cadebdc4725f24cd10683da60f71d686cfc80c18d56514b2c17,blinded-annotation-v2-shortrefs
C007,K044,judge_b,0,labeled,Activity intensity labeled 'unknown' throughout.,Requires known vigorous intensity documented.,Intensity unknown; cannot apply vigorous activity target.,qwen3.8-max,428834dbbcc26cadebdc4725f24cd10683da60f71d686cfc80c18d56514b2c17,blinded-annotation-v2-shortrefs
C007,K045,judge_b,0,labeled,Activity ~55 min/day; intensity unknown.,Requires intensity for counting guideline minutes; assumes every minute is not moderate.,Intensity unknown; generic advice not specifically tied to observed pattern.,qwen3.8-max,428834dbbcc26cadebdc4725f24cd10683da60f71d686cfc80c18d56514b2c17,blinded-annotation-v2-shortrefs
C007,K046,judge_b,0,labeled,Only steps and activity duration recorded; no strengthening data.,Requires strengthening activity records including days and muscle groups.,No strengthening data available; steps cannot assess this.,qwen3.8-max,428834dbbcc26cadebdc4725f24cd10683da60f71d686cfc80c18d56514b2c17,blinded-annotation-v2-shortrefs
C007,K047,judge_b,0,labeled,Activity intensity labeled 'unknown' throughout all periods.,Requires known intensity and weekly duration.,Intensity unknown; cannot verify guideline attainment.,qwen3.8-max,428834dbbcc26cadebdc4725f24cd10683da60f71d686cfc80c18d56514b2c17,blinded-annotation-v2-shortrefs
C007,K048,judge_b,1,labeled,All activity intervals have intensity 'unknown'.,Requires activity intensity needing interpretation; cannot infer from steps alone.,Directly supports that unknown intensity cannot be assigned from step counts or active minutes.,qwen3.8-max,428834dbbcc26cadebdc4725f24cd10683da60f71d686cfc80c18d56514b2c17,blinded-annotation-v2-shortrefs
C007,K049,judge_b,0,labeled,All activity intensity labeled 'unknown'; no breathing/talk observations.,Requires observed effort during aerobic activity.,Effort unrecorded; cannot apply talk test.,qwen3.8-max,428834dbbcc26cadebdc4725f24cd10683da60f71d686cfc80c18d56514b2c17,blinded-annotation-v2-shortrefs
C007,K050,judge_b,0,labeled,Steps ~8000 stable; no non-step exercise type data.,Requires steps changing while other activity may differ.,Steps are stable; no evidence of missed non-step exercise.,qwen3.8-max,428834dbbcc26cadebdc4725f24cd10683da60f71d686cfc80c18d56514b2c17,blinded-annotation-v2-shortrefs
C007,K051,judge_b,0,labeled,Steps ~8000 daily; no declining routine movement.,Requires low or declining routine movement and transport context.,Movement is stable; no decline observed.,qwen3.8-max,428834dbbcc26cadebdc4725f24cd10683da60f71d686cfc80c18d56514b2c17,blinded-annotation-v2-shortrefs
C007,K052,judge_b,0,labeled,"Activity ~55 min/day, steps ~8000; no preference data.",Requires low or difficult-to-maintain activity habit and personal preferences.,Activity is stable; no preference or maintenance difficulty data available.,qwen3.8-max,428834dbbcc26cadebdc4725f24cd10683da60f71d686cfc80c18d56514b2c17,blinded-annotation-v2-shortrefs
C007,K053,judge_b,0,labeled,No social preference or motivational barrier data.,Requires person wanting support maintaining activity or reported motivational barrier.,No evidence of motivational barrier; activity is stable.,qwen3.8-max,428834dbbcc26cadebdc4725f24cd10683da60f71d686cfc80c18d56514b2c17,blinded-annotation-v2-shortrefs
C007,K054,judge_b,0,labeled,"Steps ~8000, activity ~55 min/day; no reported time barrier.",Requires low activity with a reported time barrier.,No evidence of low activity or reported time barrier in the wearable data.,qwen3.8-max,428834dbbcc26cadebdc4725f24cd10683da60f71d686cfc80c18d56514b2c17,blinded-annotation-v2-shortrefs
C007,K055,judge_b,0,labeled,No schedule constraint or competing demand data.,Requires reported competing demands reducing activity.,Schedule reason unknown; activity is stable.,qwen3.8-max,428834dbbcc26cadebdc4725f24cd10683da60f71d686cfc80c18d56514b2c17,blinded-annotation-v2-shortrefs
C007,K056,judge_b,0,labeled,No chronic condition or disability data in wearable records.,"Requires established chronic condition, disability, or special need.",Medical context unknown; required conditions not met.,qwen3.8-max,428834dbbcc26cadebdc4725f24cd10683da60f71d686cfc80c18d56514b2c17,blinded-annotation-v2-shortrefs
C007,K057,judge_b,1,labeled,"Low movement intervals ~45 min each, 10 per day, total ~448 min.",Requires long uninterrupted daytime low-movement intervals with adequate wear.,Data show repeated ~45 min low-movement blocks; item addresses interrupting such periods.,qwen3.8-max,428834dbbcc26cadebdc4725f24cd10683da60f71d686cfc80c18d56514b2c17,blinded-annotation-v2-shortrefs
C007,K058,judge_b,1,labeled,Activity ~55 min/day coexists with low movement ~448 min/day.,Requires recorded activity coexisting with substantial low-movement periods.,Data show both activity and low movement; item clarifies they are separate behaviors.,qwen3.8-max,428834dbbcc26cadebdc4725f24cd10683da60f71d686cfc80c18d56514b2c17,blinded-annotation-v2-shortrefs
C007,K059,judge_b,0,labeled,Low movement ~448-450 min/day; posture not confirmed.,Requires confirmed sitting for specific sedentary-time conclusion.,Sitting not confirmed; low movement is not proven sedentary behavior.,qwen3.8-max,428834dbbcc26cadebdc4725f24cd10683da60f71d686cfc80c18d56514b2c17,blinded-annotation-v2-shortrefs
C007,K060,judge_b,0,labeled,No commuting or transport data in wearable records.,Requires sedentary commuting context.,Commute unknown; required context not met.,qwen3.8-max,428834dbbcc26cadebdc4725f24cd10683da60f71d686cfc80c18d56514b2c17,blinded-annotation-v2-shortrefs
C007,K061,judge_b,0,labeled,No workplace layout or desk work data.,Requires desk work with prolonged sitting context.,Work context unknown; required conditions not met.,qwen3.8-max,428834dbbcc26cadebdc4725f24cd10683da60f71d686cfc80c18d56514b2c17,blinded-annotation-v2-shortrefs
C007,K062,judge_b,0,labeled,No workplace or meeting information in wearable data.,Requires workplace and mobility context.,Workplace context unknown; item conditions not met.,qwen3.8-max,428834dbbcc26cadebdc4725f24cd10683da60f71d686cfc80c18d56514b2c17,blinded-annotation-v2-shortrefs
C007,K063,judge_b,0,labeled,No television viewing data in wearable records.,Requires prolonged sitting while watching television.,Screen habits unknown; required context not met.,qwen3.8-max,428834dbbcc26cadebdc4725f24cd10683da60f71d686cfc80c18d56514b2c17,blinded-annotation-v2-shortrefs
C007,K064,judge_b,0,labeled,No leisure context or seated hobby data.,Requires substantial habitual seated leisure and routine context.,Leisure context unknown; required conditions not met.,qwen3.8-max,428834dbbcc26cadebdc4725f24cd10683da60f71d686cfc80c18d56514b2c17,blinded-annotation-v2-shortrefs
C007,K065,judge_b,0,labeled,Activity ~55 min/day plus steps ~8000; everyday movement present.,Requires low everyday movement despite possible formal exercise.,Everyday movement is not low; generic definitional item.,qwen3.8-max,428834dbbcc26cadebdc4725f24cd10683da60f71d686cfc80c18d56514b2c17,blinded-annotation-v2-shortrefs
C007,K066,judge_b,0,labeled,No workday lunch-break context in data.,Requires daytime low movement with known workday lunch-break context.,Lunch-break context unknown; required conditions not met.,qwen3.8-max,428834dbbcc26cadebdc4725f24cd10683da60f71d686cfc80c18d56514b2c17,blinded-annotation-v2-shortrefs
C007,K067,judge_b,0,labeled,No stair access or mobility context in data.,Requires accessible stairs and safe mobility.,Context unknown; required conditions not met.,qwen3.8-max,428834dbbcc26cadebdc4725f24cd10683da60f71d686cfc80c18d56514b2c17,blinded-annotation-v2-shortrefs
C007,K068,judge_b,1,labeled,Low movement ~448-450 min/day across baseline and window.,Requires low-movement intervals without posture measurement.,"Directly warns against relabeling device low movement as confirmed sitting, which applies here.",qwen3.8-max,428834dbbcc26cadebdc4725f24cd10683da60f71d686cfc80c18d56514b2c17,blinded-annotation-v2-shortrefs
C007,K069,judge_b,0,labeled,Activity stable ~55 min; sleep increased ~120 min in window.,Requires activity and sleep patterns for joint review; no causal claim from few observations.,Activity unchanged while sleep changed; item correctly warns against causal inference.,qwen3.8-max,428834dbbcc26cadebdc4725f24cd10683da60f71d686cfc80c18d56514b2c17,blinded-annotation-v2-shortrefs
C007,K070,judge_b,0,labeled,Activity ~55 min/day; no outdoor exposure data.,Requires low daytime activity accompanying changed sleep routine and outdoor access.,Activity is not low; outdoor exposure unknown.,qwen3.8-max,428834dbbcc26cadebdc4725f24cd10683da60f71d686cfc80c18d56514b2c17,blinded-annotation-v2-shortrefs
C007,K071,judge_b,1,labeled,Activity intervals 21:00-~21:55 daily; sleep starts ~23:03-23:18 in window.,Requires activity close to bedtime; intensity must be known for intense-exercise advice.,Late activity precedes sleep by ~1h; item correctly notes intensity must be verified first.,qwen3.8-max,428834dbbcc26cadebdc4725f24cd10683da60f71d686cfc80c18d56514b2c17,blinded-annotation-v2-shortrefs
C007,K072,judge_b,0,labeled,Activity at 21:00 daily; no insomnia symptoms reported.,Requires exercise near bedtime with reported insomnia symptoms.,No insomnia reported; temporal adjacency alone insufficient per item conditions.,qwen3.8-max,428834dbbcc26cadebdc4725f24cd10683da60f71d686cfc80c18d56514b2c17,blinded-annotation-v2-shortrefs
C007,K073,judge_b,1,labeled,Activity at 21:00 daily; sleep attributed to next wake date per rules.,Requires activity intervals for timing comparisons; warns against same-date misattribution.,Directly relevant to correctly pairing evening activity on day t with sleep waking on t+1.,qwen3.8-max,428834dbbcc26cadebdc4725f24cd10683da60f71d686cfc80c18d56514b2c17,blinded-annotation-v2-shortrefs
C007,K074,judge_b,0,labeled,No emergency responder deployment context in data.,Requires confirmed emergency-response deployment context.,Deployment context unknown; item explicitly non-applicable.,qwen3.8-max,428834dbbcc26cadebdc4725f24cd10683da60f71d686cfc80c18d56514b2c17,blinded-annotation-v2-shortrefs
C007,K075,judge_b,0,labeled,No subjective energy or tiredness data recorded.,Requires reported tiredness limiting activity and subjective energy pattern.,No tiredness history; required context not met.,qwen3.8-max,428834dbbcc26cadebdc4725f24cd10683da60f71d686cfc80c18d56514b2c17,blinded-annotation-v2-shortrefs
C007,K076,judge_b,0,labeled,Sleep start shifted ~2h earlier in window; no substance records.,Requires substance and medication history for causal interpretation.,No substance or medication data available to contextualize sleep change.,qwen3.8-max,428834dbbcc26cadebdc4725f24cd10683da60f71d686cfc80c18d56514b2c17,blinded-annotation-v2-shortrefs
C007,K077,judge_b,1,labeled,Daily RHR 55-57 bpm recorded across 42 days.,Requires resting heart rate observations available; defines resting context.,Defines what the recorded RHR values represent; directly informative for interpreting the data.,qwen3.8-max,428834dbbcc26cadebdc4725f24cd10683da60f71d686cfc80c18d56514b2c17,blinded-annotation-v2-shortrefs
C007,K078,judge_b,1,labeled,Daily RHR 55-57 bpm recorded; no sleeping HR separated.,Requires daily resting heart-rate trend being interpreted; distinguishes from sleeping HR.,Important distinction when interpreting the provided daily RHR values.,qwen3.8-max,428834dbbcc26cadebdc4725f24cd10683da60f71d686cfc80c18d56514b2c17,blinded-annotation-v2-shortrefs
C007,K079,judge_b,1,labeled,RHR stable 55-57 bpm; HRV 43-47 ms across both periods.,Requires RHR changes relative to previous readings; multiple possible explanations.,"Relevant caution that RHR has many influences; though RHR is stable here, it frames interpretation.",qwen3.8-max,428834dbbcc26cadebdc4725f24cd10683da60f71d686cfc80c18d56514b2c17,blinded-annotation-v2-shortrefs
C007,K080,judge_b,1,labeled,HRV RMSSD 43-47 ms and RHR 55-57 bpm both recorded.,Requires HRV and heart-rate estimates interpreted together; distinguishes metrics.,"Clarifies that HRV and RHR are different quantities, relevant when both are present.",qwen3.8-max,428834dbbcc26cadebdc4725f24cd10683da60f71d686cfc80c18d56514b2c17,blinded-annotation-v2-shortrefs
C007,K081,judge_b,1,labeled,"HRV RMSSD 43-47 ms across both periods; mean 45.5 baseline, 45.1 window.",Requires HRV level or trend being reviewed; personal context needed.,Cautions against treating absolute HRV values as universal norms; relevant for interpreting 45ms.,qwen3.8-max,428834dbbcc26cadebdc4725f24cd10683da60f71d686cfc80c18d56514b2c17,blinded-annotation-v2-shortrefs
C007,K082,judge_b,1,labeled,"28-day baseline and 14-day window for RHR, HRV, sleep trends.",Requires sufficient same-metric personal history for trend context.,Supports using the 28-day baseline as personal range context for window comparison.,qwen3.8-max,428834dbbcc26cadebdc4725f24cd10683da60f71d686cfc80c18d56514b2c17,blinded-annotation-v2-shortrefs
C007,K083,judge_b,1,labeled,RHR 55-57 bpm across 28-day baseline and 14-day window.,Requires repeated resting heart-rate readings or recent change.,Supports reviewing RHR over multiple days rather than single readings; data spans 42 days.,qwen3.8-max,428834dbbcc26cadebdc4725f24cd10683da60f71d686cfc80c18d56514b2c17,blinded-annotation-v2-shortrefs
C007,K084,judge_b,1,labeled,HRV RMSSD 43-47 ms recorded across 42 days.,Requires HRV trend available for wellness monitoring; not for diagnosis.,"Correctly frames HRV observations as wellness data, not diagnostic indicators.",qwen3.8-max,428834dbbcc26cadebdc4725f24cd10683da60f71d686cfc80c18d56514b2c17,blinded-annotation-v2-shortrefs
C007,K085,judge_b,0,labeled,"HRV recorded as hrv_rmssd_ms; device is synthetic, not Fitbit.",Requires Fitbit HRV metric formula established.,"Metric is RMSSD but device is synthetic, not Fitbit; brand-specific guidance inapplicable.",qwen3.8-max,428834dbbcc26cadebdc4725f24cd10683da60f71d686cfc80c18d56514b2c17,blinded-annotation-v2-shortrefs
C007,K086,judge_b,0,labeled,"Device is synthetic common wearable, not Fitbit; metadata revision synthetic-wearable-v1.",Requires compatible Fitbit collection definition and sleep coverage.,"Item is Fitbit-specific; device is synthetic, making this rule inapplicable.",qwen3.8-max,428834dbbcc26cadebdc4725f24cd10683da60f71d686cfc80c18d56514b2c17,blinded-annotation-v2-shortrefs
C007,K087,judge_b,0,labeled,Only sleep duration and timing recorded; no sleep-stage data.,Requires sleep-stage measurements varying between nights.,No sleep-stage data available; item explicitly non-applicable.,qwen3.8-max,428834dbbcc26cadebdc4725f24cd10683da60f71d686cfc80c18d56514b2c17,blinded-annotation-v2-shortrefs
C007,K088,judge_b,0,labeled,No reported health concerns in wearable data.,Requires reported health concerns or symptoms.,No health concerns reported; generic background item.,qwen3.8-max,428834dbbcc26cadebdc4725f24cd10683da60f71d686cfc80c18d56514b2c17,blinded-annotation-v2-shortrefs
C007,K089,judge_b,0,labeled,RHR stable 55-57; no wear quality change indicators.,Requires unreliable readings or wear quality changes and device placement info.,No evidence of fit problems; RHR readings appear stable.,qwen3.8-max,428834dbbcc26cadebdc4725f24cd10683da60f71d686cfc80c18d56514b2c17,blinded-annotation-v2-shortrefs
C007,K090,judge_b,1,labeled,"Nighttime coverage >=342 min baseline, >=462 min window; RHR/HRV present.",Requires separate night-time wear information for overnight vitals.,Confirms overnight vitals are supported by adequate nighttime coverage data.,qwen3.8-max,428834dbbcc26cadebdc4725f24cd10683da60f71d686cfc80c18d56514b2c17,blinded-annotation-v2-shortrefs
C007,K091,judge_b,0,labeled,"No missing vitals; all days have complete RHR, HRV, sleep data.",Requires a vital missing with limited night-time data.,No missing data observed; item conditions not met.,qwen3.8-max,428834dbbcc26cadebdc4725f24cd10683da60f71d686cfc80c18d56514b2c17,blinded-annotation-v2-shortrefs
C007,K092,judge_b,0,labeled,All vitals present; no missing or delayed data points.,Requires vitals missing or delayed due to sync/support issues.,No missing data; item conditions not met.,qwen3.8-max,428834dbbcc26cadebdc4725f24cd10683da60f71d686cfc80c18d56514b2c17,blinded-annotation-v2-shortrefs
C007,K093,judge_b,0,labeled,Single synthetic device used across all 42 days; no device switch.,Requires heart-rate series involving a device or algorithm change.,No device change occurred; item conditions not met.,qwen3.8-max,428834dbbcc26cadebdc4725f24cd10683da60f71d686cfc80c18d56514b2c17,blinded-annotation-v2-shortrefs
C007,K094,judge_b,1,labeled,Sleep duration equals nighttime coverage minus ~20 min consistently.,Requires device-estimated sleep duration and boundaries available.,"Clarifies that recorded sleep duration is estimated from classified portions, not full period.",qwen3.8-max,428834dbbcc26cadebdc4725f24cd10683da60f71d686cfc80c18d56514b2c17,blinded-annotation-v2-shortrefs
C007,K095,judge_b,1,labeled,"Nighttime coverage >=342 min baseline, >=462 min window; no missing sleep.","Requires night-time wear record; unworn nights should be missing, not zero.","Supports that observed sleep durations are valid measurements from worn device, not missing data.",qwen3.8-max,428834dbbcc26cadebdc4725f24cd10683da60f71d686cfc80c18d56514b2c17,blinded-annotation-v2-shortrefs
C007,K096,judge_b,0,labeled,Steps stable ~7600-8400; no wear context change indicated.,Requires step readings changing with possible measurement limitations.,Steps are stable; no evidence of measurement limitation changes.,qwen3.8-max,428834dbbcc26cadebdc4725f24cd10683da60f71d686cfc80c18d56514b2c17,blinded-annotation-v2-shortrefs
C008,K001,judge_b,2,labeled,Baseline and window sleep means ~470 min (~7.8h); age band 18-60.,Adults 18-60 need >=7h; observable when below recommendation.,Core reference confirming observed ~7.8h sleep meets the adult recommendation.,qwen3.8-max,c492b413adcd875d6a5241817be1d92aa535fbd8f9021bfa464f6c9f40515f3f,blinded-annotation-v2-shortrefs
C008,K002,judge_b,0,labeled,Age band is 18-60.,Requires adults aged 61-64; non-applicable for other ages.,Subject age band contradicts the 61-64 requirement.,qwen3.8-max,c492b413adcd875d6a5241817be1d92aa535fbd8f9021bfa464f6c9f40515f3f,blinded-annotation-v2-shortrefs
C008,K003,judge_b,0,labeled,Age band is 18-60.,Requires adults aged 65+; non-applicable for younger ages.,Subject age band contradicts the 65+ requirement.,qwen3.8-max,c492b413adcd875d6a5241817be1d92aa535fbd8f9021bfa464f6c9f40515f3f,blinded-annotation-v2-shortrefs
C008,K004,judge_b,0,labeled,Age band is 18-60 in metadata.,Requires teenagers aged 13-17; non-applicable for adults.,Subject age band 18-60 contradicts the teenage population requirement.,qwen3.8-max,c492b413adcd875d6a5241817be1d92aa535fbd8f9021bfa464f6c9f40515f3f,blinded-annotation-v2-shortrefs
C008,K005,judge_b,0,labeled,Sleep ~7.8h consistently; no schedule constraint data.,Requires repeatedly shortened sleep opportunity and schedule constraint.,Sleep is adequate and stable; no evidence of busyness squeezing sleep.,qwen3.8-max,c492b413adcd875d6a5241817be1d92aa535fbd8f9021bfa464f6c9f40515f3f,blinded-annotation-v2-shortrefs
C008,K006,judge_b,0,labeled,"Sleep ~7.8h, meeting adult recommendations.",Non-applicable when sleep duration is sufficient for age group.,Sleep is sufficient; item explicitly non-applicable per its own conditions.,qwen3.8-max,c492b413adcd875d6a5241817be1d92aa535fbd8f9021bfa464f6c9f40515f3f,blinded-annotation-v2-shortrefs
C008,K007,judge_b,1,labeled,Sleep duration ~470 min recorded; no quality or refreshment data.,Duration alone does not establish sleep quality; requires onset difficulty or awakenings.,Clarifies that observed sleep duration does not confirm sleep quality without additional data.,qwen3.8-max,c492b413adcd875d6a5241817be1d92aa535fbd8f9021bfa464f6c9f40515f3f,blinded-annotation-v2-shortrefs
C008,K008,judge_b,0,labeled,Only sleep duration and start/end times recorded.,Requires documented repeated awakenings; non-applicable if only duration available.,No awakening data available; item explicitly non-applicable.,qwen3.8-max,c492b413adcd875d6a5241817be1d92aa535fbd8f9021bfa464f6c9f40515f3f,blinded-annotation-v2-shortrefs
C008,K009,judge_b,0,labeled,"Sleep ~7.8h, under 8h; no subjective refreshment data.",Requires >8h sleep plus reported lack of refreshment.,Sleep is under 8h and refreshment status unknown; conditions not met.,qwen3.8-max,c492b413adcd875d6a5241817be1d92aa535fbd8f9021bfa464f6c9f40515f3f,blinded-annotation-v2-shortrefs
C008,K010,judge_b,0,labeled,Sleep ~7.8h consistently; no cognitive symptoms reported.,Requires repeatedly shortened sleep and symptoms for impairment claims.,Sleep is not restricted; generic educational background with no concrete connection.,qwen3.8-max,c492b413adcd875d6a5241817be1d92aa535fbd8f9021bfa464f6c9f40515f3f,blinded-annotation-v2-shortrefs
C008,K011,judge_b,0,labeled,Sleep ~7.8h consistently; no performance symptoms.,Requires several nights of reduced sleep and actual performance symptoms.,No sleep restriction observed; item conditions not met.,qwen3.8-max,c492b413adcd875d6a5241817be1d92aa535fbd8f9021bfa464f6c9f40515f3f,blinded-annotation-v2-shortrefs
C008,K012,judge_b,0,labeled,Sleep ~7.8h consistently; no infection data.,Requires ongoing insufficient sleep; non-applicable for inferring infection.,Sleep is sufficient; item conditions not met and cannot infer infection.,qwen3.8-max,c492b413adcd875d6a5241817be1d92aa535fbd8f9021bfa464f6c9f40515f3f,blinded-annotation-v2-shortrefs
C008,K013,judge_b,0,labeled,No appetite or food intake data recorded.,Requires food intake or appetite information for individual claims.,Appetite data absent; item explicitly non-applicable.,qwen3.8-max,c492b413adcd875d6a5241817be1d92aa535fbd8f9021bfa464f6c9f40515f3f,blinded-annotation-v2-shortrefs
C008,K014,judge_b,0,labeled,No sleepiness or driving data recorded.,Requires reported sleepiness and driving plans.,Sleepiness and driving context unknown; item explicitly non-applicable.,qwen3.8-max,c492b413adcd875d6a5241817be1d92aa535fbd8f9021bfa464f6c9f40515f3f,blinded-annotation-v2-shortrefs
C008,K015,judge_b,1,labeled,Sleep ~7.8h consistently across both periods.,Adults average 7-9h; needs vary individually.,Provides context that observed ~7.8h sleep falls within typical adult range but individual needs vary.,qwen3.8-max,c492b413adcd875d6a5241817be1d92aa535fbd8f9021bfa464f6c9f40515f3f,blinded-annotation-v2-shortrefs
C008,K016,judge_b,0,labeled,14-day window; no reported insomnia symptoms.,Requires months-long difficulties or failed habit changes.,Brief window without reported problems; item explicitly non-applicable.,qwen3.8-max,c492b413adcd875d6a5241817be1d92aa535fbd8f9021bfa464f6c9f40515f3f,blinded-annotation-v2-shortrefs
C008,K017,judge_b,1,labeled,Sleep start variance ~19 min^2; wake time exactly 07:00 daily.,Recommends consistent bed/wake times; stable schedule alone is not a problem.,"Observed highly consistent sleep schedule aligns with this recommendation, providing context.",qwen3.8-max,c492b413adcd875d6a5241817be1d92aa535fbd8f9021bfa464f6c9f40515f3f,blinded-annotation-v2-shortrefs
C008,K018,judge_b,0,labeled,Wake time exactly 07:00 daily; no insomnia symptoms.,Requires inconsistent wake time with reported sleeping difficulties.,Wake time perfectly consistent and no insomnia reported; item non-applicable.,qwen3.8-max,c492b413adcd875d6a5241817be1d92aa535fbd8f9021bfa464f6c9f40515f3f,blinded-annotation-v2-shortrefs
C008,K019,judge_b,1,labeled,Weekday/weekend sleep start difference <1 min in window.,Advises keeping weeknight/weekend schedules similar within ~1 hour.,Observed weekday/weekend sleep consistency directly aligns with this recommendation.,qwen3.8-max,c492b413adcd875d6a5241817be1d92aa535fbd8f9021bfa464f6c9f40515f3f,blinded-annotation-v2-shortrefs
C008,K020,judge_b,0,labeled,Sleep starts ~22:50; no pre-bed activity data.,Requires information about pre-bed activities.,Pre-bed activities unknown; item cannot connect to observations.,qwen3.8-max,c492b413adcd875d6a5241817be1d92aa535fbd8f9021bfa464f6c9f40515f3f,blinded-annotation-v2-shortrefs
C008,K021,judge_b,0,labeled,No screen or light exposure data recorded.,Requires known bright-screen exposure shortly before bed.,Screen exposure unknown; item explicitly non-applicable.,qwen3.8-max,c492b413adcd875d6a5241817be1d92aa535fbd8f9021bfa464f6c9f40515f3f,blinded-annotation-v2-shortrefs
C008,K022,judge_b,0,labeled,No caffeine intake data recorded.,Requires known afternoon/evening caffeine use.,Caffeine history unknown; item explicitly non-applicable.,qwen3.8-max,c492b413adcd875d6a5241817be1d92aa535fbd8f9021bfa464f6c9f40515f3f,blinded-annotation-v2-shortrefs
C008,K023,judge_b,0,labeled,No meal timing or size data recorded.,Requires known large meal shortly before bed.,Meal information unknown; item explicitly non-applicable.,qwen3.8-max,c492b413adcd875d6a5241817be1d92aa535fbd8f9021bfa464f6c9f40515f3f,blinded-annotation-v2-shortrefs
C008,K024,judge_b,0,labeled,No alcohol intake data recorded.,Requires reported alcohol use near bedtime; non-applicable if unknown.,Alcohol exposure unknown; item explicitly non-applicable.,qwen3.8-max,c492b413adcd875d6a5241817be1d92aa535fbd8f9021bfa464f6c9f40515f3f,blinded-annotation-v2-shortrefs
C008,K025,judge_b,0,labeled,No nicotine use data recorded.,Requires established nicotine exposure; non-applicable if unknown.,Nicotine use unknown; item explicitly non-applicable.,qwen3.8-max,c492b413adcd875d6a5241817be1d92aa535fbd8f9021bfa464f6c9f40515f3f,blinded-annotation-v2-shortrefs
C008,K026,judge_b,0,labeled,No bedroom environment data recorded.,Requires known disruptive bedroom environment; non-applicable if unknown.,Bedroom conditions unknown; item explicitly non-applicable.,qwen3.8-max,c492b413adcd875d6a5241817be1d92aa535fbd8f9021bfa464f6c9f40515f3f,blinded-annotation-v2-shortrefs
C008,K027,judge_b,0,labeled,No relaxation or pre-bed routine data recorded.,Requires reported difficulty relaxing or request for options.,No stress or relaxation data; generic advice with no concrete connection.,qwen3.8-max,c492b413adcd875d6a5241817be1d92aa535fbd8f9021bfa464f6c9f40515f3f,blinded-annotation-v2-shortrefs
C008,K028,judge_b,0,labeled,No nap data recorded.,Requires recorded or reported naps; non-applicable if unknown.,Nap history unknown; item explicitly non-applicable.,qwen3.8-max,c492b413adcd875d6a5241817be1d92aa535fbd8f9021bfa464f6c9f40515f3f,blinded-annotation-v2-shortrefs
C008,K029,judge_b,0,labeled,No shift work data recorded.,Requires confirmed shift-work schedule.,Shift work unknown; item explicitly non-applicable.,qwen3.8-max,c492b413adcd875d6a5241817be1d92aa535fbd8f9021bfa464f6c9f40515f3f,blinded-annotation-v2-shortrefs
C008,K030,judge_b,0,labeled,No shift work data recorded.,Requires confirmed shift work; non-applicable otherwise.,Shift work unknown; item explicitly non-applicable.,qwen3.8-max,c492b413adcd875d6a5241817be1d92aa535fbd8f9021bfa464f6c9f40515f3f,blinded-annotation-v2-shortrefs
C008,K031,judge_b,0,labeled,No shift work or caffeine data recorded.,Requires shift schedule and caffeine intake.,Shift work and caffeine unknown; item explicitly non-applicable.,qwen3.8-max,c492b413adcd875d6a5241817be1d92aa535fbd8f9021bfa464f6c9f40515f3f,blinded-annotation-v2-shortrefs
C008,K032,judge_b,0,labeled,All sleep occurs overnight ~22:45-07:00; no shift work.,Requires daytime sleep associated with shift work.,Only ordinary overnight sleep recorded; item explicitly non-applicable.,qwen3.8-max,c492b413adcd875d6a5241817be1d92aa535fbd8f9021bfa464f6c9f40515f3f,blinded-annotation-v2-shortrefs
C008,K033,judge_b,0,labeled,No sleep diary recorded; only wearable timestamps exist.,Requires changed pattern needing review via diary records.,Generic diary advice; no diary data connects this to observations.,qwen3.8-max,c492b413adcd875d6a5241817be1d92aa535fbd8f9021bfa464f6c9f40515f3f,blinded-annotation-v2-shortrefs
C008,K034,judge_b,0,labeled,Sleep ~7.8h consistently; no shortened nights.,Requires several shortened nights accumulating over time.,No sleep restriction observed; item conditions not met.,qwen3.8-max,c492b413adcd875d6a5241817be1d92aa535fbd8f9021bfa464f6c9f40515f3f,blinded-annotation-v2-shortrefs
C008,K035,judge_b,0,labeled,Weekend sleep mean 470.5 min vs weekday 469.7 min in window.,Requires longer sleep on days off indicating insufficient workday sleep.,Weekend and weekday sleep durations are nearly identical; no catch-up pattern observed.,qwen3.8-max,c492b413adcd875d6a5241817be1d92aa535fbd8f9021bfa464f6c9f40515f3f,blinded-annotation-v2-shortrefs
C008,K036,judge_b,0,labeled,No nap data recorded.,Requires recorded naps after shortened sleep.,Nap information absent; item explicitly non-applicable.,qwen3.8-max,c492b413adcd875d6a5241817be1d92aa535fbd8f9021bfa464f6c9f40515f3f,blinded-annotation-v2-shortrefs
C008,K037,judge_b,0,labeled,No reported bad nights or insomnia symptoms.,Requires reported bad sleep or insomnia symptoms.,No sleeping difficulty reported; item explicitly non-applicable.,qwen3.8-max,c492b413adcd875d6a5241817be1d92aa535fbd8f9021bfa464f6c9f40515f3f,blinded-annotation-v2-shortrefs
C008,K038,judge_b,0,labeled,14-day window; no symptom history recorded.,Requires symptom history and onset for duration categorization.,No symptom history; cannot diagnose insomnia from estimated hours alone.,qwen3.8-max,c492b413adcd875d6a5241817be1d92aa535fbd8f9021bfa464f6c9f40515f3f,blinded-annotation-v2-shortrefs
C008,K039,judge_b,0,labeled,No travel history recorded; timezone constant Asia/Shanghai.,Requires confirmed travel across time zones.,No travel data; item explicitly non-applicable.,qwen3.8-max,c492b413adcd875d6a5241817be1d92aa535fbd8f9021bfa464f6c9f40515f3f,blinded-annotation-v2-shortrefs
C008,K040,judge_b,0,labeled,No travel data recorded.,Requires planned short trip across time zones.,Travel context unknown; item explicitly non-applicable.,qwen3.8-max,c492b413adcd875d6a5241817be1d92aa535fbd8f9021bfa464f6c9f40515f3f,blinded-annotation-v2-shortrefs
C008,K041,judge_b,0,labeled,Activity ~53 min/day; intensity unknown.,Requires intensity info to count recommended aerobic minutes.,Unknown intensity prevents connecting general 'some is better' advice to observed data.,qwen3.8-max,c492b413adcd875d6a5241817be1d92aa535fbd8f9021bfa464f6c9f40515f3f,blinded-annotation-v2-shortrefs
C008,K042,judge_b,0,labeled,Activity ~53 min/day maintained; no health context for prescription.,Requires health and mobility context for exercise prescription.,"Generic advice; activity didn't cease, and no health context supports specific prescription.",qwen3.8-max,c492b413adcd875d6a5241817be1d92aa535fbd8f9021bfa464f6c9f40515f3f,blinded-annotation-v2-shortrefs
C008,K043,judge_b,0,labeled,Activity intensity unknown for all intervals.,Requires known activity intensity; non-applicable if only unspecified minutes available.,Intensity unknown; item explicitly non-applicable.,qwen3.8-max,c492b413adcd875d6a5241817be1d92aa535fbd8f9021bfa464f6c9f40515f3f,blinded-annotation-v2-shortrefs
C008,K044,judge_b,0,labeled,All activity intervals have unknown intensity.,Requires known vigorous intensity; non-applicable if unknown.,Intensity unknown; item explicitly non-applicable.,qwen3.8-max,c492b413adcd875d6a5241817be1d92aa535fbd8f9021bfa464f6c9f40515f3f,blinded-annotation-v2-shortrefs
C008,K045,judge_b,0,labeled,Activity intensity is unknown for all intervals.,Requires known intensity for counting guideline minutes.,Intensity unknown prevents applying chunking advice to observed active minutes.,qwen3.8-max,c492b413adcd875d6a5241817be1d92aa535fbd8f9021bfa464f6c9f40515f3f,blinded-annotation-v2-shortrefs
C008,K046,judge_b,0,labeled,Only steps and activity duration recorded; no strengthening data.,Requires strengthening activity records including days and muscle groups.,No strengthening data available; item explicitly non-applicable.,qwen3.8-max,c492b413adcd875d6a5241817be1d92aa535fbd8f9021bfa464f6c9f40515f3f,blinded-annotation-v2-shortrefs
C008,K047,judge_b,0,labeled,Activity intensity unknown; ~53 min/day recorded.,Requires known intensity and verified guideline attainment.,Intensity unknown prevents assessing guideline attainment; item non-applicable.,qwen3.8-max,c492b413adcd875d6a5241817be1d92aa535fbd8f9021bfa464f6c9f40515f3f,blinded-annotation-v2-shortrefs
C008,K048,judge_b,1,labeled,All activity intervals have unknown intensity; steps dropped ~33%.,Intensity cannot be assigned solely from daily movement total.,Directly relevant: step drop doesn't confirm intensity change since fitness affects relative effort.,qwen3.8-max,c492b413adcd875d6a5241817be1d92aa535fbd8f9021bfa464f6c9f40515f3f,blinded-annotation-v2-shortrefs
C008,K049,judge_b,0,labeled,All activity intervals have unknown intensity.,Requires observed effort or aerobic-activity context; non-applicable if unrecorded.,Intensity is unknown; item explicitly non-applicable.,qwen3.8-max,c492b413adcd875d6a5241817be1d92aa535fbd8f9021bfa464f6c9f40515f3f,blinded-annotation-v2-shortrefs
C008,K050,judge_b,2,labeled,Steps dropped ~33% while activity_duration remained stable ~53-54 min.,Steps may not reflect intensity during non-step exercises like spinning or yoga.,Core explanation: step drop with stable activity duration suggests non-step exercise or sensing change.,qwen3.8-max,c492b413adcd875d6a5241817be1d92aa535fbd8f9021bfa464f6c9f40515f3f,blinded-annotation-v2-shortrefs
C008,K051,judge_b,1,labeled,Steps dropped from ~9552 to ~6433; activity duration stable ~54 min.,Routine opportunities may help restore activity when movement declines.,"Steps declined substantially while activity duration remained stable, suggesting routine walking changed.",qwen3.8-max,c492b413adcd875d6a5241817be1d92aa535fbd8f9021bfa464f6c9f40515f3f,blinded-annotation-v2-shortrefs
C008,K052,judge_b,0,labeled,Steps dropped ~3100/day in window; no preference data.,Requires personal preferences and availability context.,Generic activity advice without connection to observed data or individual preferences.,qwen3.8-max,c492b413adcd875d6a5241817be1d92aa535fbd8f9021bfa464f6c9f40515f3f,blinded-annotation-v2-shortrefs
C008,K053,judge_b,0,labeled,No social preference or motivation data recorded.,Requires social preferences or reported motivational barrier.,No evidence of social barrier; generic advice with no concrete connection.,qwen3.8-max,c492b413adcd875d6a5241817be1d92aa535fbd8f9021bfa464f6c9f40515f3f,blinded-annotation-v2-shortrefs
C008,K054,judge_b,0,labeled,No reported time barrier data.,Requires actual daily schedule and reported time barrier.,Time barrier unknown; item explicitly non-applicable.,qwen3.8-max,c492b413adcd875d6a5241817be1d92aa535fbd8f9021bfa464f6c9f40515f3f,blinded-annotation-v2-shortrefs
C008,K055,judge_b,0,labeled,No schedule constraint data recorded.,Requires reported competing demands reducing activity.,Schedule reason unknown; item explicitly non-applicable.,qwen3.8-max,c492b413adcd875d6a5241817be1d92aa535fbd8f9021bfa464f6c9f40515f3f,blinded-annotation-v2-shortrefs
C008,K056,judge_b,0,labeled,No chronic condition or disability data recorded.,Requires established chronic condition or special need.,Medical context unknown; item explicitly non-applicable.,qwen3.8-max,c492b413adcd875d6a5241817be1d92aa535fbd8f9021bfa464f6c9f40515f3f,blinded-annotation-v2-shortrefs
C008,K057,judge_b,0,labeled,Low movement intervals ~44-46 min each; no posture data.,Requires mobility/posture context for individual sitting claim.,Cannot confirm sitting from low-movement intervals alone; item conditions not met.,qwen3.8-max,c492b413adcd875d6a5241817be1d92aa535fbd8f9021bfa464f6c9f40515f3f,blinded-annotation-v2-shortrefs
C008,K058,judge_b,0,labeled,Activity ~53 min; low movement ~451 min; intensity unknown.,Requires sitting posture and known intensity for guideline claims.,Cannot confirm sitting or guideline attainment; item conditions not met.,qwen3.8-max,c492b413adcd875d6a5241817be1d92aa535fbd8f9021bfa464f6c9f40515f3f,blinded-annotation-v2-shortrefs
C008,K059,judge_b,0,labeled,Low movement ~450 min/day; no confirmed sitting posture.,Requires confirmed sitting for sedentary conclusion; non-wear caveat applies.,Cannot confirm sitting from low-movement data alone; item conditions not fully met.,qwen3.8-max,c492b413adcd875d6a5241817be1d92aa535fbd8f9021bfa464f6c9f40515f3f,blinded-annotation-v2-shortrefs
C008,K060,judge_b,0,labeled,No commuting data recorded.,"Requires transport, mobility, and safety context.",Commute unknown; item explicitly non-applicable.,qwen3.8-max,c492b413adcd875d6a5241817be1d92aa535fbd8f9021bfa464f6c9f40515f3f,blinded-annotation-v2-shortrefs
C008,K061,judge_b,0,labeled,No workplace layout or desk work data.,Requires workplace layout and ability to walk.,Work context unknown; item explicitly non-applicable.,qwen3.8-max,c492b413adcd875d6a5241817be1d92aa535fbd8f9021bfa464f6c9f40515f3f,blinded-annotation-v2-shortrefs
C008,K062,judge_b,0,labeled,No workplace meeting data recorded.,Requires workplace and mobility context.,Workplace context unknown; item explicitly non-applicable.,qwen3.8-max,c492b413adcd875d6a5241817be1d92aa535fbd8f9021bfa464f6c9f40515f3f,blinded-annotation-v2-shortrefs
C008,K063,judge_b,0,labeled,No television viewing data recorded.,Requires prolonged sitting while watching television.,Screen habits unknown; item explicitly non-applicable.,qwen3.8-max,c492b413adcd875d6a5241817be1d92aa535fbd8f9021bfa464f6c9f40515f3f,blinded-annotation-v2-shortrefs
C008,K064,judge_b,0,labeled,No leisure routine data recorded.,Requires substantial habitual seated leisure context.,Leisure context unknown; item explicitly non-applicable.,qwen3.8-max,c492b413adcd875d6a5241817be1d92aa535fbd8f9021bfa464f6c9f40515f3f,blinded-annotation-v2-shortrefs
C008,K065,judge_b,1,labeled,Steps dropped ~33% but activity duration stable ~53 min/day.,Everyday movement considered separately from planned exercise sessions.,Supports distinguishing step-based movement from other physical activity captured in duration.,qwen3.8-max,c492b413adcd875d6a5241817be1d92aa535fbd8f9021bfa464f6c9f40515f3f,blinded-annotation-v2-shortrefs
C008,K066,judge_b,0,labeled,Low movement ~450 min/day; no workday lunch-break context.,Requires known workday lunch-break access and mobility.,Workday context unknown; item explicitly non-applicable.,qwen3.8-max,c492b413adcd875d6a5241817be1d92aa535fbd8f9021bfa464f6c9f40515f3f,blinded-annotation-v2-shortrefs
C008,K067,judge_b,0,labeled,No stair access or mobility data recorded.,Requires stair access and safe mobility.,Mobility context unknown; item explicitly non-applicable.,qwen3.8-max,c492b413adcd875d6a5241817be1d92aa535fbd8f9021bfa464f6c9f40515f3f,blinded-annotation-v2-shortrefs
C008,K068,judge_b,1,labeled,"Low movement ~448 min baseline, ~451 min window; no posture data.",Low-movement without posture should not be relabelled as sitting.,Directly cautions against interpreting observed low_movement_minutes as confirmed sedentary behavior.,qwen3.8-max,c492b413adcd875d6a5241817be1d92aa535fbd8f9021bfa464f6c9f40515f3f,blinded-annotation-v2-shortrefs
C008,K069,judge_b,0,labeled,Activity dropped ~3100 steps; sleep unchanged ~470 min.,General benefit; non-applicable for declaring causal effect from paired observations.,Sleep remained stable despite activity drop; cannot declare causal relationship from these observations.,qwen3.8-max,c492b413adcd875d6a5241817be1d92aa535fbd8f9021bfa464f6c9f40515f3f,blinded-annotation-v2-shortrefs
C008,K070,judge_b,0,labeled,Activity ~55 min/day; no outdoor access data.,Requires outdoor access and mobility for specific plan.,Generic routine advice; outdoor exposure cannot be inferred from movement counts.,qwen3.8-max,c492b413adcd875d6a5241817be1d92aa535fbd8f9021bfa464f6c9f40515f3f,blinded-annotation-v2-shortrefs
C008,K071,judge_b,1,labeled,Activity intervals 21:00-~21:55 daily; sleep starts ~22:50; intensity unknown.,Requires known intensity relative to bedtime; non-applicable if assuming intensity.,"Late activity observed before bed, but unknown intensity prevents direct application of intense-exercise advice.",qwen3.8-max,c492b413adcd875d6a5241817be1d92aa535fbd8f9021bfa464f6c9f40515f3f,blinded-annotation-v2-shortrefs
C008,K072,judge_b,0,labeled,No reported insomnia symptoms; activity 21:00-21:55 daily.,Requires exercise near bedtime with reported insomnia symptoms.,No insomnia reported; temporal adjacency alone doesn't establish condition.,qwen3.8-max,c492b413adcd875d6a5241817be1d92aa535fbd8f9021bfa464f6c9f40515f3f,blinded-annotation-v2-shortrefs
C008,K073,judge_b,1,labeled,Activity 21:00-~21:55 daily; sleep starts ~22:45-22:57.,Recording exercise timing alongside sleep helps preserve temporal context.,Supports comparing observed late activity timing with subsequent sleep onset times.,qwen3.8-max,c492b413adcd875d6a5241817be1d92aa535fbd8f9021bfa464f6c9f40515f3f,blinded-annotation-v2-shortrefs
C008,K074,judge_b,0,labeled,No emergency responder deployment data.,Requires confirmed emergency-response deployment context.,Deployment context unknown; item explicitly non-applicable.,qwen3.8-max,c492b413adcd875d6a5241817be1d92aa535fbd8f9021bfa464f6c9f40515f3f,blinded-annotation-v2-shortrefs
C008,K075,judge_b,0,labeled,No subjective energy or tiredness data recorded.,Requires subjective energy pattern and availability.,Energy history unknown; item explicitly non-applicable.,qwen3.8-max,c492b413adcd875d6a5241817be1d92aa535fbd8f9021bfa464f6c9f40515f3f,blinded-annotation-v2-shortrefs
C008,K076,judge_b,0,labeled,No substance or medication data recorded.,Requires substance and medication history for causal interpretation.,Exposures unrecorded; item explicitly non-applicable.,qwen3.8-max,c492b413adcd875d6a5241817be1d92aa535fbd8f9021bfa464f6c9f40515f3f,blinded-annotation-v2-shortrefs
C008,K077,judge_b,1,labeled,RHR 55-57 bpm recorded daily.,RHR measured while still and well-rested; differs from exercise HR.,Defines what the observed daily RHR metric represents in context of recordings.,qwen3.8-max,c492b413adcd875d6a5241817be1d92aa535fbd8f9021bfa464f6c9f40515f3f,blinded-annotation-v2-shortrefs
C008,K078,judge_b,1,labeled,Daily RHR ~56 bpm recorded alongside nightly HRV RMSSD.,Sleeping HR differs from daily resting estimate; compare same measures.,Clarifies that observed daily RHR should not be conflated with sleeping heart rate.,qwen3.8-max,c492b413adcd875d6a5241817be1d92aa535fbd8f9021bfa464f6c9f40515f3f,blinded-annotation-v2-shortrefs
C008,K079,judge_b,1,labeled,RHR stable at 55-57 bpm across both periods.,RHR changes have multiple causes; rise alone doesn't identify cause.,"Contextualizes stable RHR observation, noting multiple factors influence it even without change.",qwen3.8-max,c492b413adcd875d6a5241817be1d92aa535fbd8f9021bfa464f6c9f40515f3f,blinded-annotation-v2-shortrefs
C008,K080,judge_b,1,labeled,RHR ~56 bpm and HRV RMSSD ~45 ms recorded nightly.,"HRV is variation between beats, distinct from average heart rate.","Clarifies that observed RHR and HRV RMSSD are different metrics, preventing conflation.",qwen3.8-max,c492b413adcd875d6a5241817be1d92aa535fbd8f9021bfa464f6c9f40515f3f,blinded-annotation-v2-shortrefs
C008,K081,judge_b,1,labeled,HRV RMSSD ~45 ms stable across both periods.,"HRV differs between people; influenced by age, sleep, lifestyle.","Contextualizes stable HRV observation as person-specific wellness metric, not universal standard.",qwen3.8-max,c492b413adcd875d6a5241817be1d92aa535fbd8f9021bfa464f6c9f40515f3f,blinded-annotation-v2-shortrefs
C008,K082,judge_b,1,labeled,28-day baseline and 14-day window statistics computed for all vitals.,Personal range uses up to 30 days of recent data for trend context.,Explains the analytical approach of comparing window metrics against the 28-day personal baseline.,qwen3.8-max,c492b413adcd875d6a5241817be1d92aa535fbd8f9021bfa464f6c9f40515f3f,blinded-annotation-v2-shortrefs
C008,K083,judge_b,1,labeled,RHR recorded daily across 28-day baseline and 14-day window.,Reviewing repeated readings preserves trend context over single estimates.,Supports interpreting RHR trends across the multi-week observation periods rather than single days.,qwen3.8-max,c492b413adcd875d6a5241817be1d92aa535fbd8f9021bfa464f6c9f40515f3f,blinded-annotation-v2-shortrefs
C008,K084,judge_b,1,labeled,HRV RMSSD ~45 ms stable across both periods.,HRV provides wellness info; not intended to diagnose medical conditions.,"Important context: stable HRV is a wellness observation, not diagnostic of any condition.",qwen3.8-max,c492b413adcd875d6a5241817be1d92aa535fbd8f9021bfa464f6c9f40515f3f,blinded-annotation-v2-shortrefs
C008,K085,judge_b,2,labeled,HRV recorded as hrv_rmssd_ms; metadata confirms RMSSD definition.,Fitbit reports HRV using RMSSD formula; comparisons should preserve metric.,"Directly confirms the HRV metric definition used in all observations, essential for interpretation.",qwen3.8-max,c492b413adcd875d6a5241817be1d92aa535fbd8f9021bfa464f6c9f40515f3f,blinded-annotation-v2-shortrefs
C008,K086,judge_b,1,labeled,HRV RMSSD recorded nightly; sleep durations 463-478 min (>3h).,Fitbit HRV uses longest sleep period >3h.,Contextualizes how nightly HRV RMSSD values were derived from sufficient sleep periods.,qwen3.8-max,c492b413adcd875d6a5241817be1d92aa535fbd8f9021bfa464f6c9f40515f3f,blinded-annotation-v2-shortrefs
C008,K087,judge_b,0,labeled,"Only sleep duration and timing are recorded, no sleep stages.",Requires sleep-stage measurements; non-applicable if only duration available.,No sleep-stage data present; item conditions explicitly not met.,qwen3.8-max,c492b413adcd875d6a5241817be1d92aa535fbd8f9021bfa464f6c9f40515f3f,blinded-annotation-v2-shortrefs
C008,K088,judge_b,0,labeled,No reported health concerns or symptoms.,Requires reported health concerns or symptoms.,No health concerns reported; generic disclaimer with no concrete connection.,qwen3.8-max,c492b413adcd875d6a5241817be1d92aa535fbd8f9021bfa464f6c9f40515f3f,blinded-annotation-v2-shortrefs
C008,K089,judge_b,0,labeled,RHR stable 55-57 bpm; no wear quality change noted.,Requires unreliable readings or wear quality changes.,No evidence of fit problems; item conditions not met.,qwen3.8-max,c492b413adcd875d6a5241817be1d92aa535fbd8f9021bfa464f6c9f40515f3f,blinded-annotation-v2-shortrefs
C008,K090,judge_b,1,labeled,Apr 7 daytime wear 360 min; nighttime coverage 486 min with valid vitals.,Night-time wear required for overnight vitals; daytime alone insufficient.,Supports that Apr 7 missing day metrics don't invalidate overnight RHR/HRV due to adequate night coverage.,qwen3.8-max,c492b413adcd875d6a5241817be1d92aa535fbd8f9021bfa464f6c9f40515f3f,blinded-annotation-v2-shortrefs
C008,K091,judge_b,1,labeled,Apr 7 steps/activity null due to insufficient_coverage; nighttime coverage 486 min.,"Missing vitals can reflect inadequate sleep data, not physiological zeros.","Explains Apr 7 missing day metrics due to coverage, while overnight vitals remained valid.",qwen3.8-max,c492b413adcd875d6a5241817be1d92aa535fbd8f9021bfa464f6c9f40515f3f,blinded-annotation-v2-shortrefs
C008,K092,judge_b,1,labeled,Apr 7 steps null due to insufficient_coverage (360 min daytime wear).,Missing data can result from sync/support issues rather than health change.,"Directly explains Apr 7 missing step data as device coverage issue, not physiological change.",qwen3.8-max,c492b413adcd875d6a5241817be1d92aa535fbd8f9021bfa464f6c9f40515f3f,blinded-annotation-v2-shortrefs
C008,K093,judge_b,0,labeled,Single synthetic device used throughout both periods.,Requires device or algorithm change; non-applicable for same-device series.,No device switch occurred; item explicitly non-applicable.,qwen3.8-max,c492b413adcd875d6a5241817be1d92aa535fbd8f9021bfa464f6c9f40515f3f,blinded-annotation-v2-shortrefs
C008,K094,judge_b,1,labeled,Sleep duration ~470 min derived from sleep_start_at to sleep_end_at.,Estimated time asleep differs from full sleep period boundaries.,"Clarifies that observed sleep_duration_minutes is an estimate, not necessarily full time-in-bed.",qwen3.8-max,c492b413adcd875d6a5241817be1d92aa535fbd8f9021bfa464f6c9f40515f3f,blinded-annotation-v2-shortrefs
C008,K095,judge_b,1,labeled,Nighttime coverage 483-498 min; all sleep readings present.,"Unworn night should remain missing, not zero sleep.",Confirms adequate overnight wear supports valid sleep records; unworn nights aren't zero sleep.,qwen3.8-max,c492b413adcd875d6a5241817be1d92aa535fbd8f9021bfa464f6c9f40515f3f,blinded-annotation-v2-shortrefs
C008,K096,judge_b,2,labeled,"Window steps mean 6433 vs baseline 9552, a ~33% drop from Mar 30.",Step readings change with possible measurement limitations; arm swing needed.,"Directly explains that step-count drops may reflect sensing or wear changes, not just less walking.",qwen3.8-max,c492b413adcd875d6a5241817be1d92aa535fbd8f9021bfa464f6c9f40515f3f,blinded-annotation-v2-shortrefs
C009,K001,judge_b,1,labeled,Sleep ~470 min (~7.8h); age band 18-60.,Requires age band compatible with 18-60 and sleep below recommendation.,Sleep meets the 7+ hour recommendation; provides applicable reference standard.,qwen3.8-max,2997cad963605ea9a120d4b0fa152023dc59a6f4892a02bd0bef0c26d217d6f8,blinded-annotation-v2-shortrefs
C009,K002,judge_b,0,labeled,"Age band is 18-60, not 61-64.",Requires age 61 to 64 established.,Age group contradicts applicability; item non-applicable.,qwen3.8-max,2997cad963605ea9a120d4b0fa152023dc59a6f4892a02bd0bef0c26d217d6f8,blinded-annotation-v2-shortrefs
C009,K003,judge_b,0,labeled,"Age band is 18-60, not 65+.",Requires age at least 65.,Age group contradicts applicability; item non-applicable.,qwen3.8-max,2997cad963605ea9a120d4b0fa152023dc59a6f4892a02bd0bef0c26d217d6f8,blinded-annotation-v2-shortrefs
C009,K004,judge_b,0,labeled,"Age band is 18-60, not 13-17.",Requires teenage age group established.,Age group contradicts applicability; item non-applicable.,qwen3.8-max,2997cad963605ea9a120d4b0fa152023dc59a6f4892a02bd0bef0c26d217d6f8,blinded-annotation-v2-shortrefs
C009,K005,judge_b,0,labeled,Sleep ~470 min consistently; no shortened sleep opportunity.,Requires repeatedly shortened sleep opportunity or duration.,No evidence of insufficient sleep or schedule constraint.,qwen3.8-max,2997cad963605ea9a120d4b0fa152023dc59a6f4892a02bd0bef0c26d217d6f8,blinded-annotation-v2-shortrefs
C009,K006,judge_b,0,labeled,Sleep ~470 min (~7.8h); sufficient for 18-60 age group.,Non-applicable when sleep duration is sufficient for the age group.,Sleep duration is adequate; item explicitly non-applicable.,qwen3.8-max,2997cad963605ea9a120d4b0fa152023dc59a6f4892a02bd0bef0c26d217d6f8,blinded-annotation-v2-shortrefs
C009,K007,judge_b,1,labeled,"Sleep duration mean 470.6 min baseline, 471.7 min window; no awakenings recorded.",Requires sleep duration recorded but quality unknown.,Duration is recorded but quality metrics like awakenings are absent; contextual connection.,qwen3.8-max,2997cad963605ea9a120d4b0fa152023dc59a6f4892a02bd0bef0c26d217d6f8,blinded-annotation-v2-shortrefs
C009,K008,judge_b,0,labeled,Only sleep duration and start/end times recorded; no awakening data.,Requires awakening history or measured sleep continuity.,Only duration and timing available; cannot assess night awakenings.,qwen3.8-max,2997cad963605ea9a120d4b0fa152023dc59a6f4892a02bd0bef0c26d217d6f8,blinded-annotation-v2-shortrefs
C009,K009,judge_b,0,labeled,"Sleep ~470 min (~7.8h), under 8 hours; no refreshment data.",Requires more than eight hours sleep with reported lack of refreshment.,Sleep under 8 hours and no refreshment report; conditions not met.,qwen3.8-max,2997cad963605ea9a120d4b0fa152023dc59a6f4892a02bd0bef0c26d217d6f8,blinded-annotation-v2-shortrefs
C009,K010,judge_b,0,labeled,Sleep duration stable ~470 min; no repeatedly shortened sleep.,Requires repeatedly shortened sleep and symptoms for cognitive claims.,Sleep is adequate and stable; no impairment evidence.,qwen3.8-max,2997cad963605ea9a120d4b0fa152023dc59a6f4892a02bd0bef0c26d217d6f8,blinded-annotation-v2-shortrefs
C009,K011,judge_b,0,labeled,Sleep duration stable ~470 min; no reduced sleep nights.,Requires several nights of reduced sleep duration.,No repeated sleep restriction observed.,qwen3.8-max,2997cad963605ea9a120d4b0fa152023dc59a6f4892a02bd0bef0c26d217d6f8,blinded-annotation-v2-shortrefs
C009,K012,judge_b,0,labeled,Sleep duration ~7.8h nightly; no ongoing insufficient sleep observed.,Requires ongoing insufficient sleep.,Sleep duration meets recommendations; no deficiency observed.,qwen3.8-max,2997cad963605ea9a120d4b0fa152023dc59a6f4892a02bd0bef0c26d217d6f8,blinded-annotation-v2-shortrefs
C009,K013,judge_b,0,labeled,Sleep ~470 min; no food intake or appetite data.,Requires food intake or appetite information for individual claims.,Sleep is adequate; no appetite data to connect.,qwen3.8-max,2997cad963605ea9a120d4b0fa152023dc59a6f4892a02bd0bef0c26d217d6f8,blinded-annotation-v2-shortrefs
C009,K014,judge_b,0,labeled,No reported sleepiness or driving context.,Requires sleepiness and driving plans.,Sleepiness and driving context unknown.,qwen3.8-max,2997cad963605ea9a120d4b0fa152023dc59a6f4892a02bd0bef0c26d217d6f8,blinded-annotation-v2-shortrefs
C009,K015,judge_b,1,labeled,Sleep ~470 min (~7.8h) within typical adult range; individual experience unknown.,Requires adult sleep duration being reviewed alongside individual experience.,Provides context that duration varies individually; supported general connection.,qwen3.8-max,2997cad963605ea9a120d4b0fa152023dc59a6f4892a02bd0bef0c26d217d6f8,blinded-annotation-v2-shortrefs
C009,K016,judge_b,0,labeled,No reported sleeping difficulties or insomnia symptoms.,Requires months-long sleeping difficulties or failed habit changes.,Only 14-day window without reported problems; conditions not met.,qwen3.8-max,2997cad963605ea9a120d4b0fa152023dc59a6f4892a02bd0bef0c26d217d6f8,blinded-annotation-v2-shortrefs
C009,K017,judge_b,0,labeled,"Sleep start variance ~22 min, sleep end fixed at 07:00; schedule is stable.",Non-applicable when a stable schedule alone does not establish a problem.,Schedule is consistent; item explicitly non-applicable for stable schedules.,qwen3.8-max,2997cad963605ea9a120d4b0fa152023dc59a6f4892a02bd0bef0c26d217d6f8,blinded-annotation-v2-shortrefs
C009,K018,judge_b,0,labeled,Wake time fixed at 07:00 daily; no sleeping difficulties reported.,Requires inconsistent wake time with reported sleeping difficulties.,Wake time is perfectly consistent; no insomnia symptoms reported.,qwen3.8-max,2997cad963605ea9a120d4b0fa152023dc59a6f4892a02bd0bef0c26d217d6f8,blinded-annotation-v2-shortrefs
C009,K019,judge_b,0,labeled,Weekday/weekend sleep start means differ <2 min; sleep end identical at 07:00.,Non-applicable when weekday and weekend sleep times are similar.,Sleep schedules are similar between weekdays and weekends; item explicitly non-applicable.,qwen3.8-max,2997cad963605ea9a120d4b0fa152023dc59a6f4892a02bd0bef0c26d217d6f8,blinded-annotation-v2-shortrefs
C009,K020,judge_b,0,labeled,"Sleep start times ~22:42-22:58, but no pre-bed activity content recorded.",Requires information about pre-bed activities for targeted advice.,Bedtime routine content unknown; timestamps alone do not reveal quiet-time behavior.,qwen3.8-max,2997cad963605ea9a120d4b0fa152023dc59a6f4892a02bd0bef0c26d217d6f8,blinded-annotation-v2-shortrefs
C009,K021,judge_b,0,labeled,No screen or light exposure data recorded.,Requires known bright-screen exposure shortly before bed.,Screen exposure unknown; conditions not met.,qwen3.8-max,2997cad963605ea9a120d4b0fa152023dc59a6f4892a02bd0bef0c26d217d6f8,blinded-annotation-v2-shortrefs
C009,K022,judge_b,0,labeled,No caffeine timing or intake recorded.,Requires known afternoon or evening caffeine use with sleeping difficulty.,Caffeine history unknown; conditions not met.,qwen3.8-max,2997cad963605ea9a120d4b0fa152023dc59a6f4892a02bd0bef0c26d217d6f8,blinded-annotation-v2-shortrefs
C009,K023,judge_b,0,labeled,No meal timing or size recorded.,Requires known large meal shortly before bed.,Meal information unknown; conditions not met.,qwen3.8-max,2997cad963605ea9a120d4b0fa152023dc59a6f4892a02bd0bef0c26d217d6f8,blinded-annotation-v2-shortrefs
C009,K024,judge_b,0,labeled,No alcohol intake recorded.,Requires alcohol intake and timing near bedtime.,Alcohol exposure unknown; conditions not met.,qwen3.8-max,2997cad963605ea9a120d4b0fa152023dc59a6f4892a02bd0bef0c26d217d6f8,blinded-annotation-v2-shortrefs
C009,K025,judge_b,0,labeled,No nicotine use recorded.,Requires nicotine exposure established.,Nicotine use unknown; conditions not met.,qwen3.8-max,2997cad963605ea9a120d4b0fa152023dc59a6f4892a02bd0bef0c26d217d6f8,blinded-annotation-v2-shortrefs
C009,K026,judge_b,0,labeled,No bedroom environment data recorded.,"Requires bedroom light, noise, or temperature information.",Environment unknown; conditions not met.,qwen3.8-max,2997cad963605ea9a120d4b0fa152023dc59a6f4892a02bd0bef0c26d217d6f8,blinded-annotation-v2-shortrefs
C009,K027,judge_b,0,labeled,No reported difficulty relaxing or pre-bed routine request.,Requires reported difficulty relaxing or request for routine options.,No relaxation issues indicated in data.,qwen3.8-max,2997cad963605ea9a120d4b0fa152023dc59a6f4892a02bd0bef0c26d217d6f8,blinded-annotation-v2-shortrefs
C009,K028,judge_b,0,labeled,No nap data recorded.,Requires nap duration or night-time sleep-onset difficulty.,Nap history unknown; conditions not met.,qwen3.8-max,2997cad963605ea9a120d4b0fa152023dc59a6f4892a02bd0bef0c26d217d6f8,blinded-annotation-v2-shortrefs
C009,K029,judge_b,0,labeled,No shift work schedule recorded.,Requires confirmed shift-work schedule.,Shift work unknown; conditions not met.,qwen3.8-max,2997cad963605ea9a120d4b0fa152023dc59a6f4892a02bd0bef0c26d217d6f8,blinded-annotation-v2-shortrefs
C009,K030,judge_b,0,labeled,No shift work confirmed.,Requires shift work established with work schedule context.,Shift work unknown; conditions not met.,qwen3.8-max,2997cad963605ea9a120d4b0fa152023dc59a6f4892a02bd0bef0c26d217d6f8,blinded-annotation-v2-shortrefs
C009,K031,judge_b,0,labeled,No shift work or caffeine intake recorded.,Requires shift worker using caffeine.,Shift work and caffeine context unknown; conditions not met.,qwen3.8-max,2997cad963605ea9a120d4b0fa152023dc59a6f4892a02bd0bef0c26d217d6f8,blinded-annotation-v2-shortrefs
C009,K032,judge_b,0,labeled,All sleep occurs overnight ~22:45-07:00; no daytime sleep recorded.,Requires daytime sleep associated with shift work.,Only ordinary overnight sleep recorded; shift work unknown.,qwen3.8-max,2997cad963605ea9a120d4b0fa152023dc59a6f4892a02bd0bef0c26d217d6f8,blinded-annotation-v2-shortrefs
C009,K033,judge_b,1,labeled,Sleep start/end and duration recorded; no awakenings or naps tracked.,Requires awakenings and naps needing separate records if absent.,Highlights that current data lacks diary-level detail like awakenings and naps.,qwen3.8-max,2997cad963605ea9a120d4b0fa152023dc59a6f4892a02bd0bef0c26d217d6f8,blinded-annotation-v2-shortrefs
C009,K034,judge_b,0,labeled,Sleep duration stable ~470 min; no shortened nights observed.,Requires several shortened nights rather than single reading.,No repeated sleep restriction in the data.,qwen3.8-max,2997cad963605ea9a120d4b0fa152023dc59a6f4892a02bd0bef0c26d217d6f8,blinded-annotation-v2-shortrefs
C009,K035,judge_b,0,labeled,Weekend sleep mean 472.75 min vs weekday 471.3 min; difference minimal.,Requires longer sleep and later timing on days off.,No substantial weekend sleep extension observed.,qwen3.8-max,2997cad963605ea9a120d4b0fa152023dc59a6f4892a02bd0bef0c26d217d6f8,blinded-annotation-v2-shortrefs
C009,K036,judge_b,0,labeled,No nap information recorded in wearable data.,Requires recorded naps.,Nap data absent; conditions not met.,qwen3.8-max,2997cad963605ea9a120d4b0fa152023dc59a6f4892a02bd0bef0c26d217d6f8,blinded-annotation-v2-shortrefs
C009,K037,judge_b,0,labeled,No reported bad nights or insomnia symptoms in data.,Requires reported bad sleep or insomnia symptoms.,Only device estimates available without reported sleeping difficulty.,qwen3.8-max,2997cad963605ea9a120d4b0fa152023dc59a6f4892a02bd0bef0c26d217d6f8,blinded-annotation-v2-shortrefs
C009,K038,judge_b,0,labeled,No reported sleeping difficulties; only 14-day window available.,Requires symptom history and onset for duration categorization.,Cannot diagnose insomnia from estimated sleep hours alone.,qwen3.8-max,2997cad963605ea9a120d4b0fa152023dc59a6f4892a02bd0bef0c26d217d6f8,blinded-annotation-v2-shortrefs
C009,K039,judge_b,0,labeled,No travel history recorded.,"Requires confirmed travel, destination time zone, and trip duration.",Travel context unknown; conditions not met.,qwen3.8-max,2997cad963605ea9a120d4b0fa152023dc59a6f4892a02bd0bef0c26d217d6f8,blinded-annotation-v2-shortrefs
C009,K040,judge_b,0,labeled,No travel history recorded in wearable data.,Requires a short trip across time zones to be planned.,Travel context unknown; item conditions not met by any observation.,qwen3.8-max,2997cad963605ea9a120d4b0fa152023dc59a6f4892a02bd0bef0c26d217d6f8,blinded-annotation-v2-shortrefs
C009,K041,judge_b,0,labeled,"Activity ~55 min/day, steps ~7900; intensity unknown.",Requires intensity information to count recommended aerobic minutes.,Generic advice; intensity unknown so guideline compliance cannot be assessed.,qwen3.8-max,2997cad963605ea9a120d4b0fa152023dc59a6f4892a02bd0bef0c26d217d6f8,blinded-annotation-v2-shortrefs
C009,K042,judge_b,0,labeled,Activity stable ~55 min/day; no recent inactivity observed.,Requires recently low or reduced physical activity.,"Activity is stable, not recently reduced.",qwen3.8-max,2997cad963605ea9a120d4b0fa152023dc59a6f4892a02bd0bef0c26d217d6f8,blinded-annotation-v2-shortrefs
C009,K043,judge_b,0,labeled,Activity intensity marked unknown throughout.,Requires known activity intensity for moderate-intensity classification.,Only unspecified active minutes available; intensity unknown.,qwen3.8-max,2997cad963605ea9a120d4b0fa152023dc59a6f4892a02bd0bef0c26d217d6f8,blinded-annotation-v2-shortrefs
C009,K044,judge_b,0,labeled,Activity intensity marked unknown throughout.,Requires known vigorous intensity.,Intensity unknown; cannot apply vigorous activity target.,qwen3.8-max,2997cad963605ea9a120d4b0fa152023dc59a6f4892a02bd0bef0c26d217d6f8,blinded-annotation-v2-shortrefs
C009,K045,judge_b,0,labeled,Activity ~55 min/day; intensity unknown.,Requires intensity for counting guideline minutes.,Cannot assume recorded active minutes are moderate intensity.,qwen3.8-max,2997cad963605ea9a120d4b0fa152023dc59a6f4892a02bd0bef0c26d217d6f8,blinded-annotation-v2-shortrefs
C009,K046,judge_b,0,labeled,No muscle-strengthening activity records available.,Requires strengthening activity records including days and muscle groups.,Only step and movement counts available; cannot assess strengthening.,qwen3.8-max,2997cad963605ea9a120d4b0fa152023dc59a6f4892a02bd0bef0c26d217d6f8,blinded-annotation-v2-shortrefs
C009,K047,judge_b,0,labeled,Activity intensity unknown; guideline attainment unverified.,Requires known intensity and weekly duration reaching guidelines.,Intensity unknown; cannot verify guideline attainment.,qwen3.8-max,2997cad963605ea9a120d4b0fa152023dc59a6f4892a02bd0bef0c26d217d6f8,blinded-annotation-v2-shortrefs
C009,K048,judge_b,0,labeled,Activity intensity marked unknown; fitness level not recorded.,Requires fitness or perceived effort for intensity interpretation.,Cannot assign intensity from movement totals alone.,qwen3.8-max,2997cad963605ea9a120d4b0fa152023dc59a6f4892a02bd0bef0c26d217d6f8,blinded-annotation-v2-shortrefs
C009,K049,judge_b,0,labeled,Activity intensity marked unknown throughout all intervals.,Requires an aerobic activity and breathing or talk-test observation.,Effort and aerobic context unrecorded; intensity unknown.,qwen3.8-max,2997cad963605ea9a120d4b0fa152023dc59a6f4892a02bd0bef0c26d217d6f8,blinded-annotation-v2-shortrefs
C009,K050,judge_b,1,labeled,"Steps ~7900, activity ~55 min; intensity unknown.",Requires steps changing while other activity may differ in type.,Steps may miss non-step exercise; relevant caution for interpreting activity data.,qwen3.8-max,2997cad963605ea9a120d4b0fa152023dc59a6f4892a02bd0bef0c26d217d6f8,blinded-annotation-v2-shortrefs
C009,K051,judge_b,0,labeled,Steps stable ~7900 baseline and window; no declining routine movement observed.,Requires low or declining routine movement.,"Movement is stable, not declining; transport context unknown.",qwen3.8-max,2997cad963605ea9a120d4b0fa152023dc59a6f4892a02bd0bef0c26d217d6f8,blinded-annotation-v2-shortrefs
C009,K052,judge_b,0,labeled,Activity stable; no difficulty maintaining habits reported.,Requires personal preferences and availability for choosing options.,No activity maintenance difficulty indicated.,qwen3.8-max,2997cad963605ea9a120d4b0fa152023dc59a6f4892a02bd0bef0c26d217d6f8,blinded-annotation-v2-shortrefs
C009,K053,judge_b,0,labeled,No motivational or social barrier reported.,Requires social preferences or reported motivational barrier.,No evidence of motivational issues; activity is stable.,qwen3.8-max,2997cad963605ea9a120d4b0fa152023dc59a6f4892a02bd0bef0c26d217d6f8,blinded-annotation-v2-shortrefs
C009,K054,judge_b,0,labeled,Activity ~55 min/day; no reported time barrier.,Requires low activity with a reported time barrier.,No time barrier reported; activity levels are stable.,qwen3.8-max,2997cad963605ea9a120d4b0fa152023dc59a6f4892a02bd0bef0c26d217d6f8,blinded-annotation-v2-shortrefs
C009,K055,judge_b,0,labeled,Activity stable ~55 min/day; no reported competing demands.,Requires reported competing demands reducing activity.,No evidence of schedule constraints reducing activity.,qwen3.8-max,2997cad963605ea9a120d4b0fa152023dc59a6f4892a02bd0bef0c26d217d6f8,blinded-annotation-v2-shortrefs
C009,K056,judge_b,0,labeled,No chronic condition or disability recorded.,Requires relevant health condition and activity safety history.,Medical context unknown; conditions not met.,qwen3.8-max,2997cad963605ea9a120d4b0fa152023dc59a6f4892a02bd0bef0c26d217d6f8,blinded-annotation-v2-shortrefs
C009,K057,judge_b,0,labeled,Low movement intervals ~45 min each; posture not measured.,Requires mobility and posture context for individual sitting claim.,Low movement does not confirm sitting; posture context missing.,qwen3.8-max,2997cad963605ea9a120d4b0fa152023dc59a6f4892a02bd0bef0c26d217d6f8,blinded-annotation-v2-shortrefs
C009,K058,judge_b,0,labeled,"Activity ~55 min, low movement ~447 min; sitting posture unconfirmed.",Requires sitting posture and known activity intensity for guideline claims.,Low movement is not confirmed sitting; intensity unknown.,qwen3.8-max,2997cad963605ea9a120d4b0fa152023dc59a6f4892a02bd0bef0c26d217d6f8,blinded-annotation-v2-shortrefs
C009,K059,judge_b,0,labeled,Low movement ~447 min/day; posture not confirmed.,Requires confirmed sitting for a specific sedentary-time conclusion.,Device low movement is not confirmed sitting; cannot draw sedentary conclusions.,qwen3.8-max,2997cad963605ea9a120d4b0fa152023dc59a6f4892a02bd0bef0c26d217d6f8,blinded-annotation-v2-shortrefs
C009,K060,judge_b,0,labeled,Commute and transport context unknown.,Requires sedentary commuting established with transport context.,Commute unknown; conditions not met.,qwen3.8-max,2997cad963605ea9a120d4b0fa152023dc59a6f4892a02bd0bef0c26d217d6f8,blinded-annotation-v2-shortrefs
C009,K061,judge_b,0,labeled,Workplace layout and desk work context unknown.,Requires desk work with prolonged sitting and workplace context.,Work context unknown; cannot apply workplace-specific advice.,qwen3.8-max,2997cad963605ea9a120d4b0fa152023dc59a6f4892a02bd0bef0c26d217d6f8,blinded-annotation-v2-shortrefs
C009,K062,judge_b,0,labeled,Workplace and meeting context unknown.,Requires meetings or desk work involving prolonged sitting with workplace context.,No workplace information available.,qwen3.8-max,2997cad963605ea9a120d4b0fa152023dc59a6f4892a02bd0bef0c26d217d6f8,blinded-annotation-v2-shortrefs
C009,K063,judge_b,0,labeled,No television-viewing context recorded.,Requires prolonged sitting while watching television.,Screen habits unknown; conditions not met.,qwen3.8-max,2997cad963605ea9a120d4b0fa152023dc59a6f4892a02bd0bef0c26d217d6f8,blinded-annotation-v2-shortrefs
C009,K064,judge_b,0,labeled,Leisure context and preferences unknown.,Requires substantial habitual seated leisure with routine context.,No leisure context available to apply this advice.,qwen3.8-max,2997cad963605ea9a120d4b0fa152023dc59a6f4892a02bd0bef0c26d217d6f8,blinded-annotation-v2-shortrefs
C009,K065,judge_b,1,labeled,"Activity duration ~55 min includes all moving minutes, not just formal exercise.",Requires low everyday movement despite possible formal exercise context.,Clarifies that recorded activity includes everyday movement beyond formal exercise.,qwen3.8-max,2997cad963605ea9a120d4b0fa152023dc59a6f4892a02bd0bef0c26d217d6f8,blinded-annotation-v2-shortrefs
C009,K066,judge_b,0,labeled,Low movement ~447 min/day; workday lunch-break context unknown.,Requires daytime low movement with known workday lunch-break context.,Work schedule and lunch-break access unknown.,qwen3.8-max,2997cad963605ea9a120d4b0fa152023dc59a6f4892a02bd0bef0c26d217d6f8,blinded-annotation-v2-shortrefs
C009,K067,judge_b,0,labeled,Stair access and mobility context unknown.,Requires stair access and safe mobility.,Context unknown; generic suggestion not tied to observations.,qwen3.8-max,2997cad963605ea9a120d4b0fa152023dc59a6f4892a02bd0bef0c26d217d6f8,blinded-annotation-v2-shortrefs
C009,K068,judge_b,1,labeled,Low movement ~447 min/day recorded without posture measurement.,Requires low-movement intervals without posture measurement.,Directly cautions against relabeling low-movement estimates as confirmed sitting.,qwen3.8-max,2997cad963605ea9a120d4b0fa152023dc59a6f4892a02bd0bef0c26d217d6f8,blinded-annotation-v2-shortrefs
C009,K069,judge_b,0,labeled,Activity and sleep both stable; no causal pattern identifiable.,Requires activity and sleep patterns for joint review without causal claims.,Generic benefit statement; temporal co-occurrence does not imply causation here.,qwen3.8-max,2997cad963605ea9a120d4b0fa152023dc59a6f4892a02bd0bef0c26d217d6f8,blinded-annotation-v2-shortrefs
C009,K070,judge_b,0,labeled,"Steps ~7600-8400 daily, activity 50-60 min; outdoor access unknown.",Requires outdoor access and mobility context for specific plan.,General advice; cannot infer outdoor exposure from movement counts.,qwen3.8-max,2997cad963605ea9a120d4b0fa152023dc59a6f4892a02bd0bef0c26d217d6f8,blinded-annotation-v2-shortrefs
C009,K071,judge_b,0,labeled,Activity intervals 21:00-~22:00 daily with intensity marked unknown.,Requires known intensity relative to bedtime to apply intense-exercise advice.,Intensity is unknown; cannot assume late movement is intense exercise.,qwen3.8-max,2997cad963605ea9a120d4b0fa152023dc59a6f4892a02bd0bef0c26d217d6f8,blinded-annotation-v2-shortrefs
C009,K072,judge_b,0,labeled,Activity 21:00-~22:00; no insomnia symptoms reported.,Requires exercise near bedtime with reported insomnia symptoms.,Only movement and sleep timestamps known; no insomnia reported.,qwen3.8-max,2997cad963605ea9a120d4b0fa152023dc59a6f4892a02bd0bef0c26d217d6f8,blinded-annotation-v2-shortrefs
C009,K073,judge_b,1,labeled,Activity intervals 21:00-~22:00; sleep starts ~22:42-22:58.,Requires activity intervals for timing comparisons with subsequent sleep.,Supports recording exercise timing alongside sleep for proper temporal analysis.,qwen3.8-max,2997cad963605ea9a120d4b0fa152023dc59a6f4892a02bd0bef0c26d217d6f8,blinded-annotation-v2-shortrefs
C009,K074,judge_b,0,labeled,No emergency-response deployment context recorded.,Requires confirmed emergency-response deployment context.,Deployment context unknown; conditions not met.,qwen3.8-max,2997cad963605ea9a120d4b0fa152023dc59a6f4892a02bd0bef0c26d217d6f8,blinded-annotation-v2-shortrefs
C009,K075,judge_b,0,labeled,No tiredness or energy pattern reported.,Requires subjective energy pattern and reported tiredness limiting activity.,No tiredness history available.,qwen3.8-max,2997cad963605ea9a120d4b0fa152023dc59a6f4892a02bd0bef0c26d217d6f8,blinded-annotation-v2-shortrefs
C009,K076,judge_b,1,labeled,Activity and sleep recorded; substances and medications not tracked.,Requires sleep and activity temporal relationship needing substance context.,Highlights missing substance data needed to interpret sleep-activity relationships.,qwen3.8-max,2997cad963605ea9a120d4b0fa152023dc59a6f4892a02bd0bef0c26d217d6f8,blinded-annotation-v2-shortrefs
C009,K077,judge_b,1,labeled,RHR values 51-63 bpm reported as daily resting estimates.,Requires resting heart rate observations available in resting context.,Defines RHR measurement context; relevant for interpreting the observed values.,qwen3.8-max,2997cad963605ea9a120d4b0fa152023dc59a6f4892a02bd0bef0c26d217d6f8,blinded-annotation-v2-shortrefs
C009,K078,judge_b,1,labeled,Data reports resting_heart_rate_bpm; sleeping heart rate not separately provided.,Requires the heart-rate measure and collection context being known.,Important distinction for interpreting the reported RHR values correctly.,qwen3.8-max,2997cad963605ea9a120d4b0fa152023dc59a6f4892a02bd0bef0c26d217d6f8,blinded-annotation-v2-shortrefs
C009,K079,judge_b,2,labeled,RHR increased from baseline mean 51.8 to window mean 61.7 bpm.,Requires resting heart rate changes relative to previous readings.,"Directly explains that the observed ~10 bpm RHR rise has multiple possible causes, not just one.",qwen3.8-max,2997cad963605ea9a120d4b0fa152023dc59a6f4892a02bd0bef0c26d217d6f8,blinded-annotation-v2-shortrefs
C009,K080,judge_b,1,labeled,HRV RMSSD ~45 ms and RHR reported separately in data.,Requires HRV and heart-rate estimates being interpreted together.,"Clarifies HRV is beat-to-beat variation, distinct from RHR; relevant educational context.",qwen3.8-max,2997cad963605ea9a120d4b0fa152023dc59a6f4892a02bd0bef0c26d217d6f8,blinded-annotation-v2-shortrefs
C009,K081,judge_b,1,labeled,HRV RMSSD stable ~45 ms across both periods.,Requires an HRV level or trend being reviewed with personal context.,HRV interpretation requires personal context; stable here but educational relevance applies.,qwen3.8-max,2997cad963605ea9a120d4b0fa152023dc59a6f4892a02bd0bef0c26d217d6f8,blinded-annotation-v2-shortrefs
C009,K082,judge_b,2,labeled,28-day baseline RHR mean 51.8; window mean 61.7; clear deviation from personal range.,Requires a vital changed from recent personal baseline with sufficient history.,Directly explains how the 28-day baseline provides personal range context for the RHR shift.,qwen3.8-max,2997cad963605ea9a120d4b0fa152023dc59a6f4892a02bd0bef0c26d217d6f8,blinded-annotation-v2-shortrefs
C009,K083,judge_b,2,labeled,"RHR baseline mean 51.8 over 28 days, window mean 61.7 over 14 days.",Requires repeated resting heart-rate readings or a recent change.,"Directly supports reviewing the sustained RHR elevation over multi-day trends, not single readings.",qwen3.8-max,2997cad963605ea9a120d4b0fa152023dc59a6f4892a02bd0bef0c26d217d6f8,blinded-annotation-v2-shortrefs
C009,K084,judge_b,1,labeled,HRV RMSSD stable ~45 ms across both periods.,Requires an HRV trend available for wellness monitoring.,"Clarifies HRV is for wellness, not diagnosis; relevant given stable HRV despite RHR change.",qwen3.8-max,2997cad963605ea9a120d4b0fa152023dc59a6f4892a02bd0bef0c26d217d6f8,blinded-annotation-v2-shortrefs
C009,K085,judge_b,1,labeled,HRV reported as hrv_rmssd_ms in metadata.,Requires HRV records identifying RMSSD as their metric.,Confirms the HRV metric definition used in the data matches Fitbit's RMSSD approach.,qwen3.8-max,2997cad963605ea9a120d4b0fa152023dc59a6f4892a02bd0bef0c26d217d6f8,blinded-annotation-v2-shortrefs
C009,K086,judge_b,1,labeled,"Sleep durations 462-478 min, all exceeding 3 hours.",Requires compatible collection definition and sleep coverage over 3 hours.,All sleep periods exceed the 3-hour minimum for HRV estimation; methodologically relevant.,qwen3.8-max,2997cad963605ea9a120d4b0fa152023dc59a6f4892a02bd0bef0c26d217d6f8,blinded-annotation-v2-shortrefs
C009,K087,judge_b,0,labeled,Only sleep duration and timing recorded; no sleep-stage data.,Requires sleep-stage measurements.,Sleep-stage data absent; item non-applicable.,qwen3.8-max,2997cad963605ea9a120d4b0fa152023dc59a6f4892a02bd0bef0c26d217d6f8,blinded-annotation-v2-shortrefs
C009,K088,judge_b,1,labeled,RHR increased ~10 bpm in window; no reported health concerns.,Requires a person reporting concerns about a vital trend.,"Notable RHR change warrants clinical conversation per source, though no concern reported.",qwen3.8-max,2997cad963605ea9a120d4b0fa152023dc59a6f4892a02bd0bef0c26d217d6f8,blinded-annotation-v2-shortrefs
C009,K089,judge_b,1,labeled,RHR rose from ~52 to ~62 bpm; device fit information unavailable.,Requires heart-rate readings where wear quality may affect accuracy.,"Large RHR increase could theoretically involve fit changes, but no evidence supports this.",qwen3.8-max,2997cad963605ea9a120d4b0fa152023dc59a6f4892a02bd0bef0c26d217d6f8,blinded-annotation-v2-shortrefs
C009,K090,judge_b,1,labeled,"Nighttime coverage 482-498 min, all above 180 min threshold.",Requires separate night-time wear information for overnight vitals validity.,Confirms nighttime coverage is adequate for overnight vitals; methodologically relevant.,qwen3.8-max,2997cad963605ea9a120d4b0fa152023dc59a6f4892a02bd0bef0c26d217d6f8,blinded-annotation-v2-shortrefs
C009,K091,judge_b,1,labeled,All vitals present; nighttime coverage 482-498 min exceeds 3-hour minimum.,Requires compatible device and sleep coverage context for missing vitals.,Explains why vitals are not missing here; adequate coverage supports data availability.,qwen3.8-max,2997cad963605ea9a120d4b0fa152023dc59a6f4892a02bd0bef0c26d217d6f8,blinded-annotation-v2-shortrefs
C009,K092,judge_b,0,labeled,No missing vitals in either period; all metrics populated.,Requires vitals missing or delayed with sync context.,All data present; no missing vitals to explain.,qwen3.8-max,2997cad963605ea9a120d4b0fa152023dc59a6f4892a02bd0bef0c26d217d6f8,blinded-annotation-v2-shortrefs
C009,K093,judge_b,0,labeled,Single synthetic device used throughout; no device switch recorded.,Requires heart-rate series involving a device or algorithm change.,Same device used; no evidence of sensor or algorithm change.,qwen3.8-max,2997cad963605ea9a120d4b0fa152023dc59a6f4892a02bd0bef0c26d217d6f8,blinded-annotation-v2-shortrefs
C009,K094,judge_b,1,labeled,Sleep duration estimated from device; sleep boundaries recorded.,Requires device-estimated sleep duration and sleep boundaries available.,"Clarifies that reported sleep duration is an estimate, not clinical measurement.",qwen3.8-max,2997cad963605ea9a120d4b0fa152023dc59a6f4892a02bd0bef0c26d217d6f8,blinded-annotation-v2-shortrefs
C009,K095,judge_b,1,labeled,Nighttime coverage 482-498 min every night; no missing sleep records.,Requires night-time wear record for sleep detection.,Confirms device was worn overnight supporting valid sleep detection throughout.,qwen3.8-max,2997cad963605ea9a120d4b0fa152023dc59a6f4892a02bd0bef0c26d217d6f8,blinded-annotation-v2-shortrefs
C009,K096,judge_b,1,labeled,Steps ~7900 daily; arm swing and wear context not verified.,Requires wear context and activity type for step accuracy.,Relevant caution that step counts depend on arm motion and device wear.,qwen3.8-max,2997cad963605ea9a120d4b0fa152023dc59a6f4892a02bd0bef0c26d217d6f8,blinded-annotation-v2-shortrefs
C010,K001,judge_b,2,labeled,Adult 18-60; sleep 462-478 min (7.7-8.0h) consistently above 7h minimum.,Requires age band 18-60 and sleep duration assessment against recommendation.,Core reference standard directly confirming observed sleep meets CDC adult recommendation.,qwen3.8-max,90bb6db850a2ec71312a011fb5da0ac8c5ff55504d9bfb911f59173cb89aa6b4,blinded-annotation-v2-shortrefs
C010,K002,judge_b,0,labeled,"Age band 18-60, not 61-64.",Requires age 61-64 established.,Population mismatch; item explicitly non-applicable for this age band.,qwen3.8-max,90bb6db850a2ec71312a011fb5da0ac8c5ff55504d9bfb911f59173cb89aa6b4,blinded-annotation-v2-shortrefs
C010,K003,judge_b,0,labeled,"Age band 18-60, not 65+.",Requires age at least 65 established.,Population mismatch; item explicitly non-applicable for this age band.,qwen3.8-max,90bb6db850a2ec71312a011fb5da0ac8c5ff55504d9bfb911f59173cb89aa6b4,blinded-annotation-v2-shortrefs
C010,K004,judge_b,0,labeled,"Age band is 18-60, not 13-17.",Requires teenage age group 13-17.,Population mismatch; item explicitly non-applicable for adults.,qwen3.8-max,90bb6db850a2ec71312a011fb5da0ac8c5ff55504d9bfb911f59173cb89aa6b4,blinded-annotation-v2-shortrefs
C010,K005,judge_b,0,labeled,Sleep duration stable ~470 min; no schedule constraint or shortage evidenced.,Requires repeatedly shortened sleep opportunity attributed to busyness.,No evidence of insufficient sleep or schedule-driven shortage.,qwen3.8-max,90bb6db850a2ec71312a011fb5da0ac8c5ff55504d9bfb911f59173cb89aa6b4,blinded-annotation-v2-shortrefs
C010,K006,judge_b,0,labeled,"Sleep ~470 min/night, meeting adult recommendations; not consistently short.",Requires consistently short sleep even without new decline.,Sleep duration is adequate for age band; not a short-sleep scenario.,qwen3.8-max,90bb6db850a2ec71312a011fb5da0ac8c5ff55504d9bfb911f59173cb89aa6b4,blinded-annotation-v2-shortrefs
C010,K007,judge_b,1,labeled,"Sleep duration ~469 min recorded; no awakenings, onset latency, or refreshment data.",Requires sleep duration recorded but quality potentially unknown.,Directly clarifies that available duration data does not establish overall sleep quality.,qwen3.8-max,90bb6db850a2ec71312a011fb5da0ac8c5ff55504d9bfb911f59173cb89aa6b4,blinded-annotation-v2-shortrefs
C010,K008,judge_b,0,labeled,"Only sleep start, end, and duration recorded; no awakening events measured.",Requires awakening history or measured sleep continuity.,Awakening data unavailable; total duration alone cannot indicate awakenings.,qwen3.8-max,90bb6db850a2ec71312a011fb5da0ac8c5ff55504d9bfb911f59173cb89aa6b4,blinded-annotation-v2-shortrefs
C010,K009,judge_b,0,labeled,Mean sleep duration ~470 min (~7.8h); no subjective refreshment data recorded.,Requires >8h sleep with reported lack of refreshment.,Sleep is under 8 hours and no subjective refreshment reports exist.,qwen3.8-max,90bb6db850a2ec71312a011fb5da0ac8c5ff55504d9bfb911f59173cb89aa6b4,blinded-annotation-v2-shortrefs
C010,K010,judge_b,0,labeled,Sleep ~470 min adequate; no cognitive impairment symptoms reported.,Requires repeatedly shortened sleep and symptoms for cognitive claims.,Sleep is adequate and no symptoms reported; conditions not met.,qwen3.8-max,90bb6db850a2ec71312a011fb5da0ac8c5ff55504d9bfb911f59173cb89aa6b4,blinded-annotation-v2-shortrefs
C010,K011,judge_b,0,labeled,Sleep duration stable ~462-478 min across all 42 days; no repeated short nights.,Requires several nights of reduced sleep duration.,No repeated sleep restriction observed; durations are consistently near 7.8 hours.,qwen3.8-max,90bb6db850a2ec71312a011fb5da0ac8c5ff55504d9bfb911f59173cb89aa6b4,blinded-annotation-v2-shortrefs
C010,K012,judge_b,0,labeled,Sleep ~470 min/night consistently; no ongoing deficiency observed.,Requires ongoing insufficient sleep.,Sleep is adequate; no deficiency to link to immune function.,qwen3.8-max,90bb6db850a2ec71312a011fb5da0ac8c5ff55504d9bfb911f59173cb89aa6b4,blinded-annotation-v2-shortrefs
C010,K013,judge_b,0,labeled,Sleep ~470 min consistently adequate; no appetite or food intake data.,Requires repeated insufficient sleep and food intake information.,Sleep is sufficient and appetite data absent; conditions not met.,qwen3.8-max,90bb6db850a2ec71312a011fb5da0ac8c5ff55504d9bfb911f59173cb89aa6b4,blinded-annotation-v2-shortrefs
C010,K014,judge_b,0,labeled,No subjective sleepiness or driving context recorded in data.,Requires reported sleepiness and driving plans.,Neither sleepiness nor driving context available; safety advice not applicable.,qwen3.8-max,90bb6db850a2ec71312a011fb5da0ac8c5ff55504d9bfb911f59173cb89aa6b4,blinded-annotation-v2-shortrefs
C010,K015,judge_b,1,labeled,Sleep duration ~462-478 min (7.7-8.0h) for adult age band 18-60.,Requires adult sleep duration being reviewed.,Contextualizes observed ~7.8h sleep within normal individual variation for adults.,qwen3.8-max,90bb6db850a2ec71312a011fb5da0ac8c5ff55504d9bfb911f59173cb89aa6b4,blinded-annotation-v2-shortrefs
C010,K016,judge_b,0,labeled,No reported sleeping difficulties; 14-day window only; sleep stable ~470 min.,Requires months-long sleeping difficulties or failed habit changes.,No insomnia symptoms reported and observation window too short for this criteria.,qwen3.8-max,90bb6db850a2ec71312a011fb5da0ac8c5ff55504d9bfb911f59173cb89aa6b4,blinded-annotation-v2-shortrefs
C010,K017,judge_b,1,labeled,Sleep start varies 22:42-22:58; sleep end fixed at 07:00; SD of start ~5 min.,Requires assessment of bedtime/wake time consistency.,Data shows highly consistent schedule; item explains why this stability is appropriate.,qwen3.8-max,90bb6db850a2ec71312a011fb5da0ac8c5ff55504d9bfb911f59173cb89aa6b4,blinded-annotation-v2-shortrefs
C010,K018,judge_b,0,labeled,Sleep end fixed at 07:00 every day; no reported sleeping difficulties.,Requires inconsistent wake time with reported sleeping difficulties.,Wake time is perfectly consistent and no insomnia symptoms are reported.,qwen3.8-max,90bb6db850a2ec71312a011fb5da0ac8c5ff55504d9bfb911f59173cb89aa6b4,blinded-annotation-v2-shortrefs
C010,K019,judge_b,1,labeled,Weekday vs weekend sleep start means differ by ~1 min; sleep end identical at 07:00.,Requires weekday/weekend sleep times being similar or different.,"Data shows weekday/weekend schedules are nearly identical, confirming this guidance is already met.",qwen3.8-max,90bb6db850a2ec71312a011fb5da0ac8c5ff55504d9bfb911f59173cb89aa6b4,blinded-annotation-v2-shortrefs
C010,K020,judge_b,0,labeled,Bedtime ~22:42-22:58 recorded but no pre-bed activity information available.,Requires information about pre-bed activities for targeted advice.,Timestamps show bedtime but not what occurred during the quiet period.,qwen3.8-max,90bb6db850a2ec71312a011fb5da0ac8c5ff55504d9bfb911f59173cb89aa6b4,blinded-annotation-v2-shortrefs
C010,K021,judge_b,0,labeled,No screen or bright light exposure data recorded before bedtime.,Requires known bright-screen exposure shortly before bed.,Exposure unknown; cannot attribute sleep patterns to screens.,qwen3.8-max,90bb6db850a2ec71312a011fb5da0ac8c5ff55504d9bfb911f59173cb89aa6b4,blinded-annotation-v2-shortrefs
C010,K022,judge_b,0,labeled,No caffeine intake timing or amount recorded in data.,Requires known afternoon or evening caffeine use.,Caffeine history unknown; condition not met.,qwen3.8-max,90bb6db850a2ec71312a011fb5da0ac8c5ff55504d9bfb911f59173cb89aa6b4,blinded-annotation-v2-shortrefs
C010,K023,judge_b,0,labeled,No meal timing or size information recorded in wearable data.,Requires known large meal shortly before bed.,Meal information completely unknown; condition not met.,qwen3.8-max,90bb6db850a2ec71312a011fb5da0ac8c5ff55504d9bfb911f59173cb89aa6b4,blinded-annotation-v2-shortrefs
C010,K024,judge_b,0,labeled,No alcohol consumption data recorded in wearable observations.,Requires alcohol intake and timing near bedtime.,Alcohol exposure unknown; cannot apply pre-bed alcohol advice.,qwen3.8-max,90bb6db850a2ec71312a011fb5da0ac8c5ff55504d9bfb911f59173cb89aa6b4,blinded-annotation-v2-shortrefs
C010,K025,judge_b,0,labeled,No nicotine use information recorded in wearable data.,Requires established nicotine exposure.,Nicotine use is unknown; condition cannot be verified.,qwen3.8-max,90bb6db850a2ec71312a011fb5da0ac8c5ff55504d9bfb911f59173cb89aa6b4,blinded-annotation-v2-shortrefs
C010,K026,judge_b,0,labeled,"No bedroom temperature, light, or noise data recorded.",Requires known disruptive bedroom environment.,Environment unknown; cannot assess bedroom conditions from wearable.,qwen3.8-max,90bb6db850a2ec71312a011fb5da0ac8c5ff55504d9bfb911f59173cb89aa6b4,blinded-annotation-v2-shortrefs
C010,K027,judge_b,0,labeled,No pre-bed relaxation routine or difficulty relaxing reported in data.,Requires reported difficulty relaxing or request for routine options.,Generic advice with no connection to observed data patterns.,qwen3.8-max,90bb6db850a2ec71312a011fb5da0ac8c5ff55504d9bfb911f59173cb89aa6b4,blinded-annotation-v2-shortrefs
C010,K028,judge_b,0,labeled,No nap data recorded in wearable observations.,Requires adult naps recorded or reported.,Nap history unknown; cannot apply nap duration or timing advice.,qwen3.8-max,90bb6db850a2ec71312a011fb5da0ac8c5ff55504d9bfb911f59173cb89aa6b4,blinded-annotation-v2-shortrefs
C010,K029,judge_b,0,labeled,No shift work schedule confirmed; sleep timing stable ~22:50.,Requires confirmed shift-work schedule with changing shifts.,Shift work unknown; stable sleep timing does not suggest rotating shifts.,qwen3.8-max,90bb6db850a2ec71312a011fb5da0ac8c5ff55504d9bfb911f59173cb89aa6b4,blinded-annotation-v2-shortrefs
C010,K030,judge_b,0,labeled,No shift work schedule established in data.,Requires confirmed shift work with lighting context.,Shift work unknown; item not applicable.,qwen3.8-max,90bb6db850a2ec71312a011fb5da0ac8c5ff55504d9bfb911f59173cb89aa6b4,blinded-annotation-v2-shortrefs
C010,K031,judge_b,0,labeled,No shift work schedule or caffeine intake recorded.,Requires shift worker using caffeine with known schedule.,Shift work and caffeine use both unknown.,qwen3.8-max,90bb6db850a2ec71312a011fb5da0ac8c5ff55504d9bfb911f59173cb89aa6b4,blinded-annotation-v2-shortrefs
C010,K032,judge_b,0,labeled,All sleep occurs overnight ~22:45-07:00; no daytime sleep recorded.,Requires daytime sleep associated with shift work.,Only ordinary overnight sleep observed; shift work context absent.,qwen3.8-max,90bb6db850a2ec71312a011fb5da0ac8c5ff55504d9bfb911f59173cb89aa6b4,blinded-annotation-v2-shortrefs
C010,K033,judge_b,0,labeled,No awakenings or naps recorded; only start/end/duration available.,Requires awakenings and naps needing separate records.,Diary components beyond timing are unavailable in current data.,qwen3.8-max,90bb6db850a2ec71312a011fb5da0ac8c5ff55504d9bfb911f59173cb89aa6b4,blinded-annotation-v2-shortrefs
C010,K034,judge_b,0,labeled,Sleep duration stable ~462-478 min; no shortened nights accumulating debt.,Requires several shortened nights rather than single reading.,No repeated sleep loss observed; durations consistently near recommended amounts.,qwen3.8-max,90bb6db850a2ec71312a011fb5da0ac8c5ff55504d9bfb911f59173cb89aa6b4,blinded-annotation-v2-shortrefs
C010,K035,judge_b,0,labeled,Weekend sleep mean 470.0 min vs weekday 468.7 min in window; difference ~1.3 min.,Requires substantially longer sleep on days off indicating workday insufficiency.,Weekend/weekday sleep nearly identical; no catch-up sleep pattern observed.,qwen3.8-max,90bb6db850a2ec71312a011fb5da0ac8c5ff55504d9bfb911f59173cb89aa6b4,blinded-annotation-v2-shortrefs
C010,K036,judge_b,0,labeled,No nap information recorded in wearable data.,Requires recorded naps after shortened night-time sleep.,Nap data absent; condition not met.,qwen3.8-max,90bb6db850a2ec71312a011fb5da0ac8c5ff55504d9bfb911f59173cb89aa6b4,blinded-annotation-v2-shortrefs
C010,K037,judge_b,0,labeled,No bad nights or insomnia symptoms reported; sleep stable ~470 min.,Requires recent bad night and reported sleeping difficulties.,No bad nights or insomnia; stable schedule does not trigger this advice.,qwen3.8-max,90bb6db850a2ec71312a011fb5da0ac8c5ff55504d9bfb911f59173cb89aa6b4,blinded-annotation-v2-shortrefs
C010,K038,judge_b,0,labeled,No symptom history or insomnia report; only 42 days of duration data.,Requires reported sleeping difficulties with known symptom duration.,Cannot diagnose or categorize insomnia from duration estimates alone.,qwen3.8-max,90bb6db850a2ec71312a011fb5da0ac8c5ff55504d9bfb911f59173cb89aa6b4,blinded-annotation-v2-shortrefs
C010,K039,judge_b,0,labeled,No travel history or flight information recorded in data.,Requires confirmed travel across time zones.,Travel context unknown; sleep timing stable suggests no jet lag scenario.,qwen3.8-max,90bb6db850a2ec71312a011fb5da0ac8c5ff55504d9bfb911f59173cb89aa6b4,blinded-annotation-v2-shortrefs
C010,K040,judge_b,0,labeled,No travel or trip context recorded in data.,Requires known short trip across time zones.,Travel context unknown; item not applicable.,qwen3.8-max,90bb6db850a2ec71312a011fb5da0ac8c5ff55504d9bfb911f59173cb89aa6b4,blinded-annotation-v2-shortrefs
C010,K041,judge_b,0,labeled,Activity ~55 min/day present in baseline; intensity unknown throughout.,Requires low or declining movement giving opportunity to add activity.,Movement was not declining; generic encouragement without specific data connection.,qwen3.8-max,90bb6db850a2ec71312a011fb5da0ac8c5ff55504d9bfb911f59173cb89aa6b4,blinded-annotation-v2-shortrefs
C010,K042,judge_b,0,labeled,"Baseline steps ~2800/day, window steps ~7900/day; activity increased substantially.",Requires recently low or reduced physical activity before gradual build-up.,"Activity was already present in baseline and increased sharply, not a gradual build from inactivity.",qwen3.8-max,90bb6db850a2ec71312a011fb5da0ac8c5ff55504d9bfb911f59173cb89aa6b4,blinded-annotation-v2-shortrefs
C010,K043,judge_b,0,labeled,Activity intensity labeled unknown for all intervals; only duration and steps available.,Requires known moderate-intensity aerobic minutes.,Cannot determine if 150-minute moderate target is met without intensity data.,qwen3.8-max,90bb6db850a2ec71312a011fb5da0ac8c5ff55504d9bfb911f59173cb89aa6b4,blinded-annotation-v2-shortrefs
C010,K044,judge_b,0,labeled,All activity intervals have intensity labeled unknown; no vigorous activity documented.,Requires known vigorous intensity documentation.,Intensity unknown prevents applying vigorous activity targets.,qwen3.8-max,90bb6db850a2ec71312a011fb5da0ac8c5ff55504d9bfb911f59173cb89aa6b4,blinded-annotation-v2-shortrefs
C010,K045,judge_b,0,labeled,Activity intensity unknown; single continuous session requirement not established.,Requires intensity known for counting guideline minutes.,Cannot apply splitting advice when intensity is unknown and no long-session barrier shown.,qwen3.8-max,90bb6db850a2ec71312a011fb5da0ac8c5ff55504d9bfb911f59173cb89aa6b4,blinded-annotation-v2-shortrefs
C010,K046,judge_b,0,labeled,No muscle-strengthening activity records; only steps and active minutes available.,Requires strengthening activity records including days and muscle groups.,Only step/movement counts available; cannot assess strengthening compliance.,qwen3.8-max,90bb6db850a2ec71312a011fb5da0ac8c5ff55504d9bfb911f59173cb89aa6b4,blinded-annotation-v2-shortrefs
C010,K047,judge_b,0,labeled,Activity intensity unknown; weekly moderate/vigorous attainment unverifiable.,Requires documented aerobic activity reaching guidelines with known intensity.,Unknown intensity prevents assessing whether additional benefits apply.,qwen3.8-max,90bb6db850a2ec71312a011fb5da0ac8c5ff55504d9bfb911f59173cb89aa6b4,blinded-annotation-v2-shortrefs
C010,K048,judge_b,1,labeled,Activity intensity labeled unknown for all evening intervals; steps increased ~3x in window.,Requires fitness or perceived effort to interpret relative intensity.,Intensity is unknown so relative effort cannot be assigned from step increases alone.,qwen3.8-max,90bb6db850a2ec71312a011fb5da0ac8c5ff55504d9bfb911f59173cb89aa6b4,blinded-annotation-v2-shortrefs
C010,K049,judge_b,0,labeled,No breathing effort or talk-test observations recorded; intensity unknown.,Requires observed effort during aerobic activity with talk-test observation.,Effort unrecorded; cannot classify intensity using talk test criteria.,qwen3.8-max,90bb6db850a2ec71312a011fb5da0ac8c5ff55504d9bfb911f59173cb89aa6b4,blinded-annotation-v2-shortrefs
C010,K050,judge_b,2,labeled,Steps increased ~181% while activity duration changed <2%; intensity unknown throughout.,Requires steps changing while other activity may differ in intensity.,Core explanation for step-duration dissociation: steps miss non-step exercise intensity differences.,qwen3.8-max,90bb6db850a2ec71312a011fb5da0ac8c5ff55504d9bfb911f59173cb89aa6b4,blinded-annotation-v2-shortrefs
C010,K051,judge_b,0,labeled,"Steps were ~2800 in baseline, not declining; mobility context unknown.",Requires low or declining routine movement.,Movement was stable in baseline then increased; no decline to address.,qwen3.8-max,90bb6db850a2ec71312a011fb5da0ac8c5ff55504d9bfb911f59173cb89aa6b4,blinded-annotation-v2-shortrefs
C010,K052,judge_b,0,labeled,No personal preferences or availability constraints recorded in data.,Requires personal preferences and availability for choosing options.,Preferences unknown; generic planning advice without data connection.,qwen3.8-max,90bb6db850a2ec71312a011fb5da0ac8c5ff55504d9bfb911f59173cb89aa6b4,blinded-annotation-v2-shortrefs
C010,K053,judge_b,0,labeled,No social preferences or motivational barriers recorded in data.,Requires social preferences or reported motivational barrier.,No evidence of motivational or social barrier to activity.,qwen3.8-max,90bb6db850a2ec71312a011fb5da0ac8c5ff55504d9bfb911f59173cb89aa6b4,blinded-annotation-v2-shortrefs
C010,K054,judge_b,0,labeled,No reported time barrier; activity ~55 min/day maintained consistently.,Requires low activity with reported time barrier.,No time barrier reported; activity was maintained throughout.,qwen3.8-max,90bb6db850a2ec71312a011fb5da0ac8c5ff55504d9bfb911f59173cb89aa6b4,blinded-annotation-v2-shortrefs
C010,K055,judge_b,0,labeled,No competing schedule demands or calendar conflicts reported.,Requires reported competing demands reducing activity.,Schedule constraints unknown; activity was maintained without apparent barriers.,qwen3.8-max,90bb6db850a2ec71312a011fb5da0ac8c5ff55504d9bfb911f59173cb89aa6b4,blinded-annotation-v2-shortrefs
C010,K056,judge_b,0,labeled,"No chronic conditions, disabilities, or special health needs recorded.","Requires established chronic condition, disability, or special need.",Medical context unknown; cannot modify activity planning based on conditions.,qwen3.8-max,90bb6db850a2ec71312a011fb5da0ac8c5ff55504d9bfb911f59173cb89aa6b4,blinded-annotation-v2-shortrefs
C010,K057,judge_b,1,labeled,Low movement in ~45 min blocks totaling ~450 min/day with 720 min wear coverage.,Requires long uninterrupted daytime low-movement intervals with adequate wear.,"Intervals are broken into ~45 min blocks, not truly prolonged; partially relevant for interruption concept.",qwen3.8-max,90bb6db850a2ec71312a011fb5da0ac8c5ff55504d9bfb911f59173cb89aa6b4,blinded-annotation-v2-shortrefs
C010,K058,judge_b,1,labeled,Activity ~55 min/day coexists with ~450 min/day low movement across all days.,Requires recorded activity coexisting with substantial low-movement periods.,"Directly relevant: daily activity coexists with extensive low movement, noting posture unconfirmed.",qwen3.8-max,90bb6db850a2ec71312a011fb5da0ac8c5ff55504d9bfb911f59173cb89aa6b4,blinded-annotation-v2-shortrefs
C010,K059,judge_b,1,labeled,Daily low movement ~440-461 min across both periods; posture not confirmed.,Requires confirmed sitting for sedentary-time conclusions.,Substantial low movement observed but device low movement is not confirmed sitting per rules.,qwen3.8-max,90bb6db850a2ec71312a011fb5da0ac8c5ff55504d9bfb911f59173cb89aa6b4,blinded-annotation-v2-shortrefs
C010,K060,judge_b,0,labeled,No commuting method or transport context recorded in data.,Requires established sedentary commuting and transport context.,Commute unknown; cannot apply standing/walking transit suggestions.,qwen3.8-max,90bb6db850a2ec71312a011fb5da0ac8c5ff55504d9bfb911f59173cb89aa6b4,blinded-annotation-v2-shortrefs
C010,K061,judge_b,0,labeled,No workplace layout or desk work context recorded.,Requires desk work with prolonged sitting and workplace ability to walk.,Work context unknown; cannot apply colleague-walking suggestion.,qwen3.8-max,90bb6db850a2ec71312a011fb5da0ac8c5ff55504d9bfb911f59173cb89aa6b4,blinded-annotation-v2-shortrefs
C010,K062,judge_b,0,labeled,No workplace meeting or desk work context recorded.,Requires meetings or desk work involving prolonged sitting.,Work context unknown; cannot apply standing meeting suggestions.,qwen3.8-max,90bb6db850a2ec71312a011fb5da0ac8c5ff55504d9bfb911f59173cb89aa6b4,blinded-annotation-v2-shortrefs
C010,K063,judge_b,0,labeled,Low movement intervals recorded but no television viewing context available.,Requires confirmed prolonged sitting while watching television.,Screen habits unknown; low movement does not confirm TV watching.,qwen3.8-max,90bb6db850a2ec71312a011fb5da0ac8c5ff55504d9bfb911f59173cb89aa6b4,blinded-annotation-v2-shortrefs
C010,K064,judge_b,0,labeled,No leisure routine or seated context recorded beyond low movement minutes.,Requires substantial habitual seated leisure context.,Leisure context unknown; cannot apply seated leisure replacement advice.,qwen3.8-max,90bb6db850a2ec71312a011fb5da0ac8c5ff55504d9bfb911f59173cb89aa6b4,blinded-annotation-v2-shortrefs
C010,K065,judge_b,1,labeled,Steps ~2800 to ~7900 with activity duration stable ~55 min; everyday movement context.,Requires low everyday movement distinguishable from formal exercise.,Clarifies that step counts capture everyday movement beyond formal exercise sessions.,qwen3.8-max,90bb6db850a2ec71312a011fb5da0ac8c5ff55504d9bfb911f59173cb89aa6b4,blinded-annotation-v2-shortrefs
C010,K066,judge_b,0,labeled,No workday lunch-break context or employment schedule recorded.,Requires known workday lunch-break access and mobility.,Work context unknown; cannot apply lunch-break walking suggestion.,qwen3.8-max,90bb6db850a2ec71312a011fb5da0ac8c5ff55504d9bfb911f59173cb89aa6b4,blinded-annotation-v2-shortrefs
C010,K067,judge_b,0,labeled,No stair access or workplace mobility context recorded.,Requires stair access and safe mobility.,Context unknown; generic suggestion with no data connection.,qwen3.8-max,90bb6db850a2ec71312a011fb5da0ac8c5ff55504d9bfb911f59173cb89aa6b4,blinded-annotation-v2-shortrefs
C010,K068,judge_b,1,labeled,Low movement ~440-461 min/day recorded in ~45 min intervals; posture not measured.,Requires low-movement intervals without posture measurement.,Directly warns against relabeling observed low movement as confirmed sitting behavior.,qwen3.8-max,90bb6db850a2ec71312a011fb5da0ac8c5ff55504d9bfb911f59173cb89aa6b4,blinded-annotation-v2-shortrefs
C010,K069,judge_b,1,labeled,Steps increased ~181% while sleep remained stable ~469 min across periods.,Requires activity and sleep patterns available for joint review.,"General benefit statement; data shows activity increase without sleep disruption, consistent but not causal.",qwen3.8-max,90bb6db850a2ec71312a011fb5da0ac8c5ff55504d9bfb911f59173cb89aa6b4,blinded-annotation-v2-shortrefs
C010,K070,judge_b,0,labeled,Daytime activity ~55 min/day stable; no outdoor exposure data recorded.,Requires low daytime activity accompanying changed sleep routine.,Activity was not low and sleep routine did not change meaningfully.,qwen3.8-max,90bb6db850a2ec71312a011fb5da0ac8c5ff55504d9bfb911f59173cb89aa6b4,blinded-annotation-v2-shortrefs
C010,K071,judge_b,1,labeled,Activity intervals daily 21:00-~21:55; sleep start ~22:42-22:58; intensity labeled unknown.,Requires known intense exercise close to bedtime.,"Late activity occurs within an hour of bedtime but intensity is unknown, providing partial context only.",qwen3.8-max,90bb6db850a2ec71312a011fb5da0ac8c5ff55504d9bfb911f59173cb89aa6b4,blinded-annotation-v2-shortrefs
C010,K072,judge_b,0,labeled,Activity 21:00-~21:55 daily; no insomnia symptoms reported; intensity unknown.,Requires exercise near bedtime with reported insomnia symptoms.,No insomnia reported and intensity unknown; targeted advice not applicable.,qwen3.8-max,90bb6db850a2ec71312a011fb5da0ac8c5ff55504d9bfb911f59173cb89aa6b4,blinded-annotation-v2-shortrefs
C010,K073,judge_b,1,labeled,Activity intervals 21:00-~21:55 and sleep start ~22:42-22:58 recorded on same dates.,Requires activity timing and subsequent sleep being compared.,Supports comparing recorded evening activity timing with subsequent sleep onset on same date.,qwen3.8-max,90bb6db850a2ec71312a011fb5da0ac8c5ff55504d9bfb911f59173cb89aa6b4,blinded-annotation-v2-shortrefs
C010,K074,judge_b,0,labeled,No emergency responder deployment context indicated in data.,Requires confirmed emergency-response deployment context.,Deployment context unknown; population-specific item not applicable.,qwen3.8-max,90bb6db850a2ec71312a011fb5da0ac8c5ff55504d9bfb911f59173cb89aa6b4,blinded-annotation-v2-shortrefs
C010,K075,judge_b,0,labeled,No subjective tiredness or energy pattern recorded in data.,Requires reported tiredness limiting activity and subjective energy pattern.,Tiredness unknown; cannot match activity scheduling to energy levels.,qwen3.8-max,90bb6db850a2ec71312a011fb5da0ac8c5ff55504d9bfb911f59173cb89aa6b4,blinded-annotation-v2-shortrefs
C010,K076,judge_b,0,labeled,"No substance, medication, alcohol, or caffeine records in wearable data.",Requires substance and medication history for causal interpretation.,Exposures unknown; cannot contextualize temporal relationships with substances.,qwen3.8-max,90bb6db850a2ec71312a011fb5da0ac8c5ff55504d9bfb911f59173cb89aa6b4,blinded-annotation-v2-shortrefs
C010,K077,judge_b,1,labeled,Daily RHR values 55-57 bpm recorded consistently across all 42 days.,Requires resting heart rate observations being available.,Directly defines how the available RHR metric should be understood as a resting-state measure.,qwen3.8-max,90bb6db850a2ec71312a011fb5da0ac8c5ff55504d9bfb911f59173cb89aa6b4,blinded-annotation-v2-shortrefs
C010,K078,judge_b,1,labeled,Daily RHR 55-57 bpm reported; sleeping heart rate not separately provided.,Requires daily resting heart-rate trend being interpreted.,Clarifies distinction between available RHR metric and unmeasured sleeping heart rate.,qwen3.8-max,90bb6db850a2ec71312a011fb5da0ac8c5ff55504d9bfb911f59173cb89aa6b4,blinded-annotation-v2-shortrefs
C010,K079,judge_b,1,labeled,RHR stable 55-57 bpm with variance 0.53-0.69 across both periods.,Requires RHR changes relative to previous readings needing explanation.,"RHR is stable; item provides context that even if changes occurred, multiple factors could explain them.",qwen3.8-max,90bb6db850a2ec71312a011fb5da0ac8c5ff55504d9bfb911f59173cb89aa6b4,blinded-annotation-v2-shortrefs
C010,K080,judge_b,1,labeled,Both RHR (55-57) and HRV RMSSD (43-47) reported nightly for same sleep periods.,Requires HRV and heart-rate estimates being interpreted together.,Directly relevant since both metrics are co-reported; clarifies they measure different things.,qwen3.8-max,90bb6db850a2ec71312a011fb5da0ac8c5ff55504d9bfb911f59173cb89aa6b4,blinded-annotation-v2-shortrefs
C010,K081,judge_b,1,labeled,HRV RMSSD stable 43-47 ms across baseline and window with minimal variance.,Requires personal history and consistent measurement context for HRV interpretation.,"Provides context that stable HRV values should be interpreted against personal range, which data shows.",qwen3.8-max,90bb6db850a2ec71312a011fb5da0ac8c5ff55504d9bfb911f59173cb89aa6b4,blinded-annotation-v2-shortrefs
C010,K082,judge_b,2,labeled,28-day baseline and 14-day window provide personal ranges for all vitals including steps change.,Requires sufficient same-metric personal history to contextualize changes.,Data directly provides multi-week personal baselines enabling trend comparison as described.,qwen3.8-max,90bb6db850a2ec71312a011fb5da0ac8c5ff55504d9bfb911f59173cb89aa6b4,blinded-annotation-v2-shortrefs
C010,K083,judge_b,1,labeled,RHR recorded daily over 42 days showing stable 55-57 bpm range.,Requires repeated resting heart-rate readings or recent change.,Supports interpreting the multi-week RHR series as a trend rather than isolated readings.,qwen3.8-max,90bb6db850a2ec71312a011fb5da0ac8c5ff55504d9bfb911f59173cb89aa6b4,blinded-annotation-v2-shortrefs
C010,K084,judge_b,1,labeled,HRV RMSSD stable 43-47 ms; RHR stable 55-57 bpm across observation period.,Requires HRV trend available for wellness monitoring.,"Directly establishes that observed stable HRV/RHR are wellness data, not diagnostic indicators.",qwen3.8-max,90bb6db850a2ec71312a011fb5da0ac8c5ff55504d9bfb911f59173cb89aa6b4,blinded-annotation-v2-shortrefs
C010,K085,judge_b,2,labeled,HRV reported as hrv_rmssd_ms with metadata confirming RMSSD definition.,Requires HRV records identifying RMSSD as their metric.,Directly confirms the specific HRV formula used in the observed data.,qwen3.8-max,90bb6db850a2ec71312a011fb5da0ac8c5ff55504d9bfb911f59173cb89aa6b4,blinded-annotation-v2-shortrefs
C010,K086,judge_b,1,labeled,HRV RMSSD recorded nightly with sleep periods ~462-478 min (>3h threshold).,Requires compatible Fitbit collection definition and adequate sleep coverage.,Confirms all sleep periods exceed 3h minimum for valid overnight HRV collection.,qwen3.8-max,90bb6db850a2ec71312a011fb5da0ac8c5ff55504d9bfb911f59173cb89aa6b4,blinded-annotation-v2-shortrefs
C010,K087,judge_b,0,labeled,Only sleep duration and timing recorded; no sleep-stage measurements available.,Requires sleep-stage measurements.,Sleep stage data absent; item conditions explicitly not met.,qwen3.8-max,90bb6db850a2ec71312a011fb5da0ac8c5ff55504d9bfb911f59173cb89aa6b4,blinded-annotation-v2-shortrefs
C010,K088,judge_b,0,labeled,No health concerns or symptoms reported alongside vital trends.,Requires reported health concerns or symptoms about vitals.,No concerns reported; general disclaimer without specific data connection.,qwen3.8-max,90bb6db850a2ec71312a011fb5da0ac8c5ff55504d9bfb911f59173cb89aa6b4,blinded-annotation-v2-shortrefs
C010,K089,judge_b,0,labeled,RHR stable 55-57 bpm; HRV 43-47 ms; no wear quality issues noted.,Requires unreliable heart-rate readings or changed wear quality.,No evidence of sensor fit problems or unreliable readings in the data.,qwen3.8-max,90bb6db850a2ec71312a011fb5da0ac8c5ff55504d9bfb911f59173cb89aa6b4,blinded-annotation-v2-shortrefs
C010,K090,judge_b,1,labeled,"Nighttime coverage 482-498 min across all nights, exceeding 180 min threshold.",Requires separate night-time wear information for overnight vitals validity.,Confirms adequate night-time coverage exists supporting overnight metric validity.,qwen3.8-max,90bb6db850a2ec71312a011fb5da0ac8c5ff55504d9bfb911f59173cb89aa6b4,blinded-annotation-v2-shortrefs
C010,K091,judge_b,0,labeled,All nights have >480 min coverage; zero missing vitals across 42 days.,Requires missing vitals with limited night-time data.,No missing data exists; all nights exceed quality thresholds.,qwen3.8-max,90bb6db850a2ec71312a011fb5da0ac8c5ff55504d9bfb911f59173cb89aa6b4,blinded-annotation-v2-shortrefs
C010,K092,judge_b,0,labeled,Zero missing counts for all metrics; full 720 min daytime and adequate nighttime coverage.,Requires missing or delayed vitals.,No data gaps exist; syncing or support issues not applicable.,qwen3.8-max,90bb6db850a2ec71312a011fb5da0ac8c5ff55504d9bfb911f59173cb89aa6b4,blinded-annotation-v2-shortrefs
C010,K093,judge_b,0,labeled,Single synthetic device used throughout; no device switch indicated.,Requires heart-rate series involving device or algorithm change.,Same device used across entire observation period; no cross-device comparison needed.,qwen3.8-max,90bb6db850a2ec71312a011fb5da0ac8c5ff55504d9bfb911f59173cb89aa6b4,blinded-annotation-v2-shortrefs
C010,K094,judge_b,1,labeled,Sleep duration ~469 min derived from start/end timestamps via device estimation.,Requires device-estimated sleep duration and boundaries being available.,"Clarifies that reported sleep duration is an estimate, not clinical measurement.",qwen3.8-max,90bb6db850a2ec71312a011fb5da0ac8c5ff55504d9bfb911f59173cb89aa6b4,blinded-annotation-v2-shortrefs
C010,K095,judge_b,0,labeled,All nights have valid sleep records with 482-498 min coverage; no missing nights.,Requires absent sleep readings with non-wear or incomplete coverage.,No missing sleep observations; device was worn every night.,qwen3.8-max,90bb6db850a2ec71312a011fb5da0ac8c5ff55504d9bfb911f59173cb89aa6b4,blinded-annotation-v2-shortrefs
C010,K096,judge_b,2,labeled,Steps jumped from ~2800 baseline to ~7900 window while activity minutes stayed ~55.,Requires step readings changing with possible measurement limitations.,Core explanation for massive step increase without activity duration change: arm swing or wear context.,qwen3.8-max,90bb6db850a2ec71312a011fb5da0ac8c5ff55504d9bfb911f59173cb89aa6b4,blinded-annotation-v2-shortrefs
C011,K001,judge_b,2,labeled,"Age band 18-60; sleep duration mean 470.6 min baseline, 471.7 min window (~7.8 hrs).",Applies to adults 18-60 with sleep duration data; recommends at least 7 hours.,Core directly explains observed sleep adequacy: age band matches and duration consistently meets 7+ hour recommendation.,qwen3.8-max,910fa1f61032db3c9cd808ed9e23763309c4baed1c23ee732c8aaef6488aecf7,blinded-annotation-v2-shortrefs
C011,K002,judge_b,0,labeled,Age band is 18-60. Sleep duration mean ~471 min.,Requires age 61 to 64; non-applicable for other age groups.,Age band 18-60 does not match the 61-64 requirement for this specific recommendation.,qwen3.8-max,910fa1f61032db3c9cd808ed9e23763309c4baed1c23ee732c8aaef6488aecf7,blinded-annotation-v2-shortrefs
C011,K003,judge_b,0,labeled,Age band is 18-60. Sleep duration mean ~471 min (~7.85 hours).,Requires age at least 65; non-applicable for age below 65.,Age band 18-60 explicitly contradicts the 65+ requirement for this recommendation.,qwen3.8-max,910fa1f61032db3c9cd808ed9e23763309c4baed1c23ee732c8aaef6488aecf7,blinded-annotation-v2-shortrefs
C011,K004,judge_b,0,labeled,Age band is 18-60; not a teenager.,Requires teenage age group 13-17; non-applicable for adults.,Age band 18-60 explicitly excludes teenagers; recommendation not applicable to this individual.,qwen3.8-max,910fa1f61032db3c9cd808ed9e23763309c4baed1c23ee732c8aaef6488aecf7,blinded-annotation-v2-shortrefs
C011,K005,judge_b,0,labeled,"Sleep duration mean 470.6 min baseline, 471.7 min window; meets 7+ hour recommendation.",Requires repeatedly shortened sleep opportunity; non-applicable with no evidence of insufficient sleep.,Sleep duration consistently meets CDC recommendations; no evidence of insufficient sleep to trigger this advice.,qwen3.8-max,910fa1f61032db3c9cd808ed9e23763309c4baed1c23ee732c8aaef6488aecf7,blinded-annotation-v2-shortrefs
C011,K006,judge_b,0,labeled,Sleep mean ~471 min (~7.85 hrs); meets 7+ hr recommendation for age 18-60.,Requires consistently short sleep even without new decline; non-applicable when duration sufficient for age.,Sleep duration sufficient for age band; not a short routine requiring adaptation concern.,qwen3.8-max,910fa1f61032db3c9cd808ed9e23763309c4baed1c23ee732c8aaef6488aecf7,blinded-annotation-v2-shortrefs
C011,K007,judge_b,1,labeled,Sleep duration recorded nightly (mean ~471 min window); no subjective quality or awakening data available.,Applies when sleep duration is recorded but quality may be unknown; requires awakenings or refreshment data.,"Duration is recorded without quality metrics, providing supported contextual connection but not core explanation.",qwen3.8-max,910fa1f61032db3c9cd808ed9e23763309c4baed1c23ee732c8aaef6488aecf7,blinded-annotation-v2-shortrefs
C011,K008,judge_b,0,labeled,"Only sleep duration, start, and end timestamps available; no awakening data recorded.",Requires repeated awakenings documented; non-applicable when only duration and timing available.,Awakening data not captured by device; item conditions cannot be evaluated from available observations.,qwen3.8-max,910fa1f61032db3c9cd808ed9e23763309c4baed1c23ee732c8aaef6488aecf7,blinded-annotation-v2-shortrefs
C011,K009,judge_b,0,labeled,Sleep mean ~471 min (7.85 hrs); no subjective refreshment data available.,Requires more than 8 hours sleep with reported lack of refreshment; non-applicable without feeling rested info.,Sleep under 8 hours and no refreshment reports; required conditions not met.,qwen3.8-max,910fa1f61032db3c9cd808ed9e23763309c4baed1c23ee732c8aaef6488aecf7,blinded-annotation-v2-shortrefs
C011,K010,judge_b,0,labeled,Sleep ~471 min nightly; no cognitive performance or symptom data available.,Requires repeatedly shortened sleep and symptoms to claim impairment; non-applicable diagnosing from wearable alone.,Sleep not shortened; no cognitive symptoms reported. Generic background with no concrete connection.,qwen3.8-max,910fa1f61032db3c9cd808ed9e23763309c4baed1c23ee732c8aaef6488aecf7,blinded-annotation-v2-shortrefs
C011,K011,judge_b,0,labeled,Sleep mean 470.6-471.7 min; meets 7+ hr recommendation. No shortened nights observed.,Requires several nights of reduced sleep duration; non-applicable without repeated sleep restriction.,No repeated sleep restriction observed; durations consistently adequate. Condition not triggered.,qwen3.8-max,910fa1f61032db3c9cd808ed9e23763309c4baed1c23ee732c8aaef6488aecf7,blinded-annotation-v2-shortrefs
C011,K012,judge_b,0,labeled,Sleep ~471 min nightly; meets recommendations. No infection or immune data.,Requires ongoing insufficient sleep; non-applicable inferring infection from sleep or heart-rate changes.,Sleep not insufficient; RHR/HRV alone do not establish illness per instructions. No concrete connection.,qwen3.8-max,910fa1f61032db3c9cd808ed9e23763309c4baed1c23ee732c8aaef6488aecf7,blinded-annotation-v2-shortrefs
C011,K013,judge_b,0,labeled,"Sleep duration mean 470.6 min baseline, 471.7 min window; no appetite or food intake data.",Requires repeated insufficient sleep and food intake information for individual claims.,Sleep meets adult recommendations; no appetite data. Generic background with no concrete connection.,qwen3.8-max,910fa1f61032db3c9cd808ed9e23763309c4baed1c23ee732c8aaef6488aecf7,blinded-annotation-v2-shortrefs
C011,K014,judge_b,0,labeled,No subjective sleepiness or driving context data available.,Requires reported sleepiness and driving plans; non-applicable when sleepiness or driving unknown.,Sleepiness and driving context completely unknown; safety advice cannot be connected to observations.,qwen3.8-max,910fa1f61032db3c9cd808ed9e23763309c4baed1c23ee732c8aaef6488aecf7,blinded-annotation-v2-shortrefs
C011,K015,judge_b,1,labeled,Sleep duration ~471 min mean; age band 18-60; no individual sleep experience data.,Applies when adult sleep duration is reviewed; requires individual experience to assess adequacy.,Provides contextual framework for interpreting observed sleep duration alongside individual variation.,qwen3.8-max,910fa1f61032db3c9cd808ed9e23763309c4baed1c23ee732c8aaef6488aecf7,blinded-annotation-v2-shortrefs
C011,K016,judge_b,0,labeled,14-day window data; no reported sleeping difficulties or insomnia symptoms.,Requires months-long sleeping difficulties or failed habit changes; non-applicable with brief record alone.,No insomnia symptoms reported and window too short; conditions for professional review not established.,qwen3.8-max,910fa1f61032db3c9cd808ed9e23763309c4baed1c23ee732c8aaef6488aecf7,blinded-annotation-v2-shortrefs
C011,K017,judge_b,1,labeled,Sleep end constant at 07:00; sleep start varies 22:42-22:58 (16-min range) across all days.,Applies when repeated variability in bedtime or wake time; stable schedule alone does not establish problem.,Wake time perfectly consistent; bedtime varies within ~16 min. Item contextualizes that stable schedule is not problematic.,qwen3.8-max,910fa1f61032db3c9cd808ed9e23763309c4baed1c23ee732c8aaef6488aecf7,blinded-annotation-v2-shortrefs
C011,K018,judge_b,0,labeled,Sleep end exactly 07:00 every day (variance 0.0); sleep start varies 22:42-22:58.,Requires inconsistent wake time with reported sleeping difficulties; non-applicable without insomnia symptoms.,Wake time perfectly consistent; no sleeping difficulties reported. Late stable sleep is not irregularity.,qwen3.8-max,910fa1f61032db3c9cd808ed9e23763309c4baed1c23ee732c8aaef6488aecf7,blinded-annotation-v2-shortrefs
C011,K019,judge_b,1,labeled,"Weekday sleep start mean 649.2 min, weekend 650.0 min from noon; difference <1 min.",Applies when bedtime differs substantially between weekdays and weekends; non-applicable when similar.,Weekday/weekend sleep timing nearly identical (<1 min difference); item confirms this similarity is appropriate.,qwen3.8-max,910fa1f61032db3c9cd808ed9e23763309c4baed1c23ee732c8aaef6488aecf7,blinded-annotation-v2-shortrefs
C011,K020,judge_b,0,labeled,Sleep start 22:42-22:58 recorded; no pre-bed activity information available.,Requires information about pre-bed activities; non-applicable assuming missing routine from timestamps.,Bedtime known but pre-bed activities unrecorded; cannot determine quiet time compliance.,qwen3.8-max,910fa1f61032db3c9cd808ed9e23763309c4baed1c23ee732c8aaef6488aecf7,blinded-annotation-v2-shortrefs
C011,K021,judge_b,0,labeled,No screen exposure or bright light data recorded before bedtime.,Requires known bright-screen exposure shortly before bed; non-applicable when exposure unknown.,Screen exposure completely unknown; cannot attribute sleep timing to artificial light.,qwen3.8-max,910fa1f61032db3c9cd808ed9e23763309c4baed1c23ee732c8aaef6488aecf7,blinded-annotation-v2-shortrefs
C011,K022,judge_b,0,labeled,No caffeine timing or intake data recorded in wearable observations.,Requires known afternoon or evening caffeine use with sleeping difficulty; non-applicable without caffeine history.,Caffeine history completely absent; cannot connect this advice to observed sleep patterns.,qwen3.8-max,910fa1f61032db3c9cd808ed9e23763309c4baed1c23ee732c8aaef6488aecf7,blinded-annotation-v2-shortrefs
C011,K023,judge_b,0,labeled,Sleep start times 22:42-22:58 recorded; no meal timing or size data available.,Requires known large meal shortly before bed; non-applicable when meal information unknown.,Meal information entirely unknown; sleep timing alone cannot establish meal-related conditions.,qwen3.8-max,910fa1f61032db3c9cd808ed9e23763309c4baed1c23ee732c8aaef6488aecf7,blinded-annotation-v2-shortrefs
C011,K024,judge_b,0,labeled,No alcohol intake or timing data recorded in wearable observations.,Requires alcohol use near bedtime reported; non-applicable when alcohol exposure unknown.,Alcohol exposure completely unknown; item conditions cannot be verified from available data.,qwen3.8-max,910fa1f61032db3c9cd808ed9e23763309c4baed1c23ee732c8aaef6488aecf7,blinded-annotation-v2-shortrefs
C011,K025,judge_b,0,labeled,No nicotine use or smoking data recorded in observations.,Requires nicotine exposure with sleep concerns; non-applicable when nicotine use unknown.,Nicotine exposure completely unknown; cannot link to observed sleep patterns.,qwen3.8-max,910fa1f61032db3c9cd808ed9e23763309c4baed1c23ee732c8aaef6488aecf7,blinded-annotation-v2-shortrefs
C011,K026,judge_b,0,labeled,"No bedroom temperature, light, or noise data in wearable observations.",Requires known disruptive bedroom environment; non-applicable when environment unknown.,Bedroom environment conditions completely unobserved; no data to connect to this advice.,qwen3.8-max,910fa1f61032db3c9cd808ed9e23763309c4baed1c23ee732c8aaef6488aecf7,blinded-annotation-v2-shortrefs
C011,K027,judge_b,0,labeled,No pre-bed routine or relaxation difficulty data recorded in observations.,Requires reported difficulty relaxing or request for routine options; non-applicable inferring stress from signals.,No relaxation issues reported; RHR/HRV alone do not establish stress per instructions.,qwen3.8-max,910fa1f61032db3c9cd808ed9e23763309c4baed1c23ee732c8aaef6488aecf7,blinded-annotation-v2-shortrefs
C011,K028,judge_b,0,labeled,No nap data recorded in wearable observations; only overnight sleep tracked.,Requires adult naps recorded or reported; non-applicable when nap history unknown.,Nap history completely unknown; no daytime sleep episodes recorded to apply nap guidance.,qwen3.8-max,910fa1f61032db3c9cd808ed9e23763309c4baed1c23ee732c8aaef6488aecf7,blinded-annotation-v2-shortrefs
C011,K029,judge_b,0,labeled,No shift work schedule data; sleep timing relatively stable overnight.,Requires confirmed shift-work schedule; non-applicable when shift work unknown.,Shift work not established; variable sleep times alone do not prove rotating shifts per instructions.,qwen3.8-max,910fa1f61032db3c9cd808ed9e23763309c4baed1c23ee732c8aaef6488aecf7,blinded-annotation-v2-shortrefs
C011,K030,judge_b,0,labeled,No shift work schedule indicated; all sleep occurs overnight consistently.,Requires established shift work; non-applicable with no confirmed shift work.,Shift work not established; overnight sleep pattern contradicts shift-work lighting advice applicability.,qwen3.8-max,910fa1f61032db3c9cd808ed9e23763309c4baed1c23ee732c8aaef6488aecf7,blinded-annotation-v2-shortrefs
C011,K031,judge_b,0,labeled,No shift work schedule or caffeine intake data available.,Requires shift schedule and caffeine intake; non-applicable when shift work or caffeine unknown.,Neither shift work nor caffeine use established; item conditions completely unsupported.,qwen3.8-max,910fa1f61032db3c9cd808ed9e23763309c4baed1c23ee732c8aaef6488aecf7,blinded-annotation-v2-shortrefs
C011,K032,judge_b,0,labeled,"All sleep occurs overnight (start ~22:42-22:58, end 07:00). No shift work indicated.",Requires daytime sleep associated with shift work; non-applicable if only ordinary overnight sleep recorded.,Only overnight sleep is recorded; shift work condition explicitly contradicted by data.,qwen3.8-max,910fa1f61032db3c9cd808ed9e23763309c4baed1c23ee732c8aaef6488aecf7,blinded-annotation-v2-shortrefs
C011,K033,judge_b,1,labeled,Sleep start varies from 22:42 to 22:58; sleep duration ranges 462-478 min over 42 days.,Applicable when a changed or variable sleep pattern needs review; awakenings and naps need separate records.,"Variable sleep timing supports contextual relevance, but no reported change or diary exists in data.",qwen3.8-max,910fa1f61032db3c9cd808ed9e23763309c4baed1c23ee732c8aaef6488aecf7,blinded-annotation-v2-shortrefs
C011,K034,judge_b,0,labeled,"Sleep mean 470.6 min baseline, 471.7 min window; meets 7+ hr recommendation consistently.",Requires several shortened nights rather than single reading; non-applicable claiming fixed recovery.,No shortened sleep pattern observed; durations consistently meet recommendations. Condition not triggered.,qwen3.8-max,910fa1f61032db3c9cd808ed9e23763309c4baed1c23ee732c8aaef6488aecf7,blinded-annotation-v2-shortrefs
C011,K035,judge_b,0,labeled,"Weekend sleep mean 472.75 min, weekday 471.3 min window; difference ~1.5 min.",Requires longer sleep and later timing on days off; non-applicable assuming every weekend is day off.,Weekend/weekday sleep nearly identical; no extra sleep on potential days off to signal insufficiency.,qwen3.8-max,910fa1f61032db3c9cd808ed9e23763309c4baed1c23ee732c8aaef6488aecf7,blinded-annotation-v2-shortrefs
C011,K036,judge_b,0,labeled,No nap data recorded; only overnight sleep periods tracked.,Requires recorded naps after shortened nighttime sleep; non-applicable without nap information.,Nap information completely absent from data; item conditions cannot be evaluated.,qwen3.8-max,910fa1f61032db3c9cd808ed9e23763309c4baed1c23ee732c8aaef6488aecf7,blinded-annotation-v2-shortrefs
C011,K037,judge_b,0,labeled,Sleep start varies 22:42-22:58; no reported bad nights or insomnia symptoms in data.,Requires reported bad sleep or insomnia symptoms; non-applicable with only device estimate.,No sleeping difficulties reported; stable late sleep is not irregularity per instructions.,qwen3.8-max,910fa1f61032db3c9cd808ed9e23763309c4baed1c23ee732c8aaef6488aecf7,blinded-annotation-v2-shortrefs
C011,K038,judge_b,0,labeled,14-day window data; no reported sleeping difficulties or symptom history.,Requires reported sleeping difficulties with known duration; non-applicable diagnosing from estimated hours.,No insomnia symptoms reported; sleep duration adequate. Cannot diagnose from wearable estimates alone.,qwen3.8-max,910fa1f61032db3c9cd808ed9e23763309c4baed1c23ee732c8aaef6488aecf7,blinded-annotation-v2-shortrefs
C011,K039,judge_b,0,labeled,No travel history; timezone Asia/Shanghai consistent; sleep timing stable.,Requires confirmed travel across time zones; non-applicable without travel history.,Travel context completely unknown; no timezone changes observed to suggest jet lag.,qwen3.8-max,910fa1f61032db3c9cd808ed9e23763309c4baed1c23ee732c8aaef6488aecf7,blinded-annotation-v2-shortrefs
C011,K040,judge_b,0,labeled,No travel or timezone change data; timezone Asia/Shanghai consistent throughout.,Requires short trip across time zones planned; non-applicable when travel context unknown.,Travel context entirely unknown; consistent timezone suggests no travel occurred during observation period.,qwen3.8-max,910fa1f61032db3c9cd808ed9e23763309c4baed1c23ee732c8aaef6488aecf7,blinded-annotation-v2-shortrefs
C011,K041,judge_b,0,labeled,Activity 50-60 min daily; steps ~7900. Intensity unknown.,Requires intensity information to count recommended aerobic minutes; non-applicable equating steps with compliance.,Intensity unknown; steps cannot be equated with guideline compliance per instructions. Generic advice.,qwen3.8-max,910fa1f61032db3c9cd808ed9e23763309c4baed1c23ee732c8aaef6488aecf7,blinded-annotation-v2-shortrefs
C011,K042,judge_b,0,labeled,Activity duration 50-60 min daily consistently; steps ~7900 daily. No recent inactivity observed.,Requires recently low or reduced physical activity; health context needed for prescription.,Activity levels are stable and consistent; no evidence of recent inactivity to trigger gradual build-up advice.,qwen3.8-max,910fa1f61032db3c9cd808ed9e23763309c4baed1c23ee732c8aaef6488aecf7,blinded-annotation-v2-shortrefs
C011,K043,judge_b,0,labeled,Activity 50-60 min daily; intensity unknown for all recorded intervals.,Requires known activity intensity; non-applicable when only steps or unspecified active minutes available.,Intensity unknown per instructions; cannot determine if moderate-intensity aerobic target is met.,qwen3.8-max,910fa1f61032db3c9cd808ed9e23763309c4baed1c23ee732c8aaef6488aecf7,blinded-annotation-v2-shortrefs
C011,K044,judge_b,0,labeled,Activity intensity unknown for all intervals; no vigorous activity documented.,Requires known vigorous intensity; non-applicable when intensity unknown.,Intensity unknown across all data; cannot apply vigorous activity target per instructions.,qwen3.8-max,910fa1f61032db3c9cd808ed9e23763309c4baed1c23ee732c8aaef6488aecf7,blinded-annotation-v2-shortrefs
C011,K045,judge_b,0,labeled,Activity 50-60 min daily; intensity unknown for all recorded intervals.,Requires intensity for counting guideline minutes; non-applicable assuming every active minute is moderate.,Unknown intensity cannot be assumed moderate per instructions; cannot verify guideline accumulation.,qwen3.8-max,910fa1f61032db3c9cd808ed9e23763309c4baed1c23ee732c8aaef6488aecf7,blinded-annotation-v2-shortrefs
C011,K046,judge_b,0,labeled,Steps and activity duration recorded; no strengthening activity data available.,Requires strengthening activity records; non-applicable when only step or generic movement counts available.,Only steps and active minutes available; no muscle-strengthening records to evaluate against this guideline.,qwen3.8-max,910fa1f61032db3c9cd808ed9e23763309c4baed1c23ee732c8aaef6488aecf7,blinded-annotation-v2-shortrefs
C011,K047,judge_b,0,labeled,Activity 50-60 min daily; intensity unknown for all intervals.,Requires known intensity and weekly duration; non-applicable with unknown intensity or unverified attainment.,Intensity unknown per instructions; cannot verify guideline attainment to assess additional benefits.,qwen3.8-max,910fa1f61032db3c9cd808ed9e23763309c4baed1c23ee732c8aaef6488aecf7,blinded-annotation-v2-shortrefs
C011,K048,judge_b,1,labeled,Activity intensity listed as 'unknown' for all intervals across all 42 days.,Applies when activity intensity needs interpretation; requires fitness or perceived effort context.,Directly relevant constraint: unknown intensity cannot be assumed moderate per instructions; supports proper interpretation.,qwen3.8-max,910fa1f61032db3c9cd808ed9e23763309c4baed1c23ee732c8aaef6488aecf7,blinded-annotation-v2-shortrefs
C011,K049,judge_b,0,labeled,Activity intensity unknown for all intervals; no breathing or talk-test observations.,Requires aerobic activity and breathing/talk-test observation; non-applicable when effort unrecorded.,Effort and aerobic context unrecorded; unknown intensity cannot be classified per instructions.,qwen3.8-max,910fa1f61032db3c9cd808ed9e23763309c4baed1c23ee732c8aaef6488aecf7,blinded-annotation-v2-shortrefs
C011,K050,judge_b,1,labeled,"Steps range 7589-8409 baseline, 7606-8353 window; activity duration 50-60 min; intensity unknown.",Applies when steps change while other activity may differ; activity type needed for interpretation.,"Steps and activity duration both recorded; intensity unknown, supporting contextual relevance about step limitations.",qwen3.8-max,910fa1f61032db3c9cd808ed9e23763309c4baed1c23ee732c8aaef6488aecf7,blinded-annotation-v2-shortrefs
C011,K051,judge_b,0,labeled,Activity stable 50-60 min daily; steps ~7900. No declining routine movement observed.,Requires low or declining routine movement; non-applicable assuming everyone can safely walk or cycle.,"Movement is stable, not declining; no evidence of reduced routine activity requiring intervention.",qwen3.8-max,910fa1f61032db3c9cd808ed9e23763309c4baed1c23ee732c8aaef6488aecf7,blinded-annotation-v2-shortrefs
C011,K052,judge_b,0,labeled,Activity stable at 50-60 min daily; no preferences or availability data recorded.,Requires low or difficult-to-maintain activity habit; needs personal preferences for choosing options.,Activity habit appears stable and maintained; no evidence of difficulty requiring preference-based planning.,qwen3.8-max,910fa1f61032db3c9cd808ed9e23763309c4baed1c23ee732c8aaef6488aecf7,blinded-annotation-v2-shortrefs
C011,K053,judge_b,0,labeled,Activity stable 50-60 min daily; no motivational barrier or social preference data.,Requires person wanting support maintaining activity; non-applicable without motivational barrier evidence.,No evidence of activity decline or motivational issues; stable patterns suggest no support needed.,qwen3.8-max,910fa1f61032db3c9cd808ed9e23763309c4baed1c23ee732c8aaef6488aecf7,blinded-annotation-v2-shortrefs
C011,K054,judge_b,0,labeled,"Steps ~7900, activity 50-60 min daily; no reported time barrier to activity.",Requires low activity with a reported time barrier; non-applicable when assuming barrier from low steps.,Activity levels are stable and adequate; no time barrier reported to trigger diary recommendation.,qwen3.8-max,910fa1f61032db3c9cd808ed9e23763309c4baed1c23ee732c8aaef6488aecf7,blinded-annotation-v2-shortrefs
C011,K055,judge_b,0,labeled,Activity 50-60 min daily; no reported competing demands or schedule constraints.,Requires reported competing demands reducing activity; non-applicable when schedule reason unknown.,No evidence of schedule barriers affecting activity; stable daily activity suggests no crowding issue.,qwen3.8-max,910fa1f61032db3c9cd808ed9e23763309c4baed1c23ee732c8aaef6488aecf7,blinded-annotation-v2-shortrefs
C011,K056,judge_b,0,labeled,"No chronic conditions, disabilities, or special health needs indicated in data.",Requires established chronic condition or special need; non-applicable when medical context unknown.,Medical context entirely unknown; no health conditions established to modify activity planning.,qwen3.8-max,910fa1f61032db3c9cd808ed9e23763309c4baed1c23ee732c8aaef6488aecf7,blinded-annotation-v2-shortrefs
C011,K057,judge_b,0,labeled,Low movement intervals are ~45 min each with ~5 min gaps throughout daytime hours.,Requires long uninterrupted daytime low-movement intervals; device low movement is not confirmed sitting.,"Intervals are broken every ~45 min, not long uninterrupted periods, and low movement is not confirmed sitting.",qwen3.8-max,910fa1f61032db3c9cd808ed9e23763309c4baed1c23ee732c8aaef6488aecf7,blinded-annotation-v2-shortrefs
C011,K058,judge_b,0,labeled,Activity duration 50-60 min daily; low movement 438-462 min daily. Intensity unknown.,Requires sitting posture and known activity intensity for guideline claims; low movement is not confirmed sitting.,Cannot confirm sitting or activity intensity from wearable data alone; conditions unsupported.,qwen3.8-max,910fa1f61032db3c9cd808ed9e23763309c4baed1c23ee732c8aaef6488aecf7,blinded-annotation-v2-shortrefs
C011,K059,judge_b,0,labeled,"Low movement minutes range 438-462 baseline, 438-461 window across all days.",Requires confirmed sitting for a specific sedentary-time conclusion; low movement is not confirmed sitting.,Device low movement is not confirmed sitting per instructions; required context unsupported.,qwen3.8-max,910fa1f61032db3c9cd808ed9e23763309c4baed1c23ee732c8aaef6488aecf7,blinded-annotation-v2-shortrefs
C011,K060,judge_b,0,labeled,No commuting or transport context data available.,Requires established sedentary commuting and transport/mobility context.,Commute context entirely unknown; cannot apply transport-related movement suggestions.,qwen3.8-max,910fa1f61032db3c9cd808ed9e23763309c4baed1c23ee732c8aaef6488aecf7,blinded-annotation-v2-shortrefs
C011,K061,judge_b,0,labeled,No workplace or desk work context available in wearable data.,Requires desk work with prolonged sitting and workplace layout context.,Work context entirely unknown; cannot apply workplace-specific movement advice.,qwen3.8-max,910fa1f61032db3c9cd808ed9e23763309c4baed1c23ee732c8aaef6488aecf7,blinded-annotation-v2-shortrefs
C011,K062,judge_b,0,labeled,No workplace meeting or desk work context available in wearable data.,Requires meetings or desk work involving prolonged sitting; workplace context needed.,Workplace context entirely unknown; cannot apply standing/walking meeting suggestions.,qwen3.8-max,910fa1f61032db3c9cd808ed9e23763309c4baed1c23ee732c8aaef6488aecf7,blinded-annotation-v2-shortrefs
C011,K063,judge_b,0,labeled,No television viewing or screen-related sitting context recorded.,Requires prolonged sitting while watching television; non-applicable when screen habits unknown.,Screen habits completely unknown; low movement is not confirmed sitting per instructions.,qwen3.8-max,910fa1f61032db3c9cd808ed9e23763309c4baed1c23ee732c8aaef6488aecf7,blinded-annotation-v2-shortrefs
C011,K064,judge_b,0,labeled,Low movement minutes recorded daily; no leisure routine or seated context available.,Requires substantial habitual seated leisure and routine context; low movement is not confirmed sitting.,No leisure or sitting context available; device low movement cannot confirm seated leisure.,qwen3.8-max,910fa1f61032db3c9cd808ed9e23763309c4baed1c23ee732c8aaef6488aecf7,blinded-annotation-v2-shortrefs
C011,K065,judge_b,1,labeled,Activity duration 50-60 min daily alongside steps ~7900; intensity unknown for all intervals.,Applies when everyday movement is considered separately from planned exercise; no additional context required.,Supports distinguishing recorded active minutes from formal exercise; contextual connection to activity interpretation.,qwen3.8-max,910fa1f61032db3c9cd808ed9e23763309c4baed1c23ee732c8aaef6488aecf7,blinded-annotation-v2-shortrefs
C011,K066,judge_b,0,labeled,Daytime low movement recorded; no workday lunch-break context available.,Requires known workday lunch-break access and mobility; non-applicable when context unknown.,Workday and lunch-break context entirely unknown; cannot apply walking suggestion.,qwen3.8-max,910fa1f61032db3c9cd808ed9e23763309c4baed1c23ee732c8aaef6488aecf7,blinded-annotation-v2-shortrefs
C011,K067,judge_b,0,labeled,Steps ~7900 daily; no stair access or mobility context available.,Requires stair access and safe mobility context; non-applicable when context unknown.,No environmental or mobility context in data to support stair-related advice.,qwen3.8-max,910fa1f61032db3c9cd808ed9e23763309c4baed1c23ee732c8aaef6488aecf7,blinded-annotation-v2-shortrefs
C011,K068,judge_b,1,labeled,Low movement 438-462 min daily recorded without posture measurement; metadata states low movement not posture.,Applies when low-movement intervals available without posture measurement; requires posture to establish sitting.,Directly relevant constraint: device low movement cannot be relabeled as confirmed sitting per data definitions.,qwen3.8-max,910fa1f61032db3c9cd808ed9e23763309c4baed1c23ee732c8aaef6488aecf7,blinded-annotation-v2-shortrefs
C011,K069,judge_b,1,labeled,Activity 50-60 min daily; sleep ~471 min nightly; both patterns available for joint review.,Applies when activity and sleep patterns available for joint review; non-applicable for declaring causation.,Both activity and sleep recorded; provides general contextual connection without establishing individual causation.,qwen3.8-max,910fa1f61032db3c9cd808ed9e23763309c4baed1c23ee732c8aaef6488aecf7,blinded-annotation-v2-shortrefs
C011,K070,judge_b,0,labeled,Activity 50-60 min daily; no outdoor access or exposure data recorded.,Requires outdoor access and mobility; non-applicable inferring outdoor exposure from movement counts.,Outdoor exposure cannot be inferred from step counts per instructions; no specific routine change observed.,qwen3.8-max,910fa1f61032db3c9cd808ed9e23763309c4baed1c23ee732c8aaef6488aecf7,blinded-annotation-v2-shortrefs
C011,K071,judge_b,1,labeled,Activity intervals occur 21:00-22:00 daily; sleep starts ~22:42-22:58; intensity is unknown.,Requires known intense exercise close to bedtime; intensity must be established before applying.,"Late activity timing matches observable condition, but unknown intensity prevents direct application of intense-exercise advice.",qwen3.8-max,910fa1f61032db3c9cd808ed9e23763309c4baed1c23ee732c8aaef6488aecf7,blinded-annotation-v2-shortrefs
C011,K072,judge_b,0,labeled,Activity 21:00-22:00 daily; sleep start 22:42-22:58; no insomnia symptoms reported.,Requires exercise near bedtime with reported insomnia symptoms; non-applicable with only timestamps known.,No insomnia symptoms reported; temporal adjacency alone does not establish insomnia per instructions.,qwen3.8-max,910fa1f61032db3c9cd808ed9e23763309c4baed1c23ee732c8aaef6488aecf7,blinded-annotation-v2-shortrefs
C011,K073,judge_b,1,labeled,Activity intervals 21:00-22:00 daily; sleep start 22:42-22:58; activity precedes same-date sleep.,Applies when activity timing and subsequent sleep are compared; requires activity intervals for timing.,Activity and sleep timing both recorded; supports temporal context review where day t activity precedes t+1 waking.,qwen3.8-max,910fa1f61032db3c9cd808ed9e23763309c4baed1c23ee732c8aaef6488aecf7,blinded-annotation-v2-shortrefs
C011,K074,judge_b,0,labeled,"No emergency responder deployment context in data. Activity 50-60 min, sleep ~471 min daily.",Requires confirmed emergency-response deployment context; non-applicable when context unknown.,Deployment context completely unknown; item conditions not met by any available data.,qwen3.8-max,910fa1f61032db3c9cd808ed9e23763309c4baed1c23ee732c8aaef6488aecf7,blinded-annotation-v2-shortrefs
C011,K075,judge_b,0,labeled,No subjective tiredness or energy pattern data available in wearable observations.,Requires reported tiredness limiting activity; non-applicable without tiredness or energy history.,Tiredness history completely unknown; wearable sleep hours do not establish energy patterns per instructions.,qwen3.8-max,910fa1f61032db3c9cd808ed9e23763309c4baed1c23ee732c8aaef6488aecf7,blinded-annotation-v2-shortrefs
C011,K076,judge_b,0,labeled,"No substance, medication, alcohol, or caffeine data recorded in observations.",Requires substance and medication history for causal interpretation; non-applicable assuming unrecorded exposures.,Substance and medication history completely absent; cannot contextualize temporal relationships.,qwen3.8-max,910fa1f61032db3c9cd808ed9e23763309c4baed1c23ee732c8aaef6488aecf7,blinded-annotation-v2-shortrefs
C011,K077,judge_b,1,labeled,RHR 61-63 bpm recorded daily as resting_heart_rate_bpm metric.,Applies when RHR observations are available; defines RHR as measured while still and well-rested.,Provides definitional context for interpreting the available RHR observations correctly.,qwen3.8-max,910fa1f61032db3c9cd808ed9e23763309c4baed1c23ee732c8aaef6488aecf7,blinded-annotation-v2-shortrefs
C011,K078,judge_b,1,labeled,Daily resting_heart_rate_bpm 61-63 recorded; no separate sleeping heart rate metric in data.,Applies when daily RHR trend is interpreted; requires knowing the heart-rate measure and collection context.,Only daily RHR available; item provides important contextual distinction between resting and sleeping measures.,qwen3.8-max,910fa1f61032db3c9cd808ed9e23763309c4baed1c23ee732c8aaef6488aecf7,blinded-annotation-v2-shortrefs
C011,K079,judge_b,1,labeled,RHR 61-63 bpm with variance 0.63-0.65 across periods; no exposure or symptom data.,Applies when RHR changes relative to previous readings; requires exposure info to attribute cause.,RHR stable but item correctly constrains causal attribution; contextual connection to interpreting RHR observations.,qwen3.8-max,910fa1f61032db3c9cd808ed9e23763309c4baed1c23ee732c8aaef6488aecf7,blinded-annotation-v2-shortrefs
C011,K080,judge_b,1,labeled,RHR 61-63 bpm and HRV RMSSD 43-47 ms recorded concurrently throughout all periods.,Applies when HRV and heart-rate estimates are interpreted together; HRV is not average heart rate.,Both metrics present in data; educational distinction directly relevant to interpreting these concurrent observations.,qwen3.8-max,910fa1f61032db3c9cd808ed9e23763309c4baed1c23ee732c8aaef6488aecf7,blinded-annotation-v2-shortrefs
C011,K081,judge_b,1,labeled,HRV RMSSD 43-47 ms across all days; age band 18-60; personal baseline available.,Applies when HRV level or trend is reviewed; requires personal history and consistent measurement context.,Personal HRV range available; item correctly constrains against treating absolute values as universal norms.,qwen3.8-max,910fa1f61032db3c9cd808ed9e23763309c4baed1c23ee732c8aaef6488aecf7,blinded-annotation-v2-shortrefs
C011,K082,judge_b,1,labeled,28-day baseline and 14-day window provide personal history for all vitals.,Applies when vital has changed from recent personal baseline; requires sufficient same-metric history.,Sufficient personal baseline exists; item provides framework for interpreting window changes against personal range.,qwen3.8-max,910fa1f61032db3c9cd808ed9e23763309c4baed1c23ee732c8aaef6488aecf7,blinded-annotation-v2-shortrefs
C011,K083,judge_b,1,labeled,"RHR recorded daily for 42 consecutive days (28 baseline + 14 window); mean 61.8 baseline, 61.7 window.",Applies when repeated RHR readings or recent change available; non-applicable concluding trend from one reading.,Multiple days of RHR data available; item supports reviewing trend over time rather than isolated values.,qwen3.8-max,910fa1f61032db3c9cd808ed9e23763309c4baed1c23ee732c8aaef6488aecf7,blinded-annotation-v2-shortrefs
C011,K084,judge_b,1,labeled,HRV RMSSD 43-47 ms recorded nightly across baseline and window periods.,Applies when HRV trend is available for wellness monitoring; non-applicable for diagnosing conditions from HRV.,"Directly constrains interpretation of available HRV data as wellness observation, not diagnostic indicator.",qwen3.8-max,910fa1f61032db3c9cd808ed9e23763309c4baed1c23ee732c8aaef6488aecf7,blinded-annotation-v2-shortrefs
C011,K085,judge_b,1,labeled,HRV reported as hrv_rmssd_ms (range 43-47) throughout baseline and window periods.,Applies when HRV records identify RMSSD as their metric; metric formula is established.,"Data uses RMSSD matching the item's metric definition, providing supported contextual connection.",qwen3.8-max,910fa1f61032db3c9cd808ed9e23763309c4baed1c23ee732c8aaef6488aecf7,blinded-annotation-v2-shortrefs
C011,K086,judge_b,1,labeled,Nighttime coverage 482-498 min (>3 hrs); HRV RMSSD recorded every night.,Applies when overnight HRV estimates are compared; requires compatible collection definition and sleep coverage.,Nighttime coverage exceeds 3-hour threshold supporting HRV collection; provides contextual connection to data validity.,qwen3.8-max,910fa1f61032db3c9cd808ed9e23763309c4baed1c23ee732c8aaef6488aecf7,blinded-annotation-v2-shortrefs
C011,K087,judge_b,0,labeled,Only sleep duration and timing recorded; no sleep-stage measurements available in data.,Requires sleep-stage measurements; non-applicable when only duration and timing available.,Sleep stage data absent from observations; item conditions explicitly not met by available data.,qwen3.8-max,910fa1f61032db3c9cd808ed9e23763309c4baed1c23ee732c8aaef6488aecf7,blinded-annotation-v2-shortrefs
C011,K088,judge_b,0,labeled,No reported health concerns or symptoms in available data.,Requires reported health concerns about vital trends; non-applicable declaring emergency from relative trend.,No health concerns reported; stable vitals do not trigger clinical conversation recommendation.,qwen3.8-max,910fa1f61032db3c9cd808ed9e23763309c4baed1c23ee732c8aaef6488aecf7,blinded-annotation-v2-shortrefs
C011,K089,judge_b,0,labeled,RHR 61-63 bpm recorded consistently; no device fit or placement change information available.,Requires unreliable readings or wear quality changes; non-applicable when no fit evidence exists.,RHR readings are stable and consistent; no evidence of sensor fit problems to trigger this concern.,qwen3.8-max,910fa1f61032db3c9cd808ed9e23763309c4baed1c23ee732c8aaef6488aecf7,blinded-annotation-v2-shortrefs
C011,K090,judge_b,1,labeled,Nighttime coverage 482-498 min every night; daytime wear 720 min daily.,Applies when overnight vitals have uncertain coverage; requires separate nighttime wear information.,Nighttime coverage confirmed adequate for overnight vitals; supports validity of nocturnal RHR and HRV data.,qwen3.8-max,910fa1f61032db3c9cd808ed9e23763309c4baed1c23ee732c8aaef6488aecf7,blinded-annotation-v2-shortrefs
C011,K091,judge_b,0,labeled,Nighttime coverage 482-498 min every night; zero missing vitals across all 42 days.,Applies when vital is missing with limited nighttime data; non-applicable interpreting missing as zero.,No missing vitals observed; adequate nighttime coverage throughout. Item conditions not triggered.,qwen3.8-max,910fa1f61032db3c9cd808ed9e23763309c4baed1c23ee732c8aaef6488aecf7,blinded-annotation-v2-shortrefs
C011,K092,judge_b,0,labeled,Zero missing observations across all metrics and all 42 days; complete data coverage.,Applies when vitals are missing or delayed; non-applicable treating unsupported metrics as zeros.,No missing data observed; item about data availability not triggered by complete observation record.,qwen3.8-max,910fa1f61032db3c9cd808ed9e23763309c4baed1c23ee732c8aaef6488aecf7,blinded-annotation-v2-shortrefs
C011,K093,judge_b,0,labeled,Single synthetic device used throughout; no device switch or algorithm change indicated.,Requires heart-rate series involving device or algorithm change; non-applicable for same-device series.,Same device used across all observations; no evidence of device switch to complicate comparisons.,qwen3.8-max,910fa1f61032db3c9cd808ed9e23763309c4baed1c23ee732c8aaef6488aecf7,blinded-annotation-v2-shortrefs
C011,K094,judge_b,1,labeled,Sleep duration estimated nightly (462-478 min) with defined sleep start and end timestamps.,Applies when device-estimated sleep duration and boundaries are available; no additional context required.,Directly relevant to interpreting device-reported sleep duration versus actual time asleep in available data.,qwen3.8-max,910fa1f61032db3c9cd808ed9e23763309c4baed1c23ee732c8aaef6488aecf7,blinded-annotation-v2-shortrefs
C011,K095,judge_b,1,labeled,Nighttime coverage 482-498 min every night; zero missing sleep observations across 42 days.,Applies when sleep readings are absent with non-wear; requires nighttime wear record.,Confirms valid overnight wear supporting sleep data completeness; contextual connection to data quality.,qwen3.8-max,910fa1f61032db3c9cd808ed9e23763309c4baed1c23ee732c8aaef6488aecf7,blinded-annotation-v2-shortrefs
C011,K096,judge_b,1,labeled,Steps 7589-8409 recorded via accelerometer; arm swing context unknown.,Applies when step readings change with possible measurement limitations; requires wear context and activity type.,Steps recorded but arm-swing dependency noted; contextual connection to interpreting step count accuracy.,qwen3.8-max,910fa1f61032db3c9cd808ed9e23763309c4baed1c23ee732c8aaef6488aecf7,blinded-annotation-v2-shortrefs
C012,K001,judge_b,2,labeled,"Age band 18-60; mean sleep ~470 min (~7.8h) across all 42 days, meeting >=7h recommendation.",Applies to adults 18-60 with sleep duration data; recommends at least 7 hours per day.,Core reference for evaluating whether the observed ~7.8h sleep meets the age-specific recommendation.,qwen3.8-max,17107990a19c3104a23f4fe9a2cdd4b3cd1a024f8ed11eca0bc937893aac9381,blinded-annotation-v2-shortrefs
C012,K002,judge_b,0,labeled,Metadata age_band is '18-60'; no evidence of age 61-64.,Requires age 61 to 64 established; non-applicable for other age groups.,Age band 18-60 contradicts the required 61-64 population.,qwen3.8-max,17107990a19c3104a23f4fe9a2cdd4b3cd1a024f8ed11eca0bc937893aac9381,blinded-annotation-v2-shortrefs
C012,K003,judge_b,0,labeled,Metadata age_band is '18-60'; no evidence of age >=65.,Requires age at least 65 established; non-applicable for age below 65.,Age band 18-60 contradicts the required 65+ population.,qwen3.8-max,17107990a19c3104a23f4fe9a2cdd4b3cd1a024f8ed11eca0bc937893aac9381,blinded-annotation-v2-shortrefs
C012,K004,judge_b,0,labeled,Metadata age_band is '18-60'; no evidence of teenage age group.,Requires teenage age group 13-17 established; non-applicable for adults.,Age band 18-60 contradicts the required 13-17 population.,qwen3.8-max,17107990a19c3104a23f4fe9a2cdd4b3cd1a024f8ed11eca0bc937893aac9381,blinded-annotation-v2-shortrefs
C012,K005,judge_b,0,labeled,Sleep duration stable ~470 min (~7.8h); no repeatedly shortened sleep opportunity observed.,Requires repeatedly shortened sleep opportunity; non-applicable without evidence of insufficient sleep.,No insufficient sleep observed; item conditions not met.,qwen3.8-max,17107990a19c3104a23f4fe9a2cdd4b3cd1a024f8ed11eca0bc937893aac9381,blinded-annotation-v2-shortrefs
C012,K006,judge_b,0,labeled,Mean sleep ~470 min (~7.8h) meets the >=7h recommendation for adults 18-60.,Applies when sleep is consistently short even without new decline; non-applicable when duration sufficient.,Sleep duration is sufficient for the age group; item conditions not met.,qwen3.8-max,17107990a19c3104a23f4fe9a2cdd4b3cd1a024f8ed11eca0bc937893aac9381,blinded-annotation-v2-shortrefs
C012,K007,judge_b,1,labeled,"Sleep duration ~470 min recorded; no sleep-onset difficulty, awakenings, or refreshment data available.",Applies when sleep duration is recorded but quality unknown; warns duration alone does not prove quality.,Important context that the stable sleep duration record does not establish overall sleep quality.,qwen3.8-max,17107990a19c3104a23f4fe9a2cdd4b3cd1a024f8ed11eca0bc937893aac9381,blinded-annotation-v2-shortrefs
C012,K008,judge_b,0,labeled,"Only sleep duration, start, and end times are recorded; no awakening events are documented.",Requires repeated awakenings documented; non-applicable when only duration and start/end available.,Awakening history unavailable; item conditions not met by current observations.,qwen3.8-max,17107990a19c3104a23f4fe9a2cdd4b3cd1a024f8ed11eca0bc937893aac9381,blinded-annotation-v2-shortrefs
C012,K009,judge_b,0,labeled,"Mean sleep ~470 min (~7.8h), under 8 hours; no subjective refreshment data recorded.",Requires more than 8 hours sleep with reported lack of refreshment; non-applicable without feeling rested info.,Sleep is under 8 hours and refreshment unknown; item conditions not met.,qwen3.8-max,17107990a19c3104a23f4fe9a2cdd4b3cd1a024f8ed11eca0bc937893aac9381,blinded-annotation-v2-shortrefs
C012,K010,judge_b,0,labeled,Mean sleep duration ~470 min (~7.8h) in both periods; no cognitive symptoms reported.,Requires repeatedly shortened sleep and symptoms to claim impairment; non-applicable for diagnosis from wearables.,Sleep duration meets adult recommendations; no repeated restriction or symptoms observed.,qwen3.8-max,17107990a19c3104a23f4fe9a2cdd4b3cd1a024f8ed11eca0bc937893aac9381,blinded-annotation-v2-shortrefs
C012,K011,judge_b,0,labeled,Sleep duration stable ~470 min (~7.8h); no repeated sleep restriction observed.,Requires several nights of reduced sleep duration; non-applicable without repeated sleep restriction.,No repeated sleep loss observed; item conditions not met.,qwen3.8-max,17107990a19c3104a23f4fe9a2cdd4b3cd1a024f8ed11eca0bc937893aac9381,blinded-annotation-v2-shortrefs
C012,K012,judge_b,0,labeled,Mean sleep ~470 min (~7.8h); no ongoing insufficient sleep or infection signs observed.,Requires ongoing insufficient sleep; non-applicable for inferring infection from sleep or HR changes.,No sleep deficiency observed; item conditions not met.,qwen3.8-max,17107990a19c3104a23f4fe9a2cdd4b3cd1a024f8ed11eca0bc937893aac9381,blinded-annotation-v2-shortrefs
C012,K013,judge_b,0,labeled,"No food intake, appetite, or hunger information is recorded in the wearable data.",Requires repeated insufficient sleep and food intake info for individual claims; non-applicable for metabolic diagnosis.,Sleep is sufficient and appetite data unknown; item conditions not met.,qwen3.8-max,17107990a19c3104a23f4fe9a2cdd4b3cd1a024f8ed11eca0bc937893aac9381,blinded-annotation-v2-shortrefs
C012,K014,judge_b,0,labeled,No subjective sleepiness or driving context is recorded in the wearable data.,Requires reported sleepiness and driving plans; non-applicable when unknown.,Sleepiness and driving context unknown; item conditions not met.,qwen3.8-max,17107990a19c3104a23f4fe9a2cdd4b3cd1a024f8ed11eca0bc937893aac9381,blinded-annotation-v2-shortrefs
C012,K015,judge_b,1,labeled,Mean sleep duration ~470 min (~7.8h) across all 42 days; individual experience not recorded.,Applies when adult sleep duration is being reviewed; notes individual variation in sleep needs.,Provides context for evaluating the stable ~7.8h sleep duration against individual needs.,qwen3.8-max,17107990a19c3104a23f4fe9a2cdd4b3cd1a024f8ed11eca0bc937893aac9381,blinded-annotation-v2-shortrefs
C012,K016,judge_b,0,labeled,No sleeping difficulties or insomnia symptoms reported; only 14-day window of stable sleep.,Requires months-long sleeping difficulties or failed habit changes; non-applicable with brief record only.,No insomnia symptoms and only 14-day window; item conditions not met.,qwen3.8-max,17107990a19c3104a23f4fe9a2cdd4b3cd1a024f8ed11eca0bc937893aac9381,blinded-annotation-v2-shortrefs
C012,K017,judge_b,1,labeled,Sleep end exactly 07:00 daily (variance 0); sleep start 22:43-22:58 (variance ~25 min).,Applies when repeated variability in bedtime or wake time exists; stable schedule does not establish problem.,Data show a highly consistent schedule; item confirms that stability itself is not a problem.,qwen3.8-max,17107990a19c3104a23f4fe9a2cdd4b3cd1a024f8ed11eca0bc937893aac9381,blinded-annotation-v2-shortrefs
C012,K018,judge_b,0,labeled,Sleep end time is exactly 07:00 (1140 min from noon) every single day with zero variance.,Requires inconsistent wake time with reported sleeping difficulties; non-applicable without insomnia evidence.,Wake time is perfectly consistent; no sleeping difficulties reported.,qwen3.8-max,17107990a19c3104a23f4fe9a2cdd4b3cd1a024f8ed11eca0bc937893aac9381,blinded-annotation-v2-shortrefs
C012,K019,judge_b,0,labeled,Sleep start mean 649.7 baseline vs 649.4 window; sleep end exactly 1140 min daily. No weekday/weekend drift.,Requires substantial bedtime/wake differences between weekdays and weekends; non-applicable when similar.,Sleep timing is highly consistent across all days; no substantial weekday/weekend difference observed.,qwen3.8-max,17107990a19c3104a23f4fe9a2cdd4b3cd1a024f8ed11eca0bc937893aac9381,blinded-annotation-v2-shortrefs
C012,K020,judge_b,0,labeled,"Sleep start times 22:43-22:58 recorded, but no pre-bed activity information available.",Requires information about pre-bed activities for targeted advice; non-applicable for assuming missing routine.,Pre-bed activities unknown; timestamps alone do not reveal quiet time behavior.,qwen3.8-max,17107990a19c3104a23f4fe9a2cdd4b3cd1a024f8ed11eca0bc937893aac9381,blinded-annotation-v2-shortrefs
C012,K021,judge_b,0,labeled,No screen or light exposure information is recorded in the wearable data.,Requires known bright-screen exposure shortly before bed; non-applicable when exposure unknown.,Screen exposure unknown; item conditions not met.,qwen3.8-max,17107990a19c3104a23f4fe9a2cdd4b3cd1a024f8ed11eca0bc937893aac9381,blinded-annotation-v2-shortrefs
C012,K022,judge_b,0,labeled,No caffeine intake timing or amount is recorded in the wearable data.,Requires known afternoon or evening caffeine use with sleeping difficulty; non-applicable without caffeine history.,Caffeine history unknown; item conditions not met.,qwen3.8-max,17107990a19c3104a23f4fe9a2cdd4b3cd1a024f8ed11eca0bc937893aac9381,blinded-annotation-v2-shortrefs
C012,K023,judge_b,0,labeled,No meal timing or size information is recorded in the wearable data.,Requires known large meal shortly before bed; non-applicable when meal information unknown.,Meal information unknown; item conditions not met.,qwen3.8-max,17107990a19c3104a23f4fe9a2cdd4b3cd1a024f8ed11eca0bc937893aac9381,blinded-annotation-v2-shortrefs
C012,K024,judge_b,0,labeled,No alcohol intake or timing information is recorded in the wearable data.,Requires alcohol use near bedtime reported; non-applicable when alcohol exposure unknown.,Alcohol context unknown; item conditions not met.,qwen3.8-max,17107990a19c3104a23f4fe9a2cdd4b3cd1a024f8ed11eca0bc937893aac9381,blinded-annotation-v2-shortrefs
C012,K025,judge_b,0,labeled,No nicotine use or smoking information is recorded in the wearable data.,Requires nicotine exposure with sleep concerns; non-applicable when nicotine use unknown.,Nicotine context unknown; item conditions not met.,qwen3.8-max,17107990a19c3104a23f4fe9a2cdd4b3cd1a024f8ed11eca0bc937893aac9381,blinded-annotation-v2-shortrefs
C012,K026,judge_b,0,labeled,"No bedroom light, noise, or temperature information is recorded in the wearable data.",Requires known disruptive bedroom environment; non-applicable when environment unknown.,Bedroom environment unknown; item conditions not met.,qwen3.8-max,17107990a19c3104a23f4fe9a2cdd4b3cd1a024f8ed11eca0bc937893aac9381,blinded-annotation-v2-shortrefs
C012,K027,judge_b,0,labeled,"No pre-bed routine, relaxation difficulty, or request for options is recorded.",Requires reported difficulty relaxing or request for routine options; non-applicable for inferring stress.,No relaxation context or request recorded; item conditions not met.,qwen3.8-max,17107990a19c3104a23f4fe9a2cdd4b3cd1a024f8ed11eca0bc937893aac9381,blinded-annotation-v2-shortrefs
C012,K028,judge_b,0,labeled,No nap information is recorded in the wearable data.,Requires adult naps recorded or reported; non-applicable when nap history unknown.,Nap history unknown; item conditions not met.,qwen3.8-max,17107990a19c3104a23f4fe9a2cdd4b3cd1a024f8ed11eca0bc937893aac9381,blinded-annotation-v2-shortrefs
C012,K029,judge_b,0,labeled,No shift-work schedule is recorded; sleep timing is highly consistent daily.,Requires confirmed shift-work schedule with changing shifts; non-applicable when shift work unknown.,Shift work context unknown; item conditions not met.,qwen3.8-max,17107990a19c3104a23f4fe9a2cdd4b3cd1a024f8ed11eca0bc937893aac9381,blinded-annotation-v2-shortrefs
C012,K030,judge_b,0,labeled,No shift work schedule is recorded in the wearable data.,Requires shift work established; non-applicable without confirmed shift work.,Shift work context unknown; item conditions not met.,qwen3.8-max,17107990a19c3104a23f4fe9a2cdd4b3cd1a024f8ed11eca0bc937893aac9381,blinded-annotation-v2-shortrefs
C012,K031,judge_b,0,labeled,No shift work schedule or caffeine intake is recorded in the wearable data.,Requires shift worker using caffeine; non-applicable when shift work or caffeine unknown.,Shift work and caffeine context unknown; item conditions not met.,qwen3.8-max,17107990a19c3104a23f4fe9a2cdd4b3cd1a024f8ed11eca0bc937893aac9381,blinded-annotation-v2-shortrefs
C012,K032,judge_b,0,labeled,All sleep occurs overnight (22:43-22:58 to 07:00); no daytime sleep recorded.,Requires daytime sleep associated with shift work; non-applicable when only ordinary overnight sleep recorded.,Only overnight sleep observed; no daytime sleep or shift work context.,qwen3.8-max,17107990a19c3104a23f4fe9a2cdd4b3cd1a024f8ed11eca0bc937893aac9381,blinded-annotation-v2-shortrefs
C012,K033,judge_b,0,labeled,"No sleep diary, awakenings, or naps are recorded in the wearable data.",Requires a changed or variable sleep pattern needing review; non-applicable for inventing unrecorded events.,Sleep pattern is highly stable; no diary data or unrecorded events to invent.,qwen3.8-max,17107990a19c3104a23f4fe9a2cdd4b3cd1a024f8ed11eca0bc937893aac9381,blinded-annotation-v2-shortrefs
C012,K034,judge_b,0,labeled,Sleep duration stable ~470 min (~7.8h) across all 42 days; no shortened nights observed.,Requires several shortened nights rather than a single reading; non-applicable for claiming recovery nights.,No repeated sleep loss observed; item conditions not met.,qwen3.8-max,17107990a19c3104a23f4fe9a2cdd4b3cd1a024f8ed11eca0bc937893aac9381,blinded-annotation-v2-shortrefs
C012,K035,judge_b,0,labeled,Weekend sleep mean 468.25 min vs weekday 471.6 min in window; no longer weekend sleep observed.,Requires longer sleep and later timing on days off; non-applicable when assuming every weekend is off.,Weekend sleep is actually slightly shorter in window; no extra sleep on days off observed.,qwen3.8-max,17107990a19c3104a23f4fe9a2cdd4b3cd1a024f8ed11eca0bc937893aac9381,blinded-annotation-v2-shortrefs
C012,K036,judge_b,0,labeled,No nap information is recorded in the wearable data.,Requires recorded naps after shortened night-time sleep; non-applicable without nap information.,Nap history unknown; item conditions not met.,qwen3.8-max,17107990a19c3104a23f4fe9a2cdd4b3cd1a024f8ed11eca0bc937893aac9381,blinded-annotation-v2-shortrefs
C012,K037,judge_b,0,labeled,Sleep end time is exactly 07:00 every day; no bad night or insomnia symptoms reported.,Requires recent bad night and sleeping difficulties; non-applicable with only device estimate.,No reported sleeping difficulty; wake time perfectly consistent at 07:00.,qwen3.8-max,17107990a19c3104a23f4fe9a2cdd4b3cd1a024f8ed11eca0bc937893aac9381,blinded-annotation-v2-shortrefs
C012,K038,judge_b,0,labeled,No sleeping difficulties or symptom history reported; only 14-day window of stable sleep estimates.,Requires reported sleeping difficulties with known duration; non-applicable for diagnosing from estimated hours.,No insomnia symptoms reported; item conditions not met.,qwen3.8-max,17107990a19c3104a23f4fe9a2cdd4b3cd1a024f8ed11eca0bc937893aac9381,blinded-annotation-v2-shortrefs
C012,K039,judge_b,0,labeled,No travel history or flight information is recorded in the wearable data.,Requires confirmed travel across time zones; non-applicable without travel history.,Travel context unknown; item conditions not met.,qwen3.8-max,17107990a19c3104a23f4fe9a2cdd4b3cd1a024f8ed11eca0bc937893aac9381,blinded-annotation-v2-shortrefs
C012,K040,judge_b,0,labeled,No travel or trip information is recorded in the wearable data.,Requires a short trip across time zones planned; non-applicable when travel context unknown.,Travel context unknown; item conditions not met.,qwen3.8-max,17107990a19c3104a23f4fe9a2cdd4b3cd1a024f8ed11eca0bc937893aac9381,blinded-annotation-v2-shortrefs
C012,K041,judge_b,0,labeled,Activity duration 50-60 min/day; no low or declining movement giving opportunity to add activity.,Requires low or declining movement; intensity needed to count recommended aerobic minutes.,Activity levels are stable and not low; generic guideline without specific connection.,qwen3.8-max,17107990a19c3104a23f4fe9a2cdd4b3cd1a024f8ed11eca0bc937893aac9381,blinded-annotation-v2-shortrefs
C012,K042,judge_b,0,labeled,Activity duration stable ~55-58 min/day; no recently low or reduced physical activity observed.,Requires recently low or reduced physical activity; non-applicable for prescribing intense programs.,No inactivity observed; item conditions not met.,qwen3.8-max,17107990a19c3104a23f4fe9a2cdd4b3cd1a024f8ed11eca0bc937893aac9381,blinded-annotation-v2-shortrefs
C012,K043,judge_b,0,labeled,Activity intensity is 'unknown' for all intervals; only steps and unspecified active minutes available.,Requires known activity intensity; non-applicable when only steps or unspecified active minutes available.,Intensity unknown across all observations; cannot determine if moderate-intensity target is met.,qwen3.8-max,17107990a19c3104a23f4fe9a2cdd4b3cd1a024f8ed11eca0bc937893aac9381,blinded-annotation-v2-shortrefs
C012,K044,judge_b,0,labeled,All activity intervals have intensity 'unknown'; no vigorous activity is documented.,Requires documented vigorous aerobic activity; non-applicable when intensity unknown.,Intensity unknown across all observations; item conditions not met.,qwen3.8-max,17107990a19c3104a23f4fe9a2cdd4b3cd1a024f8ed11eca0bc937893aac9381,blinded-annotation-v2-shortrefs
C012,K045,judge_b,0,labeled,Activity duration 50-60 min/day; no reduced activity or limited session opportunities observed.,Requires reduced activity or limited opportunities; intensity required for counting guideline minutes.,No reduced activity observed; item conditions not met.,qwen3.8-max,17107990a19c3104a23f4fe9a2cdd4b3cd1a024f8ed11eca0bc937893aac9381,blinded-annotation-v2-shortrefs
C012,K046,judge_b,0,labeled,No muscle-strengthening activity records or muscle group information available.,Requires strengthening activity records including days and muscle groups; non-applicable with only steps/movement.,Only steps and generic movement counts available; strengthening context unknown.,qwen3.8-max,17107990a19c3104a23f4fe9a2cdd4b3cd1a024f8ed11eca0bc937893aac9381,blinded-annotation-v2-shortrefs
C012,K047,judge_b,0,labeled,Activity intensity is 'unknown'; weekly moderate/vigorous attainment unverified.,Requires documented aerobic activity reaching guidelines with known intensity; non-applicable when unknown.,Intensity unknown; guideline attainment unverified; item conditions not met.,qwen3.8-max,17107990a19c3104a23f4fe9a2cdd4b3cd1a024f8ed11eca0bc937893aac9381,blinded-annotation-v2-shortrefs
C012,K048,judge_b,1,labeled,All daily activity intervals have intensity labeled 'unknown' across baseline and window.,Applies when activity intensity needs interpretation; warns against inferring intensity from steps alone.,"Directly relevant because all recorded activity intensities are unknown, preventing intensity classification.",qwen3.8-max,17107990a19c3104a23f4fe9a2cdd4b3cd1a024f8ed11eca0bc937893aac9381,blinded-annotation-v2-shortrefs
C012,K049,judge_b,0,labeled,All activity intervals have intensity 'unknown'; no breathing or talk-test observations recorded.,Requires an aerobic activity and breathing or talk-test observation; non-applicable when effort unrecorded.,Effort and aerobic context unrecorded; item conditions not met.,qwen3.8-max,17107990a19c3104a23f4fe9a2cdd4b3cd1a024f8ed11eca0bc937893aac9381,blinded-annotation-v2-shortrefs
C012,K050,judge_b,1,labeled,Steps mean 8039 baseline vs 8008 window; activity duration mean 55.2 vs 57.8 minutes.,Applies when steps change while other activity may differ; warns against concluding total exercise from steps.,"Steps slightly decreased while activity duration increased, illustrating that steps alone miss non-step activity.",qwen3.8-max,17107990a19c3104a23f4fe9a2cdd4b3cd1a024f8ed11eca0bc937893aac9381,blinded-annotation-v2-shortrefs
C012,K051,judge_b,0,labeled,Steps mean ~8000/day and activity ~55-58 min/day; no declining routine movement observed.,Requires low or declining routine movement; assumes mobility and transport context.,Movement is stable and not notably low; item conditions not met.,qwen3.8-max,17107990a19c3104a23f4fe9a2cdd4b3cd1a024f8ed11eca0bc937893aac9381,blinded-annotation-v2-shortrefs
C012,K052,judge_b,0,labeled,"No personal preferences, availability, or motivational barriers are recorded in the wearable data.",Requires personal preferences and availability for choosing options; non-applicable for prescribing without context.,Preferences and availability unknown; item conditions not met.,qwen3.8-max,17107990a19c3104a23f4fe9a2cdd4b3cd1a024f8ed11eca0bc937893aac9381,blinded-annotation-v2-shortrefs
C012,K053,judge_b,0,labeled,No social preferences or motivational barriers are recorded in the wearable data.,Requires a person wanting support maintaining activity; non-applicable without motivational/social barrier evidence.,No motivational or social barrier evidence; item conditions not met.,qwen3.8-max,17107990a19c3104a23f4fe9a2cdd4b3cd1a024f8ed11eca0bc937893aac9381,blinded-annotation-v2-shortrefs
C012,K054,judge_b,0,labeled,No reported time barrier or schedule constraint is recorded in the wearable data.,Requires low activity with a reported time barrier; non-applicable when assuming barrier from low steps.,"No time barrier reported; steps and activity are stable, not notably low.",qwen3.8-max,17107990a19c3104a23f4fe9a2cdd4b3cd1a024f8ed11eca0bc937893aac9381,blinded-annotation-v2-shortrefs
C012,K055,judge_b,0,labeled,No schedule constraints or competing demands are recorded in the wearable data.,Requires reported competing demands reducing activity; non-applicable when schedule reason unknown.,Schedule context unknown; item conditions not met.,qwen3.8-max,17107990a19c3104a23f4fe9a2cdd4b3cd1a024f8ed11eca0bc937893aac9381,blinded-annotation-v2-shortrefs
C012,K056,judge_b,0,labeled,No chronic health condition or disability is recorded in the wearable data.,"Requires an established chronic condition, disability, or special need; non-applicable when medical context unknown.",Medical context is unknown; item conditions are not met by any observation.,qwen3.8-max,17107990a19c3104a23f4fe9a2cdd4b3cd1a024f8ed11eca0bc937893aac9381,blinded-annotation-v2-shortrefs
C012,K057,judge_b,1,labeled,Low movement intervals ~45 min each from 10:00-18:00 daily with 5-min gaps; 720 min daytime wear.,Applies to long uninterrupted daytime low-movement with adequate wear; non-applicable for sleep/non-wear.,Observed daytime low-movement blocks are interrupted by brief gaps; relevant for evaluating continuous periods.,qwen3.8-max,17107990a19c3104a23f4fe9a2cdd4b3cd1a024f8ed11eca0bc937893aac9381,blinded-annotation-v2-shortrefs
C012,K058,judge_b,1,labeled,Activity ~55-58 min/day coexists with low movement ~440-462 min/day across all days.,Applies when recorded activity coexists with substantial low-movement periods; requires posture for sitting claims.,Relevant context that daily activity does not negate the substantial concurrent low-movement periods.,qwen3.8-max,17107990a19c3104a23f4fe9a2cdd4b3cd1a024f8ed11eca0bc937893aac9381,blinded-annotation-v2-shortrefs
C012,K059,judge_b,0,labeled,Low movement ~450 min/day is stable; no substantial increase or confirmed sitting observed.,Requires substantial or increasing daily low movement; non-applicable when non-wear recorded as no movement.,"Low movement is stable, not increasing; confirmed sitting context unavailable.",qwen3.8-max,17107990a19c3104a23f4fe9a2cdd4b3cd1a024f8ed11eca0bc937893aac9381,blinded-annotation-v2-shortrefs
C012,K060,judge_b,0,labeled,"No commuting, transport, or mobility context is recorded in the wearable data.",Requires sedentary commuting established; non-applicable when commute unknown.,Commute context unknown; item conditions not met.,qwen3.8-max,17107990a19c3104a23f4fe9a2cdd4b3cd1a024f8ed11eca0bc937893aac9381,blinded-annotation-v2-shortrefs
C012,K061,judge_b,0,labeled,Work context and desk sitting are not recorded in the wearable data.,Requires desk work with prolonged sitting; non-applicable when work context unknown.,Work context unknown; item conditions cannot be verified from observations.,qwen3.8-max,17107990a19c3104a23f4fe9a2cdd4b3cd1a024f8ed11eca0bc937893aac9381,blinded-annotation-v2-shortrefs
C012,K062,judge_b,0,labeled,"No workplace, meeting, or desk work information is recorded in the wearable data.",Requires meetings or desk work involving prolonged sitting; non-applicable without workplace info.,Workplace context unknown; item conditions not met.,qwen3.8-max,17107990a19c3104a23f4fe9a2cdd4b3cd1a024f8ed11eca0bc937893aac9381,blinded-annotation-v2-shortrefs
C012,K063,judge_b,0,labeled,Television viewing habits are not recorded in the wearable data.,Requires prolonged sitting while watching television; non-applicable when screen habits unknown.,Screen habits unknown; item conditions not met by any observation.,qwen3.8-max,17107990a19c3104a23f4fe9a2cdd4b3cd1a024f8ed11eca0bc937893aac9381,blinded-annotation-v2-shortrefs
C012,K064,judge_b,0,labeled,"No leisure context, seated habits, or routine preferences are recorded in the wearable data.",Requires substantial habitual seated leisure; non-applicable without leisure context.,Leisure context unknown; item conditions not met.,qwen3.8-max,17107990a19c3104a23f4fe9a2cdd4b3cd1a024f8ed11eca0bc937893aac9381,blinded-annotation-v2-shortrefs
C012,K065,judge_b,1,labeled,Activity duration 50-60 min/day and steps ~8000/day recorded; formal exercise type unknown.,Applies when low everyday movement despite possible formal exercise; distinguishes movement from planned exercise.,Clarifies that recorded steps and active minutes include everyday movement beyond formal exercise.,qwen3.8-max,17107990a19c3104a23f4fe9a2cdd4b3cd1a024f8ed11eca0bc937893aac9381,blinded-annotation-v2-shortrefs
C012,K066,judge_b,0,labeled,No workday lunch-break access or context is recorded in the wearable data.,Requires daytime low movement with known workday lunch-break context; non-applicable when unknown.,Lunch-break context unknown; item conditions not met.,qwen3.8-max,17107990a19c3104a23f4fe9a2cdd4b3cd1a024f8ed11eca0bc937893aac9381,blinded-annotation-v2-shortrefs
C012,K067,judge_b,0,labeled,"No stair access, mobility, or incidental movement context is recorded in the wearable data.",Requires low incidental movement with accessible stairs; non-applicable when mobility/context unknown.,Stair and mobility context unknown; item conditions not met.,qwen3.8-max,17107990a19c3104a23f4fe9a2cdd4b3cd1a024f8ed11eca0bc937893aac9381,blinded-annotation-v2-shortrefs
C012,K068,judge_b,2,labeled,Low movement ~440-462 min/day recorded; no posture measurement available in wearable data.,Applies when low-movement intervals available without posture; warns against relabeling as confirmed sitting.,Core explanation that recorded low movement minutes cannot be assumed as confirmed sedentary sitting.,qwen3.8-max,17107990a19c3104a23f4fe9a2cdd4b3cd1a024f8ed11eca0bc937893aac9381,blinded-annotation-v2-shortrefs
C012,K069,judge_b,0,labeled,Sleep duration stable ~470 min; activity duration stable ~55-58 min across both periods.,General benefit statement; non-applicable for declaring causal effect from paired observations.,Generic background information about activity and sleep; no specific observed pattern explained.,qwen3.8-max,17107990a19c3104a23f4fe9a2cdd4b3cd1a024f8ed11eca0bc937893aac9381,blinded-annotation-v2-shortrefs
C012,K070,judge_b,0,labeled,Activity duration stable ~55-60 min baseline and window; sleep start variance low.,Requires low daytime activity accompanying a changed sleep routine; outdoor access needed.,No low activity or changed sleep routine observed; general advice with no specific connection.,qwen3.8-max,17107990a19c3104a23f4fe9a2cdd4b3cd1a024f8ed11eca0bc937893aac9381,blinded-annotation-v2-shortrefs
C012,K071,judge_b,1,labeled,"Daily activity intervals occur 21:00-~22:00; sleep starts ~22:43-22:58, placing activity within 1 hour of bedtime.",Requires activity close to bedtime; warns intensity must be known before applying intense-exercise advice.,"Late activity consistently occurs near bedtime, but unknown intensity prevents direct application of advice.",qwen3.8-max,17107990a19c3104a23f4fe9a2cdd4b3cd1a024f8ed11eca0bc937893aac9381,blinded-annotation-v2-shortrefs
C012,K072,judge_b,0,labeled,"Activity 21:00-22:00 recorded, but no insomnia symptoms or sleeping difficulties reported.",Requires exercise near bedtime with reported insomnia symptoms; non-applicable with only timestamps.,No insomnia symptoms reported; temporal adjacency alone does not meet conditions.,qwen3.8-max,17107990a19c3104a23f4fe9a2cdd4b3cd1a024f8ed11eca0bc937893aac9381,blinded-annotation-v2-shortrefs
C012,K073,judge_b,1,labeled,Activity intervals 21:00-~22:00 and sleep starts 22:43-22:58 recorded daily.,Applies when activity timing and subsequent sleep are compared; requires activity intervals for timing.,Supports comparing the recorded late activity intervals with subsequent sleep start times.,qwen3.8-max,17107990a19c3104a23f4fe9a2cdd4b3cd1a024f8ed11eca0bc937893aac9381,blinded-annotation-v2-shortrefs
C012,K074,judge_b,0,labeled,No emergency-response deployment context is recorded in the wearable data.,Requires confirmed emergency-response deployment context; non-applicable when unknown.,Deployment context unknown; item conditions not met.,qwen3.8-max,17107990a19c3104a23f4fe9a2cdd4b3cd1a024f8ed11eca0bc937893aac9381,blinded-annotation-v2-shortrefs
C012,K075,judge_b,0,labeled,No subjective tiredness or energy reports are recorded in the wearable data.,Requires reported tiredness limiting activity; non-applicable without tiredness or energy history.,Tiredness history unknown; item conditions not met.,qwen3.8-max,17107990a19c3104a23f4fe9a2cdd4b3cd1a024f8ed11eca0bc937893aac9381,blinded-annotation-v2-shortrefs
C012,K076,judge_b,0,labeled,"No substance, alcohol, caffeine, or medication history is recorded in the wearable data.",Requires substance and medication history for causal interpretation; non-applicable for assuming unrecorded exposures.,Substance and medication context unknown; item conditions not met.,qwen3.8-max,17107990a19c3104a23f4fe9a2cdd4b3cd1a024f8ed11eca0bc937893aac9381,blinded-annotation-v2-shortrefs
C012,K077,judge_b,1,labeled,RHR 55-57 bpm recorded daily; distinct from activity heart rate during 21:00 intervals.,Applies when resting heart rate observations are available; distinguishes from instantaneous exercise HR.,"Clarifies that the recorded RHR values represent a resting context, not exercise heart rate.",qwen3.8-max,17107990a19c3104a23f4fe9a2cdd4b3cd1a024f8ed11eca0bc937893aac9381,blinded-annotation-v2-shortrefs
C012,K078,judge_b,1,labeled,resting_heart_rate_bpm 55-57 recorded daily; distinct from potential sleeping heart rate.,Applies when a daily resting heart-rate trend is interpreted; warns against mixing sleeping and resting HR.,Clarifies that the recorded RHR metric differs from sleeping heart rate for proper trend comparison.,qwen3.8-max,17107990a19c3104a23f4fe9a2cdd4b3cd1a024f8ed11eca0bc937893aac9381,blinded-annotation-v2-shortrefs
C012,K079,judge_b,1,labeled,RHR fluctuates 55-57 bpm across both periods; no exposure or symptom info recorded.,Applies when RHR changes relative to previous readings; warns multiple factors influence RHR.,RHR varies slightly day-to-day; item explains multiple possible influences without attributing cause.,qwen3.8-max,17107990a19c3104a23f4fe9a2cdd4b3cd1a024f8ed11eca0bc937893aac9381,blinded-annotation-v2-shortrefs
C012,K080,judge_b,1,labeled,HRV RMSSD 26-54 ms and RHR 55-57 bpm recorded nightly for the same sleep periods.,Applies when HRV and heart-rate estimates are interpreted together; warns HRV is not average HR.,Important distinction when both RMSSD and RHR are reported for the same overnight periods.,qwen3.8-max,17107990a19c3104a23f4fe9a2cdd4b3cd1a024f8ed11eca0bc937893aac9381,blinded-annotation-v2-shortrefs
C012,K081,judge_b,1,labeled,HRV RMSSD ranges 26-54 ms across 42 days; no personal history beyond this window available.,Applies when an HRV level or trend is reviewed; warns against universal diagnosis from HRV number.,Important context that observed HRV values are person-specific and influenced by multiple lifestyle factors.,qwen3.8-max,17107990a19c3104a23f4fe9a2cdd4b3cd1a024f8ed11eca0bc937893aac9381,blinded-annotation-v2-shortrefs
C012,K082,judge_b,1,labeled,"28-day baseline provides personal history for RHR, HRV, sleep, and steps before 14-day window.",Applies when a vital has changed from a recent personal baseline; requires sufficient same-metric history.,Supports using the 28-day baseline as personal range context for evaluating the 14-day window.,qwen3.8-max,17107990a19c3104a23f4fe9a2cdd4b3cd1a024f8ed11eca0bc937893aac9381,blinded-annotation-v2-shortrefs
C012,K083,judge_b,1,labeled,RHR recorded daily over 42 days (55-57 bpm); window mean 55.86 vs baseline 56.18.,Applies when repeated RHR readings or a recent change exist; supports reviewing trends over time.,Supports interpreting the multi-week RHR series as a trend rather than isolated daily values.,qwen3.8-max,17107990a19c3104a23f4fe9a2cdd4b3cd1a024f8ed11eca0bc937893aac9381,blinded-annotation-v2-shortrefs
C012,K084,judge_b,2,labeled,HRV RMSSD recorded nightly (mean 40ms both periods); metadata defines it as wellness metric.,Applies when an HRV trend is available for wellness monitoring; explicitly prohibits diagnosing from HRV.,"Core explanation that observed HRV values are wellness metrics, not diagnostic indicators.",qwen3.8-max,17107990a19c3104a23f4fe9a2cdd4b3cd1a024f8ed11eca0bc937893aac9381,blinded-annotation-v2-shortrefs
C012,K085,judge_b,2,labeled,HRV recorded as hrv_rmssd_ms (26-54 ms) across all 42 days in metadata.,Applies when HRV records identify RMSSD as their metric; specifies Fitbit uses RMSSD formula.,Core explanation confirming the specific HRV metric definition used in the recorded observations.,qwen3.8-max,17107990a19c3104a23f4fe9a2cdd4b3cd1a024f8ed11eca0bc937893aac9381,blinded-annotation-v2-shortrefs
C012,K086,judge_b,2,labeled,HRV RMSSD recorded nightly; sleep durations 462-478 min all exceed 3 hours; longest sleep used.,Applies when overnight HRV estimates are compared; specifies Fitbit uses longest sleep >3 hours.,Core explanation of how the nightly HRV RMSSD values were collected given adequate sleep coverage.,qwen3.8-max,17107990a19c3104a23f4fe9a2cdd4b3cd1a024f8ed11eca0bc937893aac9381,blinded-annotation-v2-shortrefs
C012,K087,judge_b,0,labeled,Only sleep duration and timing are recorded; no sleep-stage measurements available.,Requires sleep-stage data varying between nights; non-applicable when only duration/timing available.,No sleep-stage data recorded; item conditions not met.,qwen3.8-max,17107990a19c3104a23f4fe9a2cdd4b3cd1a024f8ed11eca0bc937893aac9381,blinded-annotation-v2-shortrefs
C012,K088,judge_b,0,labeled,No health concerns or symptoms about vital trends are reported in the data.,Requires reported health concerns or symptoms; non-applicable for declaring emergencies from trends.,No health concerns reported; generic guidance without specific connection.,qwen3.8-max,17107990a19c3104a23f4fe9a2cdd4b3cd1a024f8ed11eca0bc937893aac9381,blinded-annotation-v2-shortrefs
C012,K089,judge_b,0,labeled,RHR stable 55-57 bpm; no evidence of unreliable readings or wear quality changes.,Applies when heart-rate readings may be unreliable or wear quality changes; requires placement info.,No evidence of fit problems or unreliable readings; item conditions not triggered.,qwen3.8-max,17107990a19c3104a23f4fe9a2cdd4b3cd1a024f8ed11eca0bc937893aac9381,blinded-annotation-v2-shortrefs
C012,K090,judge_b,1,labeled,Daytime wear 720 min and nighttime coverage 482-498 min recorded every day.,Applies when overnight vitals have uncertain coverage; requires separate night-time wear information.,Confirms that both daytime and nighttime coverage requirements are met for valid overnight vitals.,qwen3.8-max,17107990a19c3104a23f4fe9a2cdd4b3cd1a024f8ed11eca0bc937893aac9381,blinded-annotation-v2-shortrefs
C012,K091,judge_b,1,labeled,"All nightly vitals (RHR, HRV) are present; nighttime coverage >=482 min exceeds 3-hour requirement.",Applies when a vital is missing with limited night-time data; clarifies missing readings are not zeros.,Contextually relevant for interpreting the complete overnight vitals record given adequate coverage.,qwen3.8-max,17107990a19c3104a23f4fe9a2cdd4b3cd1a024f8ed11eca0bc937893aac9381,blinded-annotation-v2-shortrefs
C012,K092,judge_b,0,labeled,"No vitals are missing; all 42 days have complete RHR, HRV, sleep, and step data.",Applies when vitals are missing or delayed; requires device support and sync status context.,No missing vitals observed; item conditions not triggered.,qwen3.8-max,17107990a19c3104a23f4fe9a2cdd4b3cd1a024f8ed11eca0bc937893aac9381,blinded-annotation-v2-shortrefs
C012,K093,judge_b,0,labeled,Single synthetic device used across all 42 days; no device switch recorded.,Applies when heart-rate series involve a device or algorithm change; non-applicable for same-device series.,No device change occurred; item conditions not met.,qwen3.8-max,17107990a19c3104a23f4fe9a2cdd4b3cd1a024f8ed11eca0bc937893aac9381,blinded-annotation-v2-shortrefs
C012,K094,judge_b,1,labeled,Sleep duration ~462-478 min derived from device; sleep boundaries 22:43-22:58 to 07:00 recorded.,Applies when device-estimated sleep duration and boundaries are available; distinguishes estimated from full period.,"Clarifies that recorded sleep duration is an estimate from classified sleep stages, not total time in bed.",qwen3.8-max,17107990a19c3104a23f4fe9a2cdd4b3cd1a024f8ed11eca0bc937893aac9381,blinded-annotation-v2-shortrefs
C012,K095,judge_b,1,labeled,"Nighttime coverage ranges 482-498 minutes across all 42 days, exceeding 180-minute threshold.","Applies when sleep readings are absent with non-wear; clarifies unworn nights should be missing, not zero.",Supports interpreting the complete sleep record as valid wear rather than missing data.,qwen3.8-max,17107990a19c3104a23f4fe9a2cdd4b3cd1a024f8ed11eca0bc937893aac9381,blinded-annotation-v2-shortrefs
C012,K096,judge_b,1,labeled,Steps range 7592-8417; device is synthetic common wearable using accelerometer.,Applies when step readings change with possible measurement limitations; arm swing needed for counting.,Relevant context for interpreting step counts given device relies on accelerometer and arm motion.,qwen3.8-max,17107990a19c3104a23f4fe9a2cdd4b3cd1a024f8ed11eca0bc937893aac9381,blinded-annotation-v2-shortrefs
C013,K001,judge_b,2,labeled,Sleep 462-483 min (7.7-8.05 hrs); age band 18-60.,Requires age band compatible with 18-60 years and sleep duration review.,Core directly confirms observed sleep meets the 7+ hour recommendation for this age.,qwen3.8-max,6b79a7522714f1d851f60f0e4703131ceac72c9ddcd13c434d43f07a49861a6d,blinded-annotation-v2-shortrefs
C013,K002,judge_b,0,labeled,Age band 18-60; not 61-64.,Requires age 61 to 64 established.,Age group does not match; item explicitly non-applicable.,qwen3.8-max,6b79a7522714f1d851f60f0e4703131ceac72c9ddcd13c434d43f07a49861a6d,blinded-annotation-v2-shortrefs
C013,K003,judge_b,0,labeled,Age band 18-60; not 65 or older.,Requires age at least 65 established.,Age below 65; item explicitly non-applicable.,qwen3.8-max,6b79a7522714f1d851f60f0e4703131ceac72c9ddcd13c434d43f07a49861a6d,blinded-annotation-v2-shortrefs
C013,K004,judge_b,0,labeled,Age band is 18-60; not a teenager.,Requires teenage age group established.,Adult age band; item explicitly non-applicable.,qwen3.8-max,6b79a7522714f1d851f60f0e4703131ceac72c9ddcd13c434d43f07a49861a6d,blinded-annotation-v2-shortrefs
C013,K005,judge_b,0,labeled,Sleep duration 462-483 min; no shortened sleep opportunity observed.,Requires repeatedly shortened sleep opportunity or duration.,Sleep is adequate; no evidence of insufficient sleep.,qwen3.8-max,6b79a7522714f1d851f60f0e4703131ceac72c9ddcd13c434d43f07a49861a6d,blinded-annotation-v2-shortrefs
C013,K006,judge_b,0,labeled,"Baseline sleep mean 470 min, window 478 min; no short sleep observed.",Requires consistently short sleep even without new decline.,Sleep duration is sufficient and increased in the window; item conditions not met.,qwen3.8-max,6b79a7522714f1d851f60f0e4703131ceac72c9ddcd13c434d43f07a49861a6d,blinded-annotation-v2-shortrefs
C013,K007,judge_b,1,labeled,Sleep duration 474-483 min in window; no awakenings or refreshment data.,Requires sleep duration recorded but quality unknown.,Supported: duration is recorded but quality indicators like awakenings are absent.,qwen3.8-max,6b79a7522714f1d851f60f0e4703131ceac72c9ddcd13c434d43f07a49861a6d,blinded-annotation-v2-shortrefs
C013,K008,judge_b,0,labeled,Only sleep start/end and duration recorded; no awakening data.,Requires awakening history or measured sleep continuity.,Awakening data absent; item conditions not supported.,qwen3.8-max,6b79a7522714f1d851f60f0e4703131ceac72c9ddcd13c434d43f07a49861a6d,blinded-annotation-v2-shortrefs
C013,K009,judge_b,0,labeled,No subjective refreshment data; sleep 474-483 min in window.,Requires subjective lack of refreshment and night-time sleep duration.,Feeling rested unknown; item conditions not met.,qwen3.8-max,6b79a7522714f1d851f60f0e4703131ceac72c9ddcd13c434d43f07a49861a6d,blinded-annotation-v2-shortrefs
C013,K010,judge_b,0,labeled,No cognitive impairment symptoms or shortened sleep observed.,Requires repeatedly shortened sleep and symptoms for impairment claim.,Sleep is adequate; no symptoms reported. Conditions not met.,qwen3.8-max,6b79a7522714f1d851f60f0e4703131ceac72c9ddcd13c434d43f07a49861a6d,blinded-annotation-v2-shortrefs
C013,K011,judge_b,0,labeled,"Baseline mean sleep 470 min, window 478 min; no reduced sleep nights.",Requires several nights of reduced sleep duration.,Sleep duration is adequate and slightly increased; no repeated sleep restriction observed.,qwen3.8-max,6b79a7522714f1d851f60f0e4703131ceac72c9ddcd13c434d43f07a49861a6d,blinded-annotation-v2-shortrefs
C013,K012,judge_b,0,labeled,Sleep duration adequate 462-483 min; no infection indicators.,Requires ongoing insufficient sleep.,No sleep deficiency observed; item conditions not met.,qwen3.8-max,6b79a7522714f1d851f60f0e4703131ceac72c9ddcd13c434d43f07a49861a6d,blinded-annotation-v2-shortrefs
C013,K013,judge_b,0,labeled,Sleep duration 462-483 min across all days; no insufficient sleep.,Requires repeated insufficient sleep.,Sleep meets adult recommendations; condition of insufficient sleep not met.,qwen3.8-max,6b79a7522714f1d851f60f0e4703131ceac72c9ddcd13c434d43f07a49861a6d,blinded-annotation-v2-shortrefs
C013,K014,judge_b,0,labeled,No reported sleepiness or driving context in the data.,Requires sleepiness and driving plans.,Sleepiness and driving context unknown; item conditions not met.,qwen3.8-max,6b79a7522714f1d851f60f0e4703131ceac72c9ddcd13c434d43f07a49861a6d,blinded-annotation-v2-shortrefs
C013,K015,judge_b,2,labeled,Sleep duration 462-483 min (7.7-8.05 hrs) across baseline and window.,Requires adult sleep duration being reviewed.,Directly informative: observed sleep falls within the 7-9 hour range discussed.,qwen3.8-max,6b79a7522714f1d851f60f0e4703131ceac72c9ddcd13c434d43f07a49861a6d,blinded-annotation-v2-shortrefs
C013,K016,judge_b,0,labeled,14-day window data only; no reported sleeping difficulties or months-long history.,Requires months-long sleeping difficulties or failed habit changes.,Two-week window cannot establish these conditions; item non-applicable.,qwen3.8-max,6b79a7522714f1d851f60f0e4703131ceac72c9ddcd13c434d43f07a49861a6d,blinded-annotation-v2-shortrefs
C013,K017,judge_b,2,labeled,Sleep start variance jumped from 17.9 to 5582.7 min²; times alternate 22:xx and 00:xx.,Requires repeated variability in bedtime or wake time.,Core directly explains the observed dramatic increase in sleep timing variability.,qwen3.8-max,6b79a7522714f1d851f60f0e4703131ceac72c9ddcd13c434d43f07a49861a6d,blinded-annotation-v2-shortrefs
C013,K018,judge_b,0,labeled,Wake times vary 06:30-09:00 in window; no insomnia symptoms reported.,Requires inconsistent wake time with reported sleeping difficulties.,No reported sleeping difficulties; variable wake times alone do not meet conditions.,qwen3.8-max,6b79a7522714f1d851f60f0e4703131ceac72c9ddcd13c434d43f07a49861a6d,blinded-annotation-v2-shortrefs
C013,K019,judge_b,1,labeled,Weekend sleep start variance 5895.2 vs weekday 5454.2 min² in window.,Requires calendar grouping context for sleep schedule differences.,"Supported contextual note about schedule variability, though workdays unconfirmed.",qwen3.8-max,6b79a7522714f1d851f60f0e4703131ceac72c9ddcd13c434d43f07a49861a6d,blinded-annotation-v2-shortrefs
C013,K020,judge_b,0,labeled,No pre-bed activity information beyond unknown-intensity movement at 21:00.,Requires information about pre-bed activities for targeted advice.,Pre-bed activities unknown; item conditions not supported.,qwen3.8-max,6b79a7522714f1d851f60f0e4703131ceac72c9ddcd13c434d43f07a49861a6d,blinded-annotation-v2-shortrefs
C013,K021,judge_b,0,labeled,No screen or light exposure information in the data.,Requires screen or light exposure information.,Exposure unknown; item conditions not supported.,qwen3.8-max,6b79a7522714f1d851f60f0e4703131ceac72c9ddcd13c434d43f07a49861a6d,blinded-annotation-v2-shortrefs
C013,K022,judge_b,0,labeled,No caffeine intake records in the wearable data.,Requires known afternoon or evening caffeine use with sleeping difficulty.,Caffeine history is absent; required context not supported.,qwen3.8-max,6b79a7522714f1d851f60f0e4703131ceac72c9ddcd13c434d43f07a49861a6d,blinded-annotation-v2-shortrefs
C013,K023,judge_b,0,labeled,No meal timing or size data in the record.,Requires meal timing and size.,Meal information unknown; item conditions not supported.,qwen3.8-max,6b79a7522714f1d851f60f0e4703131ceac72c9ddcd13c434d43f07a49861a6d,blinded-annotation-v2-shortrefs
C013,K024,judge_b,0,labeled,No alcohol intake or timing data in the record.,Requires alcohol intake and timing.,Alcohol exposure unknown; item conditions not supported.,qwen3.8-max,6b79a7522714f1d851f60f0e4703131ceac72c9ddcd13c434d43f07a49861a6d,blinded-annotation-v2-shortrefs
C013,K025,judge_b,0,labeled,No nicotine use data in the record.,Requires nicotine exposure.,Nicotine use unknown; item conditions not supported.,qwen3.8-max,6b79a7522714f1d851f60f0e4703131ceac72c9ddcd13c434d43f07a49861a6d,blinded-annotation-v2-shortrefs
C013,K026,judge_b,0,labeled,No bedroom environment data recorded.,"Requires bedroom light, noise, or temperature.",Environment unknown; item conditions not supported.,qwen3.8-max,6b79a7522714f1d851f60f0e4703131ceac72c9ddcd13c434d43f07a49861a6d,blinded-annotation-v2-shortrefs
C013,K027,judge_b,0,labeled,No pre-bed routine information or relaxation difficulty reported.,Requires reported difficulty relaxing or request for routine options.,No evidence of relaxation issues; generic advice without connection.,qwen3.8-max,6b79a7522714f1d851f60f0e4703131ceac72c9ddcd13c434d43f07a49861a6d,blinded-annotation-v2-shortrefs
C013,K028,judge_b,0,labeled,No nap data recorded in the wearable observations.,Requires nap duration or nap history.,Nap history unknown; item conditions not met.,qwen3.8-max,6b79a7522714f1d851f60f0e4703131ceac72c9ddcd13c434d43f07a49861a6d,blinded-annotation-v2-shortrefs
C013,K029,judge_b,0,labeled,No shift-work schedule confirmed in the data.,Requires confirmed shift-work schedule.,Shift work unknown; item conditions not supported.,qwen3.8-max,6b79a7522714f1d851f60f0e4703131ceac72c9ddcd13c434d43f07a49861a6d,blinded-annotation-v2-shortrefs
C013,K030,judge_b,0,labeled,No shift work established in the data.,Requires confirmed shift work.,Shift work unknown; item explicitly non-applicable.,qwen3.8-max,6b79a7522714f1d851f60f0e4703131ceac72c9ddcd13c434d43f07a49861a6d,blinded-annotation-v2-shortrefs
C013,K031,judge_b,0,labeled,No shift work or caffeine use data in the record.,Requires shift schedule and caffeine intake.,Shift work and caffeine unknown; item conditions not met.,qwen3.8-max,6b79a7522714f1d851f60f0e4703131ceac72c9ddcd13c434d43f07a49861a6d,blinded-annotation-v2-shortrefs
C013,K032,judge_b,0,labeled,All sleep occurs overnight; no shift work indicated.,Requires daytime sleep associated with shift work.,Only overnight sleep recorded; item explicitly non-applicable.,qwen3.8-max,6b79a7522714f1d851f60f0e4703131ceac72c9ddcd13c434d43f07a49861a6d,blinded-annotation-v2-shortrefs
C013,K033,judge_b,1,labeled,Sleep start variance increased from 17.9 to 5582.7 min² in window.,Requires a changed or variable sleep pattern needing review.,Supported: sleep timing became highly variable in window; diary could help track.,qwen3.8-max,6b79a7522714f1d851f60f0e4703131ceac72c9ddcd13c434d43f07a49861a6d,blinded-annotation-v2-shortrefs
C013,K034,judge_b,0,labeled,Sleep duration 462-483 min; no shortened nights observed.,Requires several shortened nights rather than a single isolated reading.,No sleep loss observed; item conditions not met.,qwen3.8-max,6b79a7522714f1d851f60f0e4703131ceac72c9ddcd13c434d43f07a49861a6d,blinded-annotation-v2-shortrefs
C013,K035,judge_b,0,labeled,Weekend sleep mean 480.75 vs weekday 477.2 min in window; +3.55 min difference.,Requires longer sleep and later timing on days off with known workdays.,Difference is minimal (~3.5 min); actual workdays unknown. Not meaningfully supported.,qwen3.8-max,6b79a7522714f1d851f60f0e4703131ceac72c9ddcd13c434d43f07a49861a6d,blinded-annotation-v2-shortrefs
C013,K036,judge_b,0,labeled,No nap information recorded in the wearable data.,Requires recorded naps.,Nap data absent; item conditions not met.,qwen3.8-max,6b79a7522714f1d851f60f0e4703131ceac72c9ddcd13c434d43f07a49861a6d,blinded-annotation-v2-shortrefs
C013,K037,judge_b,0,labeled,No reported bad night or insomnia symptoms in the data.,Requires reported bad sleep or insomnia symptoms.,No sleeping difficulty reported; item conditions not met.,qwen3.8-max,6b79a7522714f1d851f60f0e4703131ceac72c9ddcd13c434d43f07a49861a6d,blinded-annotation-v2-shortrefs
C013,K038,judge_b,0,labeled,14-day window only; no symptom history or insomnia report.,Requires symptom history and onset for duration categorization.,Cannot diagnose insomnia from estimated sleep hours alone; conditions not met.,qwen3.8-max,6b79a7522714f1d851f60f0e4703131ceac72c9ddcd13c434d43f07a49861a6d,blinded-annotation-v2-shortrefs
C013,K039,judge_b,0,labeled,Sleep timing shifted in window; no travel history recorded.,"Requires confirmed travel, destination time zone, and trip duration.",No travel data; cannot attribute timing change to jet lag.,qwen3.8-max,6b79a7522714f1d851f60f0e4703131ceac72c9ddcd13c434d43f07a49861a6d,blinded-annotation-v2-shortrefs
C013,K040,judge_b,0,labeled,No travel or trip data in the record.,Requires trip duration and time-zone change.,Travel context unknown; item conditions not supported.,qwen3.8-max,6b79a7522714f1d851f60f0e4703131ceac72c9ddcd13c434d43f07a49861a6d,blinded-annotation-v2-shortrefs
C013,K041,judge_b,0,labeled,Activity duration ~52 min/day; steps ~8052/day in window.,Requires low or declining movement giving opportunity to add activity.,Movement is stable and adequate; no decline observed.,qwen3.8-max,6b79a7522714f1d851f60f0e4703131ceac72c9ddcd13c434d43f07a49861a6d,blinded-annotation-v2-shortrefs
C013,K042,judge_b,0,labeled,Activity stable ~52-54 min/day; no recent inactivity observed.,Requires recently low or reduced physical activity.,Activity is stable and adequate; no inactivity to address.,qwen3.8-max,6b79a7522714f1d851f60f0e4703131ceac72c9ddcd13c434d43f07a49861a6d,blinded-annotation-v2-shortrefs
C013,K043,judge_b,0,labeled,Activity intensity marked unknown for all intervals.,Requires known activity intensity.,Intensity unknown; cannot determine if moderate-intensity target is met.,qwen3.8-max,6b79a7522714f1d851f60f0e4703131ceac72c9ddcd13c434d43f07a49861a6d,blinded-annotation-v2-shortrefs
C013,K044,judge_b,0,labeled,Activity intensity unknown for all recorded intervals.,Requires known vigorous intensity.,Intensity unknown; cannot apply vigorous activity target.,qwen3.8-max,6b79a7522714f1d851f60f0e4703131ceac72c9ddcd13c434d43f07a49861a6d,blinded-annotation-v2-shortrefs
C013,K045,judge_b,0,labeled,Activity duration stable ~52-54 min/day; no reduced activity observed.,Requires reduced activity or limited opportunities for long sessions.,Activity levels are stable; no reduction or time limitation evident.,qwen3.8-max,6b79a7522714f1d851f60f0e4703131ceac72c9ddcd13c434d43f07a49861a6d,blinded-annotation-v2-shortrefs
C013,K046,judge_b,0,labeled,No muscle-strengthening activity records in the data.,Requires strengthening activity records including days and muscle groups.,Only steps and generic movement available; conditions not supported.,qwen3.8-max,6b79a7522714f1d851f60f0e4703131ceac72c9ddcd13c434d43f07a49861a6d,blinded-annotation-v2-shortrefs
C013,K047,judge_b,0,labeled,Activity intensity unknown; guideline attainment unverified.,Requires known intensity and weekly duration.,Intensity unknown; cannot assess guideline attainment.,qwen3.8-max,6b79a7522714f1d851f60f0e4703131ceac72c9ddcd13c434d43f07a49861a6d,blinded-annotation-v2-shortrefs
C013,K048,judge_b,0,labeled,No fitness level or perceived effort data in the record.,Requires fitness or perceived effort context.,Fitness context unknown; item conditions not supported.,qwen3.8-max,6b79a7522714f1d851f60f0e4703131ceac72c9ddcd13c434d43f07a49861a6d,blinded-annotation-v2-shortrefs
C013,K049,judge_b,0,labeled,All activity intervals have intensity marked unknown.,Requires an aerobic activity and breathing or talk-test observation.,Effort and aerobic context unrecorded; item conditions not met.,qwen3.8-max,6b79a7522714f1d851f60f0e4703131ceac72c9ddcd13c434d43f07a49861a6d,blinded-annotation-v2-shortrefs
C013,K050,judge_b,1,labeled,Steps 7593-8408 with activity intensity unknown for all intervals.,Requires steps changing while other activity may differ.,Supported: steps may not capture non-step exercise intensity.,qwen3.8-max,6b79a7522714f1d851f60f0e4703131ceac72c9ddcd13c434d43f07a49861a6d,blinded-annotation-v2-shortrefs
C013,K051,judge_b,0,labeled,"Steps stable ~7940 baseline, ~8052 window; no declining movement.",Requires low or declining routine movement.,Movement is stable; no decline observed to trigger this advice.,qwen3.8-max,6b79a7522714f1d851f60f0e4703131ceac72c9ddcd13c434d43f07a49861a6d,blinded-annotation-v2-shortrefs
C013,K052,judge_b,0,labeled,No personal preferences or availability data recorded.,Requires personal preferences and availability for choosing options.,Preferences unknown; item conditions not supported.,qwen3.8-max,6b79a7522714f1d851f60f0e4703131ceac72c9ddcd13c434d43f07a49861a6d,blinded-annotation-v2-shortrefs
C013,K053,judge_b,0,labeled,No social preferences or motivational barriers reported.,Requires social preferences or reported motivational barrier.,No evidence of motivational or social barriers in the data.,qwen3.8-max,6b79a7522714f1d851f60f0e4703131ceac72c9ddcd13c434d43f07a49861a6d,blinded-annotation-v2-shortrefs
C013,K054,judge_b,0,labeled,Steps ~8052/day in window; no reported time barrier.,Requires low activity with a reported time barrier.,Activity is adequate and no time barrier is reported in the data.,qwen3.8-max,6b79a7522714f1d851f60f0e4703131ceac72c9ddcd13c434d43f07a49861a6d,blinded-annotation-v2-shortrefs
C013,K055,judge_b,0,labeled,No schedule constraints or competing demands reported.,Requires schedule constraints.,Schedule reason unknown; item conditions not supported.,qwen3.8-max,6b79a7522714f1d851f60f0e4703131ceac72c9ddcd13c434d43f07a49861a6d,blinded-annotation-v2-shortrefs
C013,K056,judge_b,0,labeled,No chronic condition or disability context in the data.,Requires relevant health condition and activity safety history.,Medical context unknown; item conditions not supported.,qwen3.8-max,6b79a7522714f1d851f60f0e4703131ceac72c9ddcd13c434d43f07a49861a6d,blinded-annotation-v2-shortrefs
C013,K057,judge_b,0,labeled,Low-movement intervals ~45 min each with 5-min gaps throughout daytime baseline and window.,Requires long uninterrupted daytime low-movement intervals.,Intervals are regularly broken by brief gaps; not clearly uninterrupted long periods.,qwen3.8-max,6b79a7522714f1d851f60f0e4703131ceac72c9ddcd13c434d43f07a49861a6d,blinded-annotation-v2-shortrefs
C013,K058,judge_b,0,labeled,Activity duration ~52 min/day with ~449 min low movement in window.,Requires confirmed sitting posture and known activity intensity for guideline claims.,Low movement is not confirmed sitting; intensity unknown. Conditions unsupported.,qwen3.8-max,6b79a7522714f1d851f60f0e4703131ceac72c9ddcd13c434d43f07a49861a6d,blinded-annotation-v2-shortrefs
C013,K059,judge_b,0,labeled,Low movement ~449 min/day in window; no confirmed sitting posture.,Requires confirmed sitting for a specific sedentary-time conclusion.,Device low movement is not confirmed sitting; condition not met.,qwen3.8-max,6b79a7522714f1d851f60f0e4703131ceac72c9ddcd13c434d43f07a49861a6d,blinded-annotation-v2-shortrefs
C013,K060,judge_b,0,labeled,No commuting or transport context in the data.,"Requires transport, mobility, and safety context.",Commute unknown; item conditions not supported.,qwen3.8-max,6b79a7522714f1d851f60f0e4703131ceac72c9ddcd13c434d43f07a49861a6d,blinded-annotation-v2-shortrefs
C013,K061,judge_b,0,labeled,No workplace layout or desk work context in the data.,Requires workplace layout and ability to walk.,Work context unknown; item conditions not supported.,qwen3.8-max,6b79a7522714f1d851f60f0e4703131ceac72c9ddcd13c434d43f07a49861a6d,blinded-annotation-v2-shortrefs
C013,K062,judge_b,0,labeled,No workplace or meeting information in the data.,Requires workplace and mobility context.,Workplace context unknown; item conditions not supported.,qwen3.8-max,6b79a7522714f1d851f60f0e4703131ceac72c9ddcd13c434d43f07a49861a6d,blinded-annotation-v2-shortrefs
C013,K063,judge_b,0,labeled,No television viewing context in the wearable data.,Requires television-viewing context.,Screen habits unknown; item conditions not supported.,qwen3.8-max,6b79a7522714f1d851f60f0e4703131ceac72c9ddcd13c434d43f07a49861a6d,blinded-annotation-v2-shortrefs
C013,K064,judge_b,0,labeled,No leisure context or seated habits recorded.,"Requires routine, preferences, and mobility context.",Leisure context unknown; item conditions not supported.,qwen3.8-max,6b79a7522714f1d851f60f0e4703131ceac72c9ddcd13c434d43f07a49861a6d,blinded-annotation-v2-shortrefs
C013,K065,judge_b,1,labeled,Activity duration ~52 min/day alongside ~8052 steps/day in window.,Requires observable everyday movement context.,Supported general distinction between formal activity and total movement.,qwen3.8-max,6b79a7522714f1d851f60f0e4703131ceac72c9ddcd13c434d43f07a49861a6d,blinded-annotation-v2-shortrefs
C013,K066,judge_b,0,labeled,No workday lunch-break context in the wearable data.,Requires workday lunch-break access and mobility.,Lunch-break context unknown; item conditions not supported.,qwen3.8-max,6b79a7522714f1d851f60f0e4703131ceac72c9ddcd13c434d43f07a49861a6d,blinded-annotation-v2-shortrefs
C013,K067,judge_b,0,labeled,No stair access or mobility context in the data.,Requires stair access and safe mobility context.,Context unknown; generic suggestion with no connection to observations.,qwen3.8-max,6b79a7522714f1d851f60f0e4703131ceac72c9ddcd13c434d43f07a49861a6d,blinded-annotation-v2-shortrefs
C013,K068,judge_b,1,labeled,Low movement ~449 min/day recorded without posture measurement.,Requires low-movement intervals without posture measurement.,Supported: clarifies that low movement does not equal confirmed sitting.,qwen3.8-max,6b79a7522714f1d851f60f0e4703131ceac72c9ddcd13c434d43f07a49861a6d,blinded-annotation-v2-shortrefs
C013,K069,judge_b,0,labeled,Activity ~52 min/day and sleep ~478 min in window; no causal link established.,Requires declaring a causal effect from paired observations.,Temporal co-occurrence does not imply causation; generic benefit statement.,qwen3.8-max,6b79a7522714f1d851f60f0e4703131ceac72c9ddcd13c434d43f07a49861a6d,blinded-annotation-v2-shortrefs
C013,K070,judge_b,0,labeled,No outdoor access or exposure data in the wearable record.,Requires outdoor access and mobility for a specific plan.,Outdoor exposure cannot be inferred from movement counts; conditions unsupported.,qwen3.8-max,6b79a7522714f1d851f60f0e4703131ceac72c9ddcd13c434d43f07a49861a6d,blinded-annotation-v2-shortrefs
C013,K071,judge_b,0,labeled,Activity intervals 21:00-~21:55 daily with intensity marked unknown.,Requires known intensity and actual timing relative to bedtime.,Intensity is unknown; cannot assume late activity is intense exercise.,qwen3.8-max,6b79a7522714f1d851f60f0e4703131ceac72c9ddcd13c434d43f07a49861a6d,blinded-annotation-v2-shortrefs
C013,K072,judge_b,0,labeled,Activity at 21:00 daily; no insomnia symptoms reported.,Requires exercise near bedtime with reported insomnia symptoms.,No insomnia symptoms; temporal adjacency alone does not establish condition.,qwen3.8-max,6b79a7522714f1d851f60f0e4703131ceac72c9ddcd13c434d43f07a49861a6d,blinded-annotation-v2-shortrefs
C013,K073,judge_b,1,labeled,Activity at 21:00 daily; sleep starts vary 22:07-00:44 in window.,Requires activity intervals needed for timing comparisons.,Supported: activity timing data exists for comparison with sleep timing.,qwen3.8-max,6b79a7522714f1d851f60f0e4703131ceac72c9ddcd13c434d43f07a49861a6d,blinded-annotation-v2-shortrefs
C013,K074,judge_b,0,labeled,No emergency-response deployment context in the data.,Requires confirmed emergency-response deployment context.,Deployment context unknown; item explicitly non-applicable.,qwen3.8-max,6b79a7522714f1d851f60f0e4703131ceac72c9ddcd13c434d43f07a49861a6d,blinded-annotation-v2-shortrefs
C013,K075,judge_b,0,labeled,No subjective energy pattern or tiredness history recorded.,Requires subjective energy pattern and availability.,Energy history unknown; item conditions not supported.,qwen3.8-max,6b79a7522714f1d851f60f0e4703131ceac72c9ddcd13c434d43f07a49861a6d,blinded-annotation-v2-shortrefs
C013,K076,judge_b,0,labeled,Sleep timing changed in window; no substance or medication records available.,Requires substance and medication history for causal interpretation.,No substance/medication data present; cannot apply this contextual requirement.,qwen3.8-max,6b79a7522714f1d851f60f0e4703131ceac72c9ddcd13c434d43f07a49861a6d,blinded-annotation-v2-shortrefs
C013,K077,judge_b,1,labeled,RHR 55-57 bpm recorded daily across baseline and window.,Requires resting heart rate observations available.,Supported definitional context for the RHR metric being observed.,qwen3.8-max,6b79a7522714f1d851f60f0e4703131ceac72c9ddcd13c434d43f07a49861a6d,blinded-annotation-v2-shortrefs
C013,K078,judge_b,1,labeled,Daily RHR 55-57 bpm recorded; nocturnal HR not separately shown.,Requires daily resting heart-rate trend being interpreted.,Supported: distinguishes daily RHR from sleeping HR for proper interpretation.,qwen3.8-max,6b79a7522714f1d851f60f0e4703131ceac72c9ddcd13c434d43f07a49861a6d,blinded-annotation-v2-shortrefs
C013,K079,judge_b,1,labeled,Window RHR mean 56.36 vs baseline 55.75 bpm; +0.61 difference.,Requires RHR changes relative to previous readings.,Small RHR increase observed; item correctly notes multiple possible explanations.,qwen3.8-max,6b79a7522714f1d851f60f0e4703131ceac72c9ddcd13c434d43f07a49861a6d,blinded-annotation-v2-shortrefs
C013,K080,judge_b,1,labeled,HRV RMSSD 43-47 ms and RHR 55-57 bpm recorded together nightly.,Requires HRV and heart-rate estimates interpreted together.,Supported definitional distinction relevant to interpreting both metrics.,qwen3.8-max,6b79a7522714f1d851f60f0e4703131ceac72c9ddcd13c434d43f07a49861a6d,blinded-annotation-v2-shortrefs
C013,K081,judge_b,1,labeled,HRV RMSSD 43-47 ms across both periods; personal baseline available.,Requires an HRV level or trend being reviewed.,Supported: emphasizes using personal history rather than universal norms.,qwen3.8-max,6b79a7522714f1d851f60f0e4703131ceac72c9ddcd13c434d43f07a49861a6d,blinded-annotation-v2-shortrefs
C013,K082,judge_b,1,labeled,28-day baseline and 14-day window available for all metrics.,Requires sufficient same-metric personal history.,Supported: 28-day baseline provides adequate personal range context.,qwen3.8-max,6b79a7522714f1d851f60f0e4703131ceac72c9ddcd13c434d43f07a49861a6d,blinded-annotation-v2-shortrefs
C013,K083,judge_b,1,labeled,RHR recorded daily over 42 days total across both periods.,Requires repeated resting heart-rate readings or a recent change.,Supported: multi-day RHR data enables trend review as described.,qwen3.8-max,6b79a7522714f1d851f60f0e4703131ceac72c9ddcd13c434d43f07a49861a6d,blinded-annotation-v2-shortrefs
C013,K084,judge_b,1,labeled,HRV RMSSD 43-47 ms across baseline and window; wellness tracking context.,Requires an HRV trend available for wellness monitoring.,"Supported contextual reminder that HRV is for wellness, not diagnosis.",qwen3.8-max,6b79a7522714f1d851f60f0e4703131ceac72c9ddcd13c434d43f07a49861a6d,blinded-annotation-v2-shortrefs
C013,K085,judge_b,2,labeled,Data specifies hrv_rmssd_ms metric with values 43-47 ms.,Requires HRV records identifying RMSSD as their metric.,Core directly confirms the HRV metric definition used matches the data.,qwen3.8-max,6b79a7522714f1d851f60f0e4703131ceac72c9ddcd13c434d43f07a49861a6d,blinded-annotation-v2-shortrefs
C013,K086,judge_b,1,labeled,HRV RMSSD recorded nightly; sleep durations 462-483 min exceed 3 hours.,Requires compatible collection definition and sleep coverage.,Supported: all sleep periods exceed 3-hour minimum for HRV estimation.,qwen3.8-max,6b79a7522714f1d851f60f0e4703131ceac72c9ddcd13c434d43f07a49861a6d,blinded-annotation-v2-shortrefs
C013,K087,judge_b,0,labeled,Only sleep duration and timing recorded; no sleep-stage data available.,Requires sleep-stage measurements.,Sleep-stage data absent; item explicitly non-applicable per conditions.,qwen3.8-max,6b79a7522714f1d851f60f0e4703131ceac72c9ddcd13c434d43f07a49861a6d,blinded-annotation-v2-shortrefs
C013,K088,judge_b,0,labeled,No reported health concerns or symptoms in the data.,Requires reported health concerns or symptoms.,No health concerns reported; item conditions not supported.,qwen3.8-max,6b79a7522714f1d851f60f0e4703131ceac72c9ddcd13c434d43f07a49861a6d,blinded-annotation-v2-shortrefs
C013,K089,judge_b,0,labeled,RHR stable 55-57 bpm across all days; no wear quality changes noted.,Requires unreliable heart-rate readings or wear quality changes.,No evidence of heart-rate unreliability or fit changes in the data.,qwen3.8-max,6b79a7522714f1d851f60f0e4703131ceac72c9ddcd13c434d43f07a49861a6d,blinded-annotation-v2-shortrefs
C013,K090,judge_b,0,labeled,Nighttime coverage 482-503 min; all overnight vitals present.,Requires overnight vitals with missing readings or uncertain coverage.,No missing overnight vitals; conditions not met.,qwen3.8-max,6b79a7522714f1d851f60f0e4703131ceac72c9ddcd13c434d43f07a49861a6d,blinded-annotation-v2-shortrefs
C013,K091,judge_b,0,labeled,Nighttime coverage 482-503 min; RHR and HRV present every night.,Requires a missing vital with limited night-time data.,No vitals are missing; nighttime coverage exceeds 3 hours consistently.,qwen3.8-max,6b79a7522714f1d851f60f0e4703131ceac72c9ddcd13c434d43f07a49861a6d,blinded-annotation-v2-shortrefs
C013,K092,judge_b,0,labeled,All vitals present every day; no missing data observed.,Requires vitals missing or delayed.,No missing vitals; item conditions not met.,qwen3.8-max,6b79a7522714f1d851f60f0e4703131ceac72c9ddcd13c434d43f07a49861a6d,blinded-annotation-v2-shortrefs
C013,K093,judge_b,0,labeled,Single synthetic device used throughout; no device switch indicated.,Requires heart-rate series involving a device or algorithm change.,No device change; item explicitly non-applicable per conditions.,qwen3.8-max,6b79a7522714f1d851f60f0e4703131ceac72c9ddcd13c434d43f07a49861a6d,blinded-annotation-v2-shortrefs
C013,K094,judge_b,1,labeled,Sleep duration and start/end timestamps recorded nightly across both periods.,Requires device-estimated sleep duration and sleep boundaries available.,Supported contextual note about how the recorded sleep metric relates to boundaries.,qwen3.8-max,6b79a7522714f1d851f60f0e4703131ceac72c9ddcd13c434d43f07a49861a6d,blinded-annotation-v2-shortrefs
C013,K095,judge_b,0,labeled,Nighttime coverage 482-503 min every night; no missing sleep data.,Requires sleep readings absent with non-wear or incomplete coverage.,All nights have adequate coverage; no missing sleep observations.,qwen3.8-max,6b79a7522714f1d851f60f0e4703131ceac72c9ddcd13c434d43f07a49861a6d,blinded-annotation-v2-shortrefs
C013,K096,judge_b,1,labeled,Steps 7593-8408 across all days using synthetic common wearable.,Requires step readings with possible measurement limitations.,Supported methodological note about how steps are counted by the device.,qwen3.8-max,6b79a7522714f1d851f60f0e4703131ceac72c9ddcd13c434d43f07a49861a6d,blinded-annotation-v2-shortrefs
C014,K001,judge_b,2,labeled,Age band 18-60; sleep ~470 min (7.8h) daily across all 42 days.,Applies to adults 18-60; recommends at least 7 hours sleep.,Core direct explanation: observed sleep meets the age-specific CDC recommendation consistently.,qwen3.8-max,81e90036c620ffb776a99a0f4280cba8e416479d51f53ce070ebb141e3cc23db,blinded-annotation-v2-shortrefs
C014,K002,judge_b,0,labeled,Age band is 18-60; item targets adults aged 61-64.,Requires age 61 to 64 to be established; non-applicable for other age groups.,Age band contradicts required population; item not applicable.,qwen3.8-max,81e90036c620ffb776a99a0f4280cba8e416479d51f53ce070ebb141e3cc23db,blinded-annotation-v2-shortrefs
C014,K003,judge_b,0,labeled,Age band is 18-60; item targets adults 65 and older.,Requires age at least 65; non-applicable for age below 65.,Age band contradicts required population; item not applicable.,qwen3.8-max,81e90036c620ffb776a99a0f4280cba8e416479d51f53ce070ebb141e3cc23db,blinded-annotation-v2-shortrefs
C014,K004,judge_b,0,labeled,Age band is 18-60; item targets teenagers 13-17.,Requires teenage age group to be established; non-applicable for adults.,Age band contradicts required population; item not applicable.,qwen3.8-max,81e90036c620ffb776a99a0f4280cba8e416479d51f53ce070ebb141e3cc23db,blinded-annotation-v2-shortrefs
C014,K005,judge_b,0,labeled,Sleep ~470 min consistently; no schedule constraint or busyness data.,Requires repeatedly shortened sleep and schedule constraint attribution.,No evidence of insufficient sleep or busy schedule causing shortage.,qwen3.8-max,81e90036c620ffb776a99a0f4280cba8e416479d51f53ce070ebb141e3cc23db,blinded-annotation-v2-shortrefs
C014,K006,judge_b,0,labeled,Sleep ~470 min (7.8h) consistently; not short sleep.,Requires sleep to be consistently short even without new decline.,Sleep duration is sufficient for 18-60 age group; conditions not met.,qwen3.8-max,81e90036c620ffb776a99a0f4280cba8e416479d51f53ce070ebb141e3cc23db,blinded-annotation-v2-shortrefs
C014,K007,judge_b,1,labeled,Sleep duration stable ~470 min baseline and window; no quality metrics recorded.,Applies when sleep duration is recorded but quality may be unknown.,Directly relevant contextual note that recorded hours alone do not establish sleep quality.,qwen3.8-max,81e90036c620ffb776a99a0f4280cba8e416479d51f53ce070ebb141e3cc23db,blinded-annotation-v2-shortrefs
C014,K008,judge_b,0,labeled,Only sleep duration and start/end times recorded; no awakening data.,Requires awakening history or measured sleep continuity beyond duration.,Only duration and timing available; cannot assess night awakenings.,qwen3.8-max,81e90036c620ffb776a99a0f4280cba8e416479d51f53ce070ebb141e3cc23db,blinded-annotation-v2-shortrefs
C014,K009,judge_b,0,labeled,Sleep ~7.8h/night; no subjective refreshment data recorded.,Requires more than 8h sleep with reported lack of refreshment.,Sleep under 8h and no refreshment info; conditions not met.,qwen3.8-max,81e90036c620ffb776a99a0f4280cba8e416479d51f53ce070ebb141e3cc23db,blinded-annotation-v2-shortrefs
C014,K010,judge_b,0,labeled,Sleep ~470 min consistently; no cognitive impairment symptoms reported.,Requires repeatedly shortened sleep and symptoms to claim cognitive impairment.,Sleep not restricted; no symptoms reported; generic background.,qwen3.8-max,81e90036c620ffb776a99a0f4280cba8e416479d51f53ce070ebb141e3cc23db,blinded-annotation-v2-shortrefs
C014,K011,judge_b,0,labeled,Sleep ~470 min consistently; no repeated sleep loss observed.,Requires several nights of reduced sleep duration.,No repeated sleep restriction in the data; conditions not met.,qwen3.8-max,81e90036c620ffb776a99a0f4280cba8e416479d51f53ce070ebb141e3cc23db,blinded-annotation-v2-shortrefs
C014,K012,judge_b,0,labeled,Sleep duration stable ~470 min; no ongoing insufficient sleep observed.,Requires ongoing insufficient sleep.,No sleep deficiency observed; generic background with no concrete connection.,qwen3.8-max,81e90036c620ffb776a99a0f4280cba8e416479d51f53ce070ebb141e3cc23db,blinded-annotation-v2-shortrefs
C014,K013,judge_b,0,labeled,Sleep ~470 min consistently; no appetite or food intake data.,Requires repeated insufficient sleep and food intake info for individual claims.,Sleep not insufficient; no appetite data; generic background.,qwen3.8-max,81e90036c620ffb776a99a0f4280cba8e416479d51f53ce070ebb141e3cc23db,blinded-annotation-v2-shortrefs
C014,K014,judge_b,0,labeled,No sleepiness reports or driving context in the data.,Requires reported sleepiness and driving plans.,Sleepiness and driving context unknown; purely generic safety advice.,qwen3.8-max,81e90036c620ffb776a99a0f4280cba8e416479d51f53ce070ebb141e3cc23db,blinded-annotation-v2-shortrefs
C014,K015,judge_b,1,labeled,Sleep ~470 min (7.8h) consistently within 7-9h average range.,Applies when adult sleep duration is being reviewed alongside individual experience.,Contextualizes observed sleep duration within normal variation; duration alone is not diagnostic.,qwen3.8-max,81e90036c620ffb776a99a0f4280cba8e416479d51f53ce070ebb141e3cc23db,blinded-annotation-v2-shortrefs
C014,K016,judge_b,0,labeled,14-day window shows stable sleep ~470 min; no insomnia symptoms reported.,Requires months-long sleeping difficulties or reported insomnia symptoms.,Only brief record without reported problems; conditions not met.,qwen3.8-max,81e90036c620ffb776a99a0f4280cba8e416479d51f53ce070ebb141e3cc23db,blinded-annotation-v2-shortrefs
C014,K017,judge_b,1,labeled,"Sleep start ~22:42-22:58, end exactly 07:00 daily; highly consistent schedule.",Applies to repeated variability; notes stable schedule alone does not establish problem.,Confirms the observed stable schedule is consistent with recommendations; contextual support.,qwen3.8-max,81e90036c620ffb776a99a0f4280cba8e416479d51f53ce070ebb141e3cc23db,blinded-annotation-v2-shortrefs
C014,K018,judge_b,0,labeled,Wake time perfectly stable at 07:00 every day; no sleeping difficulties reported.,Requires inconsistent wake time with reported sleeping difficulties.,Wake time is consistent and no insomnia symptoms reported; conditions not met.,qwen3.8-max,81e90036c620ffb776a99a0f4280cba8e416479d51f53ce070ebb141e3cc23db,blinded-annotation-v2-shortrefs
C014,K019,judge_b,1,labeled,Weekday/weekend sleep start means differ by <2 min; wake times identical.,Applies when weekday/weekend sleep times are similar; non-applicable if they differ substantially.,"Data show weekday/weekend schedules are similar, satisfying the recommendation's condition.",qwen3.8-max,81e90036c620ffb776a99a0f4280cba8e416479d51f53ce070ebb141e3cc23db,blinded-annotation-v2-shortrefs
C014,K020,judge_b,0,labeled,Sleep start ~22:50; no pre-bed activity information recorded.,Requires information about pre-bed activities for targeted advice.,Bedtime known but pre-bed activities unknown; cannot apply quiet-time advice specifically.,qwen3.8-max,81e90036c620ffb776a99a0f4280cba8e416479d51f53ce070ebb141e3cc23db,blinded-annotation-v2-shortrefs
C014,K021,judge_b,0,labeled,No screen or light exposure data recorded before bedtime.,Requires known bright-screen exposure shortly before bed.,Exposure unknown; cannot attribute any pattern to screens.,qwen3.8-max,81e90036c620ffb776a99a0f4280cba8e416479d51f53ce070ebb141e3cc23db,blinded-annotation-v2-shortrefs
C014,K022,judge_b,0,labeled,No caffeine timing or intake data recorded.,Requires known afternoon/evening caffeine use with sleeping difficulty.,Caffeine history unknown; conditions not met.,qwen3.8-max,81e90036c620ffb776a99a0f4280cba8e416479d51f53ce070ebb141e3cc23db,blinded-annotation-v2-shortrefs
C014,K023,judge_b,0,labeled,No meal timing or size data recorded.,Requires known large meal shortly before bed.,Meal information unknown; conditions not met.,qwen3.8-max,81e90036c620ffb776a99a0f4280cba8e416479d51f53ce070ebb141e3cc23db,blinded-annotation-v2-shortrefs
C014,K024,judge_b,0,labeled,No alcohol intake or timing data recorded.,Requires alcohol use near bedtime to be reported.,Alcohol exposure unknown; cannot link to any sleep observation.,qwen3.8-max,81e90036c620ffb776a99a0f4280cba8e416479d51f53ce070ebb141e3cc23db,blinded-annotation-v2-shortrefs
C014,K025,judge_b,0,labeled,No nicotine use or smoking data recorded.,Requires nicotine exposure to be established.,Nicotine use unknown; cannot link to sleep pattern.,qwen3.8-max,81e90036c620ffb776a99a0f4280cba8e416479d51f53ce070ebb141e3cc23db,blinded-annotation-v2-shortrefs
C014,K026,judge_b,0,labeled,"No bedroom environment data (light, noise, temperature) recorded.",Requires known disruptive bedroom environment.,Environment unknown; wearable data cannot establish bedroom conditions.,qwen3.8-max,81e90036c620ffb776a99a0f4280cba8e416479d51f53ce070ebb141e3cc23db,blinded-annotation-v2-shortrefs
C014,K027,judge_b,0,labeled,No pre-bed routine difficulty or relaxation request reported.,Requires reported difficulty relaxing or request for routine options.,Generic optional practice; no connection to observed data patterns.,qwen3.8-max,81e90036c620ffb776a99a0f4280cba8e416479d51f53ce070ebb141e3cc23db,blinded-annotation-v2-shortrefs
C014,K028,judge_b,0,labeled,No nap data recorded in the wearable observations.,Requires adult naps to be recorded or reported.,Nap history unknown; item conditions not met.,qwen3.8-max,81e90036c620ffb776a99a0f4280cba8e416479d51f53ce070ebb141e3cc23db,blinded-annotation-v2-shortrefs
C014,K029,judge_b,0,labeled,Sleep start/end times stable across all 42 days; no shift work indicated.,Requires confirmed shift-work schedule and changing shifts.,"Shift work unknown and sleep timing is stable, not variable.",qwen3.8-max,81e90036c620ffb776a99a0f4280cba8e416479d51f53ce070ebb141e3cc23db,blinded-annotation-v2-shortrefs
C014,K030,judge_b,0,labeled,No shift work established; all sleep overnight.,Requires shift work to be established with work schedule context.,No confirmed shift work; item specific to shift workers.,qwen3.8-max,81e90036c620ffb776a99a0f4280cba8e416479d51f53ce070ebb141e3cc23db,blinded-annotation-v2-shortrefs
C014,K031,judge_b,0,labeled,No shift work or caffeine intake data recorded.,Requires shift schedule and caffeine intake context.,Shift work and caffeine use unknown; conditions not met.,qwen3.8-max,81e90036c620ffb776a99a0f4280cba8e416479d51f53ce070ebb141e3cc23db,blinded-annotation-v2-shortrefs
C014,K032,judge_b,0,labeled,All sleep occurs overnight (~22:50-07:00); no shift work indicated.,Requires daytime sleep associated with shift work.,Only ordinary overnight sleep recorded; shift work unknown.,qwen3.8-max,81e90036c620ffb776a99a0f4280cba8e416479d51f53ce070ebb141e3cc23db,blinded-annotation-v2-shortrefs
C014,K033,judge_b,0,labeled,Sleep pattern is highly stable; no awakenings or naps recorded.,Requires a changed or variable sleep pattern needing review.,"Sleep pattern is stable, not changed or variable; conditions not met.",qwen3.8-max,81e90036c620ffb776a99a0f4280cba8e416479d51f53ce070ebb141e3cc23db,blinded-annotation-v2-shortrefs
C014,K034,judge_b,0,labeled,Sleep duration stable ~470 min (7.8h) across all days; no shortened nights.,Requires several shortened nights rather than a single isolated reading.,No repeated lost sleep observed; sleep duration is consistently adequate.,qwen3.8-max,81e90036c620ffb776a99a0f4280cba8e416479d51f53ce070ebb141e3cc23db,blinded-annotation-v2-shortrefs
C014,K035,judge_b,0,labeled,Weekend/weekday sleep duration means identical (470.5 min baseline).,Requires longer sleep and later timing on days off vs workdays.,No difference between weekend and weekday sleep; conditions not met.,qwen3.8-max,81e90036c620ffb776a99a0f4280cba8e416479d51f53ce070ebb141e3cc23db,blinded-annotation-v2-shortrefs
C014,K036,judge_b,0,labeled,No nap data recorded in the wearable observations.,Requires recorded naps after shortened night-time sleep.,Nap history unknown; item conditions not met.,qwen3.8-max,81e90036c620ffb776a99a0f4280cba8e416479d51f53ce070ebb141e3cc23db,blinded-annotation-v2-shortrefs
C014,K037,judge_b,0,labeled,Wake time exactly 07:00 daily; no bad nights or insomnia reported.,Requires recent bad night and reported sleeping difficulties or insomnia symptoms.,No reported sleeping difficulty; wake time already perfectly regular.,qwen3.8-max,81e90036c620ffb776a99a0f4280cba8e416479d51f53ce070ebb141e3cc23db,blinded-annotation-v2-shortrefs
C014,K038,judge_b,0,labeled,14-day window with stable sleep; no symptom history or sleeping difficulties reported.,Requires reported sleeping difficulties with known duration and symptom history.,No insomnia symptoms; cannot diagnose from estimated sleep hours alone.,qwen3.8-max,81e90036c620ffb776a99a0f4280cba8e416479d51f53ce070ebb141e3cc23db,blinded-annotation-v2-shortrefs
C014,K039,judge_b,0,labeled,No travel history or flight data recorded; sleep timing stable.,"Requires confirmed travel, destination time zone, and trip duration.",Travel context unknown; sleep timing did not change.,qwen3.8-max,81e90036c620ffb776a99a0f4280cba8e416479d51f53ce070ebb141e3cc23db,blinded-annotation-v2-shortrefs
C014,K040,judge_b,0,labeled,No travel or trip data recorded.,Requires a short trip across time zones to be planned.,Travel context unknown; conditions not met.,qwen3.8-max,81e90036c620ffb776a99a0f4280cba8e416479d51f53ce070ebb141e3cc23db,blinded-annotation-v2-shortrefs
C014,K041,judge_b,1,labeled,Window activity dropped to 0-10 min/day from baseline ~55 min/day.,Applies when low or declining movement gives opportunity to add activity.,Directly relevant to the observed severe activity decline; some activity better than none.,qwen3.8-max,81e90036c620ffb776a99a0f4280cba8e416479d51f53ce070ebb141e3cc23db,blinded-annotation-v2-shortrefs
C014,K042,judge_b,1,labeled,Window activity 0-10 min/day vs baseline ~55 min/day; recently reduced activity.,Applies to recently low or reduced physical activity.,Directly relevant to the observed sharp activity decline; supports gradual rebuilding context.,qwen3.8-max,81e90036c620ffb776a99a0f4280cba8e416479d51f53ce070ebb141e3cc23db,blinded-annotation-v2-shortrefs
C014,K043,judge_b,0,labeled,All activity intervals have intensity 'unknown'; only steps and active minutes recorded.,Requires known activity intensity; non-applicable if only unspecified active minutes available.,Intensity unknown throughout; cannot determine moderate-intensity aerobic minutes.,qwen3.8-max,81e90036c620ffb776a99a0f4280cba8e416479d51f53ce070ebb141e3cc23db,blinded-annotation-v2-shortrefs
C014,K044,judge_b,0,labeled,Activity intensity is 'unknown' for all intervals.,Requires known vigorous intensity activity documentation.,Intensity unknown; cannot assume vigorous activity from movement time.,qwen3.8-max,81e90036c620ffb776a99a0f4280cba8e416479d51f53ce070ebb141e3cc23db,blinded-annotation-v2-shortrefs
C014,K045,judge_b,0,labeled,Activity intensity unknown; window activity 0-10 min/day.,Requires intensity to count guideline minutes; warns against assuming moderate intensity.,Cannot apply splitting advice when intensity is unknown and activity is minimal.,qwen3.8-max,81e90036c620ffb776a99a0f4280cba8e416479d51f53ce070ebb141e3cc23db,blinded-annotation-v2-shortrefs
C014,K046,judge_b,0,labeled,Only steps and active minutes recorded; no strengthening activity data.,Requires strengthening activity records including days and muscle groups.,Only step/movement counts available; cannot assess muscle-strengthening.,qwen3.8-max,81e90036c620ffb776a99a0f4280cba8e416479d51f53ce070ebb141e3cc23db,blinded-annotation-v2-shortrefs
C014,K047,judge_b,0,labeled,Activity intensity unknown; window activity dropped to ~5 min/day.,Requires documented aerobic activity reaching guideline with known intensity.,Intensity unknown and activity far below guidelines; conditions not met.,qwen3.8-max,81e90036c620ffb776a99a0f4280cba8e416479d51f53ce070ebb141e3cc23db,blinded-annotation-v2-shortrefs
C014,K048,judge_b,0,labeled,All activity intensity labeled 'unknown'; no fitness level data.,Requires fitness or perceived effort to interpret activity intensity.,Cannot assign intensity from daily movement totals; intensity unknown throughout.,qwen3.8-max,81e90036c620ffb776a99a0f4280cba8e416479d51f53ce070ebb141e3cc23db,blinded-annotation-v2-shortrefs
C014,K049,judge_b,0,labeled,Activity intensity is 'unknown' for all intervals; no breathing/talk-test data.,Requires an aerobic activity and breathing or talk-test observation.,Effort context unrecorded; cannot apply talk test to unknown intensity data.,qwen3.8-max,81e90036c620ffb776a99a0f4280cba8e416479d51f53ce070ebb141e3cc23db,blinded-annotation-v2-shortrefs
C014,K050,judge_b,1,labeled,Steps dropped ~71% while activity minutes dropped ~91%; both declined.,Applies when steps change while other activity may differ; warns against concluding from steps alone.,"Relevant caution that step count may miss non-step exercise, though both metrics declined here.",qwen3.8-max,81e90036c620ffb776a99a0f4280cba8e416479d51f53ce070ebb141e3cc23db,blinded-annotation-v2-shortrefs
C014,K051,judge_b,1,labeled,Steps dropped from ~8000 to ~2300; routine movement severely declined.,Applies when low or declining routine movement is observed.,Directly relevant to observed severe step decline; walking as routine option is applicable context.,qwen3.8-max,81e90036c620ffb776a99a0f4280cba8e416479d51f53ce070ebb141e3cc23db,blinded-annotation-v2-shortrefs
C014,K052,judge_b,0,labeled,Activity dropped sharply; no personal preferences or availability data recorded.,Requires personal preferences and availability for choosing individualized options.,Preferences unknown; generic planning advice without data connection.,qwen3.8-max,81e90036c620ffb776a99a0f4280cba8e416479d51f53ce070ebb141e3cc23db,blinded-annotation-v2-shortrefs
C014,K053,judge_b,0,labeled,Activity dropped sharply; no social preferences or motivational barriers reported.,Requires social preferences or reported motivational barrier.,No evidence of motivational or social barrier; generic suggestion.,qwen3.8-max,81e90036c620ffb776a99a0f4280cba8e416479d51f53ce070ebb141e3cc23db,blinded-annotation-v2-shortrefs
C014,K054,judge_b,0,labeled,Steps dropped from ~8000 to ~2300; no time barrier reported.,Requires low activity with a reported time barrier and actual schedule.,No reported time barrier; assuming one from low steps is explicitly non-applicable.,qwen3.8-max,81e90036c620ffb776a99a0f4280cba8e416479d51f53ce070ebb141e3cc23db,blinded-annotation-v2-shortrefs
C014,K055,judge_b,0,labeled,Activity dropped to ~5 min/day; no schedule constraints reported.,Requires reported competing demands reducing activity and schedule constraints.,Schedule reason unknown; cannot attribute activity drop to calendar issues.,qwen3.8-max,81e90036c620ffb776a99a0f4280cba8e416479d51f53ce070ebb141e3cc23db,blinded-annotation-v2-shortrefs
C014,K056,judge_b,0,labeled,"No chronic condition, disability, or special need established in data.","Requires a chronic condition, disability, or special need to be established.",Medical context unknown; generic advice not connected to observations.,qwen3.8-max,81e90036c620ffb776a99a0f4280cba8e416479d51f53ce070ebb141e3cc23db,blinded-annotation-v2-shortrefs
C014,K057,judge_b,1,labeled,Ten ~45-min low-movement intervals daily from 10:00-18:25 with 720 min daytime wear.,Applies to long uninterrupted daytime low-movement intervals with adequate wear coverage.,Relevant to observed pattern of prolonged daytime low-movement blocks during full wear coverage.,qwen3.8-max,81e90036c620ffb776a99a0f4280cba8e416479d51f53ce070ebb141e3cc23db,blinded-annotation-v2-shortrefs
C014,K058,judge_b,1,labeled,Baseline had ~55 min activity + ~450 min low movement; window ~5 min + ~448 min.,Applies when recorded activity coexists with substantial low-movement periods.,Relevant: even baseline activity coexisted with extensive low-movement periods.,qwen3.8-max,81e90036c620ffb776a99a0f4280cba8e416479d51f53ce070ebb141e3cc23db,blinded-annotation-v2-shortrefs
C014,K059,judge_b,1,labeled,Low movement ~450 min/day; activity dropped to ~5 min/day in window.,Applies when substantial or increasing daily low movement is observed.,Relevant to observed high daily low-movement minutes alongside very low activity in window.,qwen3.8-max,81e90036c620ffb776a99a0f4280cba8e416479d51f53ce070ebb141e3cc23db,blinded-annotation-v2-shortrefs
C014,K060,judge_b,0,labeled,No commuting or transport data recorded.,Requires sedentary commuting to be established with transport context.,Commute unknown; generic suggestion with no data connection.,qwen3.8-max,81e90036c620ffb776a99a0f4280cba8e416479d51f53ce070ebb141e3cc23db,blinded-annotation-v2-shortrefs
C014,K061,judge_b,0,labeled,No workplace layout or desk work context recorded.,Requires desk work with prolonged sitting and workplace ability to walk.,Work context unknown; generic workplace suggestion.,qwen3.8-max,81e90036c620ffb776a99a0f4280cba8e416479d51f53ce070ebb141e3cc23db,blinded-annotation-v2-shortrefs
C014,K062,judge_b,0,labeled,No workplace or meeting information available in wearable data.,Requires workplace and mobility context for standing/walking meetings.,No workplace context; generic suggestion with no connection to observations.,qwen3.8-max,81e90036c620ffb776a99a0f4280cba8e416479d51f53ce070ebb141e3cc23db,blinded-annotation-v2-shortrefs
C014,K063,judge_b,0,labeled,No television viewing or screen habit data recorded.,Requires prolonged sitting while watching television.,Screen habits unknown; conditions not met.,qwen3.8-max,81e90036c620ffb776a99a0f4280cba8e416479d51f53ce070ebb141e3cc23db,blinded-annotation-v2-shortrefs
C014,K064,judge_b,0,labeled,No leisure context or seated leisure habits recorded.,Requires substantial habitual seated leisure with routine and preferences.,Leisure context unknown; generic suggestion without data connection.,qwen3.8-max,81e90036c620ffb776a99a0f4280cba8e416479d51f53ce070ebb141e3cc23db,blinded-annotation-v2-shortrefs
C014,K065,judge_b,1,labeled,Steps dropped ~71% while low-movement minutes remained stable (~450 min).,Applies when low everyday movement despite possible formal exercise.,Distinguishes everyday movement (steps) from planned exercise; relevant to step drop pattern.,qwen3.8-max,81e90036c620ffb776a99a0f4280cba8e416479d51f53ce070ebb141e3cc23db,blinded-annotation-v2-shortrefs
C014,K066,judge_b,0,labeled,Low movement ~450 min/day; no workday lunch-break context recorded.,Requires daytime low movement with known workday lunch-break context.,Workday and lunch-break context unknown; cannot apply.,qwen3.8-max,81e90036c620ffb776a99a0f4280cba8e416479d51f53ce070ebb141e3cc23db,blinded-annotation-v2-shortrefs
C014,K067,judge_b,0,labeled,Steps dropped to ~2300; no stair access or mobility context recorded.,Requires low incidental movement with accessible stairs and safe mobility.,Mobility limitations and context unknown; generic suggestion.,qwen3.8-max,81e90036c620ffb776a99a0f4280cba8e416479d51f53ce070ebb141e3cc23db,blinded-annotation-v2-shortrefs
C014,K068,judge_b,1,labeled,Low movement ~450 min/day consistently; no posture measurement available.,Applies when low-movement intervals available without posture measurement.,Directly relevant: confirms low-movement estimate should not be relabelled as confirmed sitting.,qwen3.8-max,81e90036c620ffb776a99a0f4280cba8e416479d51f53ce070ebb141e3cc23db,blinded-annotation-v2-shortrefs
C014,K069,judge_b,0,labeled,Activity dropped sharply; sleep remained stable ~470 min.,Applies when activity and sleep patterns available for joint review; warns against causal claims.,Sleep stable despite activity drop; item warns against causal claims but doesn't explain pattern.,qwen3.8-max,81e90036c620ffb776a99a0f4280cba8e416479d51f53ce070ebb141e3cc23db,blinded-annotation-v2-shortrefs
C014,K070,judge_b,0,labeled,Daytime activity dropped to ~5 min; no outdoor access data recorded.,Requires low daytime activity with outdoor access and mobility context.,Outdoor exposure cannot be inferred from movement counts; generic advice.,qwen3.8-max,81e90036c620ffb776a99a0f4280cba8e416479d51f53ce070ebb141e3cc23db,blinded-annotation-v2-shortrefs
C014,K071,judge_b,0,labeled,Activity at 21:00 daily; sleep starts ~22:50; intensity is 'unknown'.,Requires known intensity and actual timing relative to bedtime for intense-exercise advice.,Intensity unknown; cannot assume late movement is intense exercise before bed.,qwen3.8-max,81e90036c620ffb776a99a0f4280cba8e416479d51f53ce070ebb141e3cc23db,blinded-annotation-v2-shortrefs
C014,K072,judge_b,0,labeled,"Activity at 21:00, sleep ~22:50; no insomnia symptoms reported.",Requires exercise near bedtime with reported insomnia symptoms.,No insomnia symptoms reported; temporal adjacency alone does not establish insomnia.,qwen3.8-max,81e90036c620ffb776a99a0f4280cba8e416479d51f53ce070ebb141e3cc23db,blinded-annotation-v2-shortrefs
C014,K073,judge_b,1,labeled,Activity intervals at 21:00 daily; sleep starts ~22:42-22:58.,Applies when activity timing and subsequent sleep are being compared.,Relevant for preserving temporal context when comparing late activity to sleep onset.,qwen3.8-max,81e90036c620ffb776a99a0f4280cba8e416479d51f53ce070ebb141e3cc23db,blinded-annotation-v2-shortrefs
C014,K074,judge_b,0,labeled,No emergency-response deployment context indicated.,Requires confirmed emergency-response deployment context.,Deployment context unknown; item specific to deployed emergency responders.,qwen3.8-max,81e90036c620ffb776a99a0f4280cba8e416479d51f53ce070ebb141e3cc23db,blinded-annotation-v2-shortrefs
C014,K075,judge_b,0,labeled,Window activity dropped to ~5 min/day; no subjective tiredness recorded.,Requires reported tiredness limiting activity and subjective energy pattern.,Tiredness and energy context unknown; generic advice not grounded in observed data.,qwen3.8-max,81e90036c620ffb776a99a0f4280cba8e416479d51f53ce070ebb141e3cc23db,blinded-annotation-v2-shortrefs
C014,K076,judge_b,0,labeled,"No substance, medication, alcohol, or caffeine data recorded.",Requires substance and medication history for causal interpretation of sleep-activity relationship.,Substance history unknown; cannot contextualize temporal relationships.,qwen3.8-max,81e90036c620ffb776a99a0f4280cba8e416479d51f53ce070ebb141e3cc23db,blinded-annotation-v2-shortrefs
C014,K077,judge_b,1,labeled,"RHR recorded daily, stable 55-57 bpm across baseline and window.",Applies when resting heart rate observations are available.,Provides definitional context for the observed RHR metric; supported but not core to patterns.,qwen3.8-max,81e90036c620ffb776a99a0f4280cba8e416479d51f53ce070ebb141e3cc23db,blinded-annotation-v2-shortrefs
C014,K078,judge_b,1,labeled,Daily RHR recorded as 55-57 bpm; metadata defines nocturnal RHR separately.,Applies when a daily resting heart-rate trend is being interpreted.,Relevant distinction for interpreting the reported daily RHR metric correctly.,qwen3.8-max,81e90036c620ffb776a99a0f4280cba8e416479d51f53ce070ebb141e3cc23db,blinded-annotation-v2-shortrefs
C014,K079,judge_b,1,labeled,RHR stable 55-57 bpm across baseline and window; slight mean increase +0.21 bpm.,Applies when RHR changes relative to previous readings; warns against inferring cause from rise alone.,Contextualizes RHR stability; reminds that minor fluctuations have multiple possible explanations.,qwen3.8-max,81e90036c620ffb776a99a0f4280cba8e416479d51f53ce070ebb141e3cc23db,blinded-annotation-v2-shortrefs
C014,K080,judge_b,1,labeled,Both RHR (55-57 bpm) and HRV RMSSD (43-47 ms) recorded daily.,Applies when HRV and heart-rate estimates are interpreted together.,Clarifies distinction between the two simultaneously observed metrics.,qwen3.8-max,81e90036c620ffb776a99a0f4280cba8e416479d51f53ce070ebb141e3cc23db,blinded-annotation-v2-shortrefs
C014,K081,judge_b,1,labeled,HRV RMSSD 43-47 ms stable across 42 days; personal baseline established.,Applies when HRV level or trend is reviewed with personal history context.,Relevant for interpreting stable HRV as personal baseline rather than universal standard.,qwen3.8-max,81e90036c620ffb776a99a0f4280cba8e416479d51f53ce070ebb141e3cc23db,blinded-annotation-v2-shortrefs
C014,K082,judge_b,1,labeled,28-day baseline provides personal range context for 14-day window comparison.,Applies when a vital has changed from a recent personal baseline with sufficient history.,Relevant for interpreting window metrics against the established 28-day personal baseline.,qwen3.8-max,81e90036c620ffb776a99a0f4280cba8e416479d51f53ce070ebb141e3cc23db,blinded-annotation-v2-shortrefs
C014,K083,judge_b,1,labeled,RHR recorded daily over 28-day baseline and 14-day window; stable 55-57 bpm.,Applies when repeated RHR readings or a recent change are available.,Supports reviewing the stable RHR trend over the multi-week observation period.,qwen3.8-max,81e90036c620ffb776a99a0f4280cba8e416479d51f53ce070ebb141e3cc23db,blinded-annotation-v2-shortrefs
C014,K084,judge_b,1,labeled,HRV RMSSD stable 43-47 ms across baseline and window.,Applies when HRV trend is available for wellness monitoring; warns against diagnosis.,Important boundary context for interpreting the observed stable HRV RMSSD values.,qwen3.8-max,81e90036c620ffb776a99a0f4280cba8e416479d51f53ce070ebb141e3cc23db,blinded-annotation-v2-shortrefs
C014,K085,judge_b,2,labeled,HRV recorded as hrv_rmssd_ms (43-47 ms); metadata confirms 'night RMSSD'.,Applies when HRV records identify RMSSD as their metric definition.,"Core direct match: observed metric is explicitly RMSSD, confirming the measurement definition used.",qwen3.8-max,81e90036c620ffb776a99a0f4280cba8e416479d51f53ce070ebb141e3cc23db,blinded-annotation-v2-shortrefs
C014,K086,judge_b,1,labeled,HRV RMSSD recorded nightly; metadata notes 'night RMSSD'.,Applies when overnight HRV estimates are being compared; requires compatible device definition.,Contextualizes how the observed HRV RMSSD metric is collected overnight.,qwen3.8-max,81e90036c620ffb776a99a0f4280cba8e416479d51f53ce070ebb141e3cc23db,blinded-annotation-v2-shortrefs
C014,K087,judge_b,0,labeled,Only sleep duration and timing recorded; no sleep-stage data available.,Requires sleep-stage measurements varying between nights.,Only duration and timing available; no sleep-stage data to apply this guidance.,qwen3.8-max,81e90036c620ffb776a99a0f4280cba8e416479d51f53ce070ebb141e3cc23db,blinded-annotation-v2-shortrefs
C014,K088,judge_b,0,labeled,No health concerns or symptoms reported in the data.,Requires reported health concerns or symptoms about vital trends.,Generic background advice; no reported concerns to connect to.,qwen3.8-max,81e90036c620ffb776a99a0f4280cba8e416479d51f53ce070ebb141e3cc23db,blinded-annotation-v2-shortrefs
C014,K089,judge_b,0,labeled,RHR stable 55-57 bpm; no wear quality changes or fit issues indicated.,Requires heart-rate readings may be unreliable or wear quality changes.,No evidence of fit problems; RHR readings appear stable and reliable.,qwen3.8-max,81e90036c620ffb776a99a0f4280cba8e416479d51f53ce070ebb141e3cc23db,blinded-annotation-v2-shortrefs
C014,K090,judge_b,1,labeled,Nighttime coverage 482-498 min (>180 min threshold) every night.,Applies when overnight vitals have uncertain coverage; requires separate night-time wear info.,Confirms adequate night-time coverage supports validity of observed overnight RHR/HRV metrics.,qwen3.8-max,81e90036c620ffb776a99a0f4280cba8e416479d51f53ce070ebb141e3cc23db,blinded-annotation-v2-shortrefs
C014,K091,judge_b,0,labeled,All vitals present every night; nighttime coverage >480 min consistently.,Applies when a vital is missing with limited night-time data.,No missing vitals observed; conditions not met.,qwen3.8-max,81e90036c620ffb776a99a0f4280cba8e416479d51f53ce070ebb141e3cc23db,blinded-annotation-v2-shortrefs
C014,K092,judge_b,0,labeled,All vitals present every day; no missing data in either period.,Applies when vitals are missing or delayed due to sync/support issues.,No missing vitals observed; conditions not met.,qwen3.8-max,81e90036c620ffb776a99a0f4280cba8e416479d51f53ce070ebb141e3cc23db,blinded-annotation-v2-shortrefs
C014,K093,judge_b,0,labeled,Single synthetic device used throughout; no device switch indicated.,Requires heart-rate series involving a device or algorithm change.,No device switch in this same-device series; conditions not met.,qwen3.8-max,81e90036c620ffb776a99a0f4280cba8e416479d51f53ce070ebb141e3cc23db,blinded-annotation-v2-shortrefs
C014,K094,judge_b,1,labeled,Sleep duration ~470 min derived from sleep_start_at to sleep_end_at timestamps.,Applies when device-estimated sleep duration and boundaries are available.,"Clarifies that observed sleep duration is estimated from classified periods, not total time in bed.",qwen3.8-max,81e90036c620ffb776a99a0f4280cba8e416479d51f53ce070ebb141e3cc23db,blinded-annotation-v2-shortrefs
C014,K095,judge_b,1,labeled,Nighttime coverage 482-498 min every night; no missing sleep observations.,Applies when sleep readings are absent with non-wear or incomplete coverage.,Confirms device was worn overnight supporting valid sleep records; no missing nights.,qwen3.8-max,81e90036c620ffb776a99a0f4280cba8e416479d51f53ce070ebb141e3cc23db,blinded-annotation-v2-shortrefs
C014,K096,judge_b,1,labeled,Steps dropped from ~8000 to ~2300; accelerometer-based counting noted in metadata.,Applies when step readings change with possible measurement limitations.,Relevant context: arm swing requirements may affect step counting accuracy during activity changes.,qwen3.8-max,81e90036c620ffb776a99a0f4280cba8e416479d51f53ce070ebb141e3cc23db,blinded-annotation-v2-shortrefs
C015,K001,judge_b,2,labeled,"Age 18-60; window weekday sleep mean 390 min (6.5h), below 7h recommendation.",Sleep duration below the age-specific recommendation; Age band compatible with 18 to 60 years.,Core direct explanation: window weekday sleep falls below CDC adult recommendation.,qwen3.8-max,6cf78e9c314dc94834d04ef0f4f9e041a13548ee4050de810e59828e0e7f85f9,blinded-annotation-v2-shortrefs
C015,K002,judge_b,0,labeled,Age band 18-60 per metadata.,Age 61 to 64 is established.,Subject not in 61-64 age group; item explicitly non-applicable.,qwen3.8-max,6cf78e9c314dc94834d04ef0f4f9e041a13548ee4050de810e59828e0e7f85f9,blinded-annotation-v2-shortrefs
C015,K003,judge_b,0,labeled,Age band 18-60 per metadata.,Age at least 65 is established.,Subject not 65+; item explicitly non-applicable.,qwen3.8-max,6cf78e9c314dc94834d04ef0f4f9e041a13548ee4050de810e59828e0e7f85f9,blinded-annotation-v2-shortrefs
C015,K004,judge_b,0,labeled,Age band is 18-60 per metadata.,Teenage age group is established.,"Subject is adult, not teenager; item explicitly non-applicable.",qwen3.8-max,6cf78e9c314dc94834d04ef0f4f9e041a13548ee4050de810e59828e0e7f85f9,blinded-annotation-v2-shortrefs
C015,K005,judge_b,1,labeled,Window weekday sleep ~390 min vs baseline ~469 min; schedule constraint unknown.,A schedule constraint is needed to attribute the shortage to busyness.,Shortened sleep observed but busyness attribution unsupported without schedule data.,qwen3.8-max,6cf78e9c314dc94834d04ef0f4f9e041a13548ee4050de810e59828e0e7f85f9,blinded-annotation-v2-shortrefs
C015,K006,judge_b,1,labeled,Baseline sleep consistently ~469 min; window weekdays ~390 min.,Sleep is consistently short even without a new decline.,Supported connection: stable short baseline sleep does not prove adaptation.,qwen3.8-max,6cf78e9c314dc94834d04ef0f4f9e041a13548ee4050de810e59828e0e7f85f9,blinded-annotation-v2-shortrefs
C015,K007,judge_b,1,labeled,Sleep duration recorded but no quality metrics like awakenings or refreshment.,"Sleep-onset difficulty, awakenings, or subjective refreshment to establish a particular poor-quality concern.",Supported connection: duration alone cannot establish sleep quality.,qwen3.8-max,6cf78e9c314dc94834d04ef0f4f9e041a13548ee4050de810e59828e0e7f85f9,blinded-annotation-v2-shortrefs
C015,K008,judge_b,0,labeled,"Only sleep duration, start, and end timestamps recorded; no awakenings tracked.",Awakening history or measured sleep continuity.,Night awakenings are not documented in the wearable observations.,qwen3.8-max,6cf78e9c314dc94834d04ef0f4f9e041a13548ee4050de810e59828e0e7f85f9,blinded-annotation-v2-shortrefs
C015,K009,judge_b,0,labeled,No subjective refreshment data; weekend sleep >8h but no complaints.,Subjective lack of refreshment and night-time sleep duration.,Feeling unrefreshed not reported; cannot infer from duration alone.,qwen3.8-max,6cf78e9c314dc94834d04ef0f4f9e041a13548ee4050de810e59828e0e7f85f9,blinded-annotation-v2-shortrefs
C015,K010,judge_b,1,labeled,10 of 14 window nights under 400 min sleep duration.,Repeatedly shortened sleep.,Repeated short sleep observed; item provides general educational context about effects.,qwen3.8-max,6cf78e9c314dc94834d04ef0f4f9e041a13548ee4050de810e59828e0e7f85f9,blinded-annotation-v2-shortrefs
C015,K011,judge_b,1,labeled,10 of 14 window nights under 400 min sleep duration.,Several nights of reduced sleep duration.,Supported connection: several shortened nights observed matching item conditions.,qwen3.8-max,6cf78e9c314dc94834d04ef0f4f9e041a13548ee4050de810e59828e0e7f85f9,blinded-annotation-v2-shortrefs
C015,K012,judge_b,0,labeled,Short sleep observed but no infection or immune markers recorded.,Ongoing insufficient sleep.,General education; cannot infer immune status from wearable data.,qwen3.8-max,6cf78e9c314dc94834d04ef0f4f9e041a13548ee4050de810e59828e0e7f85f9,blinded-annotation-v2-shortrefs
C015,K013,judge_b,0,labeled,No appetite or food intake data recorded.,Food intake or appetite information for individual claims.,Cannot infer appetite changes from sleep duration alone.,qwen3.8-max,6cf78e9c314dc94834d04ef0f4f9e041a13548ee4050de810e59828e0e7f85f9,blinded-annotation-v2-shortrefs
C015,K014,judge_b,0,labeled,No sleepiness or driving context reported.,Sleepiness and driving plans.,Sleepiness and driving unknown; item not applicable.,qwen3.8-max,6cf78e9c314dc94834d04ef0f4f9e041a13548ee4050de810e59828e0e7f85f9,blinded-annotation-v2-shortrefs
C015,K015,judge_b,1,labeled,Baseline sleep ~469 min (7.8h); window weekdays ~390 min (6.5h).,Individual sleep experience to assess adequacy.,"Contextual connection: window weekday sleep below typical range, but individual needs unknown.",qwen3.8-max,6cf78e9c314dc94834d04ef0f4f9e041a13548ee4050de810e59828e0e7f85f9,blinded-annotation-v2-shortrefs
C015,K016,judge_b,0,labeled,14-day window only; no months-long history or reported difficulties.,"Months-long sleeping difficulties, or insomnia with failed habit changes.",Two-week window cannot establish months-long insomnia conditions.,qwen3.8-max,6cf78e9c314dc94834d04ef0f4f9e041a13548ee4050de810e59828e0e7f85f9,blinded-annotation-v2-shortrefs
C015,K017,judge_b,2,labeled,"Weekday sleep start ~00:10, weekend ~01:10; wake 07:00 vs 11:00.",Repeated variability in bedtime or wake time.,Core explanation: large weekday/weekend schedule difference directly observed in window.,qwen3.8-max,6cf78e9c314dc94834d04ef0f4f9e041a13548ee4050de810e59828e0e7f85f9,blinded-annotation-v2-shortrefs
C015,K018,judge_b,0,labeled,Weekend wake times shift to 11:00; no insomnia symptoms reported.,Reported sleeping difficulties.,Late stable weekend sleep is not irregularity; no insomnia reported.,qwen3.8-max,6cf78e9c314dc94834d04ef0f4f9e041a13548ee4050de810e59828e0e7f85f9,blinded-annotation-v2-shortrefs
C015,K019,judge_b,2,labeled,"Weekday sleep start ~00:10, weekend ~01:10; wake 07:00 vs 11:00 in window.",Bedtime or wake time differs substantially between weekdays and weekends.,"Core explanation: >1h weekday/weekend difference directly observed, exceeding recommended limit.",qwen3.8-max,6cf78e9c314dc94834d04ef0f4f9e041a13548ee4050de810e59828e0e7f85f9,blinded-annotation-v2-shortrefs
C015,K020,judge_b,0,labeled,Bedtime recorded but pre-bed activities unknown.,Information about pre-bed activities for targeted advice.,No pre-bed activity data to connect this advice to.,qwen3.8-max,6cf78e9c314dc94834d04ef0f4f9e041a13548ee4050de810e59828e0e7f85f9,blinded-annotation-v2-shortrefs
C015,K021,judge_b,0,labeled,No screen or light exposure data recorded.,Screen or light exposure information.,Screen exposure unknown; item conditions not met.,qwen3.8-max,6cf78e9c314dc94834d04ef0f4f9e041a13548ee4050de810e59828e0e7f85f9,blinded-annotation-v2-shortrefs
C015,K022,judge_b,0,labeled,No caffeine timing or intake data recorded.,Caffeine timing and intake.,Caffeine history unknown; item conditions not met.,qwen3.8-max,6cf78e9c314dc94834d04ef0f4f9e041a13548ee4050de810e59828e0e7f85f9,blinded-annotation-v2-shortrefs
C015,K023,judge_b,0,labeled,No meal timing or size data recorded.,Meal timing and size.,Meal information unknown; item conditions not met.,qwen3.8-max,6cf78e9c314dc94834d04ef0f4f9e041a13548ee4050de810e59828e0e7f85f9,blinded-annotation-v2-shortrefs
C015,K024,judge_b,0,labeled,No alcohol consumption data recorded.,Alcohol intake and timing.,Alcohol exposure unknown; item conditions not met.,qwen3.8-max,6cf78e9c314dc94834d04ef0f4f9e041a13548ee4050de810e59828e0e7f85f9,blinded-annotation-v2-shortrefs
C015,K025,judge_b,0,labeled,No nicotine use information in the wearable data.,Nicotine exposure.,Nicotine exposure unknown; cannot link to sleep patterns.,qwen3.8-max,6cf78e9c314dc94834d04ef0f4f9e041a13548ee4050de810e59828e0e7f85f9,blinded-annotation-v2-shortrefs
C015,K026,judge_b,0,labeled,No bedroom environment data recorded.,"Bedroom light, noise, or temperature.",Environment unknown; item conditions not met.,qwen3.8-max,6cf78e9c314dc94834d04ef0f4f9e041a13548ee4050de810e59828e0e7f85f9,blinded-annotation-v2-shortrefs
C015,K027,judge_b,0,labeled,No relaxation or stress data recorded.,Reported difficulty relaxing or a request for routine options.,No reported difficulty relaxing; item conditions not met.,qwen3.8-max,6cf78e9c314dc94834d04ef0f4f9e041a13548ee4050de810e59828e0e7f85f9,blinded-annotation-v2-shortrefs
C015,K028,judge_b,0,labeled,No nap data recorded in the wearable observations.,Nap duration for the general length advice; night-time sleep-onset difficulty for the timing advice.,Nap history unknown; item conditions not met.,qwen3.8-max,6cf78e9c314dc94834d04ef0f4f9e041a13548ee4050de810e59828e0e7f85f9,blinded-annotation-v2-shortrefs
C015,K029,judge_b,0,labeled,No shift work information in the data.,Confirmed shift-work schedule.,Shift work unknown; item conditions not met.,qwen3.8-max,6cf78e9c314dc94834d04ef0f4f9e041a13548ee4050de810e59828e0e7f85f9,blinded-annotation-v2-shortrefs
C015,K030,judge_b,0,labeled,No shift work context recorded.,Work schedule and lighting context.,No confirmed shift work; item explicitly non-applicable.,qwen3.8-max,6cf78e9c314dc94834d04ef0f4f9e041a13548ee4050de810e59828e0e7f85f9,blinded-annotation-v2-shortrefs
C015,K031,judge_b,0,labeled,No shift work or caffeine timing recorded.,Shift schedule and caffeine intake.,Shift work and caffeine context unknown; item not applicable.,qwen3.8-max,6cf78e9c314dc94834d04ef0f4f9e041a13548ee4050de810e59828e0e7f85f9,blinded-annotation-v2-shortrefs
C015,K032,judge_b,0,labeled,All sleep occurs overnight; no shift work indicated.,Daytime sleep associated with shift work.,No daytime sleep or shift work observed in the data.,qwen3.8-max,6cf78e9c314dc94834d04ef0f4f9e041a13548ee4050de810e59828e0e7f85f9,blinded-annotation-v2-shortrefs
C015,K033,judge_b,1,labeled,Sleep pattern changed dramatically in window; no diary data available.,A changed or variable sleep pattern needs review.,Supported connection: variable sleep pattern exists that a diary would help contextualize.,qwen3.8-max,6cf78e9c314dc94834d04ef0f4f9e041a13548ee4050de810e59828e0e7f85f9,blinded-annotation-v2-shortrefs
C015,K034,judge_b,2,labeled,Window sleep mean 441 min vs baseline 469 min; 10 of 14 nights under 400 min.,Several shortened nights rather than a single isolated reading.,Repeated shortened window sleep directly matches the item's condition about accumulated sleep loss.,qwen3.8-max,6cf78e9c314dc94834d04ef0f4f9e041a13548ee4050de810e59828e0e7f85f9,blinded-annotation-v2-shortrefs
C015,K035,judge_b,2,labeled,Weekend sleep 565-575 min vs weekday 386-393 min in window.,Longer sleep and later timing on days off.,Core explanation: much longer weekend sleep directly signals insufficient weekday sleep.,qwen3.8-max,6cf78e9c314dc94834d04ef0f4f9e041a13548ee4050de810e59828e0e7f85f9,blinded-annotation-v2-shortrefs
C015,K036,judge_b,0,labeled,No nap data recorded in the wearable observations.,Recorded naps.,Nap information unavailable; item conditions not met.,qwen3.8-max,6cf78e9c314dc94834d04ef0f4f9e041a13548ee4050de810e59828e0e7f85f9,blinded-annotation-v2-shortrefs
C015,K037,judge_b,0,labeled,No reported bad nights or insomnia symptoms in the data.,Reported bad sleep or insomnia symptoms.,Required context of reported sleeping difficulty is absent.,qwen3.8-max,6cf78e9c314dc94834d04ef0f4f9e041a13548ee4050de810e59828e0e7f85f9,blinded-annotation-v2-shortrefs
C015,K038,judge_b,0,labeled,14-day window shows short sleep but no symptom history or diagnosis.,Symptom history and onset.,Cannot diagnose insomnia from estimated sleep hours alone.,qwen3.8-max,6cf78e9c314dc94834d04ef0f4f9e041a13548ee4050de810e59828e0e7f85f9,blinded-annotation-v2-shortrefs
C015,K039,judge_b,0,labeled,No travel history recorded; timezone constant Asia/Shanghai.,"Confirmed travel, destination time zone, and trip duration.",No travel context; sleep timing changes not attributable to jet lag.,qwen3.8-max,6cf78e9c314dc94834d04ef0f4f9e041a13548ee4050de810e59828e0e7f85f9,blinded-annotation-v2-shortrefs
C015,K040,judge_b,0,labeled,No travel or trip data recorded.,Trip duration and time-zone change.,Travel context unknown; item not applicable.,qwen3.8-max,6cf78e9c314dc94834d04ef0f4f9e041a13548ee4050de810e59828e0e7f85f9,blinded-annotation-v2-shortrefs
C015,K041,judge_b,0,labeled,Activity stable ~55 min/day; intensity unknown.,Intensity information is needed to count recommended aerobic minutes.,Generic advice; intensity unknown prevents guideline assessment.,qwen3.8-max,6cf78e9c314dc94834d04ef0f4f9e041a13548ee4050de810e59828e0e7f85f9,blinded-annotation-v2-shortrefs
C015,K042,judge_b,0,labeled,Activity duration stable ~55 min/day across baseline and window.,Health and mobility context for exercise prescription.,No recent inactivity observed; generic advice not connected to data.,qwen3.8-max,6cf78e9c314dc94834d04ef0f4f9e041a13548ee4050de810e59828e0e7f85f9,blinded-annotation-v2-shortrefs
C015,K043,judge_b,0,labeled,Activity intensity unknown for all recorded intervals.,Known activity intensity.,Cannot determine moderate-intensity attainment without intensity data.,qwen3.8-max,6cf78e9c314dc94834d04ef0f4f9e041a13548ee4050de810e59828e0e7f85f9,blinded-annotation-v2-shortrefs
C015,K044,judge_b,0,labeled,Activity intensity unknown for all recorded intervals.,Known vigorous intensity.,Cannot determine if vigorous target applies without intensity data.,qwen3.8-max,6cf78e9c314dc94834d04ef0f4f9e041a13548ee4050de810e59828e0e7f85f9,blinded-annotation-v2-shortrefs
C015,K045,judge_b,0,labeled,Single ~55 min activity interval daily; intensity unknown.,Intensity is required for counting guideline minutes.,Generic advice; intensity unknown so guideline application unsupported.,qwen3.8-max,6cf78e9c314dc94834d04ef0f4f9e041a13548ee4050de810e59828e0e7f85f9,blinded-annotation-v2-shortrefs
C015,K046,judge_b,0,labeled,Only steps and active minutes recorded; no strengthening activity logged.,Strengthening activity records including days and muscle groups.,No strengthening data available; item conditions not met.,qwen3.8-max,6cf78e9c314dc94834d04ef0f4f9e041a13548ee4050de810e59828e0e7f85f9,blinded-annotation-v2-shortrefs
C015,K047,judge_b,0,labeled,Activity intensity unknown; guideline attainment unverifiable.,Known intensity and weekly duration.,Cannot assess additional benefits without known intensity.,qwen3.8-max,6cf78e9c314dc94834d04ef0f4f9e041a13548ee4050de810e59828e0e7f85f9,blinded-annotation-v2-shortrefs
C015,K048,judge_b,0,labeled,Activity intensity listed as 'unknown' for all intervals; steps ~8000/day.,Fitness or perceived effort.,Intensity is unknown; cannot assign relative intensity from steps alone.,qwen3.8-max,6cf78e9c314dc94834d04ef0f4f9e041a13548ee4050de810e59828e0e7f85f9,blinded-annotation-v2-shortrefs
C015,K049,judge_b,0,labeled,All activity intervals have unknown intensity.,An aerobic activity and breathing or talk-test observation.,No effort or talk-test observations available.,qwen3.8-max,6cf78e9c314dc94834d04ef0f4f9e041a13548ee4050de810e59828e0e7f85f9,blinded-annotation-v2-shortrefs
C015,K050,judge_b,0,labeled,Steps stable ~7900-8000; no non-step exercise identified.,Activity type for interpreting non-step exercise.,No evidence of non-step exercise changes in the data.,qwen3.8-max,6cf78e9c314dc94834d04ef0f4f9e041a13548ee4050de810e59828e0e7f85f9,blinded-annotation-v2-shortrefs
C015,K051,judge_b,0,labeled,Activity stable ~55 min/day; no declining routine movement observed.,Mobility and transport context for specific options.,No activity decline to address; generic advice not specifically connected.,qwen3.8-max,6cf78e9c314dc94834d04ef0f4f9e041a13548ee4050de810e59828e0e7f85f9,blinded-annotation-v2-shortrefs
C015,K052,judge_b,0,labeled,Steps and activity stable across periods; no preferences recorded.,Personal preferences and availability for choosing individualized options.,Generic advice with no connection to observed data patterns.,qwen3.8-max,6cf78e9c314dc94834d04ef0f4f9e041a13548ee4050de810e59828e0e7f85f9,blinded-annotation-v2-shortrefs
C015,K053,judge_b,0,labeled,Activity stable ~55 min/day; no motivational barriers reported.,Social preferences or reported motivational barrier.,No evidence of activity decline or social barrier in the data.,qwen3.8-max,6cf78e9c314dc94834d04ef0f4f9e041a13548ee4050de810e59828e0e7f85f9,blinded-annotation-v2-shortrefs
C015,K054,judge_b,0,labeled,No time barrier reported; activity stable.,Actual daily schedule and time barrier.,No time barrier evidence; item conditions not met.,qwen3.8-max,6cf78e9c314dc94834d04ef0f4f9e041a13548ee4050de810e59828e0e7f85f9,blinded-annotation-v2-shortrefs
C015,K055,judge_b,0,labeled,No schedule constraints or competing demands reported.,Schedule constraints.,Schedule reason unknown; item not applicable.,qwen3.8-max,6cf78e9c314dc94834d04ef0f4f9e041a13548ee4050de810e59828e0e7f85f9,blinded-annotation-v2-shortrefs
C015,K056,judge_b,0,labeled,No chronic health conditions documented in the wearable data.,Relevant health condition and activity safety history.,Medical context unknown; item conditions not met by available data.,qwen3.8-max,6cf78e9c314dc94834d04ef0f4f9e041a13548ee4050de810e59828e0e7f85f9,blinded-annotation-v2-shortrefs
C015,K057,judge_b,1,labeled,Ten ~45-min low-movement intervals daily during daytime wear.,Long uninterrupted daytime low-movement intervals with adequate wear coverage.,"Supported connection: repeated daytime low-movement blocks exist, though posture unconfirmed.",qwen3.8-max,6cf78e9c314dc94834d04ef0f4f9e041a13548ee4050de810e59828e0e7f85f9,blinded-annotation-v2-shortrefs
C015,K058,judge_b,1,labeled,~55 min activity coexists with ~451 min low movement daily in both periods.,Recorded activity coexists with substantial low-movement periods.,"Supported contextual connection: activity and low movement coexist, but posture unconfirmed.",qwen3.8-max,6cf78e9c314dc94834d04ef0f4f9e041a13548ee4050de810e59828e0e7f85f9,blinded-annotation-v2-shortrefs
C015,K059,judge_b,0,labeled,Low movement stable ~451 min/day; posture not confirmed.,Confirmed sitting for a specific sedentary-time conclusion.,Cannot confirm sitting from low movement data alone.,qwen3.8-max,6cf78e9c314dc94834d04ef0f4f9e041a13548ee4050de810e59828e0e7f85f9,blinded-annotation-v2-shortrefs
C015,K060,judge_b,0,labeled,No commuting or transport information recorded.,"Transport, mobility, and safety context.",Commute context unknown; item not applicable to available data.,qwen3.8-max,6cf78e9c314dc94834d04ef0f4f9e041a13548ee4050de810e59828e0e7f85f9,blinded-annotation-v2-shortrefs
C015,K061,judge_b,0,labeled,No workplace or desk work context recorded.,Workplace layout and ability to walk.,Work context unknown; item not applicable.,qwen3.8-max,6cf78e9c314dc94834d04ef0f4f9e041a13548ee4050de810e59828e0e7f85f9,blinded-annotation-v2-shortrefs
C015,K062,judge_b,0,labeled,No meeting or workplace context recorded.,Workplace and mobility context.,Workplace information unknown; item not applicable.,qwen3.8-max,6cf78e9c314dc94834d04ef0f4f9e041a13548ee4050de810e59828e0e7f85f9,blinded-annotation-v2-shortrefs
C015,K063,judge_b,0,labeled,No television viewing context recorded.,Television-viewing context.,Screen habits unknown; item not applicable.,qwen3.8-max,6cf78e9c314dc94834d04ef0f4f9e041a13548ee4050de810e59828e0e7f85f9,blinded-annotation-v2-shortrefs
C015,K064,judge_b,0,labeled,No leisure context or seated habits recorded.,"Routine, preferences, and mobility.",Leisure context unknown; item not applicable.,qwen3.8-max,6cf78e9c314dc94834d04ef0f4f9e041a13548ee4050de810e59828e0e7f85f9,blinded-annotation-v2-shortrefs
C015,K065,judge_b,0,labeled,Daily movement ~55 min active + ~451 min low movement consistently.,Low everyday movement despite possible formal exercise.,Movement is consistent; no specific low everyday movement concern.,qwen3.8-max,6cf78e9c314dc94834d04ef0f4f9e041a13548ee4050de810e59828e0e7f85f9,blinded-annotation-v2-shortrefs
C015,K066,judge_b,0,labeled,No workday lunch-break context recorded.,Workday lunch-break access and mobility.,Lunch break context unknown; item not applicable.,qwen3.8-max,6cf78e9c314dc94834d04ef0f4f9e041a13548ee4050de810e59828e0e7f85f9,blinded-annotation-v2-shortrefs
C015,K067,judge_b,0,labeled,No stair access or mobility context recorded.,Stair access and safe mobility.,Mobility context unknown; item not applicable.,qwen3.8-max,6cf78e9c314dc94834d04ef0f4f9e041a13548ee4050de810e59828e0e7f85f9,blinded-annotation-v2-shortrefs
C015,K068,judge_b,1,labeled,Low movement ~450 min/day consistently; device notes low movement is not posture.,Low-movement intervals are available without posture measurement.,Directly relevant caution that observed low movement cannot be confirmed as sitting.,qwen3.8-max,6cf78e9c314dc94834d04ef0f4f9e041a13548ee4050de810e59828e0e7f85f9,blinded-annotation-v2-shortrefs
C015,K069,judge_b,0,labeled,Activity stable ~55 min; sleep changed independently on weekends vs weekdays.,Activity and sleep patterns are available for joint review.,General benefit statement; temporal co-occurrence does not imply causation.,qwen3.8-max,6cf78e9c314dc94834d04ef0f4f9e041a13548ee4050de810e59828e0e7f85f9,blinded-annotation-v2-shortrefs
C015,K070,judge_b,0,labeled,Activity stable; no outdoor exposure data recorded.,Outdoor access and mobility for a specific plan.,Cannot infer outdoor exposure from movement counts.,qwen3.8-max,6cf78e9c314dc94834d04ef0f4f9e041a13548ee4050de810e59828e0e7f85f9,blinded-annotation-v2-shortrefs
C015,K071,judge_b,0,labeled,Activity at 21:00 daily with unknown intensity; sleep starts ~midnight on weekdays.,Intensity and actual timing relative to bedtime.,Activity intensity unknown; cannot apply intense-exercise advice.,qwen3.8-max,6cf78e9c314dc94834d04ef0f4f9e041a13548ee4050de810e59828e0e7f85f9,blinded-annotation-v2-shortrefs
C015,K072,judge_b,0,labeled,Activity intervals at 21:00 with unknown intensity; no reported insomnia symptoms.,Exercise near bedtime with reported insomnia symptoms.,Insomnia not reported and activity intensity unknown; required context missing.,qwen3.8-max,6cf78e9c314dc94834d04ef0f4f9e041a13548ee4050de810e59828e0e7f85f9,blinded-annotation-v2-shortrefs
C015,K073,judge_b,1,labeled,Activity at 21:00 daily; sleep starts after midnight on window weekdays.,Activity intervals are needed for timing comparisons.,Supported connection: activity timing data available for temporal comparison with sleep.,qwen3.8-max,6cf78e9c314dc94834d04ef0f4f9e041a13548ee4050de810e59828e0e7f85f9,blinded-annotation-v2-shortrefs
C015,K074,judge_b,0,labeled,No emergency responder deployment context in the data.,Confirmed emergency-response deployment context.,Deployment context unknown; item not applicable.,qwen3.8-max,6cf78e9c314dc94834d04ef0f4f9e041a13548ee4050de810e59828e0e7f85f9,blinded-annotation-v2-shortrefs
C015,K075,judge_b,0,labeled,No tiredness or energy pattern reported.,Subjective energy pattern and availability.,No tiredness history; item conditions not met.,qwen3.8-max,6cf78e9c314dc94834d04ef0f4f9e041a13548ee4050de810e59828e0e7f85f9,blinded-annotation-v2-shortrefs
C015,K076,judge_b,0,labeled,No substance or medication data recorded.,Substance and medication history for causal interpretation.,No substance data available to contextualize sleep changes.,qwen3.8-max,6cf78e9c314dc94834d04ef0f4f9e041a13548ee4050de810e59828e0e7f85f9,blinded-annotation-v2-shortrefs
C015,K077,judge_b,1,labeled,"RHR recorded daily, stable 55-57 bpm across both periods.",Resting heart rate observations are available.,Directly explains what the RHR metric represents in the observations.,qwen3.8-max,6cf78e9c314dc94834d04ef0f4f9e041a13548ee4050de810e59828e0e7f85f9,blinded-annotation-v2-shortrefs
C015,K078,judge_b,1,labeled,"Daily RHR recorded as resting_heart_rate_bpm, stable 55-57 bpm.",The heart-rate measure and collection context are known.,Supported connection: clarifies that recorded RHR differs from sleeping heart rate.,qwen3.8-max,6cf78e9c314dc94834d04ef0f4f9e041a13548ee4050de810e59828e0e7f85f9,blinded-annotation-v2-shortrefs
C015,K079,judge_b,0,labeled,RHR stable 55-57 bpm; no significant change observed.,Resting heart rate changes relative to the person's previous readings.,No meaningful RHR change to explain; item conditions not triggered.,qwen3.8-max,6cf78e9c314dc94834d04ef0f4f9e041a13548ee4050de810e59828e0e7f85f9,blinded-annotation-v2-shortrefs
C015,K080,judge_b,1,labeled,HRV RMSSD 43-47 ms and RHR 55-57 bpm both recorded nightly.,HRV and heart-rate estimates are being interpreted together.,Supported connection: clarifies HRV and RHR are distinct metrics in the data.,qwen3.8-max,6cf78e9c314dc94834d04ef0f4f9e041a13548ee4050de810e59828e0e7f85f9,blinded-annotation-v2-shortrefs
C015,K081,judge_b,1,labeled,HRV RMSSD stable 43-47 ms across both periods.,Personal history and consistent measurement context.,"Supported connection: HRV should be interpreted against personal baseline, not universal norms.",qwen3.8-max,6cf78e9c314dc94834d04ef0f4f9e041a13548ee4050de810e59828e0e7f85f9,blinded-annotation-v2-shortrefs
C015,K082,judge_b,1,labeled,28-day baseline available for comparison with 14-day window.,Sufficient same-metric personal history.,Supported connection: baseline provides personal range context for window changes.,qwen3.8-max,6cf78e9c314dc94834d04ef0f4f9e041a13548ee4050de810e59828e0e7f85f9,blinded-annotation-v2-shortrefs
C015,K083,judge_b,1,labeled,RHR recorded over 42 days total (28 baseline + 14 window).,Repeated resting heart-rate readings or a recent change.,Supported connection: multi-week RHR data enables trend analysis beyond single readings.,qwen3.8-max,6cf78e9c314dc94834d04ef0f4f9e041a13548ee4050de810e59828e0e7f85f9,blinded-annotation-v2-shortrefs
C015,K084,judge_b,1,labeled,HRV RMSSD stable 43-47 ms across both periods.,An HRV trend is available for wellness monitoring.,"Supported contextual connection: HRV is a wellness metric, not diagnostic.",qwen3.8-max,6cf78e9c314dc94834d04ef0f4f9e041a13548ee4050de810e59828e0e7f85f9,blinded-annotation-v2-shortrefs
C015,K085,judge_b,1,labeled,HRV reported as hrv_rmssd_ms in the data schema.,Metric formula is established.,Directly confirms the HRV metric definition used in the observations.,qwen3.8-max,6cf78e9c314dc94834d04ef0f4f9e041a13548ee4050de810e59828e0e7f85f9,blinded-annotation-v2-shortrefs
C015,K086,judge_b,1,labeled,HRV RMSSD recorded nightly; sleep durations vary 386-575 min in window.,Compatible Fitbit collection definition and sleep coverage.,Supported connection: all window sleep periods exceed 3h threshold for HRV collection.,qwen3.8-max,6cf78e9c314dc94834d04ef0f4f9e041a13548ee4050de810e59828e0e7f85f9,blinded-annotation-v2-shortrefs
C015,K087,judge_b,0,labeled,Only sleep duration and timing recorded; no sleep stage data.,Sleep-stage measurements.,Sleep stages not available; item explicitly non-applicable.,qwen3.8-max,6cf78e9c314dc94834d04ef0f4f9e041a13548ee4050de810e59828e0e7f85f9,blinded-annotation-v2-shortrefs
C015,K088,judge_b,0,labeled,No health concerns reported in the data.,Reported health concerns or symptoms.,Generic advisory; no reported concerns to connect to.,qwen3.8-max,6cf78e9c314dc94834d04ef0f4f9e041a13548ee4050de810e59828e0e7f85f9,blinded-annotation-v2-shortrefs
C015,K089,judge_b,0,labeled,RHR stable 55-57 bpm across both periods; no wear quality changes noted.,Heart-rate readings may be unreliable or wear quality changes.,No evidence of unreliable heart rate or fit changes in the data.,qwen3.8-max,6cf78e9c314dc94834d04ef0f4f9e041a13548ee4050de810e59828e0e7f85f9,blinded-annotation-v2-shortrefs
C015,K090,judge_b,0,labeled,Nighttime coverage >=406 min every night; all vitals present.,Separate night-time wear information.,Adequate night coverage throughout; no missing overnight vitals to troubleshoot.,qwen3.8-max,6cf78e9c314dc94834d04ef0f4f9e041a13548ee4050de810e59828e0e7f85f9,blinded-annotation-v2-shortrefs
C015,K091,judge_b,0,labeled,All vitals present every night; nighttime coverage >=406 min throughout.,A vital is missing with limited night-time data.,No missing vitals observed; item conditions not triggered.,qwen3.8-max,6cf78e9c314dc94834d04ef0f4f9e041a13548ee4050de810e59828e0e7f85f9,blinded-annotation-v2-shortrefs
C015,K092,judge_b,0,labeled,All vitals present every night; no missing data issues.,Device support and sync status.,No missing vitals to troubleshoot; item conditions not triggered.,qwen3.8-max,6cf78e9c314dc94834d04ef0f4f9e041a13548ee4050de810e59828e0e7f85f9,blinded-annotation-v2-shortrefs
C015,K093,judge_b,0,labeled,Same synthetic device used throughout; no device switch indicated.,Device and algorithm history.,No device change occurred; item not applicable to this dataset.,qwen3.8-max,6cf78e9c314dc94834d04ef0f4f9e041a13548ee4050de810e59828e0e7f85f9,blinded-annotation-v2-shortrefs
C015,K094,judge_b,1,labeled,Sleep duration estimated from device; metadata notes synthetic wearable definitions.,Device-estimated sleep duration and sleep boundaries are available.,Relevant methodological note: estimated sleep differs from full sleep period.,qwen3.8-max,6cf78e9c314dc94834d04ef0f4f9e041a13548ee4050de810e59828e0e7f85f9,blinded-annotation-v2-shortrefs
C015,K095,judge_b,0,labeled,Nighttime coverage >=406 min every night; no missing sleep records.,Night-time wear record.,All nights have adequate coverage; no missing observations to explain.,qwen3.8-max,6cf78e9c314dc94834d04ef0f4f9e041a13548ee4050de810e59828e0e7f85f9,blinded-annotation-v2-shortrefs
C015,K096,judge_b,0,labeled,Steps stable ~7900-8000/day; no wear changes noted.,Wear context and activity type.,No step anomalies or wear changes to trigger this consideration.,qwen3.8-max,6cf78e9c314dc94834d04ef0f4f9e041a13548ee4050de810e59828e0e7f85f9,blinded-annotation-v2-shortrefs
C016,K001,judge_b,2,labeled,"Age band 18-60; sleep mean 469.8 min (~7.8h) baseline, 471.1 min window.",Observable: sleep duration below age-specific recommendation; age 18-60 compatible.,Directly applies CDC 7h+ recommendation to this age band; sleep meets threshold.,qwen3.8-max,0538a08fa4e3298c24a3fd06746cc6c2b9b32bf392d28b5ce6292a60d32c13ae,blinded-annotation-v2-shortrefs
C016,K002,judge_b,0,labeled,Age band 18-60; item targets adults aged 61-64.,Non-applicable for other age groups.,Age mismatch; item explicitly non-applicable.,qwen3.8-max,0538a08fa4e3298c24a3fd06746cc6c2b9b32bf392d28b5ce6292a60d32c13ae,blinded-annotation-v2-shortrefs
C016,K003,judge_b,0,labeled,Age band 18-60; item targets adults 65+.,Non-applicable when age below 65.,Age mismatch; item explicitly non-applicable.,qwen3.8-max,0538a08fa4e3298c24a3fd06746cc6c2b9b32bf392d28b5ce6292a60d32c13ae,blinded-annotation-v2-shortrefs
C016,K004,judge_b,0,labeled,Age band 18-60; item targets teenagers 13-17.,Non-applicable for adults.,Age mismatch; item explicitly non-applicable.,qwen3.8-max,0538a08fa4e3298c24a3fd06746cc6c2b9b32bf392d28b5ce6292a60d32c13ae,blinded-annotation-v2-shortrefs
C016,K005,judge_b,0,labeled,Sleep ~7.8h nightly; no schedule constraint or insufficient sleep observed.,Non-applicable when no evidence of insufficient sleep.,Adequate sleep; item conditions not met.,qwen3.8-max,0538a08fa4e3298c24a3fd06746cc6c2b9b32bf392d28b5ce6292a60d32c13ae,blinded-annotation-v2-shortrefs
C016,K006,judge_b,0,labeled,"Baseline mean sleep 469.8 min (~7.8h), window mean 471.1 min; not short.",Non-applicable when sleep duration is sufficient for the age group.,Sleep ~7.8h meets adult recommendation; item condition explicitly non-applicable.,qwen3.8-max,0538a08fa4e3298c24a3fd06746cc6c2b9b32bf392d28b5ce6292a60d32c13ae,blinded-annotation-v2-shortrefs
C016,K007,judge_b,1,labeled,Sleep duration ~470 min recorded; no awakenings or quality metrics available.,Observable: sleep duration recorded but quality may be unknown.,Distinguishes duration from quality; supported contextual connection.,qwen3.8-max,0538a08fa4e3298c24a3fd06746cc6c2b9b32bf392d28b5ce6292a60d32c13ae,blinded-annotation-v2-shortrefs
C016,K008,judge_b,0,labeled,"Only sleep duration, start, end available; no awakening data recorded.",Non-applicable when only duration and sleep start/end are available.,Awakening data absent; item explicitly non-applicable.,qwen3.8-max,0538a08fa4e3298c24a3fd06746cc6c2b9b32bf392d28b5ce6292a60d32c13ae,blinded-annotation-v2-shortrefs
C016,K009,judge_b,0,labeled,Sleep ~7.8h (<8h); no refreshment reports available.,Non-applicable when no information about feeling rested.,Sleep under 8h and no subjective data; item not applicable.,qwen3.8-max,0538a08fa4e3298c24a3fd06746cc6c2b9b32bf392d28b5ce6292a60d32c13ae,blinded-annotation-v2-shortrefs
C016,K010,judge_b,0,labeled,Sleep adequate ~7.8h; no cognitive impairment symptoms reported.,Non-applicable when diagnosing impairment from wearable data alone.,No sleep restriction or symptoms; item not applicable.,qwen3.8-max,0538a08fa4e3298c24a3fd06746cc6c2b9b32bf392d28b5ce6292a60d32c13ae,blinded-annotation-v2-shortrefs
C016,K011,judge_b,0,labeled,Sleep ~7.8h nightly; no repeated sleep restriction observed.,Non-applicable when no repeated sleep restriction.,Adequate sleep; item conditions not met.,qwen3.8-max,0538a08fa4e3298c24a3fd06746cc6c2b9b32bf392d28b5ce6292a60d32c13ae,blinded-annotation-v2-shortrefs
C016,K012,judge_b,0,labeled,Sleep ~7.8h nightly; no ongoing insufficient sleep observed.,Non-applicable when inferring infection from sleep or heart-rate changes.,Adequate sleep; item conditions not met.,qwen3.8-max,0538a08fa4e3298c24a3fd06746cc6c2b9b32bf392d28b5ce6292a60d32c13ae,blinded-annotation-v2-shortrefs
C016,K013,judge_b,0,labeled,Sleep adequate ~7.8h; no appetite or food intake data recorded.,Non-applicable when diagnosing metabolic disorder from wearable observations.,No insufficient sleep or appetite data; item not applicable.,qwen3.8-max,0538a08fa4e3298c24a3fd06746cc6c2b9b32bf392d28b5ce6292a60d32c13ae,blinded-annotation-v2-shortrefs
C016,K014,judge_b,0,labeled,No sleepiness reports or driving context in wearable data.,Non-applicable when sleepiness or driving context unknown.,Required context absent; item not applicable.,qwen3.8-max,0538a08fa4e3298c24a3fd06746cc6c2b9b32bf392d28b5ce6292a60d32c13ae,blinded-annotation-v2-shortrefs
C016,K015,judge_b,1,labeled,Sleep ~470 min (~7.8h) consistently; individual experience unknown.,Observable: adult sleep duration being reviewed.,General context for interpreting sleep duration; supported connection.,qwen3.8-max,0538a08fa4e3298c24a3fd06746cc6c2b9b32bf392d28b5ce6292a60d32c13ae,blinded-annotation-v2-shortrefs
C016,K016,judge_b,0,labeled,No reported sleeping difficulties; 14-day window only.,Non-applicable when only brief duration record without reported problems.,No insomnia symptoms; item not applicable.,qwen3.8-max,0538a08fa4e3298c24a3fd06746cc6c2b9b32bf392d28b5ce6292a60d32c13ae,blinded-annotation-v2-shortrefs
C016,K017,judge_b,1,labeled,Sleep start varies 22:42-22:58; wake time constant 07:00 daily.,Non-applicable when stable schedule alone does not establish a problem.,Schedule largely stable; minor bedtime variation within normal range.,qwen3.8-max,0538a08fa4e3298c24a3fd06746cc6c2b9b32bf392d28b5ce6292a60d32c13ae,blinded-annotation-v2-shortrefs
C016,K018,judge_b,0,labeled,Wake time constant at 07:00 daily; no insomnia symptoms reported.,Non-applicable when no evidence of insomnia symptoms.,Consistent wake time and no insomnia; item not applicable.,qwen3.8-max,0538a08fa4e3298c24a3fd06746cc6c2b9b32bf392d28b5ce6292a60d32c13ae,blinded-annotation-v2-shortrefs
C016,K019,judge_b,0,labeled,Sleep start variance similar weekday/weekend; wake time constant at 07:00 daily.,Non-applicable when weekday and weekend sleep times are similar.,Schedule consistent across days; item explicitly non-applicable.,qwen3.8-max,0538a08fa4e3298c24a3fd06746cc6c2b9b32bf392d28b5ce6292a60d32c13ae,blinded-annotation-v2-shortrefs
C016,K020,judge_b,0,labeled,Bedtime ~22:45-22:58 recorded; no pre-bed activity information available.,Non-applicable when assuming missing bedtime routine from timestamps alone.,Pre-bed context absent; item not applicable.,qwen3.8-max,0538a08fa4e3298c24a3fd06746cc6c2b9b32bf392d28b5ce6292a60d32c13ae,blinded-annotation-v2-shortrefs
C016,K021,judge_b,0,labeled,No screen or light exposure data before bed in wearable observations.,Non-applicable when exposure is unknown.,Screen context absent; item not applicable.,qwen3.8-max,0538a08fa4e3298c24a3fd06746cc6c2b9b32bf392d28b5ce6292a60d32c13ae,blinded-annotation-v2-shortrefs
C016,K022,judge_b,0,labeled,No caffeine timing or intake data in wearable observations.,Non-applicable when no caffeine history.,Caffeine context absent; item not applicable.,qwen3.8-max,0538a08fa4e3298c24a3fd06746cc6c2b9b32bf392d28b5ce6292a60d32c13ae,blinded-annotation-v2-shortrefs
C016,K023,judge_b,0,labeled,No meal timing or size data recorded in wearable observations.,Requires known large meal shortly before bed; non-applicable when meal information unknown.,Meal context absent; item conditions not met by wearable data.,qwen3.8-max,0538a08fa4e3298c24a3fd06746cc6c2b9b32bf392d28b5ce6292a60d32c13ae,blinded-annotation-v2-shortrefs
C016,K024,judge_b,0,labeled,No alcohol intake or timing recorded in wearable data.,Non-applicable when alcohol exposure is unknown.,Alcohol context missing; item conditions not met.,qwen3.8-max,0538a08fa4e3298c24a3fd06746cc6c2b9b32bf392d28b5ce6292a60d32c13ae,blinded-annotation-v2-shortrefs
C016,K025,judge_b,0,labeled,No nicotine use data in wearable observations.,Non-applicable when nicotine use unknown.,Nicotine context absent; item not applicable.,qwen3.8-max,0538a08fa4e3298c24a3fd06746cc6c2b9b32bf392d28b5ce6292a60d32c13ae,blinded-annotation-v2-shortrefs
C016,K026,judge_b,0,labeled,"No bedroom environment data (light, noise, temperature) recorded.",Non-applicable when environment unknown.,Environment context absent; item not applicable.,qwen3.8-max,0538a08fa4e3298c24a3fd06746cc6c2b9b32bf392d28b5ce6292a60d32c13ae,blinded-annotation-v2-shortrefs
C016,K027,judge_b,0,labeled,No pre-bed routine or relaxation difficulty reported in data.,Non-applicable when inferring stress or anxiety from wearable signals.,No relevant context; generic advice.,qwen3.8-max,0538a08fa4e3298c24a3fd06746cc6c2b9b32bf392d28b5ce6292a60d32c13ae,blinded-annotation-v2-shortrefs
C016,K028,judge_b,0,labeled,No nap data recorded in wearable observations.,Non-applicable when nap history is unknown.,Nap context absent; item not applicable.,qwen3.8-max,0538a08fa4e3298c24a3fd06746cc6c2b9b32bf392d28b5ce6292a60d32c13ae,blinded-annotation-v2-shortrefs
C016,K029,judge_b,0,labeled,No shift work context in wearable data.,Non-applicable when shift work unknown.,Shift work absent; item not applicable.,qwen3.8-max,0538a08fa4e3298c24a3fd06746cc6c2b9b32bf392d28b5ce6292a60d32c13ae,blinded-annotation-v2-shortrefs
C016,K030,judge_b,0,labeled,No shift work context in wearable data.,Non-applicable when no confirmed shift work.,Shift work absent; item not applicable.,qwen3.8-max,0538a08fa4e3298c24a3fd06746cc6c2b9b32bf392d28b5ce6292a60d32c13ae,blinded-annotation-v2-shortrefs
C016,K031,judge_b,0,labeled,No shift work or caffeine data in wearable observations.,Non-applicable when shift work or caffeine use unknown.,Context absent; item not applicable.,qwen3.8-max,0538a08fa4e3298c24a3fd06746cc6c2b9b32bf392d28b5ce6292a60d32c13ae,blinded-annotation-v2-shortrefs
C016,K032,judge_b,0,labeled,All sleep occurs overnight ~22:45-07:00; no shift work indicated.,Non-applicable when only ordinary overnight sleep is recorded.,No daytime sleep or shift work; item not applicable.,qwen3.8-max,0538a08fa4e3298c24a3fd06746cc6c2b9b32bf392d28b5ce6292a60d32c13ae,blinded-annotation-v2-shortrefs
C016,K033,judge_b,0,labeled,No sleep diary; only device-estimated sleep metrics available.,Non-applicable when inventing unrecorded awakenings or naps.,Diary absent; generic advice with no concrete connection.,qwen3.8-max,0538a08fa4e3298c24a3fd06746cc6c2b9b32bf392d28b5ce6292a60d32c13ae,blinded-annotation-v2-shortrefs
C016,K034,judge_b,0,labeled,Sleep duration stable ~470 min/night; no shortened nights observed.,Observable: several shortened nights rather than single isolated reading.,No sleep loss pattern; item conditions not met.,qwen3.8-max,0538a08fa4e3298c24a3fd06746cc6c2b9b32bf392d28b5ce6292a60d32c13ae,blinded-annotation-v2-shortrefs
C016,K035,judge_b,0,labeled,Weekend sleep mean 471.5 min vs weekday 469.15 min baseline; difference <3 min.,Non-applicable when assuming every weekend is a day off.,Minimal weekend/weekday difference; item conditions not meaningfully met.,qwen3.8-max,0538a08fa4e3298c24a3fd06746cc6c2b9b32bf392d28b5ce6292a60d32c13ae,blinded-annotation-v2-shortrefs
C016,K036,judge_b,0,labeled,No nap data recorded in wearable observations.,Non-applicable when no nap information.,Nap context absent; item not applicable.,qwen3.8-max,0538a08fa4e3298c24a3fd06746cc6c2b9b32bf392d28b5ce6292a60d32c13ae,blinded-annotation-v2-shortrefs
C016,K037,judge_b,0,labeled,No reported bad nights or insomnia symptoms; sleep stable ~7.8h.,Non-applicable when only device estimate without reported sleeping difficulty.,No sleeping difficulty reported; item not applicable.,qwen3.8-max,0538a08fa4e3298c24a3fd06746cc6c2b9b32bf392d28b5ce6292a60d32c13ae,blinded-annotation-v2-shortrefs
C016,K038,judge_b,0,labeled,No insomnia symptoms reported; 14-day window only.,Non-applicable when diagnosing insomnia from estimated sleep hours.,No symptom history; item not applicable.,qwen3.8-max,0538a08fa4e3298c24a3fd06746cc6c2b9b32bf392d28b5ce6292a60d32c13ae,blinded-annotation-v2-shortrefs
C016,K039,judge_b,0,labeled,No travel history or time-zone changes in wearable data.,Non-applicable when no travel history.,Travel context absent; item not applicable.,qwen3.8-max,0538a08fa4e3298c24a3fd06746cc6c2b9b32bf392d28b5ce6292a60d32c13ae,blinded-annotation-v2-shortrefs
C016,K040,judge_b,0,labeled,No travel or time-zone change data in wearable observations.,Non-applicable when travel context unknown.,Travel context absent; item not applicable.,qwen3.8-max,0538a08fa4e3298c24a3fd06746cc6c2b9b32bf392d28b5ce6292a60d32c13ae,blinded-annotation-v2-shortrefs
C016,K041,judge_b,0,labeled,Activity duration stable ~55 min/day; steps ~8000/day; no decline observed.,Observable: low or declining movement gives opportunity to add activity.,No low or declining movement pattern; generic advice with no concrete connection.,qwen3.8-max,0538a08fa4e3298c24a3fd06746cc6c2b9b32bf392d28b5ce6292a60d32c13ae,blinded-annotation-v2-shortrefs
C016,K042,judge_b,0,labeled,Activity stable ~55 min/day; no recent inactivity observed.,Observable: recently low or reduced physical activity.,No inactivity pattern; item conditions not met.,qwen3.8-max,0538a08fa4e3298c24a3fd06746cc6c2b9b32bf392d28b5ce6292a60d32c13ae,blinded-annotation-v2-shortrefs
C016,K043,judge_b,0,labeled,Activity intensity unknown; cannot determine moderate-intensity minutes.,Non-applicable when only steps or unspecified active minutes are available.,Intensity unknown; item explicitly non-applicable.,qwen3.8-max,0538a08fa4e3298c24a3fd06746cc6c2b9b32bf392d28b5ce6292a60d32c13ae,blinded-annotation-v2-shortrefs
C016,K044,judge_b,0,labeled,Activity intensity unknown; no vigorous activity documented.,Non-applicable when intensity unknown.,Intensity unknown; item not applicable.,qwen3.8-max,0538a08fa4e3298c24a3fd06746cc6c2b9b32bf392d28b5ce6292a60d32c13ae,blinded-annotation-v2-shortrefs
C016,K045,judge_b,0,labeled,Activity intensity unknown; cannot count guideline minutes.,Non-applicable when assuming every recorded active minute is moderate intensity.,Intensity unknown; item not applicable.,qwen3.8-max,0538a08fa4e3298c24a3fd06746cc6c2b9b32bf392d28b5ce6292a60d32c13ae,blinded-annotation-v2-shortrefs
C016,K046,judge_b,0,labeled,No muscle-strengthening activity records; only steps and active minutes.,Non-applicable when only step or generic movement counts are available.,Strengthening data absent; item explicitly non-applicable.,qwen3.8-max,0538a08fa4e3298c24a3fd06746cc6c2b9b32bf392d28b5ce6292a60d32c13ae,blinded-annotation-v2-shortrefs
C016,K047,judge_b,0,labeled,Activity intensity unknown; weekly moderate/vigorous attainment unverified.,Non-applicable when unknown intensity or unverified guideline attainment.,Intensity unknown; item not applicable.,qwen3.8-max,0538a08fa4e3298c24a3fd06746cc6c2b9b32bf392d28b5ce6292a60d32c13ae,blinded-annotation-v2-shortrefs
C016,K048,judge_b,0,labeled,All activity intensity labeled 'unknown'; no fitness context available.,Non-applicable when inferring intensity from steps alone.,Intensity unknown; item not applicable.,qwen3.8-max,0538a08fa4e3298c24a3fd06746cc6c2b9b32bf392d28b5ce6292a60d32c13ae,blinded-annotation-v2-shortrefs
C016,K049,judge_b,0,labeled,All activity intervals have intensity 'unknown'; no breathing/talk-test data.,Non-applicable when effort or aerobic-activity context is unrecorded.,Intensity unknown; item conditions not met.,qwen3.8-max,0538a08fa4e3298c24a3fd06746cc6c2b9b32bf392d28b5ce6292a60d32c13ae,blinded-annotation-v2-shortrefs
C016,K050,judge_b,1,labeled,Steps ~8000/day stable; activity type unknown beyond 'unknown' intensity.,Observable: steps change while other activity may differ.,Steps may miss non-step exercise; supported contextual connection.,qwen3.8-max,0538a08fa4e3298c24a3fd06746cc6c2b9b32bf392d28b5ce6292a60d32c13ae,blinded-annotation-v2-shortrefs
C016,K051,judge_b,0,labeled,Steps and activity stable; no declining routine movement observed.,Observable: low or declining routine movement.,No movement decline; item conditions not met.,qwen3.8-max,0538a08fa4e3298c24a3fd06746cc6c2b9b32bf392d28b5ce6292a60d32c13ae,blinded-annotation-v2-shortrefs
C016,K052,judge_b,0,labeled,No personal preferences or availability data in wearable observations.,Non-applicable when prescribing unsuitable activity without context.,Preference context absent; generic advice with no concrete connection.,qwen3.8-max,0538a08fa4e3298c24a3fd06746cc6c2b9b32bf392d28b5ce6292a60d32c13ae,blinded-annotation-v2-shortrefs
C016,K053,judge_b,0,labeled,No social preference or motivational barrier data in wearable observations.,Non-applicable when no evidence of motivational or social barrier.,No relevant context; generic advice.,qwen3.8-max,0538a08fa4e3298c24a3fd06746cc6c2b9b32bf392d28b5ce6292a60d32c13ae,blinded-annotation-v2-shortrefs
C016,K054,judge_b,0,labeled,No reported time barrier; activity stable ~55 min/day.,Non-applicable when assuming time barrier from low steps.,No time barrier context; item not applicable.,qwen3.8-max,0538a08fa4e3298c24a3fd06746cc6c2b9b32bf392d28b5ce6292a60d32c13ae,blinded-annotation-v2-shortrefs
C016,K055,judge_b,0,labeled,No competing demands or schedule constraints reported.,Non-applicable when schedule reason is unknown.,Schedule context absent; item not applicable.,qwen3.8-max,0538a08fa4e3298c24a3fd06746cc6c2b9b32bf392d28b5ce6292a60d32c13ae,blinded-annotation-v2-shortrefs
C016,K056,judge_b,0,labeled,No chronic conditions or special health needs in wearable data.,Non-applicable when medical or disability context unknown.,Health context absent; item not applicable.,qwen3.8-max,0538a08fa4e3298c24a3fd06746cc6c2b9b32bf392d28b5ce6292a60d32c13ae,blinded-annotation-v2-shortrefs
C016,K057,judge_b,2,labeled,Window low movement consolidated into three ~2.5h blocks daily vs ten ~45min blocks baseline.,Observable: long uninterrupted daytime low-movement intervals with adequate wear coverage.,Directly explains observed shift to longer continuous low-movement intervals in window.,qwen3.8-max,0538a08fa4e3298c24a3fd06746cc6c2b9b32bf392d28b5ce6292a60d32c13ae,blinded-annotation-v2-shortrefs
C016,K058,judge_b,1,labeled,Activity ~55 min/day coexists with low movement increasing to 480 min/day in window.,Observable: recorded activity coexists with substantial low-movement periods.,Exercise doesn't negate prolonged low movement; supported connection.,qwen3.8-max,0538a08fa4e3298c24a3fd06746cc6c2b9b32bf392d28b5ce6292a60d32c13ae,blinded-annotation-v2-shortrefs
C016,K059,judge_b,1,labeled,Low movement increased from 449 to 480 min/day; total daily accumulation higher.,Observable: substantial or increasing daily low movement.,Increasing low movement makes reducing sitting relevant; supported connection.,qwen3.8-max,0538a08fa4e3298c24a3fd06746cc6c2b9b32bf392d28b5ce6292a60d32c13ae,blinded-annotation-v2-shortrefs
C016,K060,judge_b,0,labeled,No commuting or transport context in wearable data.,Non-applicable when commute unknown.,Commute context absent; item not applicable.,qwen3.8-max,0538a08fa4e3298c24a3fd06746cc6c2b9b32bf392d28b5ce6292a60d32c13ae,blinded-annotation-v2-shortrefs
C016,K061,judge_b,0,labeled,No desk work or workplace layout context in wearable data.,Non-applicable when work context unknown.,Work context absent; item not applicable.,qwen3.8-max,0538a08fa4e3298c24a3fd06746cc6c2b9b32bf392d28b5ce6292a60d32c13ae,blinded-annotation-v2-shortrefs
C016,K062,judge_b,0,labeled,No workplace or meeting context in wearable data.,Non-applicable when no workplace or meeting information.,Work context absent; item not applicable.,qwen3.8-max,0538a08fa4e3298c24a3fd06746cc6c2b9b32bf392d28b5ce6292a60d32c13ae,blinded-annotation-v2-shortrefs
C016,K063,judge_b,0,labeled,No television viewing or screen context in wearable data.,Non-applicable when screen habits unknown.,Screen context absent; item not applicable.,qwen3.8-max,0538a08fa4e3298c24a3fd06746cc6c2b9b32bf392d28b5ce6292a60d32c13ae,blinded-annotation-v2-shortrefs
C016,K064,judge_b,0,labeled,No seated leisure context in wearable data.,Non-applicable when no leisure context.,Leisure context absent; item not applicable.,qwen3.8-max,0538a08fa4e3298c24a3fd06746cc6c2b9b32bf392d28b5ce6292a60d32c13ae,blinded-annotation-v2-shortrefs
C016,K065,judge_b,1,labeled,Steps ~8000/day and activity ~55 min/day recorded alongside low movement periods.,Observable: low everyday movement despite possible formal exercise.,Supports distinguishing everyday movement from formal exercise; contextual connection.,qwen3.8-max,0538a08fa4e3298c24a3fd06746cc6c2b9b32bf392d28b5ce6292a60d32c13ae,blinded-annotation-v2-shortrefs
C016,K066,judge_b,0,labeled,No workday lunch-break context recorded in wearable data.,Non-applicable when unknown workday or lunch-break context.,Work context missing; item conditions not met.,qwen3.8-max,0538a08fa4e3298c24a3fd06746cc6c2b9b32bf392d28b5ce6292a60d32c13ae,blinded-annotation-v2-shortrefs
C016,K067,judge_b,0,labeled,No stair access or mobility context in wearable data.,Non-applicable when mobility limitations or context unknown.,Context absent; generic advice.,qwen3.8-max,0538a08fa4e3298c24a3fd06746cc6c2b9b32bf392d28b5ce6292a60d32c13ae,blinded-annotation-v2-shortrefs
C016,K068,judge_b,2,labeled,Low movement minutes increased from baseline mean 449 to constant 480 in window; no posture data.,Observable: low-movement intervals available without posture measurement.,Directly explains that increased low-movement minutes cannot be confirmed as sitting without posture.,qwen3.8-max,0538a08fa4e3298c24a3fd06746cc6c2b9b32bf392d28b5ce6292a60d32c13ae,blinded-annotation-v2-shortrefs
C016,K069,judge_b,1,labeled,"Activity duration stable (baseline mean 55.3, window 55.3 min); sleep stable.",Observable: activity and sleep patterns available for joint review.,Data available for joint review but no causal link established; general contextual connection.,qwen3.8-max,0538a08fa4e3298c24a3fd06746cc6c2b9b32bf392d28b5ce6292a60d32c13ae,blinded-annotation-v2-shortrefs
C016,K070,judge_b,0,labeled,Daytime activity stable ~55 min; no outdoor exposure data recorded.,Non-applicable when inferring outdoor exposure from movement counts.,Outdoor context absent; item not applicable.,qwen3.8-max,0538a08fa4e3298c24a3fd06746cc6c2b9b32bf392d28b5ce6292a60d32c13ae,blinded-annotation-v2-shortrefs
C016,K071,judge_b,1,labeled,Daily activity intervals 21:00-~21:55; sleep starts ~22:45-22:58; intensity unknown.,Observable: activity occurs close to bedtime; requires intensity knowledge.,Late activity present but intensity unknown; partially applicable contextual connection.,qwen3.8-max,0538a08fa4e3298c24a3fd06746cc6c2b9b32bf392d28b5ce6292a60d32c13ae,blinded-annotation-v2-shortrefs
C016,K072,judge_b,0,labeled,No insomnia symptoms reported; activity near bedtime present but no diagnosis.,Non-applicable when only movement and sleep timestamps are known.,No insomnia context; item not applicable.,qwen3.8-max,0538a08fa4e3298c24a3fd06746cc6c2b9b32bf392d28b5ce6292a60d32c13ae,blinded-annotation-v2-shortrefs
C016,K073,judge_b,1,labeled,Activity intervals recorded daily ~21:00; sleep starts ~22:45-22:58.,Observable: activity timing and subsequent sleep being compared.,Supports recording exercise timing alongside sleep; contextual connection.,qwen3.8-max,0538a08fa4e3298c24a3fd06746cc6c2b9b32bf392d28b5ce6292a60d32c13ae,blinded-annotation-v2-shortrefs
C016,K074,judge_b,0,labeled,No emergency-response deployment context in wearable data.,Non-applicable when emergency-response deployment context unknown.,Deployment context absent; item not applicable.,qwen3.8-max,0538a08fa4e3298c24a3fd06746cc6c2b9b32bf392d28b5ce6292a60d32c13ae,blinded-annotation-v2-shortrefs
C016,K075,judge_b,0,labeled,No subjective energy or tiredness reports in wearable data.,Non-applicable when no tiredness or energy history.,Energy context absent; item not applicable.,qwen3.8-max,0538a08fa4e3298c24a3fd06746cc6c2b9b32bf392d28b5ce6292a60d32c13ae,blinded-annotation-v2-shortrefs
C016,K076,judge_b,0,labeled,"No substance, medication, or caffeine records in wearable data.",Non-applicable when assuming unrecorded exposures occurred.,Substance context absent; cannot apply item.,qwen3.8-max,0538a08fa4e3298c24a3fd06746cc6c2b9b32bf392d28b5ce6292a60d32c13ae,blinded-annotation-v2-shortrefs
C016,K077,judge_b,1,labeled,RHR recorded daily 55-57 bpm during rest periods.,Observable: resting heart rate observations available.,Defines RHR measurement context; supported connection.,qwen3.8-max,0538a08fa4e3298c24a3fd06746cc6c2b9b32bf392d28b5ce6292a60d32c13ae,blinded-annotation-v2-shortrefs
C016,K078,judge_b,1,labeled,Daily RHR 55-57 bpm recorded; sleeping HR not separately provided.,Observable: daily resting heart-rate trend being interpreted.,Clarifies RHR vs sleeping HR distinction; supported connection.,qwen3.8-max,0538a08fa4e3298c24a3fd06746cc6c2b9b32bf392d28b5ce6292a60d32c13ae,blinded-annotation-v2-shortrefs
C016,K079,judge_b,1,labeled,RHR stable 55-57 bpm; no exposure/symptom data to attribute cause.,Observable: RHR changes relative to previous readings; requires exposure info.,Explains RHR has multiple influences; supported contextual connection.,qwen3.8-max,0538a08fa4e3298c24a3fd06746cc6c2b9b32bf392d28b5ce6292a60d32c13ae,blinded-annotation-v2-shortrefs
C016,K080,judge_b,1,labeled,HRV RMSSD and RHR both recorded nightly; distinct metrics.,Observable: HRV and heart-rate estimates interpreted together.,Clarifies HRV vs heart rate distinction; supported contextual connection.,qwen3.8-max,0538a08fa4e3298c24a3fd06746cc6c2b9b32bf392d28b5ce6292a60d32c13ae,blinded-annotation-v2-shortrefs
C016,K081,judge_b,2,labeled,HRV RMSSD stable 43-47 ms over 42 days; personal baseline established.,Observable: HRV level or trend being reviewed; requires personal history.,Directly explains HRV interpretation requires personal context; core relevance.,qwen3.8-max,0538a08fa4e3298c24a3fd06746cc6c2b9b32bf392d28b5ce6292a60d32c13ae,blinded-annotation-v2-shortrefs
C016,K082,judge_b,1,labeled,28-day baseline and 14-day window provide personal trend data for all vitals.,Observable: vital changed from recent personal baseline; requires sufficient history.,Personal range context supported by available baseline data.,qwen3.8-max,0538a08fa4e3298c24a3fd06746cc6c2b9b32bf392d28b5ce6292a60d32c13ae,blinded-annotation-v2-shortrefs
C016,K083,judge_b,1,labeled,RHR stable at 55-57 bpm over 42 days of repeated readings.,Observable: repeated resting heart-rate readings available.,Supports reviewing RHR over multiple days; contextual connection.,qwen3.8-max,0538a08fa4e3298c24a3fd06746cc6c2b9b32bf392d28b5ce6292a60d32c13ae,blinded-annotation-v2-shortrefs
C016,K084,judge_b,2,labeled,"HRV RMSSD mean 45.4 baseline, 45.6 window; stable trend over 42 days.",Observable: HRV trend available for wellness monitoring; non-applicable for diagnosis.,"Directly explains HRV is wellness observation, not diagnostic; core relevance to stable HRV data.",qwen3.8-max,0538a08fa4e3298c24a3fd06746cc6c2b9b32bf392d28b5ce6292a60d32c13ae,blinded-annotation-v2-shortrefs
C016,K085,judge_b,1,labeled,HRV recorded as hrv_rmssd_ms; metric definition specified in metadata.,Observable: HRV records identify RMSSD as their metric.,Confirms RMSSD metric used; supported contextual connection.,qwen3.8-max,0538a08fa4e3298c24a3fd06746cc6c2b9b32bf392d28b5ce6292a60d32c13ae,blinded-annotation-v2-shortrefs
C016,K086,judge_b,1,labeled,HRV RMSSD recorded nightly; nighttime coverage >480 min each night.,Observable: overnight HRV estimates being compared; requires sleep coverage.,Explains HRV collection requirements; supported connection.,qwen3.8-max,0538a08fa4e3298c24a3fd06746cc6c2b9b32bf392d28b5ce6292a60d32c13ae,blinded-annotation-v2-shortrefs
C016,K087,judge_b,0,labeled,Only sleep duration and timing recorded; no sleep-stage data available.,Non-applicable when only sleep duration and timing are available.,Sleep stages absent; item explicitly non-applicable.,qwen3.8-max,0538a08fa4e3298c24a3fd06746cc6c2b9b32bf392d28b5ce6292a60d32c13ae,blinded-annotation-v2-shortrefs
C016,K088,judge_b,0,labeled,No health concerns or symptoms reported in wearable data.,Non-applicable when declaring emergency from relative trend without clinical context.,No reported concerns; generic advice.,qwen3.8-max,0538a08fa4e3298c24a3fd06746cc6c2b9b32bf392d28b5ce6292a60d32c13ae,blinded-annotation-v2-shortrefs
C016,K089,judge_b,0,labeled,RHR stable 55-57 bpm; no wear quality issues indicated.,Non-applicable when assuming fit problems when no evidence exists.,No evidence of fit issues; item not triggered.,qwen3.8-max,0538a08fa4e3298c24a3fd06746cc6c2b9b32bf392d28b5ce6292a60d32c13ae,blinded-annotation-v2-shortrefs
C016,K090,judge_b,0,labeled,Nighttime coverage >480 min every night; no missing overnight vitals.,Observable: overnight vitals have missing readings or uncertain coverage.,Full coverage; item conditions not triggered.,qwen3.8-max,0538a08fa4e3298c24a3fd06746cc6c2b9b32bf392d28b5ce6292a60d32c13ae,blinded-annotation-v2-shortrefs
C016,K091,judge_b,0,labeled,All vitals present every day; nighttime coverage >480 min (>85% of sleep opportunity).,Observable: vital missing with limited night-time data.,No missing vitals; item conditions not triggered.,qwen3.8-max,0538a08fa4e3298c24a3fd06746cc6c2b9b32bf392d28b5ce6292a60d32c13ae,blinded-annotation-v2-shortrefs
C016,K092,judge_b,0,labeled,No missing vitals; all metrics recorded daily with full coverage.,Observable: vitals missing or delayed.,No missing data; item conditions not triggered.,qwen3.8-max,0538a08fa4e3298c24a3fd06746cc6c2b9b32bf392d28b5ce6292a60d32c13ae,blinded-annotation-v2-shortrefs
C016,K093,judge_b,0,labeled,Single synthetic device used throughout; no device switch indicated.,Non-applicable when assuming device switch in documented same-device series.,No device change; item not applicable.,qwen3.8-max,0538a08fa4e3298c24a3fd06746cc6c2b9b32bf392d28b5ce6292a60d32c13ae,blinded-annotation-v2-shortrefs
C016,K094,judge_b,1,labeled,Sleep duration estimated from device; sleep start/end timestamps recorded.,Observable: device-estimated sleep duration and boundaries available.,Contextualizes that estimated sleep differs from full period; supported connection.,qwen3.8-max,0538a08fa4e3298c24a3fd06746cc6c2b9b32bf392d28b5ce6292a60d32c13ae,blinded-annotation-v2-shortrefs
C016,K095,judge_b,0,labeled,Nighttime coverage >480 min every night; no missing sleep observations.,Observable: sleep readings absent with non-wear or incomplete coverage.,No missing sleep data; item conditions not triggered.,qwen3.8-max,0538a08fa4e3298c24a3fd06746cc6c2b9b32bf392d28b5ce6292a60d32c13ae,blinded-annotation-v2-shortrefs
C016,K096,judge_b,1,labeled,Steps ~8000/day stable; arm swing/wear context unknown.,Observable: step readings change with possible measurement limitations.,Explains step counting limitations; supported contextual connection.,qwen3.8-max,0538a08fa4e3298c24a3fd06746cc6c2b9b32bf392d28b5ce6292a60d32c13ae,blinded-annotation-v2-shortrefs
C017,K001,judge_b,2,labeled,Age band 18-60; sleep ~475 min (~7.9h) nightly across all 42 days.,Requires age band 18-60 and sleep below seven hours.,Directly applies age-specific recommendation; observed sleep meets the >=7h threshold.,qwen3.8-max,f178bb6c0e68d8d28b7c0546ea8ebcc874de1f571d88bdd7c282f3b36a581d1f,blinded-annotation-v2-shortrefs
C017,K002,judge_b,0,labeled,"Age band is 18-60, not 61-64.",Requires age 61 to 64 established.,Other age group; non-applicable condition met.,qwen3.8-max,f178bb6c0e68d8d28b7c0546ea8ebcc874de1f571d88bdd7c282f3b36a581d1f,blinded-annotation-v2-shortrefs
C017,K003,judge_b,0,labeled,"Age band is 18-60, not 65+.",Requires age at least 65 established.,Age below 65; non-applicable condition met.,qwen3.8-max,f178bb6c0e68d8d28b7c0546ea8ebcc874de1f571d88bdd7c282f3b36a581d1f,blinded-annotation-v2-shortrefs
C017,K004,judge_b,0,labeled,"Age band is 18-60, not 13-17.",Requires teenage age group established.,Adults; non-applicable condition met.,qwen3.8-max,f178bb6c0e68d8d28b7c0546ea8ebcc874de1f571d88bdd7c282f3b36a581d1f,blinded-annotation-v2-shortrefs
C017,K005,judge_b,0,labeled,Sleep duration consistently ~475 min nightly with no evidence of shortage.,Requires repeatedly shortened sleep opportunity or duration.,No insufficient sleep evidence; non-applicable condition met.,qwen3.8-max,f178bb6c0e68d8d28b7c0546ea8ebcc874de1f571d88bdd7c282f3b36a581d1f,blinded-annotation-v2-shortrefs
C017,K006,judge_b,0,labeled,Sleep ~475 min (~7.9h) meets adult recommendation; not short.,Requires consistently short sleep even without new decline.,Sleep duration is sufficient; non-applicable condition met.,qwen3.8-max,f178bb6c0e68d8d28b7c0546ea8ebcc874de1f571d88bdd7c282f3b36a581d1f,blinded-annotation-v2-shortrefs
C017,K007,judge_b,1,labeled,Sleep duration ~475 min recorded; no awakenings or subjective quality data.,"Requires sleep-onset difficulty, awakenings, or refreshment to establish quality concern.",Duration alone does not establish quality; contextual reminder for interpretation.,qwen3.8-max,f178bb6c0e68d8d28b7c0546ea8ebcc874de1f571d88bdd7c282f3b36a581d1f,blinded-annotation-v2-shortrefs
C017,K008,judge_b,0,labeled,"Only sleep duration, start, and end recorded; no awakening data.",Requires awakening history or measured sleep continuity.,Only duration and start/end available; non-applicable condition met.,qwen3.8-max,f178bb6c0e68d8d28b7c0546ea8ebcc874de1f571d88bdd7c282f3b36a581d1f,blinded-annotation-v2-shortrefs
C017,K009,judge_b,0,labeled,"Sleep ~475 min (~7.9h), under eight hours; no refreshment data.",Requires more than eight hours sleep with reported lack of refreshment.,Sleep under eight hours and no refreshment info; non-applicable condition met.,qwen3.8-max,f178bb6c0e68d8d28b7c0546ea8ebcc874de1f571d88bdd7c282f3b36a581d1f,blinded-annotation-v2-shortrefs
C017,K010,judge_b,0,labeled,Sleep ~475 min nightly; no repeated sleep restriction.,Requires repeatedly shortened sleep and symptoms for impairment claim.,No sleep restriction observed; non-applicable condition met.,qwen3.8-max,f178bb6c0e68d8d28b7c0546ea8ebcc874de1f571d88bdd7c282f3b36a581d1f,blinded-annotation-v2-shortrefs
C017,K011,judge_b,0,labeled,"Sleep duration mean 475.5 min baseline, 475.1 min window; no shortened nights.",Requires several nights of reduced sleep duration.,No repeated sleep restriction observed; non-applicable condition met.,qwen3.8-max,f178bb6c0e68d8d28b7c0546ea8ebcc874de1f571d88bdd7c282f3b36a581d1f,blinded-annotation-v2-shortrefs
C017,K012,judge_b,0,labeled,Sleep duration ~475 min nightly; no ongoing insufficient sleep.,Requires ongoing insufficient sleep.,No insufficient sleep observed; non-applicable condition met.,qwen3.8-max,f178bb6c0e68d8d28b7c0546ea8ebcc874de1f571d88bdd7c282f3b36a581d1f,blinded-annotation-v2-shortrefs
C017,K013,judge_b,0,labeled,Sleep ~475 min nightly; no repeated insufficient sleep.,Requires repeated insufficient sleep.,No insufficient sleep observed; non-applicable condition met.,qwen3.8-max,f178bb6c0e68d8d28b7c0546ea8ebcc874de1f571d88bdd7c282f3b36a581d1f,blinded-annotation-v2-shortrefs
C017,K014,judge_b,0,labeled,No sleepiness reports or driving context in wearable data.,Requires sleepiness and driving plans.,Sleepiness and driving unknown; non-applicable condition met.,qwen3.8-max,f178bb6c0e68d8d28b7c0546ea8ebcc874de1f571d88bdd7c282f3b36a581d1f,blinded-annotation-v2-shortrefs
C017,K015,judge_b,1,labeled,Sleep ~475 min nightly for adult aged 18-60.,Applies when adult sleep duration is being reviewed.,Contextualizes individual variation in sleep needs for this age group.,qwen3.8-max,f178bb6c0e68d8d28b7c0546ea8ebcc874de1f571d88bdd7c282f3b36a581d1f,blinded-annotation-v2-shortrefs
C017,K016,judge_b,0,labeled,Only 14-day window of stable sleep data without reported symptoms.,Requires months-long sleeping difficulties or failed habit changes.,Brief duration record without reported problems; non-applicable condition met.,qwen3.8-max,f178bb6c0e68d8d28b7c0546ea8ebcc874de1f571d88bdd7c282f3b36a581d1f,blinded-annotation-v2-shortrefs
C017,K017,judge_b,0,labeled,Sleep start/end variance is 0.0 across all 42 days.,Requires repeated variability in bedtime or wake time.,Stable schedule; non-applicable condition met per stable-sleep rule.,qwen3.8-max,f178bb6c0e68d8d28b7c0546ea8ebcc874de1f571d88bdd7c282f3b36a581d1f,blinded-annotation-v2-shortrefs
C017,K018,judge_b,0,labeled,Wake time is exactly 09:00 daily with zero variance; no insomnia reported.,Requires inconsistent wake time with reported sleeping difficulties.,Wake time perfectly consistent; no insomnia evidence; non-applicable condition met.,qwen3.8-max,f178bb6c0e68d8d28b7c0546ea8ebcc874de1f571d88bdd7c282f3b36a581d1f,blinded-annotation-v2-shortrefs
C017,K019,judge_b,0,labeled,Sleep start/end identical on weekdays and weekends (variance 0.0).,Requires bedtime or wake time differing substantially between weekdays and weekends.,Weekday and weekend sleep times are similar; non-applicable condition met.,qwen3.8-max,f178bb6c0e68d8d28b7c0546ea8ebcc874de1f571d88bdd7c282f3b36a581d1f,blinded-annotation-v2-shortrefs
C017,K020,judge_b,0,labeled,Sleep starts 01:00 but no pre-bed activity information recorded.,Requires information about pre-bed activities for targeted advice.,Timestamps alone do not reveal pre-bed activities; non-applicable condition met.,qwen3.8-max,f178bb6c0e68d8d28b7c0546ea8ebcc874de1f571d88bdd7c282f3b36a581d1f,blinded-annotation-v2-shortrefs
C017,K021,judge_b,0,labeled,No screen or light exposure data in wearable observations.,Requires known bright-screen exposure shortly before bed.,Exposure unknown; non-applicable condition met.,qwen3.8-max,f178bb6c0e68d8d28b7c0546ea8ebcc874de1f571d88bdd7c282f3b36a581d1f,blinded-annotation-v2-shortrefs
C017,K022,judge_b,0,labeled,No caffeine timing or intake data in wearable observations.,Requires caffeine timing and intake.,No caffeine history; non-applicable condition met.,qwen3.8-max,f178bb6c0e68d8d28b7c0546ea8ebcc874de1f571d88bdd7c282f3b36a581d1f,blinded-annotation-v2-shortrefs
C017,K023,judge_b,0,labeled,No meal timing or size data in wearable observations.,Requires known large meal shortly before bed.,Meal information unknown; non-applicable condition met.,qwen3.8-max,f178bb6c0e68d8d28b7c0546ea8ebcc874de1f571d88bdd7c282f3b36a581d1f,blinded-annotation-v2-shortrefs
C017,K024,judge_b,0,labeled,No alcohol intake or timing data in wearable observations.,Requires alcohol use near bedtime reported.,Alcohol exposure unknown; non-applicable condition met.,qwen3.8-max,f178bb6c0e68d8d28b7c0546ea8ebcc874de1f571d88bdd7c282f3b36a581d1f,blinded-annotation-v2-shortrefs
C017,K025,judge_b,0,labeled,No nicotine use data in wearable observations.,Requires nicotine exposure.,Nicotine use unknown; non-applicable condition met.,qwen3.8-max,f178bb6c0e68d8d28b7c0546ea8ebcc874de1f571d88bdd7c282f3b36a581d1f,blinded-annotation-v2-shortrefs
C017,K026,judge_b,0,labeled,No bedroom environment data in wearable observations.,"Requires bedroom light, noise, or temperature.",Environment unknown; non-applicable condition met.,qwen3.8-max,f178bb6c0e68d8d28b7c0546ea8ebcc874de1f571d88bdd7c282f3b36a581d1f,blinded-annotation-v2-shortrefs
C017,K027,judge_b,0,labeled,No pre-bed routine or relaxation difficulty reported.,Requires reported difficulty relaxing or request for routine options.,Optional practice without specific need; non-applicable condition met.,qwen3.8-max,f178bb6c0e68d8d28b7c0546ea8ebcc874de1f571d88bdd7c282f3b36a581d1f,blinded-annotation-v2-shortrefs
C017,K028,judge_b,0,labeled,No nap data recorded in wearable observations.,Requires nap duration or night-time sleep-onset difficulty.,Nap history unknown; non-applicable condition met.,qwen3.8-max,f178bb6c0e68d8d28b7c0546ea8ebcc874de1f571d88bdd7c282f3b36a581d1f,blinded-annotation-v2-shortrefs
C017,K029,judge_b,0,labeled,No shift work schedule information in wearable data.,Requires confirmed shift-work schedule.,Shift work unknown; non-applicable condition met.,qwen3.8-max,f178bb6c0e68d8d28b7c0546ea8ebcc874de1f571d88bdd7c282f3b36a581d1f,blinded-annotation-v2-shortrefs
C017,K030,judge_b,0,labeled,No shift work schedule information in wearable data.,Requires confirmed shift work.,Shift work unknown; non-applicable condition met.,qwen3.8-max,f178bb6c0e68d8d28b7c0546ea8ebcc874de1f571d88bdd7c282f3b36a581d1f,blinded-annotation-v2-shortrefs
C017,K031,judge_b,0,labeled,No shift work or caffeine data in wearable observations.,Requires shift schedule and caffeine intake.,Shift work and caffeine unknown; non-applicable condition met.,qwen3.8-max,f178bb6c0e68d8d28b7c0546ea8ebcc874de1f571d88bdd7c282f3b36a581d1f,blinded-annotation-v2-shortrefs
C017,K032,judge_b,0,labeled,Sleep occurs 01:00-09:00 nightly; no daytime sleep or shift work.,Requires shift work and daytime sleep.,Only ordinary overnight sleep recorded; non-applicable condition met.,qwen3.8-max,f178bb6c0e68d8d28b7c0546ea8ebcc874de1f571d88bdd7c282f3b36a581d1f,blinded-annotation-v2-shortrefs
C017,K033,judge_b,0,labeled,Sleep start/end times are perfectly stable at 01:00/09:00 across all 42 days.,Requires a changed or variable sleep pattern needing review.,No sleep variability observed; generic diary advice not specifically informative.,qwen3.8-max,f178bb6c0e68d8d28b7c0546ea8ebcc874de1f571d88bdd7c282f3b36a581d1f,blinded-annotation-v2-shortrefs
C017,K034,judge_b,0,labeled,Sleep ~475 min nightly; no shortened nights observed.,Requires several shortened nights rather than isolated reading.,No repeated sleep loss; non-applicable condition met.,qwen3.8-max,f178bb6c0e68d8d28b7c0546ea8ebcc874de1f571d88bdd7c282f3b36a581d1f,blinded-annotation-v2-shortrefs
C017,K035,judge_b,0,labeled,Sleep start/end identical on weekdays and weekends (01:00/09:00).,Requires longer sleep and later timing on days off.,Weekday and weekend sleep times are similar; non-applicable condition met.,qwen3.8-max,f178bb6c0e68d8d28b7c0546ea8ebcc874de1f571d88bdd7c282f3b36a581d1f,blinded-annotation-v2-shortrefs
C017,K036,judge_b,0,labeled,No nap data recorded in wearable observations.,Requires recorded naps.,Nap information absent; non-applicable condition met.,qwen3.8-max,f178bb6c0e68d8d28b7c0546ea8ebcc874de1f571d88bdd7c282f3b36a581d1f,blinded-annotation-v2-shortrefs
C017,K037,judge_b,0,labeled,No reported bad nights or insomnia symptoms; sleep is stable.,Requires reported bad sleep or insomnia symptoms.,Only device estimate without reported difficulty; non-applicable condition met.,qwen3.8-max,f178bb6c0e68d8d28b7c0546ea8ebcc874de1f571d88bdd7c282f3b36a581d1f,blinded-annotation-v2-shortrefs
C017,K038,judge_b,0,labeled,No reported sleeping difficulties; only 14-day window of stable sleep.,Requires symptom history and onset.,Diagnosing insomnia from estimated hours is non-applicable.,qwen3.8-max,f178bb6c0e68d8d28b7c0546ea8ebcc874de1f571d88bdd7c282f3b36a581d1f,blinded-annotation-v2-shortrefs
C017,K039,judge_b,0,labeled,No travel history or timezone changes; timezone fixed Asia/Shanghai.,"Requires confirmed travel, destination time zone, and trip duration.",No travel history; non-applicable condition met.,qwen3.8-max,f178bb6c0e68d8d28b7c0546ea8ebcc874de1f571d88bdd7c282f3b36a581d1f,blinded-annotation-v2-shortrefs
C017,K040,judge_b,0,labeled,No travel or trip data in wearable observations.,Requires trip duration and time-zone change.,Travel context unknown; non-applicable condition met.,qwen3.8-max,f178bb6c0e68d8d28b7c0546ea8ebcc874de1f571d88bdd7c282f3b36a581d1f,blinded-annotation-v2-shortrefs
C017,K041,judge_b,0,labeled,Activity ~54 min/day; intensity unknown for guideline compliance.,Requires intensity information to count recommended aerobic minutes.,Cannot equate steps directly with guideline compliance; generic background.,qwen3.8-max,f178bb6c0e68d8d28b7c0546ea8ebcc874de1f571d88bdd7c282f3b36a581d1f,blinded-annotation-v2-shortrefs
C017,K042,judge_b,0,labeled,Activity ~54 min/day consistently; no recently low or reduced activity.,Requires recently low or reduced physical activity.,No inactivity observed; non-applicable condition met.,qwen3.8-max,f178bb6c0e68d8d28b7c0546ea8ebcc874de1f571d88bdd7c282f3b36a581d1f,blinded-annotation-v2-shortrefs
C017,K043,judge_b,0,labeled,Activity intensity unknown across all 42 days of observations.,Requires known activity intensity.,Only unspecified active minutes available; non-applicable condition met.,qwen3.8-max,f178bb6c0e68d8d28b7c0546ea8ebcc874de1f571d88bdd7c282f3b36a581d1f,blinded-annotation-v2-shortrefs
C017,K044,judge_b,0,labeled,All activity intervals have unknown intensity; no vigorous activity documented.,Requires known vigorous intensity.,Intensity unknown; non-applicable condition met.,qwen3.8-max,f178bb6c0e68d8d28b7c0546ea8ebcc874de1f571d88bdd7c282f3b36a581d1f,blinded-annotation-v2-shortrefs
C017,K045,judge_b,0,labeled,Activity intensity unknown; cannot count guideline minutes.,Requires intensity for counting guideline minutes.,Assuming every active minute is moderate is non-applicable.,qwen3.8-max,f178bb6c0e68d8d28b7c0546ea8ebcc874de1f571d88bdd7c282f3b36a581d1f,blinded-annotation-v2-shortrefs
C017,K046,judge_b,0,labeled,Activity intensity is unknown; only steps and active minutes recorded.,Requires strengthening activity records including days and muscle groups.,No strengthening data available; non-applicable condition met.,qwen3.8-max,f178bb6c0e68d8d28b7c0546ea8ebcc874de1f571d88bdd7c282f3b36a581d1f,blinded-annotation-v2-shortrefs
C017,K047,judge_b,0,labeled,Activity intensity unknown; weekly guideline attainment unverified.,Requires known intensity and weekly duration.,Unknown intensity prevents application; non-applicable condition met.,qwen3.8-max,f178bb6c0e68d8d28b7c0546ea8ebcc874de1f571d88bdd7c282f3b36a581d1f,blinded-annotation-v2-shortrefs
C017,K048,judge_b,1,labeled,All activity intervals have intensity labeled 'unknown' across 42 days.,Requires fitness or perceived effort to assign intensity.,Directly explains why unknown-intensity activity cannot be classified as moderate or vigorous.,qwen3.8-max,f178bb6c0e68d8d28b7c0546ea8ebcc874de1f571d88bdd7c282f3b36a581d1f,blinded-annotation-v2-shortrefs
C017,K049,judge_b,0,labeled,No breathing or talk-test observation; activity intensity unknown.,Requires an aerobic activity and breathing or talk-test observation.,Effort context unrecorded; non-applicable condition met.,qwen3.8-max,f178bb6c0e68d8d28b7c0546ea8ebcc874de1f571d88bdd7c282f3b36a581d1f,blinded-annotation-v2-shortrefs
C017,K050,judge_b,1,labeled,Steps ~7900/day with ~54 min activity of unknown intensity daily.,Applies when steps change while other activity may differ.,Relevant caution that steps alone may miss non-step exercise intensity.,qwen3.8-max,f178bb6c0e68d8d28b7c0546ea8ebcc874de1f571d88bdd7c282f3b36a581d1f,blinded-annotation-v2-shortrefs
C017,K051,judge_b,0,labeled,Steps ~7900/day consistently; no declining routine movement.,Requires low or declining routine movement.,No decline observed; generic advice not specifically informative.,qwen3.8-max,f178bb6c0e68d8d28b7c0546ea8ebcc874de1f571d88bdd7c282f3b36a581d1f,blinded-annotation-v2-shortrefs
C017,K052,judge_b,0,labeled,No personal preferences or availability data in wearable observations.,Requires personal preferences and availability for choosing options.,Generic planning advice without individual context; non-applicable condition met.,qwen3.8-max,f178bb6c0e68d8d28b7c0546ea8ebcc874de1f571d88bdd7c282f3b36a581d1f,blinded-annotation-v2-shortrefs
C017,K053,judge_b,0,labeled,No social preferences or motivational barriers reported.,Requires social preferences or reported motivational barrier.,No evidence of motivational barrier; non-applicable condition met.,qwen3.8-max,f178bb6c0e68d8d28b7c0546ea8ebcc874de1f571d88bdd7c282f3b36a581d1f,blinded-annotation-v2-shortrefs
C017,K054,judge_b,0,labeled,"Steps ~7900/day, activity ~54 min/day; no reported time barrier.",Requires low activity with a reported time barrier.,No time barrier reported; non-applicable condition met.,qwen3.8-max,f178bb6c0e68d8d28b7c0546ea8ebcc874de1f571d88bdd7c282f3b36a581d1f,blinded-annotation-v2-shortrefs
C017,K055,judge_b,0,labeled,No schedule constraints or competing demands reported.,Requires schedule constraints.,Schedule reason unknown; non-applicable condition met.,qwen3.8-max,f178bb6c0e68d8d28b7c0546ea8ebcc874de1f571d88bdd7c282f3b36a581d1f,blinded-annotation-v2-shortrefs
C017,K056,judge_b,0,labeled,No chronic condition or disability information in wearable data.,Requires relevant health condition and activity safety history.,Medical context unknown; non-applicable condition met.,qwen3.8-max,f178bb6c0e68d8d28b7c0546ea8ebcc874de1f571d88bdd7c282f3b36a581d1f,blinded-annotation-v2-shortrefs
C017,K057,judge_b,1,labeled,"Low movement intervals ~45 min each, repeated 10 times daily 10:00-18:25.",Requires long uninterrupted daytime low-movement intervals with adequate wear.,Intervals are ~45 min with 5-min breaks; relevant but not confirmed sitting.,qwen3.8-max,f178bb6c0e68d8d28b7c0546ea8ebcc874de1f571d88bdd7c282f3b36a581d1f,blinded-annotation-v2-shortrefs
C017,K058,judge_b,1,labeled,Activity ~54 min/day coexists with low movement ~449 min/day.,Requires recorded activity coexisting with substantial low-movement periods.,"Relevant caution, but low movement is not confirmed sitting per guidelines.",qwen3.8-max,f178bb6c0e68d8d28b7c0546ea8ebcc874de1f571d88bdd7c282f3b36a581d1f,blinded-annotation-v2-shortrefs
C017,K059,judge_b,1,labeled,Low movement ~449 min/day across baseline and window periods.,Requires substantial or increasing daily low movement.,"Substantial low movement present, but device low movement is not confirmed sitting.",qwen3.8-max,f178bb6c0e68d8d28b7c0546ea8ebcc874de1f571d88bdd7c282f3b36a581d1f,blinded-annotation-v2-shortrefs
C017,K060,judge_b,0,labeled,No commute or transport context in wearable data.,"Requires transport, mobility, and safety context.",Commute unknown; non-applicable condition met.,qwen3.8-max,f178bb6c0e68d8d28b7c0546ea8ebcc874de1f571d88bdd7c282f3b36a581d1f,blinded-annotation-v2-shortrefs
C017,K061,judge_b,0,labeled,No workplace layout or desk work context in data.,Requires workplace layout and ability to walk.,Work context unknown; non-applicable condition met.,qwen3.8-max,f178bb6c0e68d8d28b7c0546ea8ebcc874de1f571d88bdd7c282f3b36a581d1f,blinded-annotation-v2-shortrefs
C017,K062,judge_b,0,labeled,No workplace or meeting context in wearable data.,Requires meetings or desk work involving prolonged sitting.,Workplace context unknown; non-applicable condition met.,qwen3.8-max,f178bb6c0e68d8d28b7c0546ea8ebcc874de1f571d88bdd7c282f3b36a581d1f,blinded-annotation-v2-shortrefs
C017,K063,judge_b,0,labeled,No television-viewing context in wearable data.,Requires television-viewing context.,Screen habits unknown; non-applicable condition met.,qwen3.8-max,f178bb6c0e68d8d28b7c0546ea8ebcc874de1f571d88bdd7c282f3b36a581d1f,blinded-annotation-v2-shortrefs
C017,K064,judge_b,0,labeled,No leisure context or seated habits data in wearable observations.,"Requires routine, preferences, and mobility.",No leisure context; non-applicable condition met.,qwen3.8-max,f178bb6c0e68d8d28b7c0546ea8ebcc874de1f571d88bdd7c282f3b36a581d1f,blinded-annotation-v2-shortrefs
C017,K065,judge_b,1,labeled,Daily activity duration ~50-60 min with ~7600-8400 steps across baseline and window.,Applies when low everyday movement despite possible formal exercise.,"Supports interpreting daily movement beyond formal exercise, though no decline observed.",qwen3.8-max,f178bb6c0e68d8d28b7c0546ea8ebcc874de1f571d88bdd7c282f3b36a581d1f,blinded-annotation-v2-shortrefs
C017,K066,judge_b,0,labeled,No workday lunch-break context in wearable data.,Requires workday lunch-break access and mobility.,Unknown workday context; non-applicable condition met.,qwen3.8-max,f178bb6c0e68d8d28b7c0546ea8ebcc874de1f571d88bdd7c282f3b36a581d1f,blinded-annotation-v2-shortrefs
C017,K067,judge_b,0,labeled,No stair access or mobility context in wearable data.,Requires stair access and safe mobility.,Context unknown; non-applicable condition met.,qwen3.8-max,f178bb6c0e68d8d28b7c0546ea8ebcc874de1f571d88bdd7c282f3b36a581d1f,blinded-annotation-v2-shortrefs
C017,K068,judge_b,2,labeled,Low movement ~449 min/day recorded without posture measurement.,Requires low-movement intervals without posture measurement.,Directly explains that device low movement is not confirmed sitting behavior.,qwen3.8-max,f178bb6c0e68d8d28b7c0546ea8ebcc874de1f571d88bdd7c282f3b36a581d1f,blinded-annotation-v2-shortrefs
C017,K069,judge_b,1,labeled,Activity ~54 min/day and sleep ~475 min/day available for joint review.,Applies when activity and sleep patterns are available for joint review.,General benefit statement; cannot declare causal effect from paired observations.,qwen3.8-max,f178bb6c0e68d8d28b7c0546ea8ebcc874de1f571d88bdd7c282f3b36a581d1f,blinded-annotation-v2-shortrefs
C017,K070,judge_b,0,labeled,Daytime activity ~54 min/day; no outdoor access data.,Requires outdoor access and mobility for a specific plan.,General routine advice; cannot infer outdoor exposure from movement counts.,qwen3.8-max,f178bb6c0e68d8d28b7c0546ea8ebcc874de1f571d88bdd7c282f3b36a581d1f,blinded-annotation-v2-shortrefs
C017,K071,judge_b,1,labeled,"Activity intervals occur 21:00-~22:00 daily, 7-8 hours before 01:00 sleep start.",Requires activity close to bedtime with known intensity.,Late activity present but intensity unknown and timing not within one hour of bed.,qwen3.8-max,f178bb6c0e68d8d28b7c0546ea8ebcc874de1f571d88bdd7c282f3b36a581d1f,blinded-annotation-v2-shortrefs
C017,K072,judge_b,0,labeled,Activity 21:00-~22:00; no reported insomnia symptoms.,Requires exercise and insomnia symptom history.,Only movement and sleep timestamps known; non-applicable condition met.,qwen3.8-max,f178bb6c0e68d8d28b7c0546ea8ebcc874de1f571d88bdd7c282f3b36a581d1f,blinded-annotation-v2-shortrefs
C017,K073,judge_b,1,labeled,Activity intervals 21:00-~22:00; sleep starts 01:00 next calendar day.,Requires activity intervals for timing comparisons.,Supports recording exercise timing alongside sleep for temporal context review.,qwen3.8-max,f178bb6c0e68d8d28b7c0546ea8ebcc874de1f571d88bdd7c282f3b36a581d1f,blinded-annotation-v2-shortrefs
C017,K074,judge_b,0,labeled,No emergency-response deployment context in wearable data.,Requires confirmed emergency-response deployment context.,Deployment context unknown; non-applicable condition met.,qwen3.8-max,f178bb6c0e68d8d28b7c0546ea8ebcc874de1f571d88bdd7c282f3b36a581d1f,blinded-annotation-v2-shortrefs
C017,K075,judge_b,0,labeled,No subjective energy or tiredness reports in wearable data.,Requires subjective energy pattern and availability.,No tiredness history; non-applicable condition met.,qwen3.8-max,f178bb6c0e68d8d28b7c0546ea8ebcc874de1f571d88bdd7c282f3b36a581d1f,blinded-annotation-v2-shortrefs
C017,K076,judge_b,0,labeled,No substance or medication history in wearable data.,Requires substance and medication history for causal interpretation.,Assuming unrecorded exposures is non-applicable; no temporal relationship to interpret.,qwen3.8-max,f178bb6c0e68d8d28b7c0546ea8ebcc874de1f571d88bdd7c282f3b36a581d1f,blinded-annotation-v2-shortrefs
C017,K077,judge_b,2,labeled,RHR recorded daily (55-57 bpm) with metadata defining nocturnal RHR.,Applies when resting heart rate observations are available.,Directly explains the RHR metric definition used in these observations.,qwen3.8-max,f178bb6c0e68d8d28b7c0546ea8ebcc874de1f571d88bdd7c282f3b36a581d1f,blinded-annotation-v2-shortrefs
C017,K078,judge_b,2,labeled,RHR recorded as daily metric; metadata defines nocturnal RHR separately.,Requires the heart-rate measure and collection context known.,Directly explains distinction between daily resting and sleeping heart rate measures.,qwen3.8-max,f178bb6c0e68d8d28b7c0546ea8ebcc874de1f571d88bdd7c282f3b36a581d1f,blinded-annotation-v2-shortrefs
C017,K079,judge_b,2,labeled,RHR varies 55-57 bpm across days without exposure information.,Requires exposure or symptom information to attribute a cause.,"Directly explains that RHR fluctuations have multiple causes, not identifiable from data alone.",qwen3.8-max,f178bb6c0e68d8d28b7c0546ea8ebcc874de1f571d88bdd7c282f3b36a581d1f,blinded-annotation-v2-shortrefs
C017,K080,judge_b,2,labeled,RHR (55-57 bpm) and HRV RMSSD (43-47 ms) both recorded nightly.,Applies when HRV and heart-rate estimates are interpreted together.,Directly explains that HRV and RHR are distinct quantities observed simultaneously.,qwen3.8-max,f178bb6c0e68d8d28b7c0546ea8ebcc874de1f571d88bdd7c282f3b36a581d1f,blinded-annotation-v2-shortrefs
C017,K081,judge_b,2,labeled,HRV RMSSD ranges 43-47 ms across baseline and window periods.,Applies when an HRV level or trend is being reviewed.,Directly explains that HRV is person-specific and context-dependent for interpretation.,qwen3.8-max,f178bb6c0e68d8d28b7c0546ea8ebcc874de1f571d88bdd7c282f3b36a581d1f,blinded-annotation-v2-shortrefs
C017,K082,judge_b,2,labeled,28-day baseline and 14-day window statistics computed for all vitals.,Requires sufficient same-metric personal history.,Directly explains the value of comparing window metrics against the 28-day personal baseline.,qwen3.8-max,f178bb6c0e68d8d28b7c0546ea8ebcc874de1f571d88bdd7c282f3b36a581d1f,blinded-annotation-v2-shortrefs
C017,K083,judge_b,2,labeled,RHR recorded over 28-day baseline and 14-day window with daily values.,Applies when repeated resting heart-rate readings or a recent change exist.,Directly supports reviewing RHR trends over multiple days rather than single readings.,qwen3.8-max,f178bb6c0e68d8d28b7c0546ea8ebcc874de1f571d88bdd7c282f3b36a581d1f,blinded-annotation-v2-shortrefs
C017,K084,judge_b,2,labeled,HRV RMSSD 43-47 ms recorded nightly across baseline and window.,Applies when an HRV trend is available for wellness monitoring.,"Directly explains HRV is a wellness observation, not diagnostic of stress or illness.",qwen3.8-max,f178bb6c0e68d8d28b7c0546ea8ebcc874de1f571d88bdd7c282f3b36a581d1f,blinded-annotation-v2-shortrefs
C017,K085,judge_b,2,labeled,HRV metric is hrv_rmssd_ms; metadata states 'night RMSSD'.,Requires HRV records identifying RMSSD as their metric.,Directly confirms the HRV metric formula used in these observations.,qwen3.8-max,f178bb6c0e68d8d28b7c0546ea8ebcc874de1f571d88bdd7c282f3b36a581d1f,blinded-annotation-v2-shortrefs
C017,K086,judge_b,1,labeled,HRV RMSSD recorded nightly with 480 min nighttime coverage; device is synthetic common wearable.,Requires compatible Fitbit collection definition and sleep coverage.,Device-specific guidance; partially applicable given synthetic device and adequate coverage.,qwen3.8-max,f178bb6c0e68d8d28b7c0546ea8ebcc874de1f571d88bdd7c282f3b36a581d1f,blinded-annotation-v2-shortrefs
C017,K087,judge_b,0,labeled,Only sleep duration and timing available; no sleep-stage measurements.,Requires sleep-stage measurements.,Only duration and timing available; non-applicable condition met.,qwen3.8-max,f178bb6c0e68d8d28b7c0546ea8ebcc874de1f571d88bdd7c282f3b36a581d1f,blinded-annotation-v2-shortrefs
C017,K088,judge_b,0,labeled,No reported health concerns or symptoms in wearable data.,Requires reported health concerns or symptoms.,Generic wellness disclaimer without specific concerns; non-applicable condition met.,qwen3.8-max,f178bb6c0e68d8d28b7c0546ea8ebcc874de1f571d88bdd7c282f3b36a581d1f,blinded-annotation-v2-shortrefs
C017,K089,judge_b,1,labeled,RHR 55-57 bpm and HRV 43-47 ms recorded nightly across 42 days.,Requires device placement and contact information.,"Relevant for interpreting heart-rate accuracy, though no fit issues evidenced.",qwen3.8-max,f178bb6c0e68d8d28b7c0546ea8ebcc874de1f571d88bdd7c282f3b36a581d1f,blinded-annotation-v2-shortrefs
C017,K090,judge_b,1,labeled,Nighttime coverage 480 min daily; daytime wear 720 min daily.,Requires separate night-time wear information for overnight vitals.,Confirms night-time wear was present supporting overnight vital validity.,qwen3.8-max,f178bb6c0e68d8d28b7c0546ea8ebcc874de1f571d88bdd7c282f3b36a581d1f,blinded-annotation-v2-shortrefs
C017,K091,judge_b,1,labeled,Zero missing counts for all metrics; 480 min nighttime coverage nightly.,Requires compatible device and sleep coverage for missing vitals.,Confirms adequate coverage preventing missing vitals; no missing data observed.,qwen3.8-max,f178bb6c0e68d8d28b7c0546ea8ebcc874de1f571d88bdd7c282f3b36a581d1f,blinded-annotation-v2-shortrefs
C017,K092,judge_b,0,labeled,Zero missing counts for all metrics across all 42 days.,Requires device support and sync status for missing vitals.,No missing data observed; non-applicable condition met.,qwen3.8-max,f178bb6c0e68d8d28b7c0546ea8ebcc874de1f571d88bdd7c282f3b36a581d1f,blinded-annotation-v2-shortrefs
C017,K093,judge_b,0,labeled,Single synthetic device used across all 42 days; no device switch.,Requires heart-rate series involving a device or algorithm change.,Same-device series; non-applicable condition met.,qwen3.8-max,f178bb6c0e68d8d28b7c0546ea8ebcc874de1f571d88bdd7c282f3b36a581d1f,blinded-annotation-v2-shortrefs
C017,K094,judge_b,1,labeled,Sleep duration ~475 min matches sleep period 01:00-09:00 (480 min).,Applies when device-estimated sleep duration and boundaries are available.,"Explains that estimated sleep may differ from full period, though here they nearly match.",qwen3.8-max,f178bb6c0e68d8d28b7c0546ea8ebcc874de1f571d88bdd7c282f3b36a581d1f,blinded-annotation-v2-shortrefs
C017,K095,judge_b,1,labeled,Nighttime coverage is 480 minutes every night with zero missing counts.,Requires night-time wear record for valid sleep readings.,Confirms adequate overnight wear supporting valid sleep observations throughout.,qwen3.8-max,f178bb6c0e68d8d28b7c0546ea8ebcc874de1f571d88bdd7c282f3b36a581d1f,blinded-annotation-v2-shortrefs
C017,K096,judge_b,1,labeled,Steps range 7583-8400 across baseline and window periods.,Requires wear context and activity type for step interpretation.,Relevant for understanding step count limitations based on arm motion sensing.,qwen3.8-max,f178bb6c0e68d8d28b7c0546ea8ebcc874de1f571d88bdd7c282f3b36a581d1f,blinded-annotation-v2-shortrefs
C018,K001,judge_b,2,labeled,Sleep mean 469.8 min (~7.8h); age_band 18-60; CDC recommends >=7h for this group.,Requires age band compatible with 18-60 and sleep duration review.,"Core direct: age matches, sleep meets recommendation; item directly informs adequacy assessment.",qwen3.8-max,bcfd41cf8fb1ff45617b58ebde1838494450fe4e52d9e2ecaea819ac7e1e92e2,blinded-annotation-v2-shortrefs
C018,K002,judge_b,0,labeled,Age_band is 18-60 per metadata; not specifically 61-64.,Requires age 61 to 64 to be established.,Age band 18-60 does not confirm 61-64; condition not met.,qwen3.8-max,bcfd41cf8fb1ff45617b58ebde1838494450fe4e52d9e2ecaea819ac7e1e92e2,blinded-annotation-v2-shortrefs
C018,K003,judge_b,0,labeled,Age_band 18-60; not confirmed 65 or older.,Requires age at least 65 to be established.,Age below 65; condition not met.,qwen3.8-max,bcfd41cf8fb1ff45617b58ebde1838494450fe4e52d9e2ecaea819ac7e1e92e2,blinded-annotation-v2-shortrefs
C018,K004,judge_b,0,labeled,"Age_band is 18-60 per metadata; subject is adult, not teenager.",Requires teenage age group (13-17) to be established.,Subject is adult; condition contradicted.,qwen3.8-max,bcfd41cf8fb1ff45617b58ebde1838494450fe4e52d9e2ecaea819ac7e1e92e2,blinded-annotation-v2-shortrefs
C018,K005,judge_b,0,labeled,Sleep duration stable ~470 min; no evidence of schedule constraint reducing sleep.,Requires repeatedly shortened sleep opportunity due to schedule constraint.,Sleep not shortened; no schedule evidence. Condition not met.,qwen3.8-max,bcfd41cf8fb1ff45617b58ebde1838494450fe4e52d9e2ecaea819ac7e1e92e2,blinded-annotation-v2-shortrefs
C018,K006,judge_b,0,labeled,"Sleep duration mean 469.8 min (~7.8h), range 462-478 min across all days.",Requires consistently short sleep even without new decline.,Sleep is not short for adults; condition contradicted by observed ~7.8h duration.,qwen3.8-max,bcfd41cf8fb1ff45617b58ebde1838494450fe4e52d9e2ecaea819ac7e1e92e2,blinded-annotation-v2-shortrefs
C018,K007,judge_b,1,labeled,Sleep duration 462-478 min recorded; no awakenings or subjective quality data.,Applies when sleep duration is recorded but quality may be unknown.,Duration recorded without quality metrics; item correctly distinguishes the two concepts.,qwen3.8-max,bcfd41cf8fb1ff45617b58ebde1838494450fe4e52d9e2ecaea819ac7e1e92e2,blinded-annotation-v2-shortrefs
C018,K008,judge_b,1,labeled,Sleep duration and start/end recorded; no awakening or continuity data available.,Applies when only duration and sleep start/end are available without awakening history.,Awakenings unrecorded; item correctly notes duration alone misses this concern.,qwen3.8-max,bcfd41cf8fb1ff45617b58ebde1838494450fe4e52d9e2ecaea819ac7e1e92e2,blinded-annotation-v2-shortrefs
C018,K009,judge_b,0,labeled,Sleep duration mean ~470 min (7.8h); no subjective refreshment data available.,Requires more than 8 hours sleep with reported lack of refreshment.,Sleep under 8h and no refreshment report; conditions not met.,qwen3.8-max,bcfd41cf8fb1ff45617b58ebde1838494450fe4e52d9e2ecaea819ac7e1e92e2,blinded-annotation-v2-shortrefs
C018,K010,judge_b,0,labeled,"Sleep duration mean 469.8 baseline, 471.1 window; no repeated shortening observed.",Requires repeatedly shortened sleep to be applicable.,Sleep duration is stable and near 7.8 hours; condition of repeated shortening not met.,qwen3.8-max,bcfd41cf8fb1ff45617b58ebde1838494450fe4e52d9e2ecaea819ac7e1e92e2,blinded-annotation-v2-shortrefs
C018,K011,judge_b,0,labeled,Sleep duration 462-478 min nightly; no repeated reduction below needs observed.,Requires several nights of reduced sleep duration.,No repeated sleep restriction observed; condition not met.,qwen3.8-max,bcfd41cf8fb1ff45617b58ebde1838494450fe4e52d9e2ecaea819ac7e1e92e2,blinded-annotation-v2-shortrefs
C018,K012,judge_b,0,labeled,Sleep duration stable ~470 min; no ongoing insufficiency observed.,Requires ongoing insufficient sleep.,Sleep not insufficient; condition not met.,qwen3.8-max,bcfd41cf8fb1ff45617b58ebde1838494450fe4e52d9e2ecaea819ac7e1e92e2,blinded-annotation-v2-shortrefs
C018,K013,judge_b,0,labeled,Sleep duration stable ~470 min; no food intake or appetite data recorded.,Requires repeated insufficient sleep and appetite information.,Sleep not insufficient; no appetite data. Condition not met.,qwen3.8-max,bcfd41cf8fb1ff45617b58ebde1838494450fe4e52d9e2ecaea819ac7e1e92e2,blinded-annotation-v2-shortrefs
C018,K014,judge_b,0,labeled,No sleepiness reports or driving context in wearable data.,Requires reported sleepiness and driving plans.,Sleepiness and driving unknown; condition not met.,qwen3.8-max,bcfd41cf8fb1ff45617b58ebde1838494450fe4e52d9e2ecaea819ac7e1e92e2,blinded-annotation-v2-shortrefs
C018,K015,judge_b,1,labeled,Sleep duration ~470 min (7.8h) nightly; age_band 18-60 in metadata.,Applies when adult sleep duration is being reviewed.,Adult sleep duration available; item provides relevant context that needs vary individually.,qwen3.8-max,bcfd41cf8fb1ff45617b58ebde1838494450fe4e52d9e2ecaea819ac7e1e92e2,blinded-annotation-v2-shortrefs
C018,K016,judge_b,0,labeled,14-day window shows stable sleep; no reported sleeping difficulties or months-long issues.,Requires months-long sleeping difficulties or failed habit changes.,"Only 14-day window, no reported problems; condition not met.",qwen3.8-max,bcfd41cf8fb1ff45617b58ebde1838494450fe4e52d9e2ecaea819ac7e1e92e2,blinded-annotation-v2-shortrefs
C018,K017,judge_b,0,labeled,"Sleep start variance 28.86 baseline, 26.07 window; sleep end variance 0.0 both periods.",Requires repeated variability in bedtime or wake time.,Wake time perfectly consistent at 07:00; bedtime variation small and stable. No irregularity.,qwen3.8-max,bcfd41cf8fb1ff45617b58ebde1838494450fe4e52d9e2ecaea819ac7e1e92e2,blinded-annotation-v2-shortrefs
C018,K018,judge_b,0,labeled,Sleep end exactly 07:00 every day; no reported sleeping difficulties.,Requires inconsistent wake time with reported sleeping difficulties.,Wake time perfectly consistent; no insomnia symptoms reported. Condition not met.,qwen3.8-max,bcfd41cf8fb1ff45617b58ebde1838494450fe4e52d9e2ecaea819ac7e1e92e2,blinded-annotation-v2-shortrefs
C018,K019,judge_b,0,labeled,Weekday sleep start mean 650.85 vs weekend 648.5 baseline; difference ~2.35 min.,Requires substantial weekday-weekend schedule differences.,Weekday/weekend sleep timing differences are minimal (~2 min); condition not met.,qwen3.8-max,bcfd41cf8fb1ff45617b58ebde1838494450fe4e52d9e2ecaea819ac7e1e92e2,blinded-annotation-v2-shortrefs
C018,K020,judge_b,0,labeled,Sleep start times recorded but no pre-bed activity information available.,Requires information about pre-bed activities for targeted advice.,Pre-bed activities unknown; condition not met.,qwen3.8-max,bcfd41cf8fb1ff45617b58ebde1838494450fe4e52d9e2ecaea819ac7e1e92e2,blinded-annotation-v2-shortrefs
C018,K021,judge_b,0,labeled,No screen or light exposure information recorded in wearable data.,Requires known bright-screen exposure shortly before bed.,Screen exposure unknown; condition not met.,qwen3.8-max,bcfd41cf8fb1ff45617b58ebde1838494450fe4e52d9e2ecaea819ac7e1e92e2,blinded-annotation-v2-shortrefs
C018,K022,judge_b,0,labeled,No caffeine timing or intake data recorded in wearable observations.,Requires known afternoon or evening caffeine use with sleeping difficulty.,Caffeine history unknown; condition not met.,qwen3.8-max,bcfd41cf8fb1ff45617b58ebde1838494450fe4e52d9e2ecaea819ac7e1e92e2,blinded-annotation-v2-shortrefs
C018,K023,judge_b,0,labeled,No meal timing or size data in wearable observations.,Requires known large meal shortly before bed.,Meal information unknown; condition not met.,qwen3.8-max,bcfd41cf8fb1ff45617b58ebde1838494450fe4e52d9e2ecaea819ac7e1e92e2,blinded-annotation-v2-shortrefs
C018,K024,judge_b,0,labeled,No alcohol intake data in wearable observations.,Requires alcohol use near bedtime to be reported.,Alcohol exposure unknown; condition not met.,qwen3.8-max,bcfd41cf8fb1ff45617b58ebde1838494450fe4e52d9e2ecaea819ac7e1e92e2,blinded-annotation-v2-shortrefs
C018,K025,judge_b,0,labeled,No nicotine use data in wearable observations.,Requires nicotine exposure to be established.,Nicotine use unknown; condition not met.,qwen3.8-max,bcfd41cf8fb1ff45617b58ebde1838494450fe4e52d9e2ecaea819ac7e1e92e2,blinded-annotation-v2-shortrefs
C018,K026,judge_b,0,labeled,"No bedroom environment data (light, noise, temperature) in wearable observations.",Requires known disruptive bedroom environment.,Environment unknown; condition not met.,qwen3.8-max,bcfd41cf8fb1ff45617b58ebde1838494450fe4e52d9e2ecaea819ac7e1e92e2,blinded-annotation-v2-shortrefs
C018,K027,judge_b,0,labeled,No pre-bed routine or relaxation difficulty reported.,Requires reported difficulty relaxing or request for routine options.,No such report; generic background advice.,qwen3.8-max,bcfd41cf8fb1ff45617b58ebde1838494450fe4e52d9e2ecaea819ac7e1e92e2,blinded-annotation-v2-shortrefs
C018,K028,judge_b,0,labeled,No nap data recorded; only nighttime sleep periods observed.,Requires adult naps to be recorded or reported.,Nap history unknown; condition not met.,qwen3.8-max,bcfd41cf8fb1ff45617b58ebde1838494450fe4e52d9e2ecaea819ac7e1e92e2,blinded-annotation-v2-shortrefs
C018,K029,judge_b,0,labeled,No shift work schedule in wearable data; sleep timing stable overnight.,Requires confirmed shift-work schedule with changing shifts.,Shift work unknown; condition not met.,qwen3.8-max,bcfd41cf8fb1ff45617b58ebde1838494450fe4e52d9e2ecaea819ac7e1e92e2,blinded-annotation-v2-shortrefs
C018,K030,judge_b,0,labeled,No shift work context in wearable data; sleep is overnight.,Requires confirmed shift work.,Shift work unknown; condition not met.,qwen3.8-max,bcfd41cf8fb1ff45617b58ebde1838494450fe4e52d9e2ecaea819ac7e1e92e2,blinded-annotation-v2-shortrefs
C018,K031,judge_b,0,labeled,No shift work or caffeine data in wearable observations.,Requires shift worker using caffeine with known schedule.,Shift work and caffeine unknown; condition not met.,qwen3.8-max,bcfd41cf8fb1ff45617b58ebde1838494450fe4e52d9e2ecaea819ac7e1e92e2,blinded-annotation-v2-shortrefs
C018,K032,judge_b,0,labeled,"All sleep occurs overnight (start ~22:45-22:58, end 07:00); no daytime sleep.",Requires daytime sleep associated with shift work.,Only overnight sleep recorded; condition not met.,qwen3.8-max,bcfd41cf8fb1ff45617b58ebde1838494450fe4e52d9e2ecaea819ac7e1e92e2,blinded-annotation-v2-shortrefs
C018,K033,judge_b,0,labeled,"Sleep pattern stable: start variance 28.86, end variance 0.0 across 42 days.",Requires changed or variable sleep pattern needing review.,"Sleep pattern is stable, not changed or variable; condition not met.",qwen3.8-max,bcfd41cf8fb1ff45617b58ebde1838494450fe4e52d9e2ecaea819ac7e1e92e2,blinded-annotation-v2-shortrefs
C018,K034,judge_b,0,labeled,Sleep duration stable 462-478 min; no shortened nights accumulating over time.,Requires several shortened nights rather than single isolated reading.,No repeated sleep loss; condition not met.,qwen3.8-max,bcfd41cf8fb1ff45617b58ebde1838494450fe4e52d9e2ecaea819ac7e1e92e2,blinded-annotation-v2-shortrefs
C018,K035,judge_b,0,labeled,Weekend sleep mean 471.5 vs weekday 469.15 baseline; difference ~2.35 min.,Requires longer sleep and later timing on days off vs workdays.,Weekend/weekday difference negligible; no substantial extra sleep on days off.,qwen3.8-max,bcfd41cf8fb1ff45617b58ebde1838494450fe4e52d9e2ecaea819ac7e1e92e2,blinded-annotation-v2-shortrefs
C018,K036,judge_b,0,labeled,No nap information in wearable observations.,Requires recorded naps after shortened night-time sleep.,No nap data; condition not met.,qwen3.8-max,bcfd41cf8fb1ff45617b58ebde1838494450fe4e52d9e2ecaea819ac7e1e92e2,blinded-annotation-v2-shortrefs
C018,K037,judge_b,0,labeled,No bad nights or insomnia symptoms reported; sleep stable throughout.,Requires recent bad night and sleeping difficulties.,No sleeping difficulties; condition not met.,qwen3.8-max,bcfd41cf8fb1ff45617b58ebde1838494450fe4e52d9e2ecaea819ac7e1e92e2,blinded-annotation-v2-shortrefs
C018,K038,judge_b,0,labeled,No reported sleeping difficulties; 14-day window shows stable sleep.,Requires reported sleeping difficulties with known duration.,No symptom history; condition not met.,qwen3.8-max,bcfd41cf8fb1ff45617b58ebde1838494450fe4e52d9e2ecaea819ac7e1e92e2,blinded-annotation-v2-shortrefs
C018,K039,judge_b,0,labeled,No travel history or timezone changes in wearable data; timezone fixed Asia/Shanghai.,Requires confirmed travel across time zones.,Travel context unknown; condition not met.,qwen3.8-max,bcfd41cf8fb1ff45617b58ebde1838494450fe4e52d9e2ecaea819ac7e1e92e2,blinded-annotation-v2-shortrefs
C018,K040,judge_b,0,labeled,No travel or trip context in wearable data.,Requires a planned short trip across time zones.,Travel context unknown; condition not met.,qwen3.8-max,bcfd41cf8fb1ff45617b58ebde1838494450fe4e52d9e2ecaea819ac7e1e92e2,blinded-annotation-v2-shortrefs
C018,K041,judge_b,0,labeled,"Steps ~8000/day, activity ~55 min/day; no intensity classification available.",Requires low or declining movement giving opportunity to add activity.,Movement is not low or declining; generic everyone-applicable background.,qwen3.8-max,bcfd41cf8fb1ff45617b58ebde1838494450fe4e52d9e2ecaea819ac7e1e92e2,blinded-annotation-v2-shortrefs
C018,K042,judge_b,0,labeled,"Activity stable ~55 min/day, steps ~8000; no recent inactivity observed.",Requires recently low or reduced physical activity.,Activity not recently reduced; condition not met.,qwen3.8-max,bcfd41cf8fb1ff45617b58ebde1838494450fe4e52d9e2ecaea819ac7e1e92e2,blinded-annotation-v2-shortrefs
C018,K043,judge_b,0,labeled,Activity intensity unknown for all intervals; only moving minutes and steps recorded.,Requires known activity intensity to determine moderate-intensity compliance.,Intensity unknown; cannot assess guideline compliance. Condition not met.,qwen3.8-max,bcfd41cf8fb1ff45617b58ebde1838494450fe4e52d9e2ecaea819ac7e1e92e2,blinded-annotation-v2-shortrefs
C018,K044,judge_b,0,labeled,All activity intervals have intensity=unknown; no vigorous activity documented.,Requires vigorous aerobic activity to be documented.,Intensity unknown; cannot assume vigorous. Condition not met.,qwen3.8-max,bcfd41cf8fb1ff45617b58ebde1838494450fe4e52d9e2ecaea819ac7e1e92e2,blinded-annotation-v2-shortrefs
C018,K045,judge_b,0,labeled,Activity duration stable ~55 min/day; no evidence of limited session opportunities.,Requires reduced activity or limited opportunities for long sessions.,Activity not reduced; generic background advice.,qwen3.8-max,bcfd41cf8fb1ff45617b58ebde1838494450fe4e52d9e2ecaea819ac7e1e92e2,blinded-annotation-v2-shortrefs
C018,K046,judge_b,0,labeled,No muscle-strengthening activity records; only steps and active minutes available.,Requires strengthening activity records including days and muscle groups.,Only generic movement counts available; condition not met.,qwen3.8-max,bcfd41cf8fb1ff45617b58ebde1838494450fe4e52d9e2ecaea819ac7e1e92e2,blinded-annotation-v2-shortrefs
C018,K047,judge_b,0,labeled,Activity intensity unknown; all activity intervals labeled intensity=unknown.,Requires documented aerobic activity reaching adult guideline with known intensity.,Intensity unknown; cannot verify guideline attainment. Condition not met.,qwen3.8-max,bcfd41cf8fb1ff45617b58ebde1838494450fe4e52d9e2ecaea819ac7e1e92e2,blinded-annotation-v2-shortrefs
C018,K048,judge_b,0,labeled,All activity intensity=unknown; no fitness or perceived effort data available.,Requires fitness or perceived effort to interpret activity intensity.,Fitness and effort unknown; cannot assign intensity. Condition not met.,qwen3.8-max,bcfd41cf8fb1ff45617b58ebde1838494450fe4e52d9e2ecaea819ac7e1e92e2,blinded-annotation-v2-shortrefs
C018,K049,judge_b,0,labeled,All activity intensity=unknown; no breathing or talk-test observations recorded.,Requires observed effort during aerobic activity via talk test.,Effort unrecorded; condition not met.,qwen3.8-max,bcfd41cf8fb1ff45617b58ebde1838494450fe4e52d9e2ecaea819ac7e1e92e2,blinded-annotation-v2-shortrefs
C018,K050,judge_b,1,labeled,"Steps 7584-8409, activity_duration 50-60 min; all activity intensity=unknown.",Applies when steps change while other activity may differ; intensity unknown.,Steps vary day-to-day; item correctly notes steps may miss non-step exercise intensity.,qwen3.8-max,bcfd41cf8fb1ff45617b58ebde1838494450fe4e52d9e2ecaea819ac7e1e92e2,blinded-annotation-v2-shortrefs
C018,K051,judge_b,0,labeled,"Steps mean 8025 baseline, 8038 window; activity duration stable ~55 min.",Requires low or declining routine movement.,"Movement is stable, not low or declining; condition not met.",qwen3.8-max,bcfd41cf8fb1ff45617b58ebde1838494450fe4e52d9e2ecaea819ac7e1e92e2,blinded-annotation-v2-shortrefs
C018,K052,judge_b,0,labeled,No personal preferences or availability data in wearable observations.,Requires personal preferences and availability for choosing options.,Preferences unknown; generic background advice.,qwen3.8-max,bcfd41cf8fb1ff45617b58ebde1838494450fe4e52d9e2ecaea819ac7e1e92e2,blinded-annotation-v2-shortrefs
C018,K053,judge_b,0,labeled,No social preferences or motivational barriers recorded in wearable data.,Requires social preferences or reported motivational barrier.,No evidence of motivational or social barrier; generic advice only.,qwen3.8-max,bcfd41cf8fb1ff45617b58ebde1838494450fe4e52d9e2ecaea819ac7e1e92e2,blinded-annotation-v2-shortrefs
C018,K054,judge_b,0,labeled,Steps and activity duration stable across baseline and window periods.,Requires low activity with a reported time barrier.,No evidence of low activity or reported time barrier in the wearable data.,qwen3.8-max,bcfd41cf8fb1ff45617b58ebde1838494450fe4e52d9e2ecaea819ac7e1e92e2,blinded-annotation-v2-shortrefs
C018,K055,judge_b,0,labeled,No schedule constraints or competing demands recorded.,Requires reported competing demands reducing activity.,Schedule reason unknown; condition not met.,qwen3.8-max,bcfd41cf8fb1ff45617b58ebde1838494450fe4e52d9e2ecaea819ac7e1e92e2,blinded-annotation-v2-shortrefs
C018,K056,judge_b,0,labeled,No chronic conditions or disabilities recorded in wearable data.,"Requires established chronic condition, disability, or special need.",Medical context unknown; condition not met.,qwen3.8-max,bcfd41cf8fb1ff45617b58ebde1838494450fe4e52d9e2ecaea819ac7e1e92e2,blinded-annotation-v2-shortrefs
C018,K057,judge_b,1,labeled,"Window low_movement_minutes=480 daily, constant; baseline mean 449.25 with variance.",Requires long uninterrupted daytime low-movement intervals with adequate wear coverage.,Low movement increased but device low movement is not confirmed sitting; partial contextual match only.,qwen3.8-max,bcfd41cf8fb1ff45617b58ebde1838494450fe4e52d9e2ecaea819ac7e1e92e2,blinded-annotation-v2-shortrefs
C018,K058,judge_b,1,labeled,Activity ~55 min coexists with low_movement 449-480 min daily.,Applies when recorded activity coexists with substantial low-movement periods.,Both activity and high low-movement present; item notes they are separate behaviors.,qwen3.8-max,bcfd41cf8fb1ff45617b58ebde1838494450fe4e52d9e2ecaea819ac7e1e92e2,blinded-annotation-v2-shortrefs
C018,K059,judge_b,1,labeled,Low_movement_minutes increased from baseline mean 449 to constant 480 in window.,Requires substantial or increasing daily low movement; confirmed sitting needed for conclusion.,Low movement increased substantially; item relevant but device low movement is not confirmed sitting.,qwen3.8-max,bcfd41cf8fb1ff45617b58ebde1838494450fe4e52d9e2ecaea819ac7e1e92e2,blinded-annotation-v2-shortrefs
C018,K060,judge_b,0,labeled,No commuting or transport context available in wearable observations.,Requires established sedentary commuting context.,Commute unknown; condition not met.,qwen3.8-max,bcfd41cf8fb1ff45617b58ebde1838494450fe4e52d9e2ecaea819ac7e1e92e2,blinded-annotation-v2-shortrefs
C018,K061,judge_b,0,labeled,No workplace or desk work context available in wearable observations.,Requires desk work with prolonged sitting context.,Work context unknown; item conditions cannot be verified from data.,qwen3.8-max,bcfd41cf8fb1ff45617b58ebde1838494450fe4e52d9e2ecaea819ac7e1e92e2,blinded-annotation-v2-shortrefs
C018,K062,judge_b,0,labeled,No workplace or meeting context in wearable data.,Requires meetings or desk work involving prolonged sitting.,Workplace context unknown; condition not met.,qwen3.8-max,bcfd41cf8fb1ff45617b58ebde1838494450fe4e52d9e2ecaea819ac7e1e92e2,blinded-annotation-v2-shortrefs
C018,K063,judge_b,0,labeled,No television viewing or screen habits recorded in wearable data.,Requires prolonged sitting while watching television.,Screen habits unknown; condition not met.,qwen3.8-max,bcfd41cf8fb1ff45617b58ebde1838494450fe4e52d9e2ecaea819ac7e1e92e2,blinded-annotation-v2-shortrefs
C018,K064,judge_b,0,labeled,No leisure context or seated leisure patterns identified in wearable data.,Requires substantial habitual seated leisure context.,Leisure context unknown; condition not met.,qwen3.8-max,bcfd41cf8fb1ff45617b58ebde1838494450fe4e52d9e2ecaea819ac7e1e92e2,blinded-annotation-v2-shortrefs
C018,K065,judge_b,1,labeled,"Activity_duration ~55 min, steps ~8000, low_movement ~450-480 min recorded daily.",Applies when everyday movement can be considered separately from formal exercise.,Multiple movement metrics available; item clarifies everyday movement vs planned exercise.,qwen3.8-max,bcfd41cf8fb1ff45617b58ebde1838494450fe4e52d9e2ecaea819ac7e1e92e2,blinded-annotation-v2-shortrefs
C018,K066,judge_b,0,labeled,No workday lunch-break context in wearable data.,Requires known workday lunch-break access and mobility.,Lunch-break context unknown; condition not met.,qwen3.8-max,bcfd41cf8fb1ff45617b58ebde1838494450fe4e52d9e2ecaea819ac7e1e92e2,blinded-annotation-v2-shortrefs
C018,K067,judge_b,0,labeled,No stair access or mobility context in wearable data.,Requires low incidental movement with accessible stairs.,Context unknown; condition not met.,qwen3.8-max,bcfd41cf8fb1ff45617b58ebde1838494450fe4e52d9e2ecaea819ac7e1e92e2,blinded-annotation-v2-shortrefs
C018,K068,judge_b,2,labeled,Low_movement_minutes jumped from baseline mean 449 to constant 480 in window.,Applies when low-movement intervals available without posture measurement.,Core direct explanation: device low movement is not confirmed sitting per annotation rules.,qwen3.8-max,bcfd41cf8fb1ff45617b58ebde1838494450fe4e52d9e2ecaea819ac7e1e92e2,blinded-annotation-v2-shortrefs
C018,K069,judge_b,0,labeled,Activity and sleep both stable; no paired change to attribute causally.,Requires activity and sleep patterns for joint review; warns against causal claims.,Generic benefit statement; no specific pattern to explain. Background only.,qwen3.8-max,bcfd41cf8fb1ff45617b58ebde1838494450fe4e52d9e2ecaea819ac7e1e92e2,blinded-annotation-v2-shortrefs
C018,K070,judge_b,0,labeled,Activity stable ~55 min/day; sleep routine stable. No outdoor exposure data.,Requires low daytime activity accompanying changed sleep routine.,"Activity not low, sleep not changed; condition not met.",qwen3.8-max,bcfd41cf8fb1ff45617b58ebde1838494450fe4e52d9e2ecaea819ac7e1e92e2,blinded-annotation-v2-shortrefs
C018,K071,judge_b,1,labeled,"Activity intervals daily ~21:00-21:56, intensity unknown; sleep starts ~22:42-22:58.",Requires activity close to bedtime; intensity must be known for direct application.,Late activity occurs ~1h before bed but intensity unknown; partial contextual connection.,qwen3.8-max,bcfd41cf8fb1ff45617b58ebde1838494450fe4e52d9e2ecaea819ac7e1e92e2,blinded-annotation-v2-shortrefs
C018,K072,judge_b,0,labeled,"Activity ~21:00 daily, sleep ~22:50; no insomnia symptoms reported.",Requires exercise near bedtime with reported insomnia symptoms.,No insomnia symptoms; condition not met.,qwen3.8-max,bcfd41cf8fb1ff45617b58ebde1838494450fe4e52d9e2ecaea819ac7e1e92e2,blinded-annotation-v2-shortrefs
C018,K073,judge_b,1,labeled,Activity intervals ~21:00 daily; sleep start ~22:45-22:58; temporal sequence recorded.,Applies when activity timing and subsequent sleep are being compared.,Both activity and sleep timing available; item supports preserving temporal context.,qwen3.8-max,bcfd41cf8fb1ff45617b58ebde1838494450fe4e52d9e2ecaea819ac7e1e92e2,blinded-annotation-v2-shortrefs
C018,K074,judge_b,0,labeled,No emergency-response deployment context in wearable data.,Requires confirmed emergency-response deployment context.,Deployment context unknown; condition not met.,qwen3.8-max,bcfd41cf8fb1ff45617b58ebde1838494450fe4e52d9e2ecaea819ac7e1e92e2,blinded-annotation-v2-shortrefs
C018,K075,judge_b,0,labeled,No subjective energy or tiredness reports in wearable data.,Requires reported tiredness limiting activity and subjective energy pattern.,Tiredness history unknown; condition not met.,qwen3.8-max,bcfd41cf8fb1ff45617b58ebde1838494450fe4e52d9e2ecaea819ac7e1e92e2,blinded-annotation-v2-shortrefs
C018,K076,judge_b,0,labeled,"No substance, medication, or causal sleep-activity relationship data in observations.",Requires sleep and activity temporal relationship needing context.,No temporal relationship requiring explanation observed; generic background only.,qwen3.8-max,bcfd41cf8fb1ff45617b58ebde1838494450fe4e52d9e2ecaea819ac7e1e92e2,blinded-annotation-v2-shortrefs
C018,K077,judge_b,1,labeled,Daily resting_heart_rate_bpm 55-57 recorded across all 42 days.,Applies when resting heart rate observations are available.,RHR data present; item clarifies it is measured while still and well-rested.,qwen3.8-max,bcfd41cf8fb1ff45617b58ebde1838494450fe4e52d9e2ecaea819ac7e1e92e2,blinded-annotation-v2-shortrefs
C018,K078,judge_b,1,labeled,Daily resting_heart_rate_bpm recorded (55-57); no separate sleeping HR metric shown.,Applies when daily resting heart-rate trend is being interpreted.,RHR data present; item clarifies distinction between resting and sleeping HR measures.,qwen3.8-max,bcfd41cf8fb1ff45617b58ebde1838494450fe4e52d9e2ecaea819ac7e1e92e2,blinded-annotation-v2-shortrefs
C018,K079,judge_b,1,labeled,RHR stable 55-57 bpm across 42 days; no exposure or symptom data available.,Applies when RHR changes relative to previous readings; multiple factors listed.,RHR stable but item provides important context that changes have multiple possible causes.,qwen3.8-max,bcfd41cf8fb1ff45617b58ebde1838494450fe4e52d9e2ecaea819ac7e1e92e2,blinded-annotation-v2-shortrefs
C018,K080,judge_b,1,labeled,RHR ~56 bpm and HRV RMSSD ~45 ms recorded nightly throughout both periods.,Applies when HRV and heart-rate estimates are interpreted together.,"Both metrics present; item clarifies they are distinct quantities, providing supported context.",qwen3.8-max,bcfd41cf8fb1ff45617b58ebde1838494450fe4e52d9e2ecaea819ac7e1e92e2,blinded-annotation-v2-shortrefs
C018,K081,judge_b,1,labeled,"HRV RMSSD mean 45.4 baseline, 45.6 window; individual-level data only.",Applies when HRV level or trend is being reviewed; warns against universal norms.,HRV data present; item correctly notes HRV varies between people and depends on context.,qwen3.8-max,bcfd41cf8fb1ff45617b58ebde1838494450fe4e52d9e2ecaea819ac7e1e92e2,blinded-annotation-v2-shortrefs
C018,K082,judge_b,1,labeled,28-day baseline and 14-day window provide sufficient personal history for all vitals.,Requires sufficient same-metric personal history for trend context.,Adequate personal history exists; item explains how personal ranges contextualize changes.,qwen3.8-max,bcfd41cf8fb1ff45617b58ebde1838494450fe4e52d9e2ecaea819ac7e1e92e2,blinded-annotation-v2-shortrefs
C018,K083,judge_b,1,labeled,RHR recorded daily: 55-57 bpm across 42 days with no trend change.,Applies when repeated resting heart-rate readings are available.,Repeated RHR readings exist; item provides context for interpreting multi-day trends.,qwen3.8-max,bcfd41cf8fb1ff45617b58ebde1838494450fe4e52d9e2ecaea819ac7e1e92e2,blinded-annotation-v2-shortrefs
C018,K084,judge_b,1,labeled,"HRV RMSSD recorded nightly, mean 45.4 baseline, 45.6 window, variance ~1.9.",Applies when HRV trend is available for wellness monitoring.,"HRV data present; item correctly frames it as wellness observation, not diagnosis.",qwen3.8-max,bcfd41cf8fb1ff45617b58ebde1838494450fe4e52d9e2ecaea819ac7e1e92e2,blinded-annotation-v2-shortrefs
C018,K085,judge_b,1,labeled,HRV metric explicitly defined as hrv_rmssd_ms in metadata and observations.,Requires HRV records identifying RMSSD as their metric.,RMSSD formula confirmed in data; item directly supports metric interpretation.,qwen3.8-max,bcfd41cf8fb1ff45617b58ebde1838494450fe4e52d9e2ecaea819ac7e1e92e2,blinded-annotation-v2-shortrefs
C018,K086,judge_b,1,labeled,HRV RMSSD recorded nightly; sleep durations 462-478 min (>3h threshold).,Applies when overnight HRV estimates are being compared; requires >3h sleep.,All sleep periods exceed 3h; item explains device-specific HRV collection rule.,qwen3.8-max,bcfd41cf8fb1ff45617b58ebde1838494450fe4e52d9e2ecaea819ac7e1e92e2,blinded-annotation-v2-shortrefs
C018,K087,judge_b,0,labeled,Only sleep duration and timing recorded; no sleep-stage data available.,Requires sleep-stage measurements varying between nights.,No sleep-stage data; condition not met.,qwen3.8-max,bcfd41cf8fb1ff45617b58ebde1838494450fe4e52d9e2ecaea819ac7e1e92e2,blinded-annotation-v2-shortrefs
C018,K088,judge_b,0,labeled,No health concerns or symptoms reported in wearable data.,Requires reported health concerns or symptoms about vital trends.,No reported concerns; generic background advice.,qwen3.8-max,bcfd41cf8fb1ff45617b58ebde1838494450fe4e52d9e2ecaea819ac7e1e92e2,blinded-annotation-v2-shortrefs
C018,K089,judge_b,0,labeled,RHR stable 55-57 bpm; no evidence of fit problems or wear quality changes.,Requires heart-rate readings may be unreliable or wear quality changes.,No evidence of fit problems; condition not met.,qwen3.8-max,bcfd41cf8fb1ff45617b58ebde1838494450fe4e52d9e2ecaea819ac7e1e92e2,blinded-annotation-v2-shortrefs
C018,K090,judge_b,1,labeled,Nighttime_coverage 482-498 min daily; daytime_wear 720 min daily.,Applies when overnight vitals have uncertain coverage; requires separate night wear info.,Night coverage explicitly recorded and adequate; item confirms its necessity for overnight vitals.,qwen3.8-max,bcfd41cf8fb1ff45617b58ebde1838494450fe4e52d9e2ecaea819ac7e1e92e2,blinded-annotation-v2-shortrefs
C018,K091,judge_b,0,labeled,No missing vitals; all nights have >3h sleep coverage (462-478 min).,Applies when a vital is missing with limited night-time data.,No missing data; all sleep periods exceed 3h threshold. Condition not met.,qwen3.8-max,bcfd41cf8fb1ff45617b58ebde1838494450fe4e52d9e2ecaea819ac7e1e92e2,blinded-annotation-v2-shortrefs
C018,K092,judge_b,0,labeled,"No missing vitals; all 42 days have complete RHR, HRV, sleep, and step data.",Applies when vitals are missing or delayed.,No missing data observed; condition not met.,qwen3.8-max,bcfd41cf8fb1ff45617b58ebde1838494450fe4e52d9e2ecaea819ac7e1e92e2,blinded-annotation-v2-shortrefs
C018,K093,judge_b,0,labeled,Single synthetic device used throughout; no device switch indicated in metadata.,Requires heart-rate series involving a device or algorithm change.,Same device throughout; condition not met.,qwen3.8-max,bcfd41cf8fb1ff45617b58ebde1838494450fe4e52d9e2ecaea819ac7e1e92e2,blinded-annotation-v2-shortrefs
C018,K094,judge_b,1,labeled,Sleep_duration_minutes 462-478 with sleep_start and sleep_end timestamps recorded.,Applies when device-estimated sleep duration and boundaries are available.,Both duration and boundaries present; item clarifies estimated time asleep vs full period.,qwen3.8-max,bcfd41cf8fb1ff45617b58ebde1838494450fe4e52d9e2ecaea819ac7e1e92e2,blinded-annotation-v2-shortrefs
C018,K095,judge_b,1,labeled,Nighttime coverage 482-498 min across all nights; no missing sleep observations.,Applies when sleep readings absent with non-wear or incomplete coverage.,All nights have valid coverage >180 min; item explains why no data is missing here.,qwen3.8-max,bcfd41cf8fb1ff45617b58ebde1838494450fe4e52d9e2ecaea819ac7e1e92e2,blinded-annotation-v2-shortrefs
C018,K096,judge_b,1,labeled,Steps range 7584-8409; device is synthetic common wearable per metadata.,Applies when step readings change with possible measurement limitations.,Step counts vary; item explains accelerometer-based counting depends on arm swing.,qwen3.8-max,bcfd41cf8fb1ff45617b58ebde1838494450fe4e52d9e2ecaea819ac7e1e92e2,blinded-annotation-v2-shortrefs
C019,K001,judge_b,2,labeled,Window sleep mean 330.9 min (~5.5 hrs); age band 18-60 requires >=7 hours.,Adults 18-60 need at least 7 hours; repeated shorter nights warrant review.,Core direct explanation: observed sleep consistently below age-specific recommendation.,qwen3.8-max,64eb4723d34663f76d6a6ba8a7792f7b5f9f84985091a78701ccfae813304b64,blinded-annotation-v2-shortrefs
C019,K002,judge_b,0,labeled,Age band 18-60; item targets adults 61-64.,Requires age 61-64 to apply 7-9 hour recommendation.,Age condition not met by metadata age band 18-60.,qwen3.8-max,64eb4723d34663f76d6a6ba8a7792f7b5f9f84985091a78701ccfae813304b64,blinded-annotation-v2-shortrefs
C019,K003,judge_b,0,labeled,Age band 18-60; item targets adults 65 and older.,Requires age at least 65 to apply 7-8 hour recommendation.,Age condition contradicted by metadata age band 18-60.,qwen3.8-max,64eb4723d34663f76d6a6ba8a7792f7b5f9f84985091a78701ccfae813304b64,blinded-annotation-v2-shortrefs
C019,K004,judge_b,0,labeled,Age band 18-60; item targets teenagers 13-17.,Requires teenage age group to be established.,Age condition contradicted by metadata age band 18-60.,qwen3.8-max,64eb4723d34663f76d6a6ba8a7792f7b5f9f84985091a78701ccfae813304b64,blinded-annotation-v2-shortrefs
C019,K005,judge_b,1,labeled,Sleep duration dropped from ~469 min to ~331 min; sleep start delayed to ~01:08.,Repeatedly shortened sleep opportunity requires schedule constraint attribution.,Shortened sleep observed consistently; schedule constraint plausible but unconfirmed.,qwen3.8-max,64eb4723d34663f76d6a6ba8a7792f7b5f9f84985091a78701ccfae813304b64,blinded-annotation-v2-shortrefs
C019,K006,judge_b,1,labeled,"Window sleep consistently ~331 min/night for 14 days, well below 7-hour recommendation.",Stable short routine does not establish that sleep needs are met.,Current persistent short sleep observed; item correctly notes stability doesn't prove adaptation.,qwen3.8-max,64eb4723d34663f76d6a6ba8a7792f7b5f9f84985091a78701ccfae813304b64,blinded-annotation-v2-shortrefs
C019,K007,judge_b,1,labeled,Window sleep duration mean 330.9 min; no awakenings or refreshment data recorded.,Duration alone does not establish sleep quality without subjective or continuity data.,Short sleep observed but quality cannot be determined from duration alone.,qwen3.8-max,64eb4723d34663f76d6a6ba8a7792f7b5f9f84985091a78701ccfae813304b64,blinded-annotation-v2-shortrefs
C019,K008,judge_b,0,labeled,Only sleep duration and start/end times available; no awakening data.,Requires awakening history or measured sleep continuity.,Awakening data absent; item not applicable to available observations.,qwen3.8-max,64eb4723d34663f76d6a6ba8a7792f7b5f9f84985091a78701ccfae813304b64,blinded-annotation-v2-shortrefs
C019,K009,judge_b,0,labeled,"Window sleep ~331 min (~5.5 hrs), below 8 hours; no refreshment data.",Requires more than 8 hours sleep with reported lack of refreshment.,"Sleep is short, not long; condition contradicted by observations.",qwen3.8-max,64eb4723d34663f76d6a6ba8a7792f7b5f9f84985091a78701ccfae813304b64,blinded-annotation-v2-shortrefs
C019,K010,judge_b,1,labeled,14 nights of ~331 min sleep in window period.,Repeatedly shortened sleep warrants review; wearable alone doesn't establish impairment.,Short sleep observed; item correctly notes limitations of wearable-only cognitive assessment.,qwen3.8-max,64eb4723d34663f76d6a6ba8a7792f7b5f9f84985091a78701ccfae813304b64,blinded-annotation-v2-shortrefs
C019,K011,judge_b,1,labeled,14 consecutive nights of ~331 min sleep in window period.,Several nights of reduced sleep duration trigger attention to performance effects.,Repeated short sleep observed; item provides context for potential effects though symptoms unrecorded.,qwen3.8-max,64eb4723d34663f76d6a6ba8a7792f7b5f9f84985091a78701ccfae813304b64,blinded-annotation-v2-shortrefs
C019,K012,judge_b,1,labeled,"14 nights of ~331 min sleep, below 7-hour recommendation.",Ongoing insufficient sleep can alter immune response.,Persistent short sleep observed; general health context relevant but cannot diagnose infection.,qwen3.8-max,64eb4723d34663f76d6a6ba8a7792f7b5f9f84985091a78701ccfae813304b64,blinded-annotation-v2-shortrefs
C019,K013,judge_b,0,labeled,14 nights of short sleep; no food intake or appetite data available.,Requires food intake or appetite information for individual claims.,Appetite data absent; cannot link sleep to hunger hormones individually.,qwen3.8-max,64eb4723d34663f76d6a6ba8a7792f7b5f9f84985091a78701ccfae813304b64,blinded-annotation-v2-shortrefs
C019,K014,judge_b,0,labeled,No sleepiness reports or driving context in wearable data.,Requires reported sleepiness and driving plans.,Sleepiness and driving unknown; item not applicable.,qwen3.8-max,64eb4723d34663f76d6a6ba8a7792f7b5f9f84985091a78701ccfae813304b64,blinded-annotation-v2-shortrefs
C019,K015,judge_b,1,labeled,Window sleep ~331 min; individual sleep experience not recorded.,"Duration should be considered alongside individual experience, not as diagnosis.",Short sleep observed but individual needs vary; prevents diagnostic over-interpretation.,qwen3.8-max,64eb4723d34663f76d6a6ba8a7792f7b5f9f84985091a78701ccfae813304b64,blinded-annotation-v2-shortrefs
C019,K016,judge_b,0,labeled,14-day window only; no months-long history or reported insomnia symptoms.,Requires months-long difficulties or failed habit changes with daily-life impact.,Insufficient duration and no reported symptoms to meet professional review criteria.,qwen3.8-max,64eb4723d34663f76d6a6ba8a7792f7b5f9f84985091a78701ccfae813304b64,blinded-annotation-v2-shortrefs
C019,K017,judge_b,2,labeled,Baseline sleep start ~22:50; window sleep start ~01:08; wake time fixed at 07:00 throughout.,Repeated variability in bedtime or wake time triggers review of routine consistency.,"Core explanation: sleep start shifted ~2 hours later while wake remained fixed, reducing duration.",qwen3.8-max,64eb4723d34663f76d6a6ba8a7792f7b5f9f84985091a78701ccfae813304b64,blinded-annotation-v2-shortrefs
C019,K018,judge_b,0,labeled,Wake time fixed at 07:00 throughout both periods; no insomnia symptoms reported.,Requires inconsistent wake time with reported sleeping difficulties.,Wake time already consistent; no insomnia symptoms reported.,qwen3.8-max,64eb4723d34663f76d6a6ba8a7792f7b5f9f84985091a78701ccfae813304b64,blinded-annotation-v2-shortrefs
C019,K019,judge_b,0,labeled,Sleep start and end times similar on weekdays and weekends within each period.,Requires substantial weekday/weekend bedtime or wake time differences.,Weekday/weekend sleep times similar within periods; condition not met.,qwen3.8-max,64eb4723d34663f76d6a6ba8a7792f7b5f9f84985091a78701ccfae813304b64,blinded-annotation-v2-shortrefs
C019,K020,judge_b,0,labeled,Sleep start times recorded but no pre-bed activity information available.,Requires information about pre-bed activities for targeted advice.,Bedtime timestamps available but activities unknown; generic advice not directly applicable.,qwen3.8-max,64eb4723d34663f76d6a6ba8a7792f7b5f9f84985091a78701ccfae813304b64,blinded-annotation-v2-shortrefs
C019,K021,judge_b,0,labeled,No screen or light exposure data in wearable records.,Requires known bright-screen exposure shortly before bed.,Screen exposure unknown; item not applicable.,qwen3.8-max,64eb4723d34663f76d6a6ba8a7792f7b5f9f84985091a78701ccfae813304b64,blinded-annotation-v2-shortrefs
C019,K022,judge_b,0,labeled,No caffeine timing or intake data in wearable records.,Requires caffeine timing and intake information.,Caffeine history unknown; item not applicable.,qwen3.8-max,64eb4723d34663f76d6a6ba8a7792f7b5f9f84985091a78701ccfae813304b64,blinded-annotation-v2-shortrefs
C019,K023,judge_b,0,labeled,No meal timing or size data in wearable records.,Requires known large meal shortly before bed.,Meal information unknown; item not applicable.,qwen3.8-max,64eb4723d34663f76d6a6ba8a7792f7b5f9f84985091a78701ccfae813304b64,blinded-annotation-v2-shortrefs
C019,K024,judge_b,0,labeled,No alcohol intake data in wearable records.,Requires alcohol intake and timing information.,Alcohol exposure unknown; item not applicable.,qwen3.8-max,64eb4723d34663f76d6a6ba8a7792f7b5f9f84985091a78701ccfae813304b64,blinded-annotation-v2-shortrefs
C019,K025,judge_b,0,labeled,No nicotine use data in wearable records.,Requires established nicotine exposure.,Nicotine use unknown; item not applicable.,qwen3.8-max,64eb4723d34663f76d6a6ba8a7792f7b5f9f84985091a78701ccfae813304b64,blinded-annotation-v2-shortrefs
C019,K026,judge_b,0,labeled,"No bedroom environment data (light, noise, temperature) in wearable records.",Requires known disruptive bedroom environment.,Environment unknown; item not applicable to observed data.,qwen3.8-max,64eb4723d34663f76d6a6ba8a7792f7b5f9f84985091a78701ccfae813304b64,blinded-annotation-v2-shortrefs
C019,K027,judge_b,0,labeled,No pre-bed routine or relaxation difficulty data in wearable records.,Requires reported difficulty relaxing or request for routine options.,Generic bedtime advice; no supporting evidence in data.,qwen3.8-max,64eb4723d34663f76d6a6ba8a7792f7b5f9f84985091a78701ccfae813304b64,blinded-annotation-v2-shortrefs
C019,K028,judge_b,0,labeled,No nap data recorded in wearable observations.,Requires adult naps recorded or reported.,Nap history unknown; item not applicable.,qwen3.8-max,64eb4723d34663f76d6a6ba8a7792f7b5f9f84985091a78701ccfae813304b64,blinded-annotation-v2-shortrefs
C019,K029,judge_b,0,labeled,No shift work schedule data in wearable records.,Requires confirmed shift-work schedule with changing shifts.,Shift work unknown; item not applicable.,qwen3.8-max,64eb4723d34663f76d6a6ba8a7792f7b5f9f84985091a78701ccfae813304b64,blinded-annotation-v2-shortrefs
C019,K030,judge_b,0,labeled,No shift work context in wearable data.,Requires confirmed shift work schedule.,Shift work unknown; item not applicable.,qwen3.8-max,64eb4723d34663f76d6a6ba8a7792f7b5f9f84985091a78701ccfae813304b64,blinded-annotation-v2-shortrefs
C019,K031,judge_b,0,labeled,No shift work or caffeine data in wearable records.,Requires shift schedule and caffeine intake information.,Shift work and caffeine unknown; item not applicable.,qwen3.8-max,64eb4723d34663f76d6a6ba8a7792f7b5f9f84985091a78701ccfae813304b64,blinded-annotation-v2-shortrefs
C019,K032,judge_b,0,labeled,No shift work or daytime sleep context in wearable data.,Requires confirmed shift work and daytime sleep associated with it.,Shift work condition unknown; item not applicable to observed overnight sleep pattern.,qwen3.8-max,64eb4723d34663f76d6a6ba8a7792f7b5f9f84985091a78701ccfae813304b64,blinded-annotation-v2-shortrefs
C019,K033,judge_b,1,labeled,Sleep start shifted from ~22:50 to ~01:08; duration changed substantially over 14 days.,Changed or variable sleep pattern needs review with diary timeline.,Significant sleep pattern change observed; diary would help preserve sequence of changes.,qwen3.8-max,64eb4723d34663f76d6a6ba8a7792f7b5f9f84985091a78701ccfae813304b64,blinded-annotation-v2-shortrefs
C019,K034,judge_b,2,labeled,"14 consecutive nights of ~331 min sleep, ~138 min below baseline mean.",Regularly getting less sleep than needed adds up over time; recurrence matters.,Core explanation: persistent short sleep over 14 days accumulates sleep debt.,qwen3.8-max,64eb4723d34663f76d6a6ba8a7792f7b5f9f84985091a78701ccfae813304b64,blinded-annotation-v2-shortrefs
C019,K035,judge_b,0,labeled,Weekend sleep mean 329.5 min vs weekday 331.4 min in window; no extra weekend sleep.,Requires longer sleep and later timing on days off.,No catch-up sleep observed on weekends; condition not met.,qwen3.8-max,64eb4723d34663f76d6a6ba8a7792f7b5f9f84985091a78701ccfae813304b64,blinded-annotation-v2-shortrefs
C019,K036,judge_b,0,labeled,No nap data recorded in wearable observations.,Requires recorded naps after shortened night-time sleep.,Nap information absent; item not applicable.,qwen3.8-max,64eb4723d34663f76d6a6ba8a7792f7b5f9f84985091a78701ccfae813304b64,blinded-annotation-v2-shortrefs
C019,K037,judge_b,0,labeled,Wake time fixed at 07:00 throughout; no reported bad nights or insomnia symptoms.,Requires reported bad sleep or insomnia symptoms.,No insomnia symptoms reported; wake time already consistent.,qwen3.8-max,64eb4723d34663f76d6a6ba8a7792f7b5f9f84985091a78701ccfae813304b64,blinded-annotation-v2-shortrefs
C019,K038,judge_b,1,labeled,Window sleep 322-338 min over 14 days; no prior symptom history recorded.,"Requires symptom history and onset, not just 14 days of short sleep estimates.",Short sleep observed but insufficient duration and no symptom history to classify insomnia category.,qwen3.8-max,64eb4723d34663f76d6a6ba8a7792f7b5f9f84985091a78701ccfae813304b64,blinded-annotation-v2-shortrefs
C019,K039,judge_b,0,labeled,No travel history in data; sleep start shifted ~2 hours later.,"Requires confirmed travel, destination time zone, and trip duration.",Travel context unknown; timing change alone doesn't establish jet lag.,qwen3.8-max,64eb4723d34663f76d6a6ba8a7792f7b5f9f84985091a78701ccfae813304b64,blinded-annotation-v2-shortrefs
C019,K040,judge_b,0,labeled,No travel or time-zone change data in wearable records.,Requires trip duration and time-zone change.,Travel context unknown; item not applicable.,qwen3.8-max,64eb4723d34663f76d6a6ba8a7792f7b5f9f84985091a78701ccfae813304b64,blinded-annotation-v2-shortrefs
C019,K041,judge_b,0,labeled,Activity duration ~55 min/day maintained; intensity unknown.,Intensity information needed to count recommended aerobic minutes.,Generic encouragement; intensity unknown prevents guideline application.,qwen3.8-max,64eb4723d34663f76d6a6ba8a7792f7b5f9f84985091a78701ccfae813304b64,blinded-annotation-v2-shortrefs
C019,K042,judge_b,0,labeled,Activity duration stable ~55 min; steps dropped but health context unknown.,Requires health and mobility context for exercise prescription.,Generic gradual build-up advice; no specific inactivity context established.,qwen3.8-max,64eb4723d34663f76d6a6ba8a7792f7b5f9f84985091a78701ccfae813304b64,blinded-annotation-v2-shortrefs
C019,K043,judge_b,0,labeled,Activity duration ~55 min/day; intensity unknown for all intervals.,Requires known activity intensity to assess 150-minute weekly target.,Intensity unknown; cannot determine guideline compliance from available data.,qwen3.8-max,64eb4723d34663f76d6a6ba8a7792f7b5f9f84985091a78701ccfae813304b64,blinded-annotation-v2-shortrefs
C019,K044,judge_b,0,labeled,Activity intensity unknown for all recorded intervals.,Requires known vigorous intensity to apply 75-minute target.,Intensity unknown; cannot apply vigorous activity guideline.,qwen3.8-max,64eb4723d34663f76d6a6ba8a7792f7b5f9f84985091a78701ccfae813304b64,blinded-annotation-v2-shortrefs
C019,K045,judge_b,0,labeled,Activity duration stable ~55 min/day; intensity unknown for all intervals.,Intensity required for counting guideline minutes; assumes every active minute is moderate.,Generic activity advice; intensity unknown so guideline application unsupported.,qwen3.8-max,64eb4723d34663f76d6a6ba8a7792f7b5f9f84985091a78701ccfae813304b64,blinded-annotation-v2-shortrefs
C019,K046,judge_b,0,labeled,No muscle-strengthening activity records in wearable data.,Requires strengthening activity records including days and muscle groups.,Only steps and generic movement available; item not applicable.,qwen3.8-max,64eb4723d34663f76d6a6ba8a7792f7b5f9f84985091a78701ccfae813304b64,blinded-annotation-v2-shortrefs
C019,K047,judge_b,0,labeled,Activity intensity unknown; guideline attainment unverified.,Requires known intensity and weekly duration confirming guideline attainment.,Intensity unknown; cannot assess additional benefits beyond minimum.,qwen3.8-max,64eb4723d34663f76d6a6ba8a7792f7b5f9f84985091a78701ccfae813304b64,blinded-annotation-v2-shortrefs
C019,K048,judge_b,1,labeled,Activity duration ~55 min/day with unknown intensity; steps dropped significantly.,Intensity cannot be assigned solely from daily movement total.,Steps decreased but intensity unknown; supports not inferring effort from step counts alone.,qwen3.8-max,64eb4723d34663f76d6a6ba8a7792f7b5f9f84985091a78701ccfae813304b64,blinded-annotation-v2-shortrefs
C019,K049,judge_b,0,labeled,Activity intensity labeled unknown for all intervals; no breathing data.,Requires observed effort during aerobic activity.,Effort unrecorded; talk test cannot be applied.,qwen3.8-max,64eb4723d34663f76d6a6ba8a7792f7b5f9f84985091a78701ccfae813304b64,blinded-annotation-v2-shortrefs
C019,K050,judge_b,2,labeled,Steps dropped from ~7985 to ~2643 while activity duration stayed ~55 min/day.,Steps may not reflect intensity during non-step activities like spinning or yoga.,Core explanation: step count decrease doesn't establish all activity decreased given stable duration.,qwen3.8-max,64eb4723d34663f76d6a6ba8a7792f7b5f9f84985091a78701ccfae813304b64,blinded-annotation-v2-shortrefs
C019,K051,judge_b,0,labeled,Steps dropped from ~7985 to ~2643; transport context unknown.,Requires mobility and transport context for specific options.,Generic walking advice; transport context unknown.,qwen3.8-max,64eb4723d34663f76d6a6ba8a7792f7b5f9f84985091a78701ccfae813304b64,blinded-annotation-v2-shortrefs
C019,K052,judge_b,0,labeled,No personal preference or availability data in wearable records.,Requires personal preferences and availability for choosing individualized options.,Preferences unknown; generic activity planning advice not connected to observations.,qwen3.8-max,64eb4723d34663f76d6a6ba8a7792f7b5f9f84985091a78701ccfae813304b64,blinded-annotation-v2-shortrefs
C019,K053,judge_b,0,labeled,Steps dropped from ~7985 to ~2643 daily mean; no social preference data available.,Requires reported motivational or social barrier to activity.,Generic motivation advice with no evidence of social barrier in the data.,qwen3.8-max,64eb4723d34663f76d6a6ba8a7792f7b5f9f84985091a78701ccfae813304b64,blinded-annotation-v2-shortrefs
C019,K054,judge_b,0,labeled,Steps dropped but no reported time barrier in data.,Requires actual daily schedule and reported time barrier.,Time barrier assumption unsupported by available data.,qwen3.8-max,64eb4723d34663f76d6a6ba8a7792f7b5f9f84985091a78701ccfae813304b64,blinded-annotation-v2-shortrefs
C019,K055,judge_b,0,labeled,No schedule constraint or competing demand data in wearable records.,Requires reported competing demands reducing activity.,Schedule reason unknown; item not applicable.,qwen3.8-max,64eb4723d34663f76d6a6ba8a7792f7b5f9f84985091a78701ccfae813304b64,blinded-annotation-v2-shortrefs
C019,K056,judge_b,0,labeled,No chronic condition or disability data in wearable records.,Requires relevant health condition and activity safety history.,Medical context unknown; item not applicable.,qwen3.8-max,64eb4723d34663f76d6a6ba8a7792f7b5f9f84985091a78701ccfae813304b64,blinded-annotation-v2-shortrefs
C019,K057,judge_b,0,labeled,"Daytime low-movement intervals ~45 min each, 10 per day; no posture context.",Requires mobility and posture context for individual sitting claim.,Low movement intervals present but posture unknown; generic advice not directly explanatory.,qwen3.8-max,64eb4723d34663f76d6a6ba8a7792f7b5f9f84985091a78701ccfae813304b64,blinded-annotation-v2-shortrefs
C019,K058,judge_b,0,labeled,Activity duration ~55 min/day with low movement ~450 min/day; intensity unknown.,Requires sitting posture and known activity intensity for guideline claims.,Generic advice about exercise and sitting; conditions not met by available data.,qwen3.8-max,64eb4723d34663f76d6a6ba8a7792f7b5f9f84985091a78701ccfae813304b64,blinded-annotation-v2-shortrefs
C019,K059,judge_b,0,labeled,Low movement minutes stable ~449-451 across periods; no confirmed sitting data.,Requires confirmed sitting for specific sedentary-time conclusion.,Generic sedentary advice; no confirmed sitting increase observed in data.,qwen3.8-max,64eb4723d34663f76d6a6ba8a7792f7b5f9f84985091a78701ccfae813304b64,blinded-annotation-v2-shortrefs
C019,K060,judge_b,0,labeled,No commuting or transport data in wearable records.,Requires sedentary commuting context with transport and mobility info.,Commute unknown; item not applicable.,qwen3.8-max,64eb4723d34663f76d6a6ba8a7792f7b5f9f84985091a78701ccfae813304b64,blinded-annotation-v2-shortrefs
C019,K061,judge_b,0,labeled,No workplace layout or desk work context in wearable data.,Requires workplace layout and ability to walk to colleagues.,Work context unknown; item not applicable to observed data.,qwen3.8-max,64eb4723d34663f76d6a6ba8a7792f7b5f9f84985091a78701ccfae813304b64,blinded-annotation-v2-shortrefs
C019,K062,judge_b,0,labeled,No workplace or meeting data in wearable records.,Requires workplace and mobility context for standing meetings.,Workplace context unknown; item not applicable.,qwen3.8-max,64eb4723d34663f76d6a6ba8a7792f7b5f9f84985091a78701ccfae813304b64,blinded-annotation-v2-shortrefs
C019,K063,judge_b,0,labeled,No television viewing or screen habit data in wearable records.,Requires prolonged sitting while watching television.,Screen habits unknown; item not applicable.,qwen3.8-max,64eb4723d34663f76d6a6ba8a7792f7b5f9f84985091a78701ccfae813304b64,blinded-annotation-v2-shortrefs
C019,K064,judge_b,0,labeled,No leisure context or seated habit data in wearable records.,Requires substantial habitual seated leisure context.,Leisure context unknown; item not applicable.,qwen3.8-max,64eb4723d34663f76d6a6ba8a7792f7b5f9f84985091a78701ccfae813304b64,blinded-annotation-v2-shortrefs
C019,K065,judge_b,1,labeled,Steps dropped ~67% while activity duration remained stable ~55 min/day.,Everyday movement considered separately from planned exercise sessions.,Explains why step drop doesn't necessarily mean all physical activity decreased.,qwen3.8-max,64eb4723d34663f76d6a6ba8a7792f7b5f9f84985091a78701ccfae813304b64,blinded-annotation-v2-shortrefs
C019,K066,judge_b,0,labeled,No workday lunch-break context in wearable data.,Requires workday lunch-break access and mobility information.,Workday context unknown; item not applicable.,qwen3.8-max,64eb4723d34663f76d6a6ba8a7792f7b5f9f84985091a78701ccfae813304b64,blinded-annotation-v2-shortrefs
C019,K067,judge_b,0,labeled,No stair access or mobility context in wearable data.,Requires stair access and safe mobility.,Context unknown; generic advice not connected to observations.,qwen3.8-max,64eb4723d34663f76d6a6ba8a7792f7b5f9f84985091a78701ccfae813304b64,blinded-annotation-v2-shortrefs
C019,K068,judge_b,1,labeled,"Low movement minutes ~449 baseline, ~451 window; no posture measurement available.",Low-movement estimate should not be relabelled as confirmed sitting without posture.,Supports not equating stable low-movement minutes with confirmed sedentary behavior.,qwen3.8-max,64eb4723d34663f76d6a6ba8a7792f7b5f9f84985091a78701ccfae813304b64,blinded-annotation-v2-shortrefs
C019,K069,judge_b,0,labeled,Activity duration stable ~55 min; sleep dropped ~138 min; paired r=-0.15 in window.,General benefit doesn't establish particular activity caused individual sleep change.,Temporal co-occurrence doesn't imply causation; generic benefit statement.,qwen3.8-max,64eb4723d34663f76d6a6ba8a7792f7b5f9f84985091a78701ccfae813304b64,blinded-annotation-v2-shortrefs
C019,K070,judge_b,0,labeled,Activity duration stable ~55 min; no outdoor exposure data available.,Requires outdoor access and mobility for specific plan.,Cannot infer outdoor exposure from movement counts; generic advice.,qwen3.8-max,64eb4723d34663f76d6a6ba8a7792f7b5f9f84985091a78701ccfae813304b64,blinded-annotation-v2-shortrefs
C019,K071,judge_b,0,labeled,Activity intervals 21:00-22:00 daily; intensity labeled unknown throughout.,Requires known intensity and actual timing relative to bedtime.,Late activity present but intensity unknown; cannot apply intense-exercise advice.,qwen3.8-max,64eb4723d34663f76d6a6ba8a7792f7b5f9f84985091a78701ccfae813304b64,blinded-annotation-v2-shortrefs
C019,K072,judge_b,0,labeled,Activity 21:00-22:00 daily; no reported insomnia symptoms in data.,Requires exercise near bedtime with reported insomnia symptoms.,No insomnia symptoms reported; targeted advice not applicable.,qwen3.8-max,64eb4723d34663f76d6a6ba8a7792f7b5f9f84985091a78701ccfae813304b64,blinded-annotation-v2-shortrefs
C019,K073,judge_b,1,labeled,Activity intervals 21:00-22:00 daily; sleep start shifted from ~22:50 to ~01:08.,Activity intervals needed for timing comparisons with subsequent sleep.,Late activity timing recorded; relevant for temporal comparison with delayed sleep onset.,qwen3.8-max,64eb4723d34663f76d6a6ba8a7792f7b5f9f84985091a78701ccfae813304b64,blinded-annotation-v2-shortrefs
C019,K074,judge_b,0,labeled,No emergency responder deployment context in data.,Requires confirmed emergency-response deployment context.,Deployment context unknown; item not applicable.,qwen3.8-max,64eb4723d34663f76d6a6ba8a7792f7b5f9f84985091a78701ccfae813304b64,blinded-annotation-v2-shortrefs
C019,K075,judge_b,0,labeled,No subjective energy or tiredness data in wearable records.,Requires subjective energy pattern and availability.,Tiredness history unknown; item not applicable.,qwen3.8-max,64eb4723d34663f76d6a6ba8a7792f7b5f9f84985091a78701ccfae813304b64,blinded-annotation-v2-shortrefs
C019,K076,judge_b,0,labeled,No substance or medication data in wearable records.,Requires substance and medication history for causal interpretation.,Exposure data absent; item not applicable to available observations.,qwen3.8-max,64eb4723d34663f76d6a6ba8a7792f7b5f9f84985091a78701ccfae813304b64,blinded-annotation-v2-shortrefs
C019,K077,judge_b,1,labeled,RHR 55-57 bpm recorded daily across both periods.,"RHR measured while still and well rested, different from exercise HR.",Educational context for interpreting stable RHR values in the dataset.,qwen3.8-max,64eb4723d34663f76d6a6ba8a7792f7b5f9f84985091a78701ccfae813304b64,blinded-annotation-v2-shortrefs
C019,K078,judge_b,1,labeled,Daily RHR 55-57 bpm recorded; sleeping HR not separately provided.,Sleeping HR often lower than daily resting estimate; compare same measure.,Relevant for correctly interpreting the single RHR metric available in data.,qwen3.8-max,64eb4723d34663f76d6a6ba8a7792f7b5f9f84985091a78701ccfae813304b64,blinded-annotation-v2-shortrefs
C019,K079,judge_b,1,labeled,RHR stable 55-57 bpm across both periods; minimal change observed.,RHR rise has several possible explanations; does not identify cause.,RHR essentially unchanged; item relevant for preventing over-interpretation of minor fluctuations.,qwen3.8-max,64eb4723d34663f76d6a6ba8a7792f7b5f9f84985091a78701ccfae813304b64,blinded-annotation-v2-shortrefs
C019,K080,judge_b,1,labeled,RHR ~56 bpm and HRV RMSSD ~45 ms recorded nightly throughout both periods.,"HRV is variation between beats, distinct from average heart rate.",Both metrics recorded; educational distinction relevant for correct interpretation.,qwen3.8-max,64eb4723d34663f76d6a6ba8a7792f7b5f9f84985091a78701ccfae813304b64,blinded-annotation-v2-shortrefs
C019,K081,judge_b,1,labeled,HRV RMSSD mean 44.86 ms in both baseline and window periods.,HRV differs between people; personal history needed for interpretation.,Stable HRV across periods supports contextual interpretation rather than universal thresholds.,qwen3.8-max,64eb4723d34663f76d6a6ba8a7792f7b5f9f84985091a78701ccfae813304b64,blinded-annotation-v2-shortrefs
C019,K082,judge_b,1,labeled,"28-day baseline available for RHR, HRV, sleep, and steps comparison.",Personal range uses up to 30 days of recent data for trend context.,Sufficient baseline history exists for personal range comparison of window changes.,qwen3.8-max,64eb4723d34663f76d6a6ba8a7792f7b5f9f84985091a78701ccfae813304b64,blinded-annotation-v2-shortrefs
C019,K083,judge_b,1,labeled,RHR recorded daily over 28-day baseline and 14-day window; stable 55-57 bpm.,Reviewing repeated readings preserves trend context over single estimates.,Multi-week RHR data available; supports trend-based interpretation.,qwen3.8-max,64eb4723d34663f76d6a6ba8a7792f7b5f9f84985091a78701ccfae813304b64,blinded-annotation-v2-shortrefs
C019,K084,judge_b,1,labeled,HRV RMSSD stable at ~44.86 ms across both periods.,"HRV trends are wellness observations, not diagnoses.",Supports not diagnosing conditions from stable HRV readings.,qwen3.8-max,64eb4723d34663f76d6a6ba8a7792f7b5f9f84985091a78701ccfae813304b64,blinded-annotation-v2-shortrefs
C019,K085,judge_b,1,labeled,HRV recorded as hrv_rmssd_ms; metadata confirms night RMSSD definition.,Fitbit reports HRV using RMSSD formula; comparisons should preserve metric definition.,Confirms HRV metric identity for valid interpretation across periods.,qwen3.8-max,64eb4723d34663f76d6a6ba8a7792f7b5f9f84985091a78701ccfae813304b64,blinded-annotation-v2-shortrefs
C019,K086,judge_b,1,labeled,"HRV RMSSD recorded nightly; window sleep 322-338 min, all above 3-hour threshold.",Fitbit HRV from longest sleep period >3 hours in previous 24 hours.,All window sleep periods exceed 3 hours; supports HRV data validity per device rules.,qwen3.8-max,64eb4723d34663f76d6a6ba8a7792f7b5f9f84985091a78701ccfae813304b64,blinded-annotation-v2-shortrefs
C019,K087,judge_b,0,labeled,Only sleep duration and timing available; no sleep-stage measurements in data.,Requires sleep-stage measurements.,Sleep stage data absent; item not applicable to available observations.,qwen3.8-max,64eb4723d34663f76d6a6ba8a7792f7b5f9f84985091a78701ccfae813304b64,blinded-annotation-v2-shortrefs
C019,K088,judge_b,0,labeled,No reported health concerns or symptoms in wearable data.,Requires reported health concerns or symptoms.,No health concerns reported; generic referral advice not triggered.,qwen3.8-max,64eb4723d34663f76d6a6ba8a7792f7b5f9f84985091a78701ccfae813304b64,blinded-annotation-v2-shortrefs
C019,K089,judge_b,0,labeled,RHR stable 55-57 bpm; no device fit or placement change noted.,Requires device placement and contact information suggesting poor fit.,No evidence of fit problems; item not directly applicable.,qwen3.8-max,64eb4723d34663f76d6a6ba8a7792f7b5f9f84985091a78701ccfae813304b64,blinded-annotation-v2-shortrefs
C019,K090,judge_b,1,labeled,Nighttime coverage 342-358 min in window vs 482-497 min baseline; all above 180 min threshold.,Separate night-time wear information required for overnight vitals validity.,Coverage sufficient per policy but reduced in window; relevant for interpreting overnight metrics.,qwen3.8-max,64eb4723d34663f76d6a6ba8a7792f7b5f9f84985091a78701ccfae813304b64,blinded-annotation-v2-shortrefs
C019,K091,judge_b,0,labeled,All vitals present with valid counts; nighttime coverage >3 hours every night.,Requires missing vital with limited night-time data.,No missing vitals observed; all sleep periods exceed 3-hour threshold.,qwen3.8-max,64eb4723d34663f76d6a6ba8a7792f7b5f9f84985091a78701ccfae813304b64,blinded-annotation-v2-shortrefs
C019,K092,judge_b,0,labeled,All vitals present with valid counts; no missing data flags in either period.,Requires missing or delayed vitals to check sync status.,No missing vitals observed; item not applicable.,qwen3.8-max,64eb4723d34663f76d6a6ba8a7792f7b5f9f84985091a78701ccfae813304b64,blinded-annotation-v2-shortrefs
C019,K093,judge_b,0,labeled,Single synthetic device used throughout; no device switch indicated.,Requires device or algorithm change affecting cross-device comparison.,Same device throughout; no switch to complicate comparisons.,qwen3.8-max,64eb4723d34663f76d6a6ba8a7792f7b5f9f84985091a78701ccfae813304b64,blinded-annotation-v2-shortrefs
C019,K094,judge_b,1,labeled,Sleep duration estimated from device; sleep boundaries recorded nightly.,Estimated time asleep differs from full sleep period; device-estimated.,Relevant for interpreting device-estimated sleep duration values in the data.,qwen3.8-max,64eb4723d34663f76d6a6ba8a7792f7b5f9f84985091a78701ccfae813304b64,blinded-annotation-v2-shortrefs
C019,K095,judge_b,1,labeled,Nighttime coverage 342-358 min in window; sleep recorded every night.,"Unworn night should remain missing observation, not interpreted as no sleep.",All nights have coverage and sleep data; supports valid interpretation of recorded sleep.,qwen3.8-max,64eb4723d34663f76d6a6ba8a7792f7b5f9f84985091a78701ccfae813304b64,blinded-annotation-v2-shortrefs
C019,K096,judge_b,2,labeled,Steps dropped from ~7985 to ~2643 mean while activity duration remained ~55 min.,Arm swing needed for step counting; changes in wear affect recorded steps.,"Core explanation: step drop may reflect arm motion or wear changes, not necessarily less walking.",qwen3.8-max,64eb4723d34663f76d6a6ba8a7792f7b5f9f84985091a78701ccfae813304b64,blinded-annotation-v2-shortrefs
C020,K001,judge_b,1,labeled,Age band 18-60; sleep duration 463-478 min (7.7-8.0h) across all days.,Age band compatible with 18 to 60 years.,Sleep meets the 7+ hour recommendation for this age group; core context for adequacy.,qwen3.8-max,b6cc0683c3c50add622f376435324a875489e87b881fdf98387ef3519aaa491f,blinded-annotation-v2-shortrefs
C020,K002,judge_b,0,labeled,"Age band is 18-60, not 61-64.",Requires age 61 to 64 established.,Subject not in 61-64 range; not applicable.,qwen3.8-max,b6cc0683c3c50add622f376435324a875489e87b881fdf98387ef3519aaa491f,blinded-annotation-v2-shortrefs
C020,K003,judge_b,0,labeled,"Age band is 18-60, not 65+.",Requires age at least 65 established.,Subject is under 65; older adult recommendation not applicable.,qwen3.8-max,b6cc0683c3c50add622f376435324a875489e87b881fdf98387ef3519aaa491f,blinded-annotation-v2-shortrefs
C020,K004,judge_b,0,labeled,"Age band is 18-60, not 13-17.",Requires teenage age group established.,Subject is adult; teenager recommendation not applicable.,qwen3.8-max,b6cc0683c3c50add622f376435324a875489e87b881fdf98387ef3519aaa491f,blinded-annotation-v2-shortrefs
C020,K005,judge_b,0,labeled,"Sleep duration stable ~470 min/night, no shortening trend observed.",Requires repeatedly shortened sleep opportunity or duration.,No evidence of insufficient sleep; conditions not met.,qwen3.8-max,b6cc0683c3c50add622f376435324a875489e87b881fdf98387ef3519aaa491f,blinded-annotation-v2-shortrefs
C020,K006,judge_b,0,labeled,"Sleep duration ~470 min (7.8h), meeting the 7+ hour recommendation for adults 18-60.",Requires consistently short sleep even without new decline.,Sleep duration is sufficient; not a short sleep routine.,qwen3.8-max,b6cc0683c3c50add622f376435324a875489e87b881fdf98387ef3519aaa491f,blinded-annotation-v2-shortrefs
C020,K007,judge_b,1,labeled,Sleep duration recorded (~470 min) but no awakenings or quality metrics available.,Sleep duration recorded but sleep quality may be unknown.,Duration available without quality data; item correctly distinguishes these concepts.,qwen3.8-max,b6cc0683c3c50add622f376435324a875489e87b881fdf98387ef3519aaa491f,blinded-annotation-v2-shortrefs
C020,K008,judge_b,0,labeled,No awakening data recorded; only sleep start/end timestamps available.,Requires awakening history or measured sleep continuity.,Only duration and start/end available; cannot assess awakenings.,qwen3.8-max,b6cc0683c3c50add622f376435324a875489e87b881fdf98387ef3519aaa491f,blinded-annotation-v2-shortrefs
C020,K009,judge_b,0,labeled,Sleep ~470 min (<8h); no subjective refreshment data recorded.,Requires more than 8h sleep with reported lack of refreshment.,Sleep under 8h and no refreshment data; conditions not met.,qwen3.8-max,b6cc0683c3c50add622f376435324a875489e87b881fdf98387ef3519aaa491f,blinded-annotation-v2-shortrefs
C020,K010,judge_b,0,labeled,"Sleep duration ~470 min, adequate; no cognitive performance data recorded.",Requires repeatedly shortened sleep and symptoms for impairment claim.,Sleep is adequate; no impairment evidence; conditions not met.,qwen3.8-max,b6cc0683c3c50add622f376435324a875489e87b881fdf98387ef3519aaa491f,blinded-annotation-v2-shortrefs
C020,K011,judge_b,0,labeled,Sleep duration stable ~470 min; no shortened nights observed.,Requires several nights of reduced sleep duration.,No repeated sleep loss; conditions not met.,qwen3.8-max,b6cc0683c3c50add622f376435324a875489e87b881fdf98387ef3519aaa491f,blinded-annotation-v2-shortrefs
C020,K012,judge_b,0,labeled,"Sleep duration stable ~470 min/night, above 7h recommendation.",Requires ongoing insufficient sleep.,No evidence of insufficient sleep; conditions not met.,qwen3.8-max,b6cc0683c3c50add622f376435324a875489e87b881fdf98387ef3519aaa491f,blinded-annotation-v2-shortrefs
C020,K013,judge_b,0,labeled,"Sleep duration ~470 min, meeting recommendations; no appetite data recorded.",Requires repeated insufficient sleep and food intake info.,Sleep is sufficient; no appetite data; conditions not met.,qwen3.8-max,b6cc0683c3c50add622f376435324a875489e87b881fdf98387ef3519aaa491f,blinded-annotation-v2-shortrefs
C020,K014,judge_b,0,labeled,No sleepiness reports or driving context in wearable data.,Requires sleepiness and driving plans.,Sleepiness and driving context unknown; conditions not met.,qwen3.8-max,b6cc0683c3c50add622f376435324a875489e87b881fdf98387ef3519aaa491f,blinded-annotation-v2-shortrefs
C020,K015,judge_b,1,labeled,Sleep duration ~463-478 min (7.7-8.0h) across all days; age band 18-60.,Adult sleep duration being reviewed.,Sleep duration within normal range; individual variation context is relevant background.,qwen3.8-max,b6cc0683c3c50add622f376435324a875489e87b881fdf98387ef3519aaa491f,blinded-annotation-v2-shortrefs
C020,K016,judge_b,0,labeled,Sleep duration stable ~470 min; no insomnia symptoms reported; window is 14 days.,Requires months-long difficulties or failed habit changes.,No reported insomnia; 14-day window insufficient for criteria.,qwen3.8-max,b6cc0683c3c50add622f376435324a875489e87b881fdf98387ef3519aaa491f,blinded-annotation-v2-shortrefs
C020,K017,judge_b,0,labeled,"Sleep start variance 29.3 min² baseline, 27.4 window; sleep end variance 0 both periods.",Requires repeated variability in bedtime or wake time.,Sleep schedule is highly consistent; no variability problem observed.,qwen3.8-max,b6cc0683c3c50add622f376435324a875489e87b881fdf98387ef3519aaa491f,blinded-annotation-v2-shortrefs
C020,K018,judge_b,0,labeled,Wake time exactly 07:00 daily (variance 0); no sleeping difficulties reported.,Requires inconsistent wake time with reported sleeping difficulties.,Wake time perfectly consistent; no insomnia symptoms.,qwen3.8-max,b6cc0683c3c50add622f376435324a875489e87b881fdf98387ef3519aaa491f,blinded-annotation-v2-shortrefs
C020,K019,judge_b,0,labeled,"Weekday sleep start mean 649.4 min, weekend 649.5 min; difference <1 min.",Requires substantial weekday-weekend schedule difference.,Weekday and weekend sleep times are nearly identical; no difference to address.,qwen3.8-max,b6cc0683c3c50add622f376435324a875489e87b881fdf98387ef3519aaa491f,blinded-annotation-v2-shortrefs
C020,K020,judge_b,0,labeled,"Bedtime ~22:45-22:57 recorded, but no pre-bed activity information available.",Requires information about pre-bed activities.,Pre-bed activities unknown; timestamps alone insufficient.,qwen3.8-max,b6cc0683c3c50add622f376435324a875489e87b881fdf98387ef3519aaa491f,blinded-annotation-v2-shortrefs
C020,K021,judge_b,0,labeled,No screen or light exposure data recorded.,Requires screen or light exposure information.,Exposure unknown; conditions not met.,qwen3.8-max,b6cc0683c3c50add622f376435324a875489e87b881fdf98387ef3519aaa491f,blinded-annotation-v2-shortrefs
C020,K022,judge_b,0,labeled,No caffeine timing or intake data recorded.,Requires caffeine timing and intake.,Caffeine history unknown; conditions not met.,qwen3.8-max,b6cc0683c3c50add622f376435324a875489e87b881fdf98387ef3519aaa491f,blinded-annotation-v2-shortrefs
C020,K023,judge_b,0,labeled,No meal timing or size data recorded.,Requires meal timing and size.,Meal information unknown; conditions not met.,qwen3.8-max,b6cc0683c3c50add622f376435324a875489e87b881fdf98387ef3519aaa491f,blinded-annotation-v2-shortrefs
C020,K024,judge_b,0,labeled,No alcohol intake data recorded.,Requires alcohol intake and timing.,Alcohol exposure unknown; conditions not met.,qwen3.8-max,b6cc0683c3c50add622f376435324a875489e87b881fdf98387ef3519aaa491f,blinded-annotation-v2-shortrefs
C020,K025,judge_b,0,labeled,No nicotine use data in wearable observations.,Requires nicotine exposure.,Nicotine use unknown; conditions not met.,qwen3.8-max,b6cc0683c3c50add622f376435324a875489e87b881fdf98387ef3519aaa491f,blinded-annotation-v2-shortrefs
C020,K026,judge_b,0,labeled,"No bedroom environment data (light, noise, temperature) recorded.","Requires bedroom light, noise, or temperature.",Environment unknown; conditions not met.,qwen3.8-max,b6cc0683c3c50add622f376435324a875489e87b881fdf98387ef3519aaa491f,blinded-annotation-v2-shortrefs
C020,K027,judge_b,0,labeled,No relaxation difficulty or routine request data recorded.,Requires reported difficulty relaxing or request for options.,No evidence of relaxation issues; conditions not met.,qwen3.8-max,b6cc0683c3c50add622f376435324a875489e87b881fdf98387ef3519aaa491f,blinded-annotation-v2-shortrefs
C020,K028,judge_b,0,labeled,No nap data recorded in wearable observations.,Requires adult naps recorded or reported.,Nap history unknown; conditions not met.,qwen3.8-max,b6cc0683c3c50add622f376435324a875489e87b881fdf98387ef3519aaa491f,blinded-annotation-v2-shortrefs
C020,K029,judge_b,0,labeled,No shift work data recorded; sleep times are highly consistent.,Requires confirmed shift-work schedule.,Shift work unknown; conditions not met.,qwen3.8-max,b6cc0683c3c50add622f376435324a875489e87b881fdf98387ef3519aaa491f,blinded-annotation-v2-shortrefs
C020,K030,judge_b,0,labeled,No shift work data recorded.,Requires work schedule and lighting context.,No confirmed shift work; conditions not met.,qwen3.8-max,b6cc0683c3c50add622f376435324a875489e87b881fdf98387ef3519aaa491f,blinded-annotation-v2-shortrefs
C020,K031,judge_b,0,labeled,No shift work or caffeine intake data in wearable observations.,Requires shift schedule and caffeine intake context.,Shift work and caffeine unknown; conditions not met.,qwen3.8-max,b6cc0683c3c50add622f376435324a875489e87b881fdf98387ef3519aaa491f,blinded-annotation-v2-shortrefs
C020,K032,judge_b,0,labeled,"All sleep occurs overnight (start ~22:45-22:57, end 07:00); no daytime sleep.",Requires daytime sleep associated with shift work.,Only overnight sleep recorded; shift work unknown.,qwen3.8-max,b6cc0683c3c50add622f376435324a875489e87b881fdf98387ef3519aaa491f,blinded-annotation-v2-shortrefs
C020,K033,judge_b,0,labeled,"Sleep pattern is highly consistent; start variance 29.3 min², end variance 0.",Requires a changed or variable sleep pattern needing review.,"Sleep pattern is stable, not variable; no change needs diary review.",qwen3.8-max,b6cc0683c3c50add622f376435324a875489e87b881fdf98387ef3519aaa491f,blinded-annotation-v2-shortrefs
C020,K034,judge_b,0,labeled,Sleep duration stable ~470 min/night; no shortened nights observed.,Requires several shortened nights rather than single reading.,No repeated sleep restriction; conditions not met.,qwen3.8-max,b6cc0683c3c50add622f376435324a875489e87b881fdf98387ef3519aaa491f,blinded-annotation-v2-shortrefs
C020,K035,judge_b,0,labeled,"Weekday sleep mean 470.6 min, weekend 470.5 min in window; no difference observed.",Requires longer sleep and later timing on days off.,No weekday-weekend sleep difference; conditions not met.,qwen3.8-max,b6cc0683c3c50add622f376435324a875489e87b881fdf98387ef3519aaa491f,blinded-annotation-v2-shortrefs
C020,K036,judge_b,0,labeled,No nap data recorded in wearable observations.,Requires recorded naps.,Nap information absent; conditions not met.,qwen3.8-max,b6cc0683c3c50add622f376435324a875489e87b881fdf98387ef3519aaa491f,blinded-annotation-v2-shortrefs
C020,K037,judge_b,0,labeled,Sleep schedule consistent; no bad nights or insomnia symptoms reported.,Requires reported bad sleep or insomnia symptoms.,No reported sleeping difficulty; conditions not met.,qwen3.8-max,b6cc0683c3c50add622f376435324a875489e87b881fdf98387ef3519aaa491f,blinded-annotation-v2-shortrefs
C020,K038,judge_b,0,labeled,Sleep duration stable ~470 min; no symptom history or sleeping difficulty reported.,Requires symptom history and onset.,No insomnia symptoms; cannot categorize duration.,qwen3.8-max,b6cc0683c3c50add622f376435324a875489e87b881fdf98387ef3519aaa491f,blinded-annotation-v2-shortrefs
C020,K039,judge_b,0,labeled,No travel history recorded; timezone constant Asia/Shanghai.,Requires confirmed travel across time zones.,No travel evidence; conditions not met.,qwen3.8-max,b6cc0683c3c50add622f376435324a875489e87b881fdf98387ef3519aaa491f,blinded-annotation-v2-shortrefs
C020,K040,judge_b,0,labeled,No travel or trip data recorded.,Requires trip duration and time-zone change.,Travel context unknown; conditions not met.,qwen3.8-max,b6cc0683c3c50add622f376435324a875489e87b881fdf98387ef3519aaa491f,blinded-annotation-v2-shortrefs
C020,K041,judge_b,1,labeled,Activity duration dropped from mean 54.4 to 9.4 min/day in window.,Low or declining movement gives opportunity to add activity.,Sharp activity decline observed; item provides general context about adding any activity.,qwen3.8-max,b6cc0683c3c50add622f376435324a875489e87b881fdf98387ef3519aaa491f,blinded-annotation-v2-shortrefs
C020,K042,judge_b,1,labeled,Activity duration dropped from ~54 to ~9 min/day in window period.,Recently low or reduced physical activity.,Sharp activity reduction observed; gradual buildup advice is contextually relevant.,qwen3.8-max,b6cc0683c3c50add622f376435324a875489e87b881fdf98387ef3519aaa491f,blinded-annotation-v2-shortrefs
C020,K043,judge_b,0,labeled,All activity intensity labeled 'unknown'; no moderate-intensity minutes documented.,Requires known activity intensity.,Intensity unknown; cannot assess moderate guideline compliance.,qwen3.8-max,b6cc0683c3c50add622f376435324a875489e87b881fdf98387ef3519aaa491f,blinded-annotation-v2-shortrefs
C020,K044,judge_b,0,labeled,All activity intervals have intensity 'unknown'; no vigorous activity documented.,Requires known vigorous intensity.,Intensity unknown; cannot apply vigorous target.,qwen3.8-max,b6cc0683c3c50add622f376435324a875489e87b881fdf98387ef3519aaa491f,blinded-annotation-v2-shortrefs
C020,K045,judge_b,0,labeled,Activity intensity 'unknown'; cannot determine if minutes count toward guidelines.,Requires intensity for counting guideline minutes.,Intensity unknown; cannot apply splitting advice to guideline compliance.,qwen3.8-max,b6cc0683c3c50add622f376435324a875489e87b881fdf98387ef3519aaa491f,blinded-annotation-v2-shortrefs
C020,K046,judge_b,0,labeled,Only steps and activity duration recorded; no strengthening activity data.,Requires strengthening activity records including days and muscle groups.,No strengthening data available; conditions not met.,qwen3.8-max,b6cc0683c3c50add622f376435324a875489e87b881fdf98387ef3519aaa491f,blinded-annotation-v2-shortrefs
C020,K047,judge_b,0,labeled,Activity intensity labeled 'unknown' for all intervals in both periods.,Requires known intensity and weekly duration.,Intensity unknown; cannot assess guideline attainment.,qwen3.8-max,b6cc0683c3c50add622f376435324a875489e87b881fdf98387ef3519aaa491f,blinded-annotation-v2-shortrefs
C020,K048,judge_b,1,labeled,Activity intensity 'unknown' for all intervals; fitness level not recorded.,Requires fitness or perceived effort for intensity interpretation.,Intensity cannot be assigned from movement totals alone; directly relevant to unknown intensity data.,qwen3.8-max,b6cc0683c3c50add622f376435324a875489e87b881fdf98387ef3519aaa491f,blinded-annotation-v2-shortrefs
C020,K049,judge_b,0,labeled,Activity intensity 'unknown'; no breathing or talk-test observations recorded.,Requires aerobic activity and breathing observation.,Effort context unrecorded; conditions not met.,qwen3.8-max,b6cc0683c3c50add622f376435324a875489e87b881fdf98387ef3519aaa491f,blinded-annotation-v2-shortrefs
C020,K050,judge_b,2,labeled,Steps ~8029/day stable while activity duration dropped from 54.4 to 9.4 min/day.,Steps change while other activity may differ; activity type needed.,"Core explanation: step counts miss non-step exercise intensity, directly addressing the divergence between stable steps and plummeting activity minutes.",qwen3.8-max,b6cc0683c3c50add622f376435324a875489e87b881fdf98387ef3519aaa491f,blinded-annotation-v2-shortrefs
C020,K051,judge_b,1,labeled,Activity duration dropped from ~54 to ~9 min/day; steps remained ~8000.,Low or declining routine movement.,Routine movement declined sharply; incorporating walking into daily life is contextually relevant.,qwen3.8-max,b6cc0683c3c50add622f376435324a875489e87b881fdf98387ef3519aaa491f,blinded-annotation-v2-shortrefs
C020,K052,judge_b,0,labeled,No personal preferences or availability data recorded.,Requires personal preferences and availability.,Preferences unknown; generic advice without data connection.,qwen3.8-max,b6cc0683c3c50add622f376435324a875489e87b881fdf98387ef3519aaa491f,blinded-annotation-v2-shortrefs
C020,K053,judge_b,0,labeled,No social preferences or motivational barriers recorded.,Requires social preferences or reported motivational barrier.,No evidence of social or motivational barrier; generic advice.,qwen3.8-max,b6cc0683c3c50add622f376435324a875489e87b881fdf98387ef3519aaa491f,blinded-annotation-v2-shortrefs
C020,K054,judge_b,0,labeled,Activity dropped sharply but no time barrier reported.,Requires actual daily schedule and time barrier.,No reported time barrier; conditions not met.,qwen3.8-max,b6cc0683c3c50add622f376435324a875489e87b881fdf98387ef3519aaa491f,blinded-annotation-v2-shortrefs
C020,K055,judge_b,0,labeled,No schedule constraint or competing demands data recorded.,Requires schedule constraints.,Schedule reason unknown; conditions not met.,qwen3.8-max,b6cc0683c3c50add622f376435324a875489e87b881fdf98387ef3519aaa491f,blinded-annotation-v2-shortrefs
C020,K056,judge_b,0,labeled,No chronic condition or disability data recorded.,Requires relevant health condition and activity safety history.,Medical context unknown; conditions not met.,qwen3.8-max,b6cc0683c3c50add622f376435324a875489e87b881fdf98387ef3519aaa491f,blinded-annotation-v2-shortrefs
C020,K057,judge_b,1,labeled,"Window low-movement intervals are ~60 min each vs ~45 min in baseline, totaling ~602 min/day.",Long uninterrupted daytime low-movement intervals with adequate wear coverage.,Longer continuous low-movement blocks observed in window with full 720 min wear; supported connection.,qwen3.8-max,b6cc0683c3c50add622f376435324a875489e87b881fdf98387ef3519aaa491f,blinded-annotation-v2-shortrefs
C020,K058,judge_b,1,labeled,Baseline activity ~54 min/day coexists with ~450 low-movement minutes daily.,Recorded activity coexists with substantial low-movement periods.,"Supported connection: activity present alongside high low-movement time, though sitting posture unconfirmed.",qwen3.8-max,b6cc0683c3c50add622f376435324a875489e87b881fdf98387ef3519aaa491f,blinded-annotation-v2-shortrefs
C020,K059,judge_b,1,labeled,Low movement increased from mean 449.6 to 602.0 min/day (+152 min) in window.,Substantial or increasing daily low movement.,Directly addresses the observed large increase in daily low-movement time.,qwen3.8-max,b6cc0683c3c50add622f376435324a875489e87b881fdf98387ef3519aaa491f,blinded-annotation-v2-shortrefs
C020,K060,judge_b,0,labeled,No commuting or transport data recorded.,"Requires transport, mobility, and safety context.",Commute unknown; conditions not met.,qwen3.8-max,b6cc0683c3c50add622f376435324a875489e87b881fdf98387ef3519aaa491f,blinded-annotation-v2-shortrefs
C020,K061,judge_b,0,labeled,No workplace or desk work context recorded.,Requires workplace layout and ability to walk.,Work context unknown; conditions not met.,qwen3.8-max,b6cc0683c3c50add622f376435324a875489e87b881fdf98387ef3519aaa491f,blinded-annotation-v2-shortrefs
C020,K062,judge_b,0,labeled,No workplace or meeting data recorded.,Requires workplace and mobility context.,Workplace context unknown; conditions not met.,qwen3.8-max,b6cc0683c3c50add622f376435324a875489e87b881fdf98387ef3519aaa491f,blinded-annotation-v2-shortrefs
C020,K063,judge_b,0,labeled,No television viewing or screen habits data recorded.,Requires television-viewing context.,Screen habits unknown; conditions not met.,qwen3.8-max,b6cc0683c3c50add622f376435324a875489e87b881fdf98387ef3519aaa491f,blinded-annotation-v2-shortrefs
C020,K064,judge_b,0,labeled,"Low movement increased to ~602 min/day in window, but no leisure context recorded.","Requires routine, preferences, and mobility context.",No leisure context available; recommendation cannot be grounded in data.,qwen3.8-max,b6cc0683c3c50add622f376435324a875489e87b881fdf98387ef3519aaa491f,blinded-annotation-v2-shortrefs
C020,K065,judge_b,1,labeled,Activity duration dropped from ~54 to ~9 min/day while steps remained ~8000.,Low everyday movement despite possible formal exercise.,Steps stable but active minutes dropped; supports distinguishing everyday movement from formal exercise.,qwen3.8-max,b6cc0683c3c50add622f376435324a875489e87b881fdf98387ef3519aaa491f,blinded-annotation-v2-shortrefs
C020,K066,judge_b,0,labeled,No workday lunch-break context recorded.,Requires workday lunch-break access and mobility.,Lunch-break context unknown; conditions not met.,qwen3.8-max,b6cc0683c3c50add622f376435324a875489e87b881fdf98387ef3519aaa491f,blinded-annotation-v2-shortrefs
C020,K067,judge_b,0,labeled,No stair access or mobility context recorded.,Requires stair access and safe mobility.,Context unknown; conditions not met.,qwen3.8-max,b6cc0683c3c50add622f376435324a875489e87b881fdf98387ef3519aaa491f,blinded-annotation-v2-shortrefs
C020,K068,judge_b,1,labeled,"Low movement increased by 152 min/day in window, but no posture data recorded.",Low-movement intervals available without posture measurement.,Correctly notes low movement does not confirm sitting; directly relevant to observed increase.,qwen3.8-max,b6cc0683c3c50add622f376435324a875489e87b881fdf98387ef3519aaa491f,blinded-annotation-v2-shortrefs
C020,K069,judge_b,1,labeled,Activity dropped 83% while sleep duration remained stable (~470 min).,Activity and sleep patterns available for joint review.,"Temporal co-occurrence of activity change and stable sleep is observable, but causation not established.",qwen3.8-max,b6cc0683c3c50add622f376435324a875489e87b881fdf98387ef3519aaa491f,blinded-annotation-v2-shortrefs
C020,K070,judge_b,0,labeled,Daytime activity dropped sharply; no outdoor access data recorded.,Requires outdoor access and mobility for a specific plan.,Generic routine advice; no outdoor data to connect.,qwen3.8-max,b6cc0683c3c50add622f376435324a875489e87b881fdf98387ef3519aaa491f,blinded-annotation-v2-shortrefs
C020,K071,judge_b,1,labeled,"Activity intervals at 21:00-~21:57 daily, ~1-1.5h before sleep start ~22:45-22:57.",Activity occurs close to bedtime; requires intensity knowledge.,"Late activity observed near bedtime, but intensity unknown prevents direct application.",qwen3.8-max,b6cc0683c3c50add622f376435324a875489e87b881fdf98387ef3519aaa491f,blinded-annotation-v2-shortrefs
C020,K072,judge_b,0,labeled,"Activity at 21:00 daily, but no insomnia symptoms reported.",Requires exercise and insomnia symptom history.,No insomnia symptoms; conditions not met.,qwen3.8-max,b6cc0683c3c50add622f376435324a875489e87b881fdf98387ef3519aaa491f,blinded-annotation-v2-shortrefs
C020,K073,judge_b,1,labeled,Activity intervals at 21:00 daily; sleep starts ~22:45-22:57; temporal relationship observable.,Activity intervals needed for timing comparisons.,Late activity timing relative to sleep is recorded; supports temporal context review.,qwen3.8-max,b6cc0683c3c50add622f376435324a875489e87b881fdf98387ef3519aaa491f,blinded-annotation-v2-shortrefs
C020,K074,judge_b,0,labeled,No emergency responder deployment context in data.,Requires confirmed emergency-response deployment context.,Deployment context unknown; conditions not met.,qwen3.8-max,b6cc0683c3c50add622f376435324a875489e87b881fdf98387ef3519aaa491f,blinded-annotation-v2-shortrefs
C020,K075,judge_b,0,labeled,No subjective energy or tiredness data recorded.,Requires subjective energy pattern and availability.,Energy history unknown; conditions not met.,qwen3.8-max,b6cc0683c3c50add622f376435324a875489e87b881fdf98387ef3519aaa491f,blinded-annotation-v2-shortrefs
C020,K076,judge_b,0,labeled,No substance or medication data recorded in wearable observations.,Requires substance and medication history for causal interpretation.,Substance exposures unknown; cannot attribute changes.,qwen3.8-max,b6cc0683c3c50add622f376435324a875489e87b881fdf98387ef3519aaa491f,blinded-annotation-v2-shortrefs
C020,K077,judge_b,1,labeled,Daily RHR values 55-57 bpm recorded consistently across both periods.,Resting heart rate observations are available.,RHR data present; item defines measurement context. Supported but generic.,qwen3.8-max,b6cc0683c3c50add622f376435324a875489e87b881fdf98387ef3519aaa491f,blinded-annotation-v2-shortrefs
C020,K078,judge_b,1,labeled,Daily RHR 55-57 bpm recorded; no sleeping heart rate separately provided.,The heart-rate measure and collection context are known.,Clarifies distinction between daily RHR and sleeping HR; relevant for interpreting available data.,qwen3.8-max,b6cc0683c3c50add622f376435324a875489e87b881fdf98387ef3519aaa491f,blinded-annotation-v2-shortrefs
C020,K079,judge_b,1,labeled,RHR stable 55-57 bpm; no exposure or symptom data to explain variations.,RHR changes relative to previous readings; requires exposure info to attribute cause.,RHR varies slightly; item correctly notes multiple factors prevent causal attribution.,qwen3.8-max,b6cc0683c3c50add622f376435324a875489e87b881fdf98387ef3519aaa491f,blinded-annotation-v2-shortrefs
C020,K080,judge_b,1,labeled,HRV RMSSD ~45 ms and RHR ~56 bpm recorded simultaneously each day.,HRV and heart-rate estimates interpreted together.,Both metrics present; item clarifies they are distinct quantities.,qwen3.8-max,b6cc0683c3c50add622f376435324a875489e87b881fdf98387ef3519aaa491f,blinded-annotation-v2-shortrefs
C020,K081,judge_b,1,labeled,"HRV RMSSD ~45 ms stable; age band 18-60, consistent measurement context.",Personal history and consistent measurement context required.,HRV stable within personal context; item explains why absolute values need personal baseline.,qwen3.8-max,b6cc0683c3c50add622f376435324a875489e87b881fdf98387ef3519aaa491f,blinded-annotation-v2-shortrefs
C020,K082,judge_b,1,labeled,28-day baseline provides personal ranges for all vitals including activity drop.,A vital has changed from a recent personal baseline with sufficient history.,Activity duration dropped sharply; personal range context is directly applicable for interpreting this change.,qwen3.8-max,b6cc0683c3c50add622f376435324a875489e87b881fdf98387ef3519aaa491f,blinded-annotation-v2-shortrefs
C020,K083,judge_b,1,labeled,"RHR recorded daily across 28 baseline and 14 window days, values 55-57 bpm.",Repeated resting heart-rate readings available over multiple days.,Supports reviewing RHR trends over time; contextual but not explaining a specific observed change.,qwen3.8-max,b6cc0683c3c50add622f376435324a875489e87b881fdf98387ef3519aaa491f,blinded-annotation-v2-shortrefs
C020,K084,judge_b,1,labeled,HRV RMSSD stable ~44.9-45.1 ms across both periods; no diagnosis possible.,HRV trend available for wellness monitoring.,"HRV data present; item correctly frames it as wellness observation, not diagnostic.",qwen3.8-max,b6cc0683c3c50add622f376435324a875489e87b881fdf98387ef3519aaa491f,blinded-annotation-v2-shortrefs
C020,K085,judge_b,1,labeled,"HRV recorded as hrv_rmssd_ms, mean ~45 ms, stable across both periods.",HRV records identify RMSSD as their metric.,Data uses RMSSD; item confirms metric definition for proper interpretation.,qwen3.8-max,b6cc0683c3c50add622f376435324a875489e87b881fdf98387ef3519aaa491f,blinded-annotation-v2-shortrefs
C020,K086,judge_b,1,labeled,"Nighttime coverage 483-498 min, sleep duration 463-478 min, all exceeding 3 hours.",Compatible collection definition and sleep coverage required.,All sleep periods exceed 3h threshold; HRV collection conditions are satisfied.,qwen3.8-max,b6cc0683c3c50add622f376435324a875489e87b881fdf98387ef3519aaa491f,blinded-annotation-v2-shortrefs
C020,K087,judge_b,0,labeled,Only sleep duration and timing recorded; no sleep-stage data available.,Requires sleep-stage measurements.,No sleep-stage data; conditions not met.,qwen3.8-max,b6cc0683c3c50add622f376435324a875489e87b881fdf98387ef3519aaa491f,blinded-annotation-v2-shortrefs
C020,K088,judge_b,0,labeled,No health concerns or symptoms reported in the data.,Requires reported health concerns or symptoms.,No reported concerns; generic advisory without data connection.,qwen3.8-max,b6cc0683c3c50add622f376435324a875489e87b881fdf98387ef3519aaa491f,blinded-annotation-v2-shortrefs
C020,K089,judge_b,0,labeled,RHR stable 55-57 bpm; no wear quality changes or fit issues indicated.,Requires device placement and contact information.,No evidence of fit problems; conditions not met.,qwen3.8-max,b6cc0683c3c50add622f376435324a875489e87b881fdf98387ef3519aaa491f,blinded-annotation-v2-shortrefs
C020,K090,judge_b,1,labeled,"Nighttime coverage 483-498 min daily, all exceeding 180 min validity threshold.",Separate night-time wear information required.,Confirms night-time coverage is adequate for overnight vitals validity.,qwen3.8-max,b6cc0683c3c50add622f376435324a875489e87b881fdf98387ef3519aaa491f,blinded-annotation-v2-shortrefs
C020,K091,judge_b,0,labeled,All vitals present every day; missing_count=0 for all metrics in both periods.,Requires a vital missing with limited night-time data.,No missing vitals observed; conditions not met.,qwen3.8-max,b6cc0683c3c50add622f376435324a875489e87b881fdf98387ef3519aaa491f,blinded-annotation-v2-shortrefs
C020,K092,judge_b,0,labeled,"All metrics have valid_count equal to period length, missing_count=0 throughout.",Requires vitals missing or delayed.,No missing data observed; conditions not met.,qwen3.8-max,b6cc0683c3c50add622f376435324a875489e87b881fdf98387ef3519aaa491f,blinded-annotation-v2-shortrefs
C020,K093,judge_b,0,labeled,Single synthetic device used throughout; no device switch indicated.,Requires device and algorithm history showing a change.,Same device throughout; no cross-device comparison issue.,qwen3.8-max,b6cc0683c3c50add622f376435324a875489e87b881fdf98387ef3519aaa491f,blinded-annotation-v2-shortrefs
C020,K094,judge_b,1,labeled,Sleep duration estimated from device; sleep start/end timestamps also recorded.,Device-estimated sleep duration and boundaries available.,Explains that estimated sleep differs from time-in-bed; relevant to interpreting duration values.,qwen3.8-max,b6cc0683c3c50add622f376435324a875489e87b881fdf98387ef3519aaa491f,blinded-annotation-v2-shortrefs
C020,K095,judge_b,1,labeled,"Nighttime coverage 483-498 min daily; all sleep readings present, none missing.",Night-time wear record required.,Consistent overnight wear confirmed; supports validity of sleep records.,qwen3.8-max,b6cc0683c3c50add622f376435324a875489e87b881fdf98387ef3519aaa491f,blinded-annotation-v2-shortrefs
C020,K096,judge_b,1,labeled,Steps stable ~8029/day while activity duration dropped 83% in window.,Step readings change with possible measurement limitations.,Steps unchanged despite activity drop; arm-swing sensing may explain discrepancy.,qwen3.8-max,b6cc0683c3c50add622f376435324a875489e87b881fdf98387ef3519aaa491f,blinded-annotation-v2-shortrefs
C021,K001,judge_b,2,labeled,"Seven window nights show sleep 385-392 min (6.4-6.5h), below 7h CDC recommendation for 18-60.",Requires sleep duration below age-specific recommendation; age band 18-60 matches.,Core explanation: multiple window nights fall below the 7-hour adult recommendation.,qwen3.8-max,adbc221a4a6a6c22294ad2a35fc159584e44d4778a99f4e1b1c1e4e6358f4ae4,blinded-annotation-v2-shortrefs
C021,K002,judge_b,0,labeled,Age band is 18-60; item targets adults aged 61-64.,Requires age 61-64 to be established.,Age band explicitly contradicts the target population of this item.,qwen3.8-max,adbc221a4a6a6c22294ad2a35fc159584e44d4778a99f4e1b1c1e4e6358f4ae4,blinded-annotation-v2-shortrefs
C021,K003,judge_b,0,labeled,Age band is 18-60; item targets adults 65 and older.,Requires age at least 65 to be established.,Age band explicitly contradicts the target population of this item.,qwen3.8-max,adbc221a4a6a6c22294ad2a35fc159584e44d4778a99f4e1b1c1e4e6358f4ae4,blinded-annotation-v2-shortrefs
C021,K004,judge_b,0,labeled,Age band is 18-60; item targets teenagers aged 13-17.,Requires teenage age group; non-applicable for adults.,Age band explicitly contradicts the target population of this item.,qwen3.8-max,adbc221a4a6a6c22294ad2a35fc159584e44d4778a99f4e1b1c1e4e6358f4ae4,blinded-annotation-v2-shortrefs
C021,K005,judge_b,1,labeled,"Seven window nights show sleep 385-392 min, substantially shorter than baseline 470 min mean.",Requires repeatedly shortened sleep opportunity or duration.,Supported connection: repeated short sleep in window suggests insufficient sleep time.,qwen3.8-max,adbc221a4a6a6c22294ad2a35fc159584e44d4778a99f4e1b1c1e4e6358f4ae4,blinded-annotation-v2-shortrefs
C021,K006,judge_b,0,labeled,Baseline sleep mean 470 min (~7.8h) is not consistently short for adults 18-60.,Requires consistently short sleep even without new decline; non-applicable if sufficient.,Baseline sleep is within recommended range. Not a consistently short routine.,qwen3.8-max,adbc221a4a6a6c22294ad2a35fc159584e44d4778a99f4e1b1c1e4e6358f4ae4,blinded-annotation-v2-shortrefs
C021,K007,judge_b,1,labeled,Sleep duration recorded nightly; no sleep quality metrics like awakenings available.,Applies when sleep duration is recorded but quality may be unknown.,Directly relevant context: duration is recorded but quality indicators are absent.,qwen3.8-max,adbc221a4a6a6c22294ad2a35fc159584e44d4778a99f4e1b1c1e4e6358f4ae4,blinded-annotation-v2-shortrefs
C021,K008,judge_b,0,labeled,Only sleep duration and start/end times available; no awakening data recorded.,Requires repeated awakenings documented or measured sleep continuity.,Only duration and sleep start/end are available. Awakenings are unrecorded.,qwen3.8-max,adbc221a4a6a6c22294ad2a35fc159584e44d4778a99f4e1b1c1e4e6358f4ae4,blinded-annotation-v2-shortrefs
C021,K009,judge_b,0,labeled,Baseline sleep mean 470 min (~7.8h); no subjective refreshment data recorded.,Requires more than 8h sleep with reported lack of refreshment.,Sleep is under 8 hours and feeling rested is unknown. Conditions not met.,qwen3.8-max,adbc221a4a6a6c22294ad2a35fc159584e44d4778a99f4e1b1c1e4e6358f4ae4,blinded-annotation-v2-shortrefs
C021,K010,judge_b,0,labeled,Seven short sleep nights in window; no cognitive performance data recorded.,Requires symptoms to claim actual cognitive impairment.,Wearable record alone does not establish impaired cognition. Generic background.,qwen3.8-max,adbc221a4a6a6c22294ad2a35fc159584e44d4778a99f4e1b1c1e4e6358f4ae4,blinded-annotation-v2-shortrefs
C021,K011,judge_b,1,labeled,"Seven window nights have sleep duration 385-392 min (~6.4-6.5h), below baseline mean 470 min.",Requires several nights of reduced sleep duration.,Several shortened nights are directly observed in the window period data.,qwen3.8-max,adbc221a4a6a6c22294ad2a35fc159584e44d4778a99f4e1b1c1e4e6358f4ae4,blinded-annotation-v2-shortrefs
C021,K012,judge_b,0,labeled,Repeated short sleep in window; no infection or immune data recorded.,Non-applicable for inferring infection from sleep or heart-rate changes.,Cannot infer infection from sleep data. Generic educational background only.,qwen3.8-max,adbc221a4a6a6c22294ad2a35fc159584e44d4778a99f4e1b1c1e4e6358f4ae4,blinded-annotation-v2-shortrefs
C021,K013,judge_b,0,labeled,Repeated short sleep in window; no food intake or appetite data recorded.,Requires food intake or appetite information for individual claims.,Individual appetite change requires separate evidence. Generic educational background.,qwen3.8-max,adbc221a4a6a6c22294ad2a35fc159584e44d4778a99f4e1b1c1e4e6358f4ae4,blinded-annotation-v2-shortrefs
C021,K014,judge_b,0,labeled,No sleepiness reports or driving context recorded.,Requires reported sleepiness and driving plans.,Sleepiness and driving context are both unknown. Not applicable.,qwen3.8-max,adbc221a4a6a6c22294ad2a35fc159584e44d4778a99f4e1b1c1e4e6358f4ae4,blinded-annotation-v2-shortrefs
C021,K015,judge_b,0,labeled,Sleep duration varies; no individual sleep experience or adequacy data recorded.,Requires individual sleep experience to assess adequacy.,Generic background. Using one duration target as diagnostic is explicitly discouraged.,qwen3.8-max,adbc221a4a6a6c22294ad2a35fc159584e44d4778a99f4e1b1c1e4e6358f4ae4,blinded-annotation-v2-shortrefs
C021,K016,judge_b,0,labeled,Two-week window only; no reported sleeping difficulties or months-long history.,Requires months-long sleeping difficulties or failed habit changes.,A two-week wearable window alone cannot establish these clinical conditions.,qwen3.8-max,adbc221a4a6a6c22294ad2a35fc159584e44d4778a99f4e1b1c1e4e6358f4ae4,blinded-annotation-v2-shortrefs
C021,K017,judge_b,2,labeled,Sleep start varies: baseline 22:42-22:58; window alternates ~22:35-22:46 and ~00:08-00:15.,Requires repeated variability in bedtime or wake time.,Core explanation: sleep start times show high variability in window vs stable baseline.,qwen3.8-max,adbc221a4a6a6c22294ad2a35fc159584e44d4778a99f4e1b1c1e4e6358f4ae4,blinded-annotation-v2-shortrefs
C021,K018,judge_b,0,labeled,Wake time is exactly 07:00 every single day; no reported sleeping difficulties.,Requires inconsistent wake time with reported sleeping difficulties.,Wake time is perfectly consistent. No insomnia symptoms reported.,qwen3.8-max,adbc221a4a6a6c22294ad2a35fc159584e44d4778a99f4e1b1c1e4e6358f4ae4,blinded-annotation-v2-shortrefs
C021,K019,judge_b,0,labeled,Weekend sleep mean 437 min vs weekday 442 min in window; no later weekend sleep.,Requires substantial bedtime or wake time differences between weekdays and weekends.,"Weekend sleep is actually slightly shorter, not later or longer. Condition not met.",qwen3.8-max,adbc221a4a6a6c22294ad2a35fc159584e44d4778a99f4e1b1c1e4e6358f4ae4,blinded-annotation-v2-shortrefs
C021,K020,judge_b,0,labeled,Bedtime recorded but no pre-bed activity information available.,Requires information about pre-bed activities for targeted advice.,Timestamps alone do not reveal what someone did before bed. Generic advice.,qwen3.8-max,adbc221a4a6a6c22294ad2a35fc159584e44d4778a99f4e1b1c1e4e6358f4ae4,blinded-annotation-v2-shortrefs
C021,K021,judge_b,0,labeled,No screen or light exposure information recorded in wearable data.,Requires known bright-screen exposure shortly before bed.,Screen exposure is unknown. Cannot attribute sleep timing changes to screens.,qwen3.8-max,adbc221a4a6a6c22294ad2a35fc159584e44d4778a99f4e1b1c1e4e6358f4ae4,blinded-annotation-v2-shortrefs
C021,K022,judge_b,0,labeled,No caffeine intake timing or amount recorded.,Requires known afternoon or evening caffeine use with sleeping difficulty.,Caffeine history is unknown. Required conditions cannot be verified.,qwen3.8-max,adbc221a4a6a6c22294ad2a35fc159584e44d4778a99f4e1b1c1e4e6358f4ae4,blinded-annotation-v2-shortrefs
C021,K023,judge_b,0,labeled,No meal timing or size data recorded.,Requires known large meal shortly before bed.,Meal information is unknown. Cannot connect to sleep timing observations.,qwen3.8-max,adbc221a4a6a6c22294ad2a35fc159584e44d4778a99f4e1b1c1e4e6358f4ae4,blinded-annotation-v2-shortrefs
C021,K024,judge_b,0,labeled,No alcohol intake or timing data recorded.,Requires alcohol use near bedtime to be reported.,Alcohol exposure is unknown. Cannot link to sleep observations.,qwen3.8-max,adbc221a4a6a6c22294ad2a35fc159584e44d4778a99f4e1b1c1e4e6358f4ae4,blinded-annotation-v2-shortrefs
C021,K025,judge_b,0,labeled,No nicotine use or smoking data recorded.,Requires established nicotine exposure with sleep concerns.,Nicotine use is unknown. Cannot link to observed sleep pattern changes.,qwen3.8-max,adbc221a4a6a6c22294ad2a35fc159584e44d4778a99f4e1b1c1e4e6358f4ae4,blinded-annotation-v2-shortrefs
C021,K026,judge_b,0,labeled,"No bedroom environment data (light, noise, temperature) recorded.",Requires known disruptive bedroom environment.,Environment unknown. Wearable data cannot establish bedroom conditions.,qwen3.8-max,adbc221a4a6a6c22294ad2a35fc159584e44d4778a99f4e1b1c1e4e6358f4ae4,blinded-annotation-v2-shortrefs
C021,K027,judge_b,0,labeled,No pre-bed routine or relaxation difficulty reported.,Requires reported difficulty relaxing or request for routine options.,Generic optional routine advice. No connection to observed data patterns.,qwen3.8-max,adbc221a4a6a6c22294ad2a35fc159584e44d4778a99f4e1b1c1e4e6358f4ae4,blinded-annotation-v2-shortrefs
C021,K028,judge_b,0,labeled,No nap data recorded in wearable observations.,Requires adult naps to be recorded or reported.,Nap history is unknown. Required conditions not met.,qwen3.8-max,adbc221a4a6a6c22294ad2a35fc159584e44d4778a99f4e1b1c1e4e6358f4ae4,blinded-annotation-v2-shortrefs
C021,K029,judge_b,0,labeled,No shift work schedule confirmed in the data.,Requires confirmed shift-work schedule.,Variable sleep times alone do not prove rotating shifts. Shift work unknown.,qwen3.8-max,adbc221a4a6a6c22294ad2a35fc159584e44d4778a99f4e1b1c1e4e6358f4ae4,blinded-annotation-v2-shortrefs
C021,K030,judge_b,0,labeled,No shift work established in the data.,Requires confirmed shift work; non-applicable without it.,Shift work is unknown. Item conditions are not satisfied by any observation.,qwen3.8-max,adbc221a4a6a6c22294ad2a35fc159584e44d4778a99f4e1b1c1e4e6358f4ae4,blinded-annotation-v2-shortrefs
C021,K031,judge_b,0,labeled,No shift work or caffeine use established in the data.,Requires confirmed shift worker using caffeine.,Shift work and caffeine use are both unknown. Conditions not met.,qwen3.8-max,adbc221a4a6a6c22294ad2a35fc159584e44d4778a99f4e1b1c1e4e6358f4ae4,blinded-annotation-v2-shortrefs
C021,K032,judge_b,0,labeled,All sleep occurs overnight; no daytime sleep or shift work recorded.,Requires daytime sleep associated with shift work.,Only ordinary overnight sleep is recorded. Shift work unknown.,qwen3.8-max,adbc221a4a6a6c22294ad2a35fc159584e44d4778a99f4e1b1c1e4e6358f4ae4,blinded-annotation-v2-shortrefs
C021,K033,judge_b,0,labeled,Sleep pattern changed in window; no diary data available.,General recommendation for recording sleep details; no specific observational match.,Generic methodological advice. Does not explain any observed pattern directly.,qwen3.8-max,adbc221a4a6a6c22294ad2a35fc159584e44d4778a99f4e1b1c1e4e6358f4ae4,blinded-annotation-v2-shortrefs
C021,K034,judge_b,2,labeled,Seven window nights show sleep 385-392 min vs baseline mean 470 min; recurring pattern.,Requires several shortened nights rather than a single isolated reading.,Core explanation: repeated short sleep nights in window can accumulate sleep loss over time.,qwen3.8-max,adbc221a4a6a6c22294ad2a35fc159584e44d4778a99f4e1b1c1e4e6358f4ae4,blinded-annotation-v2-shortrefs
C021,K035,judge_b,0,labeled,Weekend sleep mean 437 min vs weekday 442 min in window; no consistent extra weekend sleep.,Requires longer sleep and later timing on days off vs workdays.,Weekend sleep is not longer than weekday sleep in the window period.,qwen3.8-max,adbc221a4a6a6c22294ad2a35fc159584e44d4778a99f4e1b1c1e4e6358f4ae4,blinded-annotation-v2-shortrefs
C021,K036,judge_b,0,labeled,No nap information recorded in the wearable data.,Requires recorded naps after shortened night-time sleep.,Nap history is unknown. Required conditions are not met.,qwen3.8-max,adbc221a4a6a6c22294ad2a35fc159584e44d4778a99f4e1b1c1e4e6358f4ae4,blinded-annotation-v2-shortrefs
C021,K037,judge_b,0,labeled,No reported bad night or insomnia symptoms; wake time fixed at 07:00 daily.,Requires recent bad night and reported sleeping difficulties.,Wake time is already consistent. No reported insomnia or bad night to address.,qwen3.8-max,adbc221a4a6a6c22294ad2a35fc159584e44d4778a99f4e1b1c1e4e6358f4ae4,blinded-annotation-v2-shortrefs
C021,K038,judge_b,0,labeled,Only 14-day window available; no symptom history or reported sleeping difficulties.,Requires symptom history and onset; non-applicable diagnosing from estimated hours.,Cannot diagnose insomnia from estimated sleep hours alone. Conditions not met.,qwen3.8-max,adbc221a4a6a6c22294ad2a35fc159584e44d4778a99f4e1b1c1e4e6358f4ae4,blinded-annotation-v2-shortrefs
C021,K039,judge_b,0,labeled,No travel history or flight data recorded.,"Requires confirmed travel, destination time zone, and trip duration.",Travel context unknown. Timing change alone does not establish jet lag.,qwen3.8-max,adbc221a4a6a6c22294ad2a35fc159584e44d4778a99f4e1b1c1e4e6358f4ae4,blinded-annotation-v2-shortrefs
C021,K040,judge_b,0,labeled,No travel or trip data recorded.,Requires a planned short trip across time zones.,Travel context unknown. Item conditions not met by any observation.,qwen3.8-max,adbc221a4a6a6c22294ad2a35fc159584e44d4778a99f4e1b1c1e4e6358f4ae4,blinded-annotation-v2-shortrefs
C021,K041,judge_b,0,labeled,Steps and activity present daily; no guideline compliance assessment possible without intensity.,Requires intensity information to count recommended aerobic minutes.,Generic background advice. Intensity unknown prevents specific application.,qwen3.8-max,adbc221a4a6a6c22294ad2a35fc159584e44d4778a99f4e1b1c1e4e6358f4ae4,blinded-annotation-v2-shortrefs
C021,K042,judge_b,0,labeled,Activity duration increased in window but intensity is unknown.,Requires recently low activity and health/mobility context for prescription.,Generic advice. Activity was not recently low overall; intensity unknown.,qwen3.8-max,adbc221a4a6a6c22294ad2a35fc159584e44d4778a99f4e1b1c1e4e6358f4ae4,blinded-annotation-v2-shortrefs
C021,K043,judge_b,0,labeled,Activity duration recorded but intensity is unknown for all intervals.,Requires known activity intensity; non-applicable with unspecified active minutes.,Unknown activity intensity is not moderate exercise. Cannot assess guideline attainment.,qwen3.8-max,adbc221a4a6a6c22294ad2a35fc159584e44d4778a99f4e1b1c1e4e6358f4ae4,blinded-annotation-v2-shortrefs
C021,K044,judge_b,0,labeled,Activity intensity is unknown for all intervals.,Requires documented vigorous aerobic activity and known intensity.,Intensity is unknown. Cannot assume vigorous activity from movement minutes.,qwen3.8-max,adbc221a4a6a6c22294ad2a35fc159584e44d4778a99f4e1b1c1e4e6358f4ae4,blinded-annotation-v2-shortrefs
C021,K045,judge_b,0,labeled,Activity duration varies but intensity is unknown for all intervals.,Requires intensity to count guideline minutes; non-applicable assuming moderate intensity.,Unknown activity intensity is not moderate exercise. Cannot apply guideline splitting.,qwen3.8-max,adbc221a4a6a6c22294ad2a35fc159584e44d4778a99f4e1b1c1e4e6358f4ae4,blinded-annotation-v2-shortrefs
C021,K046,judge_b,0,labeled,Only steps and activity duration recorded; no strengthening activity data.,Requires strengthening activity records including days and muscle groups.,Only step and generic movement counts available. Cannot assess strengthening.,qwen3.8-max,adbc221a4a6a6c22294ad2a35fc159584e44d4778a99f4e1b1c1e4e6358f4ae4,blinded-annotation-v2-shortrefs
C021,K047,judge_b,0,labeled,Activity intensity is unknown for all recorded intervals.,Requires known intensity and weekly duration; non-applicable when intensity is unverified.,Unknown activity intensity is not moderate exercise. Required conditions are not met.,qwen3.8-max,adbc221a4a6a6c22294ad2a35fc159584e44d4778a99f4e1b1c1e4e6358f4ae4,blinded-annotation-v2-shortrefs
C021,K048,judge_b,0,labeled,All activity intensities are unknown; no fitness level recorded.,Requires fitness or perceived effort to interpret intensity.,Cannot infer intensity from steps or active minutes alone. Conditions not met.,qwen3.8-max,adbc221a4a6a6c22294ad2a35fc159584e44d4778a99f4e1b1c1e4e6358f4ae4,blinded-annotation-v2-shortrefs
C021,K049,judge_b,0,labeled,All activity intervals have intensity marked as unknown.,Requires observed effort or aerobic-activity context via talk test.,Effort and intensity are unrecorded. Cannot apply talk test criteria.,qwen3.8-max,adbc221a4a6a6c22294ad2a35fc159584e44d4778a99f4e1b1c1e4e6358f4ae4,blinded-annotation-v2-shortrefs
C021,K050,judge_b,1,labeled,Steps stable ~8000 baseline and window; activity duration alternates 45/90 min in window.,Steps change while other activity may differ; requires activity type for interpreting non-step exercise.,"Activity duration varies while steps remain stable, supporting that steps alone miss non-step exercise intensity.",qwen3.8-max,adbc221a4a6a6c22294ad2a35fc159584e44d4778a99f4e1b1c1e4e6358f4ae4,blinded-annotation-v2-shortrefs
C021,K051,judge_b,0,labeled,Steps stable ~8000 across both periods; no declining routine movement observed.,Requires low or declining routine movement and transport context.,Movement has not declined. Generic advice without specific observational connection.,qwen3.8-max,adbc221a4a6a6c22294ad2a35fc159584e44d4778a99f4e1b1c1e4e6358f4ae4,blinded-annotation-v2-shortrefs
C021,K052,judge_b,0,labeled,No personal preferences or availability data recorded.,Requires personal preferences and availability for choosing individualized options.,Generic advice. No connection to specific observed patterns or preferences.,qwen3.8-max,adbc221a4a6a6c22294ad2a35fc159584e44d4778a99f4e1b1c1e4e6358f4ae4,blinded-annotation-v2-shortrefs
C021,K053,judge_b,0,labeled,No social preference or motivational barrier data recorded.,Requires social preferences or reported motivational barrier.,No evidence of a motivational or social barrier. Generic advice only.,qwen3.8-max,adbc221a4a6a6c22294ad2a35fc159584e44d4778a99f4e1b1c1e4e6358f4ae4,blinded-annotation-v2-shortrefs
C021,K054,judge_b,0,labeled,Steps stable ~8000; no reported time barrier to activity.,Requires low activity with a reported time barrier.,Activity is not low and no time barrier is reported. Conditions not met.,qwen3.8-max,adbc221a4a6a6c22294ad2a35fc159584e44d4778a99f4e1b1c1e4e6358f4ae4,blinded-annotation-v2-shortrefs
C021,K055,judge_b,0,labeled,No schedule or competing demands data recorded in wearable observations.,Requires reported competing demands reducing activity and schedule constraints.,Schedule reason is unknown. Generic advice without connection to actual observations.,qwen3.8-max,adbc221a4a6a6c22294ad2a35fc159584e44d4778a99f4e1b1c1e4e6358f4ae4,blinded-annotation-v2-shortrefs
C021,K056,judge_b,0,labeled,"No chronic condition, disability, or special need established.",Requires relevant health condition and activity safety history.,Medical context unknown. Generic advice without observational connection.,qwen3.8-max,adbc221a4a6a6c22294ad2a35fc159584e44d4778a99f4e1b1c1e4e6358f4ae4,blinded-annotation-v2-shortrefs
C021,K057,judge_b,0,labeled,Low movement intervals ~45 min each during daytime; no posture confirmation.,Requires long uninterrupted daytime low-movement with confirmed sitting posture.,Device low movement is not confirmed sitting. Posture context missing.,qwen3.8-max,adbc221a4a6a6c22294ad2a35fc159584e44d4778a99f4e1b1c1e4e6358f4ae4,blinded-annotation-v2-shortrefs
C021,K058,judge_b,0,labeled,Activity duration varies 45-90 min; low movement stable ~449 min. No confirmed sitting.,Requires confirmed sitting posture and known activity intensity.,Low movement is not confirmed sitting. Intensity unknown. Conditions not met.,qwen3.8-max,adbc221a4a6a6c22294ad2a35fc159584e44d4778a99f4e1b1c1e4e6358f4ae4,blinded-annotation-v2-shortrefs
C021,K059,judge_b,0,labeled,Low movement minutes stable ~448 baseline and ~449 window.,Requires confirmed sitting for a specific sedentary-time conclusion.,Low movement is not confirmed sitting. No substantial increase observed.,qwen3.8-max,adbc221a4a6a6c22294ad2a35fc159584e44d4778a99f4e1b1c1e4e6358f4ae4,blinded-annotation-v2-shortrefs
C021,K060,judge_b,0,labeled,No commuting or transport data recorded.,Requires established sedentary commuting and transport context.,Commute unknown. Generic suggestion without observational connection.,qwen3.8-max,adbc221a4a6a6c22294ad2a35fc159584e44d4778a99f4e1b1c1e4e6358f4ae4,blinded-annotation-v2-shortrefs
C021,K061,judge_b,0,labeled,No workplace layout or desk work context recorded.,Requires desk work with prolonged sitting and workplace context.,Work context is unknown. Generic suggestion without observational support.,qwen3.8-max,adbc221a4a6a6c22294ad2a35fc159584e44d4778a99f4e1b1c1e4e6358f4ae4,blinded-annotation-v2-shortrefs
C021,K062,judge_b,0,labeled,No workplace or meeting information recorded.,Requires meetings or desk work involving prolonged sitting.,Workplace context unknown. Generic suggestion without data connection.,qwen3.8-max,adbc221a4a6a6c22294ad2a35fc159584e44d4778a99f4e1b1c1e4e6358f4ae4,blinded-annotation-v2-shortrefs
C021,K063,judge_b,0,labeled,No television viewing or screen habits recorded.,Requires prolonged sitting while watching television.,Screen habits unknown. Low movement is not confirmed sitting.,qwen3.8-max,adbc221a4a6a6c22294ad2a35fc159584e44d4778a99f4e1b1c1e4e6358f4ae4,blinded-annotation-v2-shortrefs
C021,K064,judge_b,0,labeled,Low movement intervals present but no leisure context or routine data available.,Requires substantial habitual seated leisure and routine context.,No leisure context available. Device low movement is not confirmed sitting.,qwen3.8-max,adbc221a4a6a6c22294ad2a35fc159584e44d4778a99f4e1b1c1e4e6358f4ae4,blinded-annotation-v2-shortrefs
C021,K065,judge_b,0,labeled,Steps and activity duration recorded; no distinction between formal and everyday movement.,General definitional item about physical activity scope.,Generic educational background. No specific connection to observed data patterns.,qwen3.8-max,adbc221a4a6a6c22294ad2a35fc159584e44d4778a99f4e1b1c1e4e6358f4ae4,blinded-annotation-v2-shortrefs
C021,K066,judge_b,0,labeled,No workday lunch-break context recorded.,Requires known workday lunch-break access and mobility.,Workday context unknown. Generic suggestion without observational support.,qwen3.8-max,adbc221a4a6a6c22294ad2a35fc159584e44d4778a99f4e1b1c1e4e6358f4ae4,blinded-annotation-v2-shortrefs
C021,K067,judge_b,0,labeled,No stair access or mobility context recorded.,Requires accessible stairs and safe mobility context.,Context unknown. Generic suggestion without observational connection.,qwen3.8-max,adbc221a4a6a6c22294ad2a35fc159584e44d4778a99f4e1b1c1e4e6358f4ae4,blinded-annotation-v2-shortrefs
C021,K068,judge_b,0,labeled,Low movement intervals recorded daily; no posture sensor data available.,Requires posture and waking context to establish sitting; non-applicable if treating low movement as confirmed sedentary.,Device low movement is not confirmed sitting. No posture data exists to satisfy required conditions.,qwen3.8-max,adbc221a4a6a6c22294ad2a35fc159584e44d4778a99f4e1b1c1e4e6358f4ae4,blinded-annotation-v2-shortrefs
C021,K069,judge_b,0,labeled,Activity and sleep both recorded; paired correlation r=-0.996 in window.,Non-applicable for declaring causal effect from paired observations.,Temporal co-occurrence does not imply causation. Generic benefit statement only.,qwen3.8-max,adbc221a4a6a6c22294ad2a35fc159584e44d4778a99f4e1b1c1e4e6358f4ae4,blinded-annotation-v2-shortrefs
C021,K070,judge_b,0,labeled,Daytime activity present; no outdoor exposure data recorded.,General routine advice; requires outdoor access and mobility context.,Generic everyone-applicable background with no concrete connection to observed wearable patterns.,qwen3.8-max,adbc221a4a6a6c22294ad2a35fc159584e44d4778a99f4e1b1c1e4e6358f4ae4,blinded-annotation-v2-shortrefs
C021,K071,judge_b,1,labeled,"Window activity intervals at 20:30-22:00 on Mar 30, Apr 1, 3, 7, 9, 11; sleep starts ~22:35-22:46.",Requires activity close to bedtime; intensity must be known to apply intense-exercise advice directly.,"Late activity occurs near bedtime, but intensity is unknown so direct application is limited.",qwen3.8-max,adbc221a4a6a6c22294ad2a35fc159584e44d4778a99f4e1b1c1e4e6358f4ae4,blinded-annotation-v2-shortrefs
C021,K072,judge_b,0,labeled,Late activity intervals at 20:30-22:00 on some days; no insomnia symptoms reported.,Requires exercise near bedtime with reported insomnia symptoms; non-applicable with only timestamps.,Only movement and sleep timestamps are known. Insomnia is not established from wearable data.,qwen3.8-max,adbc221a4a6a6c22294ad2a35fc159584e44d4778a99f4e1b1c1e4e6358f4ae4,blinded-annotation-v2-shortrefs
C021,K073,judge_b,1,labeled,Activity intervals at 20:30-22:00 precede sleep starting ~22:35-22:46 on same calendar date.,Requires activity intervals needed for timing comparisons with subsequent sleep.,Supports comparing late activity timing with subsequent sleep onset timing.,qwen3.8-max,adbc221a4a6a6c22294ad2a35fc159584e44d4778a99f4e1b1c1e4e6358f4ae4,blinded-annotation-v2-shortrefs
C021,K074,judge_b,0,labeled,No emergency-response deployment context established.,Requires confirmed emergency-response deployment context.,Deployment context unknown. Item explicitly non-applicable without it.,qwen3.8-max,adbc221a4a6a6c22294ad2a35fc159584e44d4778a99f4e1b1c1e4e6358f4ae4,blinded-annotation-v2-shortrefs
C021,K075,judge_b,0,labeled,No subjective energy pattern or tiredness data recorded.,Requires subjective energy pattern and availability; non-applicable without tiredness history.,Wearable sleep hours do not establish preferred energy times. Conditions not met.,qwen3.8-max,adbc221a4a6a6c22294ad2a35fc159584e44d4778a99f4e1b1c1e4e6358f4ae4,blinded-annotation-v2-shortrefs
C021,K076,judge_b,0,labeled,No substance or medication history recorded in wearable data.,Requires substance and medication history for causal interpretation.,Assuming unrecorded exposures occurred is explicitly non-applicable. Generic advice.,qwen3.8-max,adbc221a4a6a6c22294ad2a35fc159584e44d4778a99f4e1b1c1e4e6358f4ae4,blinded-annotation-v2-shortrefs
C021,K077,judge_b,1,labeled,RHR recorded daily at 55-57 bpm across both periods.,Applies when resting heart rate observations are available for interpretation.,"Provides context that RHR is measured in a resting state, distinct from exercise HR.",qwen3.8-max,adbc221a4a6a6c22294ad2a35fc159584e44d4778a99f4e1b1c1e4e6358f4ae4,blinded-annotation-v2-shortrefs
C021,K078,judge_b,1,labeled,Daily RHR recorded at 55-57 bpm; no separate sleeping heart rate metric provided.,Applies when daily resting heart-rate trend is being interpreted.,"Relevant context: the recorded RHR is a daily estimate, distinct from sleeping HR.",qwen3.8-max,adbc221a4a6a6c22294ad2a35fc159584e44d4778a99f4e1b1c1e4e6358f4ae4,blinded-annotation-v2-shortrefs
C021,K079,judge_b,1,labeled,RHR stable 55-57 bpm across both periods with variance <1 bpm.,Applies when resting heart rate changes relative to previous readings.,"Contextual: RHR is stable here, but item correctly notes multiple factors influence RHR.",qwen3.8-max,adbc221a4a6a6c22294ad2a35fc159584e44d4778a99f4e1b1c1e4e6358f4ae4,blinded-annotation-v2-shortrefs
C021,K080,judge_b,1,labeled,Both RHR (55-57 bpm) and HRV RMSSD (43-47 ms) recorded nightly.,Applies when HRV and heart-rate estimates are interpreted together.,Clarifies that HRV and RHR are different quantities despite co-occurring in data.,qwen3.8-max,adbc221a4a6a6c22294ad2a35fc159584e44d4778a99f4e1b1c1e4e6358f4ae4,blinded-annotation-v2-shortrefs
C021,K081,judge_b,1,labeled,HRV RMSSD stable 43-47 ms across both periods with minimal variance.,Applies when an HRV level or trend is being reviewed against personal history.,"Relevant context: HRV should be compared to personal baseline, not universal norms.",qwen3.8-max,adbc221a4a6a6c22294ad2a35fc159584e44d4778a99f4e1b1c1e4e6358f4ae4,blinded-annotation-v2-shortrefs
C021,K082,judge_b,1,labeled,28-day baseline provides personal history for all vitals before 14-day window.,Requires sufficient same-metric personal history for trend context.,Supports using the 28-day baseline as personal range context for window changes.,qwen3.8-max,adbc221a4a6a6c22294ad2a35fc159584e44d4778a99f4e1b1c1e4e6358f4ae4,blinded-annotation-v2-shortrefs
C021,K083,judge_b,1,labeled,RHR recorded daily for 42 consecutive days (28 baseline + 14 window).,Applies when repeated resting heart-rate readings are available for trend review.,Supports reviewing RHR over the full 42-day period rather than single daily values.,qwen3.8-max,adbc221a4a6a6c22294ad2a35fc159584e44d4778a99f4e1b1c1e4e6358f4ae4,blinded-annotation-v2-shortrefs
C021,K084,judge_b,1,labeled,HRV RMSSD values range 43-47 ms across both periods with minimal change.,Applies when an HRV trend is available for wellness monitoring.,"Important context: HRV observations are wellness data, not diagnostic indicators.",qwen3.8-max,adbc221a4a6a6c22294ad2a35fc159584e44d4778a99f4e1b1c1e4e6358f4ae4,blinded-annotation-v2-shortrefs
C021,K085,judge_b,1,labeled,HRV metric is explicitly labeled hrv_rmssd_ms in all observations.,Applies when HRV records identify RMSSD as their metric.,Directly confirms the metric definition used in the wearable data observations.,qwen3.8-max,adbc221a4a6a6c22294ad2a35fc159584e44d4778a99f4e1b1c1e4e6358f4ae4,blinded-annotation-v2-shortrefs
C021,K086,judge_b,1,labeled,HRV RMSSD recorded nightly; device metadata notes night RMSSD collection.,Applies when overnight HRV estimates are compared; requires compatible collection definition.,Provides supported contextual information about how the device collects overnight HRV RMSSD values.,qwen3.8-max,adbc221a4a6a6c22294ad2a35fc159584e44d4778a99f4e1b1c1e4e6358f4ae4,blinded-annotation-v2-shortrefs
C021,K087,judge_b,0,labeled,Only sleep duration and timing are available; no sleep-stage data recorded.,Requires sleep-stage measurements; non-applicable when only duration and timing exist.,Required condition of sleep-stage data is explicitly contradicted by available observations.,qwen3.8-max,adbc221a4a6a6c22294ad2a35fc159584e44d4778a99f4e1b1c1e4e6358f4ae4,blinded-annotation-v2-shortrefs
C021,K088,judge_b,0,labeled,No health concerns or symptoms reported in the data.,Requires reported health concerns or symptoms about vital trends.,Generic disclaimer. No reported health concerns to trigger applicability.,qwen3.8-max,adbc221a4a6a6c22294ad2a35fc159584e44d4778a99f4e1b1c1e4e6358f4ae4,blinded-annotation-v2-shortrefs
C021,K089,judge_b,0,labeled,RHR stable 55-57 bpm; no wear quality issues or fit changes indicated.,Requires unreliable heart-rate readings or wear quality changes.,No evidence of fit problems. Heart rate readings appear stable and reliable.,qwen3.8-max,adbc221a4a6a6c22294ad2a35fc159584e44d4778a99f4e1b1c1e4e6358f4ae4,blinded-annotation-v2-shortrefs
C021,K090,judge_b,0,labeled,Nighttime coverage ranges 405-505 min; all vitals present every night.,Requires missing overnight readings or uncertain coverage.,No overnight vitals are missing. Coverage is adequate throughout.,qwen3.8-max,adbc221a4a6a6c22294ad2a35fc159584e44d4778a99f4e1b1c1e4e6358f4ae4,blinded-annotation-v2-shortrefs
C021,K091,judge_b,0,labeled,"All vitals present; nighttime coverage >=405 min every night, above 180 min threshold.",Requires a missing vital with limited night-time data.,No vitals are missing and coverage exceeds thresholds. Not applicable.,qwen3.8-max,adbc221a4a6a6c22294ad2a35fc159584e44d4778a99f4e1b1c1e4e6358f4ae4,blinded-annotation-v2-shortrefs
C021,K092,judge_b,0,labeled,All vitals present every day; no missing data in either period.,Requires missing or delayed vitals to be applicable.,No vitals are missing. Item conditions are not triggered by observations.,qwen3.8-max,adbc221a4a6a6c22294ad2a35fc159584e44d4778a99f4e1b1c1e4e6358f4ae4,blinded-annotation-v2-shortrefs
C021,K093,judge_b,0,labeled,Single synthetic device used throughout; no device switch indicated.,Requires heart-rate series involving a device or algorithm change.,Same device used throughout. No evidence of device switch complicating comparison.,qwen3.8-max,adbc221a4a6a6c22294ad2a35fc159584e44d4778a99f4e1b1c1e4e6358f4ae4,blinded-annotation-v2-shortrefs
C021,K094,judge_b,1,labeled,Sleep duration estimated nightly from device; sleep boundaries also recorded.,Applies when device-estimated sleep duration and boundaries are available.,Relevant context: estimated time asleep differs from full sleep period boundaries.,qwen3.8-max,adbc221a4a6a6c22294ad2a35fc159584e44d4778a99f4e1b1c1e4e6358f4ae4,blinded-annotation-v2-shortrefs
C021,K095,judge_b,0,labeled,All nights have sleep readings with coverage 405-505 min; no non-wear nights.,Requires absent sleep readings with non-wear or incomplete coverage.,No missing sleep observations. Device worn every night with adequate coverage.,qwen3.8-max,adbc221a4a6a6c22294ad2a35fc159584e44d4778a99f4e1b1c1e4e6358f4ae4,blinded-annotation-v2-shortrefs
C021,K096,judge_b,0,labeled,Steps stable ~8000 across both periods; no wear context change indicated.,Requires step readings changing with possible measurement limitations.,Steps are stable. No evidence of measurement limitation affecting readings.,qwen3.8-max,adbc221a4a6a6c22294ad2a35fc159584e44d4778a99f4e1b1c1e4e6358f4ae4,blinded-annotation-v2-shortrefs
C022,K001,judge_b,1,labeled,Sleep duration mean ~470 min (~7.8 hrs) in both periods.,Applies to adults 18-60 with sleep below 7 hours.,Subject meets age criteria but sleep exceeds 7h; provides relevant reference range.,qwen3.8-max,e6728d1c5dc9e6ea8f6af212219125858e1293c6047069031b285c910720f119,blinded-annotation-v2-shortrefs
C022,K002,judge_b,0,labeled,"Age band is 18-60, not 61-64.",Applies to adults aged 61-64; non-applicable for other ages.,Subject age band excludes this recommendation.,qwen3.8-max,e6728d1c5dc9e6ea8f6af212219125858e1293c6047069031b285c910720f119,blinded-annotation-v2-shortrefs
C022,K003,judge_b,0,labeled,"Age band is 18-60, not 65+.",Applies to adults 65+; non-applicable below 65.,Subject age band excludes this recommendation.,qwen3.8-max,e6728d1c5dc9e6ea8f6af212219125858e1293c6047069031b285c910720f119,blinded-annotation-v2-shortrefs
C022,K004,judge_b,0,labeled,"Age band is 18-60, not teenager.",Applies to teenagers aged 13-17; non-applicable for adults.,Subject is adult; teenage sleep recommendation does not apply.,qwen3.8-max,e6728d1c5dc9e6ea8f6af212219125858e1293c6047069031b285c910720f119,blinded-annotation-v2-shortrefs
C022,K005,judge_b,0,labeled,"Sleep duration mean 470 min baseline, 470 min window; no shortage.",Requires repeatedly shortened sleep opportunity or duration.,No evidence of insufficient sleep; condition not met.,qwen3.8-max,e6728d1c5dc9e6ea8f6af212219125858e1293c6047069031b285c910720f119,blinded-annotation-v2-shortrefs
C022,K006,judge_b,0,labeled,Sleep ~470 min (~7.8h) which is sufficient for 18-60 age group.,Non-applicable when sleep duration is sufficient for age group.,Sleep duration meets recommendations; not a short routine.,qwen3.8-max,e6728d1c5dc9e6ea8f6af212219125858e1293c6047069031b285c910720f119,blinded-annotation-v2-shortrefs
C022,K007,judge_b,1,labeled,Sleep duration ~470 min recorded; no quality metrics available.,Applies when sleep duration recorded but quality may be unknown.,Clarifies that recorded duration alone does not establish sleep quality.,qwen3.8-max,e6728d1c5dc9e6ea8f6af212219125858e1293c6047069031b285c910720f119,blinded-annotation-v2-shortrefs
C022,K008,judge_b,0,labeled,No awakening data recorded; only sleep start/end/duration.,Requires awakening history or measured sleep continuity.,Only duration and timing available; cannot assess awakenings.,qwen3.8-max,e6728d1c5dc9e6ea8f6af212219125858e1293c6047069031b285c910720f119,blinded-annotation-v2-shortrefs
C022,K009,judge_b,0,labeled,Sleep ~470 min (<8h); no subjective refreshment data.,Requires >8h sleep with reported lack of refreshment.,Sleep under 8h and no refreshment report; conditions not met.,qwen3.8-max,e6728d1c5dc9e6ea8f6af212219125858e1293c6047069031b285c910720f119,blinded-annotation-v2-shortrefs
C022,K010,judge_b,0,labeled,Sleep duration stable ~470 min; no cognitive symptoms reported.,Requires repeatedly shortened sleep and symptoms for impairment claim.,No sleep restriction or cognitive symptoms observed.,qwen3.8-max,e6728d1c5dc9e6ea8f6af212219125858e1293c6047069031b285c910720f119,blinded-annotation-v2-shortrefs
C022,K011,judge_b,0,labeled,Sleep duration stable ~470 min across all 42 days.,Requires several nights of reduced sleep duration.,No repeated sleep restriction observed.,qwen3.8-max,e6728d1c5dc9e6ea8f6af212219125858e1293c6047069031b285c910720f119,blinded-annotation-v2-shortrefs
C022,K012,judge_b,0,labeled,Sleep duration adequate ~470 min; no ongoing deficiency.,Requires ongoing insufficient sleep.,No sleep deficiency observed; generic immune information.,qwen3.8-max,e6728d1c5dc9e6ea8f6af212219125858e1293c6047069031b285c910720f119,blinded-annotation-v2-shortrefs
C022,K013,judge_b,0,labeled,Sleep ~470 min (adequate); no appetite data.,Requires repeated insufficient sleep and food intake information.,No sleep deficiency or appetite data; not applicable.,qwen3.8-max,e6728d1c5dc9e6ea8f6af212219125858e1293c6047069031b285c910720f119,blinded-annotation-v2-shortrefs
C022,K014,judge_b,0,labeled,No sleepiness or driving context reported.,Requires reported sleepiness and driving plans.,Sleepiness and driving context unknown; not applicable.,qwen3.8-max,e6728d1c5dc9e6ea8f6af212219125858e1293c6047069031b285c910720f119,blinded-annotation-v2-shortrefs
C022,K015,judge_b,1,labeled,Sleep duration ~470 min/night consistently.,Applies when adult sleep duration is being reviewed.,Provides context that individual sleep needs vary around the 7-9h average.,qwen3.8-max,e6728d1c5dc9e6ea8f6af212219125858e1293c6047069031b285c910720f119,blinded-annotation-v2-shortrefs
C022,K016,judge_b,0,labeled,No reported sleeping difficulties; 14-day window only.,Requires months-long difficulties or failed habit changes.,Brief record without reported problems; cannot establish insomnia conditions.,qwen3.8-max,e6728d1c5dc9e6ea8f6af212219125858e1293c6047069031b285c910720f119,blinded-annotation-v2-shortrefs
C022,K017,judge_b,0,labeled,Sleep start variance low; wake time exactly 07:00 daily.,Requires repeated variability in bedtime or wake time.,Schedule is highly consistent; no variability concern.,qwen3.8-max,e6728d1c5dc9e6ea8f6af212219125858e1293c6047069031b285c910720f119,blinded-annotation-v2-shortrefs
C022,K018,judge_b,0,labeled,Wake time exactly 07:00 daily; no sleeping difficulties reported.,Requires inconsistent wake time with reported sleeping difficulties.,Wake time perfectly consistent; no insomnia symptoms.,qwen3.8-max,e6728d1c5dc9e6ea8f6af212219125858e1293c6047069031b285c910720f119,blinded-annotation-v2-shortrefs
C022,K019,judge_b,0,labeled,Weekday/weekend sleep start means differ <1 min (650.4 vs 649.6).,Requires substantial weekday/weekend schedule differences.,Sleep schedules are similar between weekdays and weekends.,qwen3.8-max,e6728d1c5dc9e6ea8f6af212219125858e1293c6047069031b285c910720f119,blinded-annotation-v2-shortrefs
C022,K020,judge_b,0,labeled,No pre-bed activity information recorded.,Requires information about pre-bed activities.,Cannot determine bedtime routine from timestamps alone.,qwen3.8-max,e6728d1c5dc9e6ea8f6af212219125858e1293c6047069031b285c910720f119,blinded-annotation-v2-shortrefs
C022,K021,judge_b,0,labeled,No screen exposure data recorded.,Requires known bright-screen exposure shortly before bed.,Screen exposure unknown; condition not met.,qwen3.8-max,e6728d1c5dc9e6ea8f6af212219125858e1293c6047069031b285c910720f119,blinded-annotation-v2-shortrefs
C022,K022,judge_b,0,labeled,No caffeine intake data recorded.,Requires known afternoon/evening caffeine use with sleeping difficulty.,Caffeine history unknown; not applicable.,qwen3.8-max,e6728d1c5dc9e6ea8f6af212219125858e1293c6047069031b285c910720f119,blinded-annotation-v2-shortrefs
C022,K023,judge_b,0,labeled,No meal timing or size data recorded.,Requires known large meal shortly before bed.,Meal information unknown; not applicable.,qwen3.8-max,e6728d1c5dc9e6ea8f6af212219125858e1293c6047069031b285c910720f119,blinded-annotation-v2-shortrefs
C022,K024,judge_b,0,labeled,No alcohol intake reported in wearable data.,Requires alcohol use near bedtime; non-applicable when exposure unknown.,Alcohol exposure is unknown; item conditions not met.,qwen3.8-max,e6728d1c5dc9e6ea8f6af212219125858e1293c6047069031b285c910720f119,blinded-annotation-v2-shortrefs
C022,K025,judge_b,0,labeled,No nicotine use data recorded.,Requires nicotine exposure established.,Nicotine use unknown; not applicable.,qwen3.8-max,e6728d1c5dc9e6ea8f6af212219125858e1293c6047069031b285c910720f119,blinded-annotation-v2-shortrefs
C022,K026,judge_b,0,labeled,No bedroom environment data recorded.,Requires known disruptive bedroom environment.,Environment unknown; wearable data cannot establish bedroom conditions.,qwen3.8-max,e6728d1c5dc9e6ea8f6af212219125858e1293c6047069031b285c910720f119,blinded-annotation-v2-shortrefs
C022,K027,judge_b,0,labeled,No pre-bed routine difficulty reported.,Requires reported difficulty relaxing or request for routine options.,No relaxation difficulty evidenced; generic advice.,qwen3.8-max,e6728d1c5dc9e6ea8f6af212219125858e1293c6047069031b285c910720f119,blinded-annotation-v2-shortrefs
C022,K028,judge_b,0,labeled,No nap data recorded in wearable observations.,Requires adult naps recorded or reported.,Nap history unknown; item not applicable.,qwen3.8-max,e6728d1c5dc9e6ea8f6af212219125858e1293c6047069031b285c910720f119,blinded-annotation-v2-shortrefs
C022,K029,judge_b,0,labeled,Sleep start times consistent ~22:45-22:58; no shift work indicated.,Requires confirmed shift-work schedule.,Shift work unknown; sleep schedule is stable.,qwen3.8-max,e6728d1c5dc9e6ea8f6af212219125858e1293c6047069031b285c910720f119,blinded-annotation-v2-shortrefs
C022,K030,judge_b,0,labeled,No shift work established.,Requires confirmed shift work.,Shift work unknown; not applicable.,qwen3.8-max,e6728d1c5dc9e6ea8f6af212219125858e1293c6047069031b285c910720f119,blinded-annotation-v2-shortrefs
C022,K031,judge_b,0,labeled,No shift work or caffeine data recorded.,Requires shift worker using caffeine.,Shift work and caffeine use unknown; not applicable.,qwen3.8-max,e6728d1c5dc9e6ea8f6af212219125858e1293c6047069031b285c910720f119,blinded-annotation-v2-shortrefs
C022,K032,judge_b,0,labeled,No shift work or daytime sleep recorded.,Requires daytime sleep associated with shift work.,Only ordinary overnight sleep; shift work unknown.,qwen3.8-max,e6728d1c5dc9e6ea8f6af212219125858e1293c6047069031b285c910720f119,blinded-annotation-v2-shortrefs
C022,K033,judge_b,0,labeled,Sleep pattern stable; no awakenings or naps recorded.,Requires changed or variable sleep pattern needing review.,Sleep pattern is consistent; no variability to review.,qwen3.8-max,e6728d1c5dc9e6ea8f6af212219125858e1293c6047069031b285c910720f119,blinded-annotation-v2-shortrefs
C022,K034,judge_b,0,labeled,Sleep duration stable ~470 min; no shortened nights.,Requires several shortened nights rather than isolated reading.,No sleep loss observed; item not applicable.,qwen3.8-max,e6728d1c5dc9e6ea8f6af212219125858e1293c6047069031b285c910720f119,blinded-annotation-v2-shortrefs
C022,K035,judge_b,0,labeled,Weekend vs weekday sleep means similar (baseline 470.4 vs 469.6 min).,Requires longer sleep and later timing on days off.,No substantial weekend sleep extension observed.,qwen3.8-max,e6728d1c5dc9e6ea8f6af212219125858e1293c6047069031b285c910720f119,blinded-annotation-v2-shortrefs
C022,K036,judge_b,0,labeled,No nap data recorded.,Requires recorded naps after shortened night-time sleep.,Nap information unavailable; not applicable.,qwen3.8-max,e6728d1c5dc9e6ea8f6af212219125858e1293c6047069031b285c910720f119,blinded-annotation-v2-shortrefs
C022,K037,judge_b,0,labeled,No reported bad night or insomnia symptoms.,Requires recent bad night and reported sleeping difficulties.,Only device estimates without reported difficulty; not applicable.,qwen3.8-max,e6728d1c5dc9e6ea8f6af212219125858e1293c6047069031b285c910720f119,blinded-annotation-v2-shortrefs
C022,K038,judge_b,0,labeled,No reported sleeping difficulties; sleep duration stable.,Requires reported sleeping difficulties with known duration.,No insomnia symptoms reported; cannot diagnose from duration alone.,qwen3.8-max,e6728d1c5dc9e6ea8f6af212219125858e1293c6047069031b285c910720f119,blinded-annotation-v2-shortrefs
C022,K039,judge_b,0,labeled,No travel history in data; sleep timing stable.,Requires confirmed travel across time zones.,Travel context unknown; item not applicable.,qwen3.8-max,e6728d1c5dc9e6ea8f6af212219125858e1293c6047069031b285c910720f119,blinded-annotation-v2-shortrefs
C022,K040,judge_b,0,labeled,No travel context in data.,Requires a short trip across time zones planned.,Travel context unknown; item not applicable.,qwen3.8-max,e6728d1c5dc9e6ea8f6af212219125858e1293c6047069031b285c910720f119,blinded-annotation-v2-shortrefs
C022,K041,judge_b,0,labeled,Activity duration stable ~55 min/day; steps ~8000.,Requires low or declining movement.,No activity decline observed; generic advice not specifically informative.,qwen3.8-max,e6728d1c5dc9e6ea8f6af212219125858e1293c6047069031b285c910720f119,blinded-annotation-v2-shortrefs
C022,K042,judge_b,0,labeled,Activity stable ~55 min/day; no recent inactivity.,Requires recently low or reduced physical activity.,No inactivity observed; not applicable.,qwen3.8-max,e6728d1c5dc9e6ea8f6af212219125858e1293c6047069031b285c910720f119,blinded-annotation-v2-shortrefs
C022,K043,judge_b,0,labeled,Activity intensity 'unknown' for all intervals.,Requires known activity intensity; non-applicable with unspecified active minutes.,Intensity unknown; cannot determine if moderate-intensity target met.,qwen3.8-max,e6728d1c5dc9e6ea8f6af212219125858e1293c6047069031b285c910720f119,blinded-annotation-v2-shortrefs
C022,K044,judge_b,0,labeled,All activity intervals have intensity 'unknown'.,Requires documented vigorous aerobic activity; non-applicable if intensity unknown.,Intensity unknown; cannot apply vigorous activity target.,qwen3.8-max,e6728d1c5dc9e6ea8f6af212219125858e1293c6047069031b285c910720f119,blinded-annotation-v2-shortrefs
C022,K045,judge_b,0,labeled,Activity stable ~55 min/day; no limited session opportunities.,Requires reduced activity or limited long-session opportunities.,No activity reduction observed; generic scheduling advice.,qwen3.8-max,e6728d1c5dc9e6ea8f6af212219125858e1293c6047069031b285c910720f119,blinded-annotation-v2-shortrefs
C022,K046,judge_b,0,labeled,Only steps and activity duration recorded; no strengthening data.,Requires strengthening activity records including days and muscle groups.,Only step/movement counts available; cannot assess strengthening.,qwen3.8-max,e6728d1c5dc9e6ea8f6af212219125858e1293c6047069031b285c910720f119,blinded-annotation-v2-shortrefs
C022,K047,judge_b,0,labeled,Activity intensity 'unknown'; guideline attainment unverified.,Requires known intensity and weekly duration meeting guidelines.,Unknown intensity prevents assessing additional benefit potential.,qwen3.8-max,e6728d1c5dc9e6ea8f6af212219125858e1293c6047069031b285c910720f119,blinded-annotation-v2-shortrefs
C022,K048,judge_b,0,labeled,All activity intervals labeled intensity 'unknown'.,Requires activity intensity interpretation; non-applicable inferring from steps alone.,Intensity unknown; cannot assign relative intensity from step counts.,qwen3.8-max,e6728d1c5dc9e6ea8f6af212219125858e1293c6047069031b285c910720f119,blinded-annotation-v2-shortrefs
C022,K049,judge_b,0,labeled,All activity intervals have intensity 'unknown'; no talk-test observation.,Requires observed effort during aerobic activity.,Effort unrecorded; cannot apply talk test.,qwen3.8-max,e6728d1c5dc9e6ea8f6af212219125858e1293c6047069031b285c910720f119,blinded-annotation-v2-shortrefs
C022,K050,judge_b,0,labeled,Steps stable ~8000/day; no decline observed.,Applies when steps change while other activity may differ.,No step change observed; item not specifically informative.,qwen3.8-max,e6728d1c5dc9e6ea8f6af212219125858e1293c6047069031b285c910720f119,blinded-annotation-v2-shortrefs
C022,K051,judge_b,0,labeled,Steps ~8000/day; no declining routine movement.,Requires low or declining routine movement.,No movement decline observed; generic advice.,qwen3.8-max,e6728d1c5dc9e6ea8f6af212219125858e1293c6047069031b285c910720f119,blinded-annotation-v2-shortrefs
C022,K052,judge_b,0,labeled,Activity stable ~55 min/day; no maintenance difficulty.,Requires activity habit low or difficult to maintain.,No activity difficulty observed; generic planning advice.,qwen3.8-max,e6728d1c5dc9e6ea8f6af212219125858e1293c6047069031b285c910720f119,blinded-annotation-v2-shortrefs
C022,K053,judge_b,0,labeled,No motivational barrier or social preference reported.,Requires evidence of motivational or social barrier.,No evidence of activity decline needing social motivation support.,qwen3.8-max,e6728d1c5dc9e6ea8f6af212219125858e1293c6047069031b285c910720f119,blinded-annotation-v2-shortrefs
C022,K054,judge_b,0,labeled,Steps ~8000/day; no reported time barrier.,Requires low activity with reported time barrier.,No time barrier or low activity evidenced.,qwen3.8-max,e6728d1c5dc9e6ea8f6af212219125858e1293c6047069031b285c910720f119,blinded-annotation-v2-shortrefs
C022,K055,judge_b,0,labeled,No competing demands or schedule constraints reported.,Requires reported competing demands reducing activity.,Schedule reason unknown; activity is stable.,qwen3.8-max,e6728d1c5dc9e6ea8f6af212219125858e1293c6047069031b285c910720f119,blinded-annotation-v2-shortrefs
C022,K056,judge_b,0,labeled,No chronic condition or disability reported.,Requires established chronic condition or special need.,Medical context unknown; item not applicable.,qwen3.8-max,e6728d1c5dc9e6ea8f6af212219125858e1293c6047069031b285c910720f119,blinded-annotation-v2-shortrefs
C022,K057,judge_b,0,labeled,Low movement intervals ~45 min each throughout day; device low movement not confirmed sitting.,Requires long uninterrupted low-movement intervals; non-applicable if posture unknown.,Device low movement is not confirmed sitting; cannot establish sedentary behavior.,qwen3.8-max,e6728d1c5dc9e6ea8f6af212219125858e1293c6047069031b285c910720f119,blinded-annotation-v2-shortrefs
C022,K058,judge_b,0,labeled,Low movement ~447 min/day but not confirmed sitting.,Requires confirmed sitting posture for sedentary conclusion.,Device low movement is not confirmed sitting; cannot apply sedentary warning.,qwen3.8-max,e6728d1c5dc9e6ea8f6af212219125858e1293c6047069031b285c910720f119,blinded-annotation-v2-shortrefs
C022,K059,judge_b,0,labeled,Low movement ~447 min/day but not confirmed sitting.,Requires confirmed sitting for specific sedentary-time conclusion.,Device low movement is not confirmed sitting; cannot conclude sedentary time.,qwen3.8-max,e6728d1c5dc9e6ea8f6af212219125858e1293c6047069031b285c910720f119,blinded-annotation-v2-shortrefs
C022,K060,judge_b,0,labeled,No commuting context recorded.,Requires sedentary commuting established.,Commute unknown; not applicable.,qwen3.8-max,e6728d1c5dc9e6ea8f6af212219125858e1293c6047069031b285c910720f119,blinded-annotation-v2-shortrefs
C022,K061,judge_b,0,labeled,No workplace desk context recorded.,Requires desk work with prolonged sitting.,Work context unknown; not applicable.,qwen3.8-max,e6728d1c5dc9e6ea8f6af212219125858e1293c6047069031b285c910720f119,blinded-annotation-v2-shortrefs
C022,K062,judge_b,0,labeled,No workplace or meeting context recorded.,Requires meetings or desk work involving prolonged sitting.,Workplace context unknown; not applicable.,qwen3.8-max,e6728d1c5dc9e6ea8f6af212219125858e1293c6047069031b285c910720f119,blinded-annotation-v2-shortrefs
C022,K063,judge_b,0,labeled,Low movement recorded but no television context known.,Requires prolonged sitting while watching television.,Screen habits unknown; device low movement is not confirmed TV sitting.,qwen3.8-max,e6728d1c5dc9e6ea8f6af212219125858e1293c6047069031b285c910720f119,blinded-annotation-v2-shortrefs
C022,K064,judge_b,0,labeled,No seated leisure context recorded.,Requires substantial habitual seated leisure.,Leisure context unknown; not applicable.,qwen3.8-max,e6728d1c5dc9e6ea8f6af212219125858e1293c6047069031b285c910720f119,blinded-annotation-v2-shortrefs
C022,K065,judge_b,0,labeled,Activity duration ~55 min/day recorded.,Applies when low everyday movement despite formal exercise.,No evidence of low everyday movement; generic definition.,qwen3.8-max,e6728d1c5dc9e6ea8f6af212219125858e1293c6047069031b285c910720f119,blinded-annotation-v2-shortrefs
C022,K066,judge_b,0,labeled,No workday lunch-break context recorded.,Requires known workday lunch-break access and mobility.,Lunch-break context unknown; not applicable.,qwen3.8-max,e6728d1c5dc9e6ea8f6af212219125858e1293c6047069031b285c910720f119,blinded-annotation-v2-shortrefs
C022,K067,judge_b,0,labeled,Steps ~8000/day; no stair access context.,Requires low incidental movement with accessible stairs.,No low movement issue or stair context known.,qwen3.8-max,e6728d1c5dc9e6ea8f6af212219125858e1293c6047069031b285c910720f119,blinded-annotation-v2-shortrefs
C022,K068,judge_b,1,labeled,Low movement minutes ~447 min/day recorded without posture measurement.,Applies when low-movement intervals available without posture; warns against relabeling as sitting.,Directly supports that device low movement should not be treated as confirmed sedentary behavior.,qwen3.8-max,e6728d1c5dc9e6ea8f6af212219125858e1293c6047069031b285c910720f119,blinded-annotation-v2-shortrefs
C022,K069,judge_b,0,labeled,Activity and sleep both stable; no individual causal pattern.,Non-applicable for declaring causal effect from paired observations.,General benefit statement; cannot establish individual causation from data.,qwen3.8-max,e6728d1c5dc9e6ea8f6af212219125858e1293c6047069031b285c910720f119,blinded-annotation-v2-shortrefs
C022,K070,judge_b,0,labeled,Activity duration stable ~55 min/day; no changed sleep routine.,Requires low daytime activity accompanying changed sleep routine.,Sleep and activity are stable; general advice not specifically informative.,qwen3.8-max,e6728d1c5dc9e6ea8f6af212219125858e1293c6047069031b285c910720f119,blinded-annotation-v2-shortrefs
C022,K071,judge_b,0,labeled,Activity at 21:00-22:00; intensity 'unknown'; sleep ~22:50.,Requires known intensity and actual timing relative to bedtime.,Intensity unknown; cannot assume late activity is intense exercise.,qwen3.8-max,e6728d1c5dc9e6ea8f6af212219125858e1293c6047069031b285c910720f119,blinded-annotation-v2-shortrefs
C022,K072,judge_b,0,labeled,"Activity at 21:00, sleep ~22:50; no insomnia symptoms reported.",Requires exercise near bedtime with reported insomnia symptoms.,No insomnia reported; temporal adjacency alone insufficient.,qwen3.8-max,e6728d1c5dc9e6ea8f6af212219125858e1293c6047069031b285c910720f119,blinded-annotation-v2-shortrefs
C022,K073,judge_b,1,labeled,Activity intervals at 21:00 daily; sleep starts ~22:45-22:58.,Applies when activity timing and subsequent sleep are compared.,Supports recording exercise timing alongside sleep for temporal context review.,qwen3.8-max,e6728d1c5dc9e6ea8f6af212219125858e1293c6047069031b285c910720f119,blinded-annotation-v2-shortrefs
C022,K074,judge_b,0,labeled,No emergency responder deployment context.,Requires confirmed emergency-response deployment context.,Deployment context unknown; not applicable.,qwen3.8-max,e6728d1c5dc9e6ea8f6af212219125858e1293c6047069031b285c910720f119,blinded-annotation-v2-shortrefs
C022,K075,judge_b,0,labeled,No tiredness or energy pattern reported.,Requires reported tiredness limiting activity.,No tiredness history; activity is stable.,qwen3.8-max,e6728d1c5dc9e6ea8f6af212219125858e1293c6047069031b285c910720f119,blinded-annotation-v2-shortrefs
C022,K076,judge_b,0,labeled,No substance or medication data recorded.,Requires substance and medication history for causal interpretation.,No exposures recorded; generic diary advice.,qwen3.8-max,e6728d1c5dc9e6ea8f6af212219125858e1293c6047069031b285c910720f119,blinded-annotation-v2-shortrefs
C022,K077,judge_b,1,labeled,"Daily RHR values recorded (e.g., 55-67 bpm).",Applies when resting heart rate observations are available.,Contextualizes that daily RHR estimates differ from instantaneous exercise HR.,qwen3.8-max,e6728d1c5dc9e6ea8f6af212219125858e1293c6047069031b285c910720f119,blinded-annotation-v2-shortrefs
C022,K078,judge_b,1,labeled,Daily RHR values recorded (55-67 bpm).,Applies when daily resting heart-rate trend is interpreted.,Clarifies distinction between daily RHR and sleeping HR for proper trend interpretation.,qwen3.8-max,e6728d1c5dc9e6ea8f6af212219125858e1293c6047069031b285c910720f119,blinded-annotation-v2-shortrefs
C022,K079,judge_b,2,labeled,Window RHR rose to 65-67 bpm (Apr 3-6) from baseline ~56 bpm.,Applies when RHR changes relative to previous readings.,"Directly explains that the observed RHR spike has multiple possible causes, not a single diagnosis.",qwen3.8-max,e6728d1c5dc9e6ea8f6af212219125858e1293c6047069031b285c910720f119,blinded-annotation-v2-shortrefs
C022,K080,judge_b,1,labeled,Both RHR (55-67 bpm) and HRV RMSSD (23-47 ms) recorded.,Applies when HRV and heart-rate estimates interpreted together.,Clarifies that observed HRV and RHR are distinct metrics requiring separate interpretation.,qwen3.8-max,e6728d1c5dc9e6ea8f6af212219125858e1293c6047069031b285c910720f119,blinded-annotation-v2-shortrefs
C022,K081,judge_b,2,labeled,"HRV RMSSD dropped from baseline mean 45ms to 23-26ms (Apr 3-6), then recovered.",Applies when an HRV level or trend is being reviewed.,Directly explains that HRV varies by person/context; absolute drop needs personal baseline comparison.,qwen3.8-max,e6728d1c5dc9e6ea8f6af212219125858e1293c6047069031b285c910720f119,blinded-annotation-v2-shortrefs
C022,K082,judge_b,1,labeled,RHR and HRV changed from 28-day baseline during 14-day window.,Applies when a vital has changed from recent personal baseline.,Supports using 28-day baseline as personal range context for observed changes.,qwen3.8-max,e6728d1c5dc9e6ea8f6af212219125858e1293c6047069031b285c910720f119,blinded-annotation-v2-shortrefs
C022,K083,judge_b,1,labeled,RHR varied 55-67 bpm over 14-day window with clear transient spike.,Applies when repeated RHR readings or recent change observed.,Supports reviewing RHR over weeks/months to contextualize the transient spike.,qwen3.8-max,e6728d1c5dc9e6ea8f6af212219125858e1293c6047069031b285c910720f119,blinded-annotation-v2-shortrefs
C022,K084,judge_b,2,labeled,HRV RMSSD dropped to 23-26ms (Apr 3-6) from baseline 45ms.,Applies when HRV trend available; warns against diagnosing from HRV change.,"Directly explains that the observed HRV drop is a wellness observation, not a diagnosis.",qwen3.8-max,e6728d1c5dc9e6ea8f6af212219125858e1293c6047069031b285c910720f119,blinded-annotation-v2-shortrefs
C022,K085,judge_b,1,labeled,"HRV recorded as hrv_rmssd_ms (e.g., 45ms baseline, 23ms window).",Applies when HRV records identify RMSSD as their metric.,"Confirms the metric definition used, supporting valid comparisons across periods.",qwen3.8-max,e6728d1c5dc9e6ea8f6af212219125858e1293c6047069031b285c910720f119,blinded-annotation-v2-shortrefs
C022,K086,judge_b,1,labeled,Nighttime coverage 482-498 min (>180 min threshold).,Applies when overnight HRV estimates are compared; requires >3h sleep period.,Confirms sufficient sleep coverage for valid overnight HRV collection per device rules.,qwen3.8-max,e6728d1c5dc9e6ea8f6af212219125858e1293c6047069031b285c910720f119,blinded-annotation-v2-shortrefs
C022,K087,judge_b,0,labeled,Only sleep duration and timing available; no sleep-stage data.,Requires sleep-stage measurements; non-applicable with only duration/timing.,No sleep-stage data in observations; item not applicable.,qwen3.8-max,e6728d1c5dc9e6ea8f6af212219125858e1293c6047069031b285c910720f119,blinded-annotation-v2-shortrefs
C022,K088,judge_b,0,labeled,No health concerns reported about vital trends.,Requires reported health concerns or symptoms.,No reported concerns; generic guidance.,qwen3.8-max,e6728d1c5dc9e6ea8f6af212219125858e1293c6047069031b285c910720f119,blinded-annotation-v2-shortrefs
C022,K089,judge_b,1,labeled,RHR spiked to 65-67 bpm Apr 3-6 then returned to 55-57 bpm.,Applies when heart-rate readings may be unreliable or wear quality changes.,Sensor fit could contribute to apparent RHR change; relevant measurement consideration.,qwen3.8-max,e6728d1c5dc9e6ea8f6af212219125858e1293c6047069031b285c910720f119,blinded-annotation-v2-shortrefs
C022,K090,judge_b,1,labeled,Nighttime coverage 482-498 min recorded alongside daytime 720 min.,Applies when overnight vitals have uncertain coverage; requires separate night wear info.,Confirms night-time wear was adequate for overnight vitals validity.,qwen3.8-max,e6728d1c5dc9e6ea8f6af212219125858e1293c6047069031b285c910720f119,blinded-annotation-v2-shortrefs
C022,K091,judge_b,0,labeled,All vitals present; nighttime coverage >480 min every night.,Applies when a vital is missing with limited night-time data.,No missing vitals; adequate sleep coverage throughout.,qwen3.8-max,e6728d1c5dc9e6ea8f6af212219125858e1293c6047069031b285c910720f119,blinded-annotation-v2-shortrefs
C022,K092,judge_b,0,labeled,No missing vitals; all 14 window days have complete data.,Applies when vitals are missing or delayed.,All data present; no missing readings to explain.,qwen3.8-max,e6728d1c5dc9e6ea8f6af212219125858e1293c6047069031b285c910720f119,blinded-annotation-v2-shortrefs
C022,K093,judge_b,0,labeled,Single synthetic device used throughout; no device switch.,Requires device or algorithm change in heart-rate series.,Same device throughout; no cross-device comparison issue.,qwen3.8-max,e6728d1c5dc9e6ea8f6af212219125858e1293c6047069031b285c910720f119,blinded-annotation-v2-shortrefs
C022,K094,judge_b,1,labeled,"Sleep duration estimated from device (e.g., 470 min).",Applies when device-estimated sleep duration and boundaries are available.,"Clarifies that recorded sleep duration is an estimate, not clinical measurement.",qwen3.8-max,e6728d1c5dc9e6ea8f6af212219125858e1293c6047069031b285c910720f119,blinded-annotation-v2-shortrefs
C022,K095,judge_b,0,labeled,All nights have 482-498 min coverage; no absent sleep readings.,Applies when sleep readings are absent with non-wear.,No missing sleep data; full nighttime coverage achieved.,qwen3.8-max,e6728d1c5dc9e6ea8f6af212219125858e1293c6047069031b285c910720f119,blinded-annotation-v2-shortrefs
C022,K096,judge_b,0,labeled,Steps stable ~8000/day; no measurement limitation indicated.,Applies when step readings change with possible measurement limitations.,No step change or wear context issue observed.,qwen3.8-max,e6728d1c5dc9e6ea8f6af212219125858e1293c6047069031b285c910720f119,blinded-annotation-v2-shortrefs
C023,K001,judge_b,2,labeled,"Age band 18-60; sleep 385-392 min (6.4-6.5 hr) on Apr 7-12, below 7-hr recommendation.",Requires age 18-60 and sleep duration below recommendation.,Core direct explanation: directly applies CDC recommendation to observed below-threshold sleep in correct age band.,qwen3.8-max,6946646f84478a4eb12b9c70b13cd323e212de50573bb2a2a0afe3ec618de53e,blinded-annotation-v2-shortrefs
C023,K002,judge_b,0,labeled,"Age band is 18-60, not 61-64.",Requires age 61 to 64 to be established.,"Item targets age 61-64; subject is in 18-60 band, so non-applicable.",qwen3.8-max,6946646f84478a4eb12b9c70b13cd323e212de50573bb2a2a0afe3ec618de53e,blinded-annotation-v2-shortrefs
C023,K003,judge_b,0,labeled,"Age band is 18-60, not 65+.",Requires age at least 65 to be established.,Subject is under 65; item non-applicable per its own conditions.,qwen3.8-max,6946646f84478a4eb12b9c70b13cd323e212de50573bb2a2a0afe3ec618de53e,blinded-annotation-v2-shortrefs
C023,K004,judge_b,0,labeled,"Age band is 18-60, not 13-17.",Requires teenage age group to be established.,Subject is adult; item explicitly non-applicable for adults.,qwen3.8-max,6946646f84478a4eb12b9c70b13cd323e212de50573bb2a2a0afe3ec618de53e,blinded-annotation-v2-shortrefs
C023,K005,judge_b,1,labeled,Sleep duration dropped from baseline mean 470.5 min to 385-392 min on Apr 7-12.,Requires repeatedly shortened sleep opportunity or sleep duration.,"Supported connection: sleep is repeatedly shortened in late window, but schedule constraint not confirmed.",qwen3.8-max,6946646f84478a4eb12b9c70b13cd323e212de50573bb2a2a0afe3ec618de53e,blinded-annotation-v2-shortrefs
C023,K006,judge_b,0,labeled,Baseline sleep mean 470.5 min (~7.8 hrs) meets 7+ hr recommendation; not consistently short.,Requires sleep to be consistently short even without a new decline.,Baseline sleep duration is sufficient; item about thriving on little sleep not applicable.,qwen3.8-max,6946646f84478a4eb12b9c70b13cd323e212de50573bb2a2a0afe3ec618de53e,blinded-annotation-v2-shortrefs
C023,K007,judge_b,1,labeled,"Sleep duration recorded nightly (385-485 min in window), but no quality metrics like awakenings.",Applies when sleep duration is recorded but sleep quality may be unknown.,Supported connection: duration alone cannot establish quality; no awakening or refreshment data available.,qwen3.8-max,6946646f84478a4eb12b9c70b13cd323e212de50573bb2a2a0afe3ec618de53e,blinded-annotation-v2-shortrefs
C023,K008,judge_b,0,labeled,"Only sleep start, end, and duration recorded; no awakening events captured.",Requires awakening history or measured sleep continuity.,Only duration and sleep start/end available; cannot assess night awakenings.,qwen3.8-max,6946646f84478a4eb12b9c70b13cd323e212de50573bb2a2a0afe3ec618de53e,blinded-annotation-v2-shortrefs
C023,K009,judge_b,0,labeled,No sleep exceeds 8 hours (max 485 min = 8.08 hr on Apr 5); no refreshment data.,Requires more than eight hours of sleep with reported lack of refreshment.,Sleep generally under 8 hours and no refreshment info; item non-applicable.,qwen3.8-max,6946646f84478a4eb12b9c70b13cd323e212de50573bb2a2a0afe3ec618de53e,blinded-annotation-v2-shortrefs
C023,K010,judge_b,0,labeled,Sleep shortened Apr 7-12 but no cognitive symptoms or performance data recorded.,Requires symptoms to claim actual cognitive impairment.,Wearable record alone does not establish impaired cognition in this individual.,qwen3.8-max,6946646f84478a4eb12b9c70b13cd323e212de50573bb2a2a0afe3ec618de53e,blinded-annotation-v2-shortrefs
C023,K011,judge_b,1,labeled,"Sleep duration 385-392 min on Apr 7-12, well below baseline mean 470.5 min.",Requires several nights of reduced sleep duration.,"Supported connection: six consecutive shortened nights observed, but actual performance impairment not measured.",qwen3.8-max,6946646f84478a4eb12b9c70b13cd323e212de50573bb2a2a0afe3ec618de53e,blinded-annotation-v2-shortrefs
C023,K012,judge_b,0,labeled,No infection or immune status recorded; sleep shortened in late window.,Applies broadly to ongoing insufficient sleep.,General educational fact; cannot infer infection from sleep or heart-rate changes.,qwen3.8-max,6946646f84478a4eb12b9c70b13cd323e212de50573bb2a2a0afe3ec618de53e,blinded-annotation-v2-shortrefs
C023,K013,judge_b,0,labeled,No food intake or appetite information recorded.,Requires food intake or appetite information for individual claims.,Appetite change requires separate evidence; cannot infer from sleep duration alone.,qwen3.8-max,6946646f84478a4eb12b9c70b13cd323e212de50573bb2a2a0afe3ec618de53e,blinded-annotation-v2-shortrefs
C023,K014,judge_b,0,labeled,No driving context or subjective sleepiness reported.,Requires reported sleepiness and driving plans.,Sleepiness and driving context unknown; item non-applicable.,qwen3.8-max,6946646f84478a4eb12b9c70b13cd323e212de50573bb2a2a0afe3ec618de53e,blinded-annotation-v2-shortrefs
C023,K015,judge_b,1,labeled,Sleep duration varies 462-485 min baseline/window; individual experience not recorded.,Applies when adult sleep duration is being reviewed.,Supported connection: reminds that duration should be considered alongside individual experience.,qwen3.8-max,6946646f84478a4eb12b9c70b13cd323e212de50573bb2a2a0afe3ec618de53e,blinded-annotation-v2-shortrefs
C023,K016,judge_b,0,labeled,14-day window with sleep changes but no reported months-long insomnia or failed habit changes.,Requires months-long sleeping difficulties or insomnia with substantial daily-life impact.,Two-week wearable window alone cannot establish these clinical conditions.,qwen3.8-max,6946646f84478a4eb12b9c70b13cd323e212de50573bb2a2a0afe3ec618de53e,blinded-annotation-v2-shortrefs
C023,K017,judge_b,2,labeled,Sleep start variance jumped from 17.0 min² baseline to 2037.1 min² in window; starts shifted to midnight.,Requires repeated variability in bedtime or wake time.,Core direct explanation: item directly addresses the observed dramatic increase in bedtime variability.,qwen3.8-max,6946646f84478a4eb12b9c70b13cd323e212de50573bb2a2a0afe3ec618de53e,blinded-annotation-v2-shortrefs
C023,K018,judge_b,0,labeled,Wake time perfectly consistent at 07:00 every day; no reported sleeping difficulties.,Requires inconsistent wake time with reported sleeping difficulties.,Wake time is stable and no insomnia symptoms reported; item non-applicable.,qwen3.8-max,6946646f84478a4eb12b9c70b13cd323e212de50573bb2a2a0afe3ec618de53e,blinded-annotation-v2-shortrefs
C023,K019,judge_b,0,labeled,"Baseline weekday sleep start mean 649.1 min, weekend 650.4 min from noon; difference ~1.3 min.",Requires bedtime or wake time differing substantially between weekdays and weekends.,Weekday/weekend sleep times are similar; item's observable condition not met.,qwen3.8-max,6946646f84478a4eb12b9c70b13cd323e212de50573bb2a2a0afe3ec618de53e,blinded-annotation-v2-shortrefs
C023,K020,judge_b,0,labeled,Bedtime timestamps exist but no pre-bed activity information recorded.,Requires information about pre-bed activities for targeted advice.,Timestamps alone do not reveal what someone did before bed; insufficient context.,qwen3.8-max,6946646f84478a4eb12b9c70b13cd323e212de50573bb2a2a0afe3ec618de53e,blinded-annotation-v2-shortrefs
C023,K021,judge_b,0,labeled,No screen or light exposure information recorded.,Requires known bright-screen exposure shortly before bed.,Screen exposure unknown; item non-applicable.,qwen3.8-max,6946646f84478a4eb12b9c70b13cd323e212de50573bb2a2a0afe3ec618de53e,blinded-annotation-v2-shortrefs
C023,K022,judge_b,0,labeled,No caffeine timing or intake recorded in wearable data.,Requires known afternoon/evening caffeine use with sleeping difficulty.,Caffeine history unknown; item non-applicable.,qwen3.8-max,6946646f84478a4eb12b9c70b13cd323e212de50573bb2a2a0afe3ec618de53e,blinded-annotation-v2-shortrefs
C023,K023,judge_b,0,labeled,No meal timing or size information recorded.,Requires known large meal shortly before bed.,Meal information unknown; item non-applicable.,qwen3.8-max,6946646f84478a4eb12b9c70b13cd323e212de50573bb2a2a0afe3ec618de53e,blinded-annotation-v2-shortrefs
C023,K024,judge_b,0,labeled,No alcohol intake or timing recorded.,Requires alcohol intake and timing information.,Alcohol exposure unknown; item non-applicable.,qwen3.8-max,6946646f84478a4eb12b9c70b13cd323e212de50573bb2a2a0afe3ec618de53e,blinded-annotation-v2-shortrefs
C023,K025,judge_b,0,labeled,No nicotine use or smoking history recorded.,Requires nicotine exposure to be established.,Nicotine use unknown; item non-applicable.,qwen3.8-max,6946646f84478a4eb12b9c70b13cd323e212de50573bb2a2a0afe3ec618de53e,blinded-annotation-v2-shortrefs
C023,K026,judge_b,0,labeled,"No bedroom environment data (light, noise, temperature) recorded.",Requires known disruptive bedroom environment.,Environment unknown; wearable times/durations cannot establish bedroom conditions.,qwen3.8-max,6946646f84478a4eb12b9c70b13cd323e212de50573bb2a2a0afe3ec618de53e,blinded-annotation-v2-shortrefs
C023,K027,judge_b,0,labeled,No pre-bed routine or relaxation difficulty reported.,Requires reported difficulty relaxing or request for routine options.,No evidence of relaxation issues; item is optional advice without applicable trigger.,qwen3.8-max,6946646f84478a4eb12b9c70b13cd323e212de50573bb2a2a0afe3ec618de53e,blinded-annotation-v2-shortrefs
C023,K028,judge_b,0,labeled,No naps recorded or reported in the 14-day window or baseline.,Requires adult naps to be recorded or reported.,Nap history unknown; item non-applicable per its own conditions.,qwen3.8-max,6946646f84478a4eb12b9c70b13cd323e212de50573bb2a2a0afe3ec618de53e,blinded-annotation-v2-shortrefs
C023,K029,judge_b,0,labeled,No shift-work schedule confirmed; sleep timing changed but work context unknown.,Requires confirmed shift-work schedule.,Variable sleep times alone do not prove rotating shifts; shift work unknown.,qwen3.8-max,6946646f84478a4eb12b9c70b13cd323e212de50573bb2a2a0afe3ec618de53e,blinded-annotation-v2-shortrefs
C023,K030,judge_b,0,labeled,No shift work established in the data.,Requires shift work to be established.,No confirmed shift work; item non-applicable.,qwen3.8-max,6946646f84478a4eb12b9c70b13cd323e212de50573bb2a2a0afe3ec618de53e,blinded-annotation-v2-shortrefs
C023,K031,judge_b,0,labeled,No shift work schedule or caffeine intake recorded.,Requires shift worker using caffeine with known schedule.,Shift work and caffeine use unknown; item non-applicable.,qwen3.8-max,6946646f84478a4eb12b9c70b13cd323e212de50573bb2a2a0afe3ec618de53e,blinded-annotation-v2-shortrefs
C023,K032,judge_b,0,labeled,"All sleep periods are overnight (start ~22:36-00:15, end 07:00); no daytime sleep recorded.",Requires daytime sleep associated with shift work.,Only ordinary overnight sleep is recorded; item non-applicable.,qwen3.8-max,6946646f84478a4eb12b9c70b13cd323e212de50573bb2a2a0afe3ec618de53e,blinded-annotation-v2-shortrefs
C023,K033,judge_b,1,labeled,Sleep start times changed dramatically from ~22:45 to ~00:10 starting Apr 7.,Applies when a changed or variable sleep pattern needs review.,"Supported connection: wearable provides timeline of sleep changes, though awakenings/naps not recorded.",qwen3.8-max,6946646f84478a4eb12b9c70b13cd323e212de50573bb2a2a0afe3ec618de53e,blinded-annotation-v2-shortrefs
C023,K034,judge_b,2,labeled,"Sleep duration 385-392 min on Apr 7-12, approximately 80-100 min below baseline mean 470.5 min.",Requires several shortened nights rather than a single isolated reading.,Core direct explanation: six consecutive shortened nights demonstrate accumulating sleep loss pattern.,qwen3.8-max,6946646f84478a4eb12b9c70b13cd323e212de50573bb2a2a0afe3ec618de53e,blinded-annotation-v2-shortrefs
C023,K035,judge_b,0,labeled,"Baseline weekday sleep mean 470.9 min, weekend 469.6 min; no extra sleep on weekends.",Requires longer sleep and later timing on days off.,Weekend sleep is not longer than weekday sleep; observable condition not met.,qwen3.8-max,6946646f84478a4eb12b9c70b13cd323e212de50573bb2a2a0afe3ec618de53e,blinded-annotation-v2-shortrefs
C023,K036,judge_b,0,labeled,No nap information recorded in the wearable data.,Requires recorded naps after shortened night-time sleep.,Nap information absent; item non-applicable.,qwen3.8-max,6946646f84478a4eb12b9c70b13cd323e212de50573bb2a2a0afe3ec618de53e,blinded-annotation-v2-shortrefs
C023,K037,judge_b,0,labeled,No reported bad night or insomnia symptoms; sleep start shifted later but no subjective complaint.,Requires recent bad night and reported sleeping difficulties.,Only device estimates without reported sleeping difficulty; item non-applicable.,qwen3.8-max,6946646f84478a4eb12b9c70b13cd323e212de50573bb2a2a0afe3ec618de53e,blinded-annotation-v2-shortrefs
C023,K038,judge_b,0,labeled,14 days of sleep data with late-window reduction but no symptom history or reported difficulties.,Requires symptom history and onset for insomnia categorization.,Cannot diagnose insomnia from estimated sleep hours alone; no symptom history.,qwen3.8-max,6946646f84478a4eb12b9c70b13cd323e212de50573bb2a2a0afe3ec618de53e,blinded-annotation-v2-shortrefs
C023,K039,judge_b,0,labeled,No travel history or flight information in the wearable data.,Requires confirmed travel across time zones and destination context.,Travel context unknown; sleep timing change alone does not establish jet lag.,qwen3.8-max,6946646f84478a4eb12b9c70b13cd323e212de50573bb2a2a0afe3ec618de53e,blinded-annotation-v2-shortrefs
C023,K040,judge_b,0,labeled,No travel or trip context recorded.,Requires a known short trip across time zones.,Travel context unknown; item non-applicable.,qwen3.8-max,6946646f84478a4eb12b9c70b13cd323e212de50573bb2a2a0afe3ec618de53e,blinded-annotation-v2-shortrefs
C023,K041,judge_b,0,labeled,Activity intensity unknown for all recorded intervals.,Requires intensity information to count recommended aerobic minutes.,Cannot equate steps or unknown-intensity activity with guideline compliance.,qwen3.8-max,6946646f84478a4eb12b9c70b13cd323e212de50573bb2a2a0afe3ec618de53e,blinded-annotation-v2-shortrefs
C023,K042,judge_b,0,labeled,Activity duration increased from baseline mean 55.6 to window mean 64.3 min; no recent inactivity.,Requires recently low or reduced physical activity.,Activity did not decline; item about building up after inactivity is not applicable.,qwen3.8-max,6946646f84478a4eb12b9c70b13cd323e212de50573bb2a2a0afe3ec618de53e,blinded-annotation-v2-shortrefs
C023,K043,judge_b,0,labeled,Activity intensity labeled unknown for all intervals; only steps and duration available.,Requires known activity intensity to assess moderate-intensity target.,Only unspecified active minutes available; cannot determine if 150-min moderate target is met.,qwen3.8-max,6946646f84478a4eb12b9c70b13cd323e212de50573bb2a2a0afe3ec618de53e,blinded-annotation-v2-shortrefs
C023,K044,judge_b,0,labeled,All activity intervals have intensity labeled unknown.,Requires known vigorous intensity activity documentation.,Intensity unknown; cannot apply vigorous activity target.,qwen3.8-max,6946646f84478a4eb12b9c70b13cd323e212de50573bb2a2a0afe3ec618de53e,blinded-annotation-v2-shortrefs
C023,K045,judge_b,0,labeled,Activity intensity labeled unknown for all intervals; no moderate/vigorous classification.,Requires intensity information for counting guideline minutes.,Intensity unknown; cannot assume recorded active minutes meet moderate-intensity criteria.,qwen3.8-max,6946646f84478a4eb12b9c70b13cd323e212de50573bb2a2a0afe3ec618de53e,blinded-annotation-v2-shortrefs
C023,K046,judge_b,0,labeled,Only steps and activity_duration_minutes available; intensity labeled unknown.,Requires strengthening activity records including days and muscle groups.,Only generic movement counts available; cannot determine muscle-strengthening activity.,qwen3.8-max,6946646f84478a4eb12b9c70b13cd323e212de50573bb2a2a0afe3ec618de53e,blinded-annotation-v2-shortrefs
C023,K047,judge_b,0,labeled,Activity intensity unknown; cannot verify guideline attainment.,Requires known intensity and weekly duration meeting adult guidelines.,Unknown intensity prevents assessment of whether additional benefits apply.,qwen3.8-max,6946646f84478a4eb12b9c70b13cd323e212de50573bb2a2a0afe3ec618de53e,blinded-annotation-v2-shortrefs
C023,K048,judge_b,1,labeled,All activity intervals have intensity labeled unknown despite varying durations (45-90 min).,Applies when activity intensity needs interpretation beyond daily movement totals.,Supported connection: directly explains why unknown-intensity activity cannot be classified as moderate.,qwen3.8-max,6946646f84478a4eb12b9c70b13cd323e212de50573bb2a2a0afe3ec618de53e,blinded-annotation-v2-shortrefs
C023,K049,judge_b,0,labeled,No breathing effort or talk-test observations recorded; intensity unknown.,Requires observed effort during aerobic activity via talk test.,Effort and aerobic context unrecorded; item non-applicable.,qwen3.8-max,6946646f84478a4eb12b9c70b13cd323e212de50573bb2a2a0afe3ec618de53e,blinded-annotation-v2-shortrefs
C023,K050,judge_b,1,labeled,Steps 7582-8405 and activity_duration 45-90 min recorded; intensity unknown.,Applies when steps change while other activity may differ in type.,Supported connection: steps alone may miss non-step exercise; activity type unknown here.,qwen3.8-max,6946646f84478a4eb12b9c70b13cd323e212de50573bb2a2a0afe3ec618de53e,blinded-annotation-v2-shortrefs
C023,K051,judge_b,0,labeled,Steps slightly increased in window (mean 8088) vs baseline (mean 7947); no declining movement.,Requires low or declining routine movement.,Movement did not decline; item's observable condition not met.,qwen3.8-max,6946646f84478a4eb12b9c70b13cd323e212de50573bb2a2a0afe3ec618de53e,blinded-annotation-v2-shortrefs
C023,K052,judge_b,0,labeled,No personal preferences or availability information recorded.,Requires personal preferences and availability for choosing individualized options.,Preferences unknown; item is generic planning advice without specific data connection.,qwen3.8-max,6946646f84478a4eb12b9c70b13cd323e212de50573bb2a2a0afe3ec618de53e,blinded-annotation-v2-shortrefs
C023,K053,judge_b,0,labeled,No social preferences or motivational barriers reported.,Requires social preferences or reported motivational barrier.,No evidence of motivational or social barrier; item non-applicable.,qwen3.8-max,6946646f84478a4eb12b9c70b13cd323e212de50573bb2a2a0afe3ec618de53e,blinded-annotation-v2-shortrefs
C023,K054,judge_b,0,labeled,No reported time barrier; steps actually slightly increased in window (mean 8088 vs 7947).,Requires low activity with a reported time barrier.,Activity not low and no time barrier reported; item non-applicable.,qwen3.8-max,6946646f84478a4eb12b9c70b13cd323e212de50573bb2a2a0afe3ec618de53e,blinded-annotation-v2-shortrefs
C023,K055,judge_b,0,labeled,No reported competing demands or schedule constraints in the data.,Requires reported competing demands reducing activity.,Schedule reason unknown; item non-applicable without reported barrier.,qwen3.8-max,6946646f84478a4eb12b9c70b13cd323e212de50573bb2a2a0afe3ec618de53e,blinded-annotation-v2-shortrefs
C023,K056,judge_b,0,labeled,No chronic health condition or disability recorded in the data.,Requires relevant health condition and activity safety history.,Medical context unknown; item non-applicable.,qwen3.8-max,6946646f84478a4eb12b9c70b13cd323e212de50573bb2a2a0afe3ec618de53e,blinded-annotation-v2-shortrefs
C023,K057,judge_b,1,labeled,Daytime low movement intervals ~440-462 min daily with 720 min wear coverage.,Requires long uninterrupted daytime low-movement intervals with adequate wear coverage.,"Supported connection: substantial daytime low movement exists, but posture unconfirmed per item caveat.",qwen3.8-max,6946646f84478a4eb12b9c70b13cd323e212de50573bb2a2a0afe3ec618de53e,blinded-annotation-v2-shortrefs
C023,K058,judge_b,1,labeled,Activity duration 45-90 min coexists with 440-462 min daily low movement.,Requires recorded activity coexisting with substantial low-movement periods.,"Supported connection: activity and low movement coexist, but sitting posture not confirmed from low movement.",qwen3.8-max,6946646f84478a4eb12b9c70b13cd323e212de50573bb2a2a0afe3ec618de53e,blinded-annotation-v2-shortrefs
C023,K059,judge_b,1,labeled,Daily low movement minutes ~440-462 min across baseline and window.,Requires substantial or increasing daily low movement.,"Supported connection: substantial daily low movement exists, but confirmed sitting not established.",qwen3.8-max,6946646f84478a4eb12b9c70b13cd323e212de50573bb2a2a0afe3ec618de53e,blinded-annotation-v2-shortrefs
C023,K060,judge_b,0,labeled,No commuting or transport context recorded in wearable data.,Requires established sedentary commuting and transport/mobility context.,Commute unknown; item conditions not met by any observation.,qwen3.8-max,6946646f84478a4eb12b9c70b13cd323e212de50573bb2a2a0afe3ec618de53e,blinded-annotation-v2-shortrefs
C023,K061,judge_b,0,labeled,No desk work or colleague interaction context recorded.,Requires workplace layout and ability to walk to colleagues.,Work context unknown; item non-applicable.,qwen3.8-max,6946646f84478a4eb12b9c70b13cd323e212de50573bb2a2a0afe3ec618de53e,blinded-annotation-v2-shortrefs
C023,K062,judge_b,0,labeled,"No workplace, meeting, or desk-work context recorded.",Requires workplace and mobility context for standing/walking meetings.,Workplace information unknown; item non-applicable.,qwen3.8-max,6946646f84478a4eb12b9c70b13cd323e212de50573bb2a2a0afe3ec618de53e,blinded-annotation-v2-shortrefs
C023,K063,judge_b,0,labeled,No television viewing or screen-related sitting context recorded.,Requires prolonged sitting while watching television.,Screen habits unknown; item non-applicable.,qwen3.8-max,6946646f84478a4eb12b9c70b13cd323e212de50573bb2a2a0afe3ec618de53e,blinded-annotation-v2-shortrefs
C023,K064,judge_b,0,labeled,No leisure context or seated television habits recorded.,Requires substantial habitual seated leisure context.,Leisure context unknown; item non-applicable.,qwen3.8-max,6946646f84478a4eb12b9c70b13cd323e212de50573bb2a2a0afe3ec618de53e,blinded-annotation-v2-shortrefs
C023,K065,judge_b,1,labeled,Steps ~8000/day and activity_duration 45-90 min recorded alongside low_movement ~450 min.,Applies when everyday movement can be considered separately from planned exercise.,"Supported connection: distinguishes total steps from formal exercise, relevant given unknown activity intensity.",qwen3.8-max,6946646f84478a4eb12b9c70b13cd323e212de50573bb2a2a0afe3ec618de53e,blinded-annotation-v2-shortrefs
C023,K066,judge_b,0,labeled,No workday lunch-break context or workplace information recorded.,Requires workday lunch-break access and mobility.,Workday and lunch-break context unknown; item non-applicable.,qwen3.8-max,6946646f84478a4eb12b9c70b13cd323e212de50573bb2a2a0afe3ec618de53e,blinded-annotation-v2-shortrefs
C023,K067,judge_b,0,labeled,No stair access or workplace mobility context recorded.,Requires stair access and safe mobility.,Mobility limitations and context unknown; item non-applicable.,qwen3.8-max,6946646f84478a4eb12b9c70b13cd323e212de50573bb2a2a0afe3ec618de53e,blinded-annotation-v2-shortrefs
C023,K068,judge_b,1,labeled,Low movement intervals ~440-462 min/day recorded during daytime wear periods.,Applies when low-movement intervals are available without posture measurement.,Directly relevant: warns against relabeling device low_movement_minutes as confirmed sitting.,qwen3.8-max,6946646f84478a4eb12b9c70b13cd323e212de50573bb2a2a0afe3ec618de53e,blinded-annotation-v2-shortrefs
C023,K069,judge_b,0,labeled,Activity increased while sleep decreased in the window period.,Applies when activity and sleep patterns are jointly reviewed.,"General benefit statement; temporal co-occurrence here shows opposite pattern, no causal link established.",qwen3.8-max,6946646f84478a4eb12b9c70b13cd323e212de50573bb2a2a0afe3ec618de53e,blinded-annotation-v2-shortrefs
C023,K070,judge_b,0,labeled,No outdoor access or exposure information recorded.,Requires outdoor access and mobility for a specific plan.,Generic routine advice; cannot infer outdoor exposure from movement counts.,qwen3.8-max,6946646f84478a4eb12b9c70b13cd323e212de50573bb2a2a0afe3ec618de53e,blinded-annotation-v2-shortrefs
C023,K071,judge_b,1,labeled,"Activity intervals near bedtime (e.g., 20:30-22:00 on Mar 30, Apr 1, 3, 7, 9, 11) with unknown intensity.",Requires activity close to bedtime with known intensity.,"Supported connection: late activity exists but intensity unknown, so intense-exercise advice cannot be directly applied.",qwen3.8-max,6946646f84478a4eb12b9c70b13cd323e212de50573bb2a2a0afe3ec618de53e,blinded-annotation-v2-shortrefs
C023,K072,judge_b,0,labeled,"Activity occurs near bedtime (e.g., 20:30-22:00) but no insomnia symptoms reported.",Requires exercise near bedtime with reported insomnia symptoms.,Only movement and sleep timestamps known; no reported sleeping difficulties to trigger this advice.,qwen3.8-max,6946646f84478a4eb12b9c70b13cd323e212de50573bb2a2a0afe3ec618de53e,blinded-annotation-v2-shortrefs
C023,K073,judge_b,1,labeled,"Activity intervals recorded daily; e.g., Mar 30 activity 20:30-22:00, sleep start 22:45.",Requires activity intervals for timing comparisons with subsequent sleep.,"Supported connection: activity timing data exists for comparison with sleep onset, preserving temporal context.",qwen3.8-max,6946646f84478a4eb12b9c70b13cd323e212de50573bb2a2a0afe3ec618de53e,blinded-annotation-v2-shortrefs
C023,K074,judge_b,0,labeled,No emergency-response deployment context recorded.,Requires confirmed emergency-response deployment context.,Deployment context unknown; item explicitly non-applicable without it.,qwen3.8-max,6946646f84478a4eb12b9c70b13cd323e212de50573bb2a2a0afe3ec618de53e,blinded-annotation-v2-shortrefs
C023,K075,judge_b,0,labeled,No subjective tiredness or energy pattern reported.,Requires reported tiredness limiting activity and subjective energy pattern.,No tiredness or energy history; item non-applicable.,qwen3.8-max,6946646f84478a4eb12b9c70b13cd323e212de50573bb2a2a0afe3ec618de53e,blinded-annotation-v2-shortrefs
C023,K076,judge_b,0,labeled,"No substance, alcohol, caffeine, or medication history recorded in wearable data.",Requires substance and medication history for causal interpretation.,Exposures unrecorded; cannot attribute sleep changes to adjacent activity without this context.,qwen3.8-max,6946646f84478a4eb12b9c70b13cd323e212de50573bb2a2a0afe3ec618de53e,blinded-annotation-v2-shortrefs
C023,K077,judge_b,1,labeled,RHR reported as resting_heart_rate_bpm (55-57 bpm) across all days.,Applies when resting heart rate observations are available.,"Supported connection: clarifies that reported RHR is a resting-context measure, not exercise HR.",qwen3.8-max,6946646f84478a4eb12b9c70b13cd323e212de50573bb2a2a0afe3ec618de53e,blinded-annotation-v2-shortrefs
C023,K078,judge_b,1,labeled,RHR reported as resting_heart_rate_bpm (55-57 bpm); no separate sleeping HR metric present.,Applies when daily resting heart-rate trend is being interpreted.,"Supported connection: clarifies that reported RHR differs from sleeping HR, preventing metric confusion.",qwen3.8-max,6946646f84478a4eb12b9c70b13cd323e212de50573bb2a2a0afe3ec618de53e,blinded-annotation-v2-shortrefs
C023,K079,judge_b,1,labeled,RHR remained stable at 55-57 bpm across all 42 days.,Applies when resting heart rate changes relative to previous readings.,Contextual connection: explains why stable RHR cannot be attributed to any single factor like stress.,qwen3.8-max,6946646f84478a4eb12b9c70b13cd323e212de50573bb2a2a0afe3ec618de53e,blinded-annotation-v2-shortrefs
C023,K080,judge_b,1,labeled,RHR mean 55.9-56.4 bpm and HRV RMSSD mean 45.0-45.7 ms both reported.,Applies when HRV and heart-rate estimates are interpreted together.,Supported contextual connection: clarifies that RHR and HRV are distinct metrics in this dataset.,qwen3.8-max,6946646f84478a4eb12b9c70b13cd323e212de50573bb2a2a0afe3ec618de53e,blinded-annotation-v2-shortrefs
C023,K081,judge_b,1,labeled,HRV RMSSD ranges 43-47 ms across all observations for this individual.,Applies when an HRV level or trend is being reviewed.,"Contextual connection: reminds that this person's HRV range is personal, not universal.",qwen3.8-max,6946646f84478a4eb12b9c70b13cd323e212de50573bb2a2a0afe3ec618de53e,blinded-annotation-v2-shortrefs
C023,K082,judge_b,1,labeled,28-day baseline provides personal range for all vitals before 14-day window comparison.,Requires sufficient same-metric personal history for trend context.,Supported connection: baseline data enables personal-range comparison for observed window changes.,qwen3.8-max,6946646f84478a4eb12b9c70b13cd323e212de50573bb2a2a0afe3ec618de53e,blinded-annotation-v2-shortrefs
C023,K083,judge_b,1,labeled,"RHR recorded daily across 42 days (55-57 bpm), enabling multi-day trend review.",Applies when repeated resting heart-rate readings or a recent change exist.,Supported connection: multiple RHR readings allow trend analysis rather than single-day conclusions.,qwen3.8-max,6946646f84478a4eb12b9c70b13cd323e212de50573bb2a2a0afe3ec618de53e,blinded-annotation-v2-shortrefs
C023,K084,judge_b,1,labeled,HRV RMSSD stable at 43-47 ms across baseline and window periods.,Applies when an HRV trend is available for wellness monitoring.,"Supported contextual connection: HRV is a wellness observation here, not diagnostic of any condition.",qwen3.8-max,6946646f84478a4eb12b9c70b13cd323e212de50573bb2a2a0afe3ec618de53e,blinded-annotation-v2-shortrefs
C023,K085,judge_b,2,labeled,HRV reported as hrv_rmssd_ms across all baseline and window days.,Requires HRV records identifying RMSSD as their metric.,"Directly confirms the device uses RMSSD for HRV, matching metadata definition.",qwen3.8-max,6946646f84478a4eb12b9c70b13cd323e212de50573bb2a2a0afe3ec618de53e,blinded-annotation-v2-shortrefs
C023,K086,judge_b,1,labeled,HRV RMSSD reported nightly; shortest window sleep was 385 min on Apr 7.,Requires compatible Fitbit collection definition and sleep coverage over 3 hours.,"Contextual connection: all sleep periods exceed 3 hours, supporting valid HRV collection per this rule.",qwen3.8-max,6946646f84478a4eb12b9c70b13cd323e212de50573bb2a2a0afe3ec618de53e,blinded-annotation-v2-shortrefs
C023,K087,judge_b,0,labeled,Only sleep duration and timing recorded; no sleep-stage data available.,Requires sleep-stage measurements.,Only duration and timing available; item explicitly non-applicable without stage data.,qwen3.8-max,6946646f84478a4eb12b9c70b13cd323e212de50573bb2a2a0afe3ec618de53e,blinded-annotation-v2-shortrefs
C023,K088,judge_b,0,labeled,No health concerns or symptoms reported by the user.,Requires reported health concerns or symptoms.,No reported concerns; item is generic guidance without specific trigger in data.,qwen3.8-max,6946646f84478a4eb12b9c70b13cd323e212de50573bb2a2a0afe3ec618de53e,blinded-annotation-v2-shortrefs
C023,K089,judge_b,1,labeled,RHR stable at 55-57 bpm across all 42 days with consistent 720-min daytime wear.,Applies when heart-rate readings may be unreliable or wear quality changes.,"Contextual connection: supports interpreting stable RHR as consistent sensor fit, though no unreliability observed.",qwen3.8-max,6946646f84478a4eb12b9c70b13cd323e212de50573bb2a2a0afe3ec618de53e,blinded-annotation-v2-shortrefs
C023,K090,judge_b,1,labeled,Nighttime coverage 405-505 min recorded separately from 720-min daytime wear.,Requires separate night-time wear information for overnight vitals.,Supported connection: confirms overnight coverage exists independently from daytime wear.,qwen3.8-max,6946646f84478a4eb12b9c70b13cd323e212de50573bb2a2a0afe3ec618de53e,blinded-annotation-v2-shortrefs
C023,K091,judge_b,1,labeled,Nighttime coverage dropped to 405-412 min on Apr 7-12 but remained above 180 min threshold.,Applies when a vital is missing with limited night-time data.,Supported connection: coverage reduced but still exceeds 3-hour minimum; vitals not missing.,qwen3.8-max,6946646f84478a4eb12b9c70b13cd323e212de50573bb2a2a0afe3ec618de53e,blinded-annotation-v2-shortrefs
C023,K092,judge_b,1,labeled,Nighttime coverage dropped from ~490 min baseline to ~405-412 min on Apr 7-12.,Applies when vitals are missing or delayed due to device support/sync.,"Contextual connection: reduced nighttime coverage could affect data availability, though vitals still present.",qwen3.8-max,6946646f84478a4eb12b9c70b13cd323e212de50573bb2a2a0afe3ec618de53e,blinded-annotation-v2-shortrefs
C023,K093,judge_b,0,labeled,Single synthetic device used throughout; no device switch indicated in metadata.,Requires heart-rate series involving a device or algorithm change.,Same device throughout; no cross-device comparison issue present.,qwen3.8-max,6946646f84478a4eb12b9c70b13cd323e212de50573bb2a2a0afe3ec618de53e,blinded-annotation-v2-shortrefs
C023,K094,judge_b,1,labeled,"Sleep duration estimated from device (e.g., 385 min on Apr 7) with defined start/end timestamps.",Applies when device-estimated sleep duration and boundaries are available.,"Supported connection: clarifies that reported sleep_duration_minutes is an estimate, not full period.",qwen3.8-max,6946646f84478a4eb12b9c70b13cd323e212de50573bb2a2a0afe3ec618de53e,blinded-annotation-v2-shortrefs
C023,K095,judge_b,1,labeled,Nighttime coverage 405-505 min across all nights; no zero-sleep readings observed.,Applies when sleep readings are absent with non-wear or incomplete coverage.,"Supported connection: confirms overnight wear was present, so recorded sleep values are not missing.",qwen3.8-max,6946646f84478a4eb12b9c70b13cd323e212de50573bb2a2a0afe3ec618de53e,blinded-annotation-v2-shortrefs
C023,K096,judge_b,1,labeled,Steps ranged 7582-8405 across window; device uses accelerometer requiring arm swing.,Applies when step readings change with possible measurement limitations.,Supported connection: explains that step counts depend on arm motion and wear context.,qwen3.8-max,6946646f84478a4eb12b9c70b13cd323e212de50573bb2a2a0afe3ec618de53e,blinded-annotation-v2-shortrefs
C024,K001,judge_b,1,labeled,Age band 18-60; sleep mean ~470 min (~7.8 hrs) meets >=7 hour recommendation.,Age band compatible with 18-60 years required.,Supported contextual connection: confirms observed sleep meets age-appropriate recommendation.,qwen3.8-max,56f411f20158f057e5a03c7b9397f32c6480180be33663ac6201e8b7ace28f66,blinded-annotation-v2-shortrefs
C024,K002,judge_b,0,labeled,Age band is 18-60 in metadata.,Requires age 61 to 64 established.,Age group contradicted; not applicable.,qwen3.8-max,56f411f20158f057e5a03c7b9397f32c6480180be33663ac6201e8b7ace28f66,blinded-annotation-v2-shortrefs
C024,K003,judge_b,0,labeled,Age band is 18-60 in metadata.,Requires age at least 65 established.,Age group contradicted; not applicable.,qwen3.8-max,56f411f20158f057e5a03c7b9397f32c6480180be33663ac6201e8b7ace28f66,blinded-annotation-v2-shortrefs
C024,K004,judge_b,0,labeled,Age band is 18-60 in metadata.,Requires teenage age group 13-17 established.,Age group contradicted; not applicable.,qwen3.8-max,56f411f20158f057e5a03c7b9397f32c6480180be33663ac6201e8b7ace28f66,blinded-annotation-v2-shortrefs
C024,K005,judge_b,0,labeled,Sleep duration ~470 min (~7.8 hrs) nightly; no schedule constraint data.,Requires repeatedly shortened sleep opportunity.,Sleep not insufficient; no busyness evidence; conditions not met.,qwen3.8-max,56f411f20158f057e5a03c7b9397f32c6480180be33663ac6201e8b7ace28f66,blinded-annotation-v2-shortrefs
C024,K006,judge_b,0,labeled,Sleep ~470 min (~7.8 hrs) meets adult recommendation of 7+ hours.,Requires consistently short sleep even without new decline.,Sleep duration sufficient; conditions not met.,qwen3.8-max,56f411f20158f057e5a03c7b9397f32c6480180be33663ac6201e8b7ace28f66,blinded-annotation-v2-shortrefs
C024,K007,judge_b,0,labeled,Sleep duration ~470 min recorded; no quality metrics like awakenings available.,Sleep duration recorded but quality unknown required.,Generic distinction; no quality concern raised by data.,qwen3.8-max,56f411f20158f057e5a03c7b9397f32c6480180be33663ac6201e8b7ace28f66,blinded-annotation-v2-shortrefs
C024,K008,judge_b,0,labeled,Only sleep start/end and duration recorded; no awakening data available.,Requires awakening history or measured sleep continuity.,Awakenings not recorded; conditions not met.,qwen3.8-max,56f411f20158f057e5a03c7b9397f32c6480180be33663ac6201e8b7ace28f66,blinded-annotation-v2-shortrefs
C024,K009,judge_b,0,labeled,Sleep ~470 min (~7.8 hrs); no subjective refreshment data.,Requires more than 8 hours sleep with reported lack of refreshment.,Sleep under 8 hours; refreshment unknown; conditions not met.,qwen3.8-max,56f411f20158f057e5a03c7b9397f32c6480180be33663ac6201e8b7ace28f66,blinded-annotation-v2-shortrefs
C024,K010,judge_b,0,labeled,Sleep ~470 min/night consistently; no cognitive symptom data.,Requires repeatedly shortened sleep and symptoms.,Sleep not shortened; no symptoms; conditions not met.,qwen3.8-max,56f411f20158f057e5a03c7b9397f32c6480180be33663ac6201e8b7ace28f66,blinded-annotation-v2-shortrefs
C024,K011,judge_b,0,labeled,Sleep ~470 min (~7.8 hrs) nightly; no shortened nights observed.,Requires several nights of reduced sleep duration.,No sleep restriction; conditions not met.,qwen3.8-max,56f411f20158f057e5a03c7b9397f32c6480180be33663ac6201e8b7ace28f66,blinded-annotation-v2-shortrefs
C024,K012,judge_b,0,labeled,Sleep ~470 min/night; no infection or immune data.,Requires ongoing insufficient sleep.,Sleep not insufficient; generic background not connected to observations.,qwen3.8-max,56f411f20158f057e5a03c7b9397f32c6480180be33663ac6201e8b7ace28f66,blinded-annotation-v2-shortrefs
C024,K013,judge_b,0,labeled,Sleep duration mean ~470 min (~7.8 hrs); no appetite data recorded.,Requires repeated insufficient sleep and food intake info.,Sleep not insufficient; appetite unknown; conditions not met.,qwen3.8-max,56f411f20158f057e5a03c7b9397f32c6480180be33663ac6201e8b7ace28f66,blinded-annotation-v2-shortrefs
C024,K014,judge_b,0,labeled,No sleepiness or driving context data in observations.,Requires reported sleepiness and driving plans.,Sleepiness and driving unknown; conditions not met.,qwen3.8-max,56f411f20158f057e5a03c7b9397f32c6480180be33663ac6201e8b7ace28f66,blinded-annotation-v2-shortrefs
C024,K015,judge_b,1,labeled,Sleep ~470 min (~7.8 hrs) within adult average 7-9 hours range.,Adult sleep duration being reviewed required.,Supported contextual connection: individual sleep duration should be assessed against personal experience.,qwen3.8-max,56f411f20158f057e5a03c7b9397f32c6480180be33663ac6201e8b7ace28f66,blinded-annotation-v2-shortrefs
C024,K016,judge_b,0,labeled,14-day window data only; no reported sleeping difficulties.,Requires months-long sleeping difficulties or failed habit changes.,No insomnia symptoms; brief window; conditions not met.,qwen3.8-max,56f411f20158f057e5a03c7b9397f32c6480180be33663ac6201e8b7ace28f66,blinded-annotation-v2-shortrefs
C024,K017,judge_b,0,labeled,Wake time 07:00 daily (variance 0.0); sleep start variance ~30 min baseline.,Requires repeated variability in bedtime or wake time.,Schedule highly consistent; conditions contradicted.,qwen3.8-max,56f411f20158f057e5a03c7b9397f32c6480180be33663ac6201e8b7ace28f66,blinded-annotation-v2-shortrefs
C024,K018,judge_b,0,labeled,Wake time exactly 07:00 every day (variance 0.0); no sleeping difficulties.,Requires inconsistent wake time with reported sleeping difficulties.,Wake time perfectly consistent; no insomnia; conditions contradicted.,qwen3.8-max,56f411f20158f057e5a03c7b9397f32c6480180be33663ac6201e8b7ace28f66,blinded-annotation-v2-shortrefs
C024,K019,judge_b,0,labeled,Sleep start variance similar weekday/weekend; wake time identical (07:00) every day.,Requires substantial weekday/weekend schedule differences.,Sleep times similar across days; conditions not met.,qwen3.8-max,56f411f20158f057e5a03c7b9397f32c6480180be33663ac6201e8b7ace28f66,blinded-annotation-v2-shortrefs
C024,K020,judge_b,0,labeled,Sleep start ~22:45-22:58; no pre-bed activity data recorded.,Requires information about pre-bed activities.,Pre-bed activities unknown; conditions not met.,qwen3.8-max,56f411f20158f057e5a03c7b9397f32c6480180be33663ac6201e8b7ace28f66,blinded-annotation-v2-shortrefs
C024,K021,judge_b,0,labeled,No screen or light exposure data in wearable observations.,Requires known bright-screen exposure before bed.,Screen exposure unknown; conditions not met.,qwen3.8-max,56f411f20158f057e5a03c7b9397f32c6480180be33663ac6201e8b7ace28f66,blinded-annotation-v2-shortrefs
C024,K022,judge_b,0,labeled,No caffeine timing or intake data in observations.,Requires caffeine timing and intake history.,Caffeine history unknown; conditions not met.,qwen3.8-max,56f411f20158f057e5a03c7b9397f32c6480180be33663ac6201e8b7ace28f66,blinded-annotation-v2-shortrefs
C024,K023,judge_b,0,labeled,No meal timing or size data in wearable observations.,Requires known large meal shortly before bed.,Meal information unknown; conditions not met.,qwen3.8-max,56f411f20158f057e5a03c7b9397f32c6480180be33663ac6201e8b7ace28f66,blinded-annotation-v2-shortrefs
C024,K024,judge_b,0,labeled,No alcohol intake data in wearable observations.,Requires alcohol intake and timing history.,Alcohol exposure unknown; conditions not met.,qwen3.8-max,56f411f20158f057e5a03c7b9397f32c6480180be33663ac6201e8b7ace28f66,blinded-annotation-v2-shortrefs
C024,K025,judge_b,0,labeled,No nicotine use data in wearable observations.,Requires nicotine exposure established.,Nicotine use unknown; conditions not met.,qwen3.8-max,56f411f20158f057e5a03c7b9397f32c6480180be33663ac6201e8b7ace28f66,blinded-annotation-v2-shortrefs
C024,K026,judge_b,0,labeled,"No bedroom environment data (light, noise, temperature) in observations.",Requires known disruptive bedroom environment.,Environment unknown; conditions not met.,qwen3.8-max,56f411f20158f057e5a03c7b9397f32c6480180be33663ac6201e8b7ace28f66,blinded-annotation-v2-shortrefs
C024,K027,judge_b,0,labeled,No pre-bed routine or relaxation difficulty data in observations.,Requires reported difficulty relaxing or request for options.,No relaxation context; generic advice.,qwen3.8-max,56f411f20158f057e5a03c7b9397f32c6480180be33663ac6201e8b7ace28f66,blinded-annotation-v2-shortrefs
C024,K028,judge_b,0,labeled,No nap data recorded in wearable observations.,Requires nap duration or nap history.,Nap history unknown; conditions not met.,qwen3.8-max,56f411f20158f057e5a03c7b9397f32c6480180be33663ac6201e8b7ace28f66,blinded-annotation-v2-shortrefs
C024,K029,judge_b,0,labeled,No shift work data; sleep timing stable overnight.,Requires confirmed shift-work schedule.,Shift work unknown; conditions not met.,qwen3.8-max,56f411f20158f057e5a03c7b9397f32c6480180be33663ac6201e8b7ace28f66,blinded-annotation-v2-shortrefs
C024,K030,judge_b,0,labeled,No shift work data; sleep occurs overnight consistently.,Requires shift work established.,Shift work unknown; conditions not met.,qwen3.8-max,56f411f20158f057e5a03c7b9397f32c6480180be33663ac6201e8b7ace28f66,blinded-annotation-v2-shortrefs
C024,K031,judge_b,0,labeled,No shift work or caffeine data in wearable observations.,Requires shift schedule and caffeine intake context.,Shift work unknown; conditions not met.,qwen3.8-max,56f411f20158f057e5a03c7b9397f32c6480180be33663ac6201e8b7ace28f66,blinded-annotation-v2-shortrefs
C024,K032,judge_b,0,labeled,"All sleep occurs overnight, start ~22:45-22:58, end 07:00 consistently.",Requires daytime sleep associated with shift work.,Only overnight sleep recorded; shift work condition contradicted.,qwen3.8-max,56f411f20158f057e5a03c7b9397f32c6480180be33663ac6201e8b7ace28f66,blinded-annotation-v2-shortrefs
C024,K033,judge_b,0,labeled,Sleep start/end times recorded; no awakenings or naps in data.,Changed or variable sleep pattern needs review required.,Sleep pattern is stable; no awakenings/naps recorded; generic advice.,qwen3.8-max,56f411f20158f057e5a03c7b9397f32c6480180be33663ac6201e8b7ace28f66,blinded-annotation-v2-shortrefs
C024,K034,judge_b,0,labeled,Sleep ~470 min nightly; no shortened nights observed.,Requires several shortened nights.,No sleep loss accumulation; conditions not met.,qwen3.8-max,56f411f20158f057e5a03c7b9397f32c6480180be33663ac6201e8b7ace28f66,blinded-annotation-v2-shortrefs
C024,K035,judge_b,0,labeled,Weekend sleep mean 470.0 min vs weekday 470.6 min in window; no difference.,Requires longer sleep and later timing on days off.,No weekend sleep increase observed; conditions not met.,qwen3.8-max,56f411f20158f057e5a03c7b9397f32c6480180be33663ac6201e8b7ace28f66,blinded-annotation-v2-shortrefs
C024,K036,judge_b,0,labeled,No nap data recorded in observations.,Requires recorded naps after shortened sleep.,No nap information; conditions not met.,qwen3.8-max,56f411f20158f057e5a03c7b9397f32c6480180be33663ac6201e8b7ace28f66,blinded-annotation-v2-shortrefs
C024,K037,judge_b,0,labeled,Sleep duration stable ~470 min; no bad night or insomnia reported.,Requires recent bad night and sleeping difficulties.,No sleeping difficulties; conditions not met.,qwen3.8-max,56f411f20158f057e5a03c7b9397f32c6480180be33663ac6201e8b7ace28f66,blinded-annotation-v2-shortrefs
C024,K038,judge_b,0,labeled,No reported sleeping difficulties; only 14-day window data.,Requires symptom history and onset for insomnia categorization.,No insomnia symptoms; conditions not met.,qwen3.8-max,56f411f20158f057e5a03c7b9397f32c6480180be33663ac6201e8b7ace28f66,blinded-annotation-v2-shortrefs
C024,K039,judge_b,0,labeled,Sleep timing stable; sleep_end_minutes variance 0.0 across all periods.,Requires confirmed travel across time zones.,No travel history; sleep timing unchanged; conditions not met.,qwen3.8-max,56f411f20158f057e5a03c7b9397f32c6480180be33663ac6201e8b7ace28f66,blinded-annotation-v2-shortrefs
C024,K040,judge_b,0,labeled,No travel or trip data in observations.,Requires short trip across time zones planned.,Travel context unknown; conditions not met.,qwen3.8-max,56f411f20158f057e5a03c7b9397f32c6480180be33663ac6201e8b7ace28f66,blinded-annotation-v2-shortrefs
C024,K041,judge_b,0,labeled,Activity ~55 min/day consistently; no low or declining movement.,Requires low or declining movement.,Movement stable; generic advice not connected to observations.,qwen3.8-max,56f411f20158f057e5a03c7b9397f32c6480180be33663ac6201e8b7ace28f66,blinded-annotation-v2-shortrefs
C024,K042,judge_b,0,labeled,Activity stable ~55 min/day; no recent inactivity observed.,Requires recently low or reduced physical activity.,No inactivity; conditions not met.,qwen3.8-max,56f411f20158f057e5a03c7b9397f32c6480180be33663ac6201e8b7ace28f66,blinded-annotation-v2-shortrefs
C024,K043,judge_b,0,labeled,All activity intensity labeled 'unknown'; only steps and active minutes available.,Requires known activity intensity.,Intensity unknown; conditions not met.,qwen3.8-max,56f411f20158f057e5a03c7b9397f32c6480180be33663ac6201e8b7ace28f66,blinded-annotation-v2-shortrefs
C024,K044,judge_b,0,labeled,All activity intensity labeled 'unknown'.,Requires known vigorous intensity.,Intensity unknown; conditions not met.,qwen3.8-max,56f411f20158f057e5a03c7b9397f32c6480180be33663ac6201e8b7ace28f66,blinded-annotation-v2-shortrefs
C024,K045,judge_b,0,labeled,Activity duration stable ~55 min/day; no reduced activity observed.,Requires reduced activity or limited opportunities.,No reduced activity; generic advice not connected to observations.,qwen3.8-max,56f411f20158f057e5a03c7b9397f32c6480180be33663ac6201e8b7ace28f66,blinded-annotation-v2-shortrefs
C024,K046,judge_b,0,labeled,Only steps and activity minutes recorded; no strengthening data.,Requires strengthening activity records including days and muscle groups.,Strengthening data unavailable; conditions not met.,qwen3.8-max,56f411f20158f057e5a03c7b9397f32c6480180be33663ac6201e8b7ace28f66,blinded-annotation-v2-shortrefs
C024,K047,judge_b,0,labeled,All activity intensity labeled 'unknown' in the data.,Requires known intensity and weekly duration.,Intensity unknown; conditions not met.,qwen3.8-max,56f411f20158f057e5a03c7b9397f32c6480180be33663ac6201e8b7ace28f66,blinded-annotation-v2-shortrefs
C024,K048,judge_b,0,labeled,All activity intensity labeled 'unknown'; no fitness level data.,Requires fitness or perceived effort context.,Intensity and fitness unknown; conditions not met.,qwen3.8-max,56f411f20158f057e5a03c7b9397f32c6480180be33663ac6201e8b7ace28f66,blinded-annotation-v2-shortrefs
C024,K049,judge_b,0,labeled,All activity intensity labeled 'unknown'; no breathing/talk-test data.,Requires aerobic activity and breathing observation.,Effort unrecorded; conditions not met.,qwen3.8-max,56f411f20158f057e5a03c7b9397f32c6480180be33663ac6201e8b7ace28f66,blinded-annotation-v2-shortrefs
C024,K050,judge_b,0,labeled,Steps stable ~8000/day; activity duration stable ~55 min; no decline observed.,Steps change while other activity may differ required.,No step change observed; generic limitation note not specifically informative.,qwen3.8-max,56f411f20158f057e5a03c7b9397f32c6480180be33663ac6201e8b7ace28f66,blinded-annotation-v2-shortrefs
C024,K051,judge_b,0,labeled,"Steps baseline mean 8043, window mean 7996; activity duration stable ~55 min.",Requires low or declining routine movement.,"Activity is stable, not low or declining; advice not specifically informative.",qwen3.8-max,56f411f20158f057e5a03c7b9397f32c6480180be33663ac6201e8b7ace28f66,blinded-annotation-v2-shortrefs
C024,K052,judge_b,0,labeled,Activity duration stable ~55 min/day throughout baseline and window.,Requires activity habit low or difficult to maintain.,No evidence of activity difficulty; generic advice not connected to observations.,qwen3.8-max,56f411f20158f057e5a03c7b9397f32c6480180be33663ac6201e8b7ace28f66,blinded-annotation-v2-shortrefs
C024,K053,judge_b,0,labeled,No social preference or motivational barrier data in observations.,Requires social preferences or reported motivational barrier.,No evidence of social/motivational barrier; generic advice.,qwen3.8-max,56f411f20158f057e5a03c7b9397f32c6480180be33663ac6201e8b7ace28f66,blinded-annotation-v2-shortrefs
C024,K054,judge_b,0,labeled,Activity stable ~55 min/day; no reported time barrier.,Requires low activity with reported time barrier.,No time barrier; activity stable; conditions not met.,qwen3.8-max,56f411f20158f057e5a03c7b9397f32c6480180be33663ac6201e8b7ace28f66,blinded-annotation-v2-shortrefs
C024,K055,judge_b,0,labeled,No schedule constraint or competing demand data in observations.,Requires reported competing demands reducing activity.,Schedule reason unknown; conditions not met.,qwen3.8-max,56f411f20158f057e5a03c7b9397f32c6480180be33663ac6201e8b7ace28f66,blinded-annotation-v2-shortrefs
C024,K056,judge_b,0,labeled,No chronic condition or disability information in wearable data.,Requires relevant health condition established.,Medical context unknown; conditions not met.,qwen3.8-max,56f411f20158f057e5a03c7b9397f32c6480180be33663ac6201e8b7ace28f66,blinded-annotation-v2-shortrefs
C024,K057,judge_b,0,labeled,Low movement intervals ~44-46 min each; no posture confirmation.,Requires mobility and posture context for sitting claim.,Posture unknown; low movement is not confirmed sitting per instructions.,qwen3.8-max,56f411f20158f057e5a03c7b9397f32c6480180be33663ac6201e8b7ace28f66,blinded-annotation-v2-shortrefs
C024,K058,judge_b,0,labeled,Activity ~55 min/day with low movement ~450 min/day; no confirmed sitting.,Requires sitting posture and known activity intensity.,Sitting not confirmed; intensity unknown; conditions not met.,qwen3.8-max,56f411f20158f057e5a03c7b9397f32c6480180be33663ac6201e8b7ace28f66,blinded-annotation-v2-shortrefs
C024,K059,judge_b,0,labeled,Low movement ~450 min/day stable; no confirmed sitting posture data.,Requires confirmed sitting for sedentary-time conclusion.,Sitting not confirmed; low movement is not confirmed sitting per instructions.,qwen3.8-max,56f411f20158f057e5a03c7b9397f32c6480180be33663ac6201e8b7ace28f66,blinded-annotation-v2-shortrefs
C024,K060,judge_b,0,labeled,No commuting or transport context in wearable data.,Requires sedentary commuting established.,Commute unknown; conditions not met.,qwen3.8-max,56f411f20158f057e5a03c7b9397f32c6480180be33663ac6201e8b7ace28f66,blinded-annotation-v2-shortrefs
C024,K061,judge_b,0,labeled,No workplace or desk work context in wearable data.,Requires desk work with prolonged sitting context.,Work context unknown; conditions not met.,qwen3.8-max,56f411f20158f057e5a03c7b9397f32c6480180be33663ac6201e8b7ace28f66,blinded-annotation-v2-shortrefs
C024,K062,judge_b,0,labeled,No workplace or meeting context in wearable data.,Requires meetings or desk work involving prolonged sitting.,Workplace context unknown; conditions not met.,qwen3.8-max,56f411f20158f057e5a03c7b9397f32c6480180be33663ac6201e8b7ace28f66,blinded-annotation-v2-shortrefs
C024,K063,judge_b,0,labeled,No television viewing or screen habit data in observations.,Requires television-viewing context.,Screen habits unknown; conditions not met.,qwen3.8-max,56f411f20158f057e5a03c7b9397f32c6480180be33663ac6201e8b7ace28f66,blinded-annotation-v2-shortrefs
C024,K064,judge_b,0,labeled,No leisure context or seated habits data available.,Requires substantial habitual seated leisure context.,Leisure context unknown; conditions not met.,qwen3.8-max,56f411f20158f057e5a03c7b9397f32c6480180be33663ac6201e8b7ace28f66,blinded-annotation-v2-shortrefs
C024,K065,judge_b,0,labeled,"Activity duration ~55 min/day, steps ~8000/day recorded consistently.",Defines physical activity broadly.,Generic definition with no concrete connection to observed patterns.,qwen3.8-max,56f411f20158f057e5a03c7b9397f32c6480180be33663ac6201e8b7ace28f66,blinded-annotation-v2-shortrefs
C024,K066,judge_b,0,labeled,Low movement ~450 min/day recorded; no lunch-break context available.,Requires workday lunch-break access and mobility context.,Workday context unknown; conditions not met.,qwen3.8-max,56f411f20158f057e5a03c7b9397f32c6480180be33663ac6201e8b7ace28f66,blinded-annotation-v2-shortrefs
C024,K067,judge_b,0,labeled,No stair access or mobility context in wearable data.,Requires stair access and safe mobility context.,Context unknown; conditions not met.,qwen3.8-max,56f411f20158f057e5a03c7b9397f32c6480180be33663ac6201e8b7ace28f66,blinded-annotation-v2-shortrefs
C024,K068,judge_b,1,labeled,Low movement ~440-462 min/day recorded without posture measurement.,Low-movement intervals available without posture measurement required.,Supported contextual connection: device records low movement but cannot confirm sitting posture.,qwen3.8-max,56f411f20158f057e5a03c7b9397f32c6480180be33663ac6201e8b7ace28f66,blinded-annotation-v2-shortrefs
C024,K069,judge_b,0,labeled,"Activity ~55 min/day, sleep ~470 min/night both stable across periods.",General benefit statement about activity and sleep.,Generic background; temporal co-occurrence does not imply causation per instructions.,qwen3.8-max,56f411f20158f057e5a03c7b9397f32c6480180be33663ac6201e8b7ace28f66,blinded-annotation-v2-shortrefs
C024,K070,judge_b,0,labeled,Activity stable ~55 min/day; no outdoor exposure data.,Requires outdoor access and mobility for specific plan.,Generic advice; outdoor exposure unknown; not specifically informative.,qwen3.8-max,56f411f20158f057e5a03c7b9397f32c6480180be33663ac6201e8b7ace28f66,blinded-annotation-v2-shortrefs
C024,K071,judge_b,1,labeled,Activity intervals daily ~21:00-22:00; sleep starts ~22:45-22:58 (within 1-2 hours).,Activity occurs close to bedtime required; intensity must be known.,"Supported contextual connection: late activity timing matches, but intensity unknown limits direct application.",qwen3.8-max,56f411f20158f057e5a03c7b9397f32c6480180be33663ac6201e8b7ace28f66,blinded-annotation-v2-shortrefs
C024,K072,judge_b,0,labeled,"Activity ~21:00-22:00, sleep start ~22:45-22:58; no insomnia symptoms reported.",Requires exercise near bedtime with reported insomnia symptoms.,No insomnia reported; conditions not met.,qwen3.8-max,56f411f20158f057e5a03c7b9397f32c6480180be33663ac6201e8b7ace28f66,blinded-annotation-v2-shortrefs
C024,K073,judge_b,1,labeled,Activity intervals recorded daily ~21:00-22:00; sleep starts ~22:45-22:58.,Activity intervals needed for timing comparisons required.,Supported contextual connection: late activity timing available for comparison with subsequent sleep.,qwen3.8-max,56f411f20158f057e5a03c7b9397f32c6480180be33663ac6201e8b7ace28f66,blinded-annotation-v2-shortrefs
C024,K074,judge_b,0,labeled,No emergency responder deployment context in data.,Requires confirmed emergency-response deployment context.,Deployment context unknown; conditions not met.,qwen3.8-max,56f411f20158f057e5a03c7b9397f32c6480180be33663ac6201e8b7ace28f66,blinded-annotation-v2-shortrefs
C024,K075,judge_b,0,labeled,No subjective tiredness or energy reports in wearable data.,Requires reported tiredness limiting activity.,Tiredness unknown; conditions not met.,qwen3.8-max,56f411f20158f057e5a03c7b9397f32c6480180be33663ac6201e8b7ace28f66,blinded-annotation-v2-shortrefs
C024,K076,judge_b,0,labeled,"No substance, medication, alcohol, or caffeine data recorded.",Requires substance and medication history for causal interpretation.,Substance data unknown; conditions not met.,qwen3.8-max,56f411f20158f057e5a03c7b9397f32c6480180be33663ac6201e8b7ace28f66,blinded-annotation-v2-shortrefs
C024,K077,judge_b,0,labeled,Daily RHR values 55-67 bpm recorded; no exercise HR substitution observed.,Resting heart rate observations available required.,Generic definition; no confusion between measures observed in data.,qwen3.8-max,56f411f20158f057e5a03c7b9397f32c6480180be33663ac6201e8b7ace28f66,blinded-annotation-v2-shortrefs
C024,K078,judge_b,0,labeled,Only daily resting heart rate recorded; no sleeping heart rate in data.,Daily resting heart-rate trend being interpreted required.,Generic distinction; only one measure present so no mixing risk observed.,qwen3.8-max,56f411f20158f057e5a03c7b9397f32c6480180be33663ac6201e8b7ace28f66,blinded-annotation-v2-shortrefs
C024,K079,judge_b,2,labeled,"RHR rose from baseline 55-57 bpm to 65-67 bpm Apr 3-6, then returned to 55-57 bpm.",Resting heart rate changes relative to previous readings required.,Core directly explains observed RHR elevation pattern with multiple possible influencing factors.,qwen3.8-max,56f411f20158f057e5a03c7b9397f32c6480180be33663ac6201e8b7ace28f66,blinded-annotation-v2-shortrefs
C024,K080,judge_b,0,labeled,HRV RMSSD and RHR both recorded; no confusion between them observed.,HRV and heart-rate estimates interpreted together required.,Generic definition; no conflation observed in data analysis.,qwen3.8-max,56f411f20158f057e5a03c7b9397f32c6480180be33663ac6201e8b7ace28f66,blinded-annotation-v2-shortrefs
C024,K081,judge_b,1,labeled,"HRV RMSSD baseline mean 45.0 ms, dropped to 23-26 ms Apr 7-10, recovered to 45 ms.",Personal history and consistent measurement context required.,Supported contextual connection: HRV varies individually; absolute drop needs personal baseline context.,qwen3.8-max,56f411f20158f057e5a03c7b9397f32c6480180be33663ac6201e8b7ace28f66,blinded-annotation-v2-shortrefs
C024,K082,judge_b,1,labeled,28-day baseline provides personal range; RHR and HRV changed in 14-day window.,Sufficient same-metric personal history required.,Supported contextual connection: baseline provides personal range context for observed vital changes.,qwen3.8-max,56f411f20158f057e5a03c7b9397f32c6480180be33663ac6201e8b7ace28f66,blinded-annotation-v2-shortrefs
C024,K083,judge_b,1,labeled,"RHR baseline mean 56.0 bpm, window mean 58.7 bpm with spikes to 65-67 bpm Apr 3-6.",Repeated resting heart-rate readings or a recent change required.,Supported contextual connection: multi-day RHR trend available showing recent elevation.,qwen3.8-max,56f411f20158f057e5a03c7b9397f32c6480180be33663ac6201e8b7ace28f66,blinded-annotation-v2-shortrefs
C024,K084,judge_b,1,labeled,HRV RMSSD dropped from baseline mean 45.0 ms to 23-26 ms Apr 7-10.,HRV trend available for wellness monitoring required.,Supported contextual connection: HRV trend observed; item clarifies it is wellness data not diagnosis.,qwen3.8-max,56f411f20158f057e5a03c7b9397f32c6480180be33663ac6201e8b7ace28f66,blinded-annotation-v2-shortrefs
C024,K085,judge_b,1,labeled,"HRV recorded as hrv_rmssd_ms; baseline mean 45.0 ms, window includes 23-26 ms values.",Metric formula is established required.,Supported contextual connection: confirms HRV metric definition matches observed RMSSD data.,qwen3.8-max,56f411f20158f057e5a03c7b9397f32c6480180be33663ac6201e8b7ace28f66,blinded-annotation-v2-shortrefs
C024,K086,judge_b,1,labeled,HRV RMSSD recorded nightly; sleep duration 462-478 min (>3 hours threshold).,Compatible Fitbit collection definition and sleep coverage required.,Supported contextual connection: explains HRV collection requirements matching observed sleep coverage.,qwen3.8-max,56f411f20158f057e5a03c7b9397f32c6480180be33663ac6201e8b7ace28f66,blinded-annotation-v2-shortrefs
C024,K087,judge_b,0,labeled,Only sleep duration and timing recorded; no sleep-stage data present.,Requires sleep-stage measurements.,Sleep stages not available; conditions contradicted.,qwen3.8-max,56f411f20158f057e5a03c7b9397f32c6480180be33663ac6201e8b7ace28f66,blinded-annotation-v2-shortrefs
C024,K088,judge_b,0,labeled,Wearable data shows RHR and HRV changes in window period.,"Requires reported health concerns or symptoms, which are absent.",No reported health concerns; generic advisory not specifically informative about observations.,qwen3.8-max,56f411f20158f057e5a03c7b9397f32c6480180be33663ac6201e8b7ace28f66,blinded-annotation-v2-shortrefs
C024,K089,judge_b,0,labeled,RHR and HRV recorded consistently; no wear quality change noted.,Requires device placement and contact information suggesting fit issues.,No evidence of fit problems; conditions not met.,qwen3.8-max,56f411f20158f057e5a03c7b9397f32c6480180be33663ac6201e8b7ace28f66,blinded-annotation-v2-shortrefs
C024,K090,judge_b,0,labeled,Nighttime coverage 482-498 min (>180 min threshold) every night; no missing vitals.,Requires overnight vitals missing or uncertain coverage.,Coverage adequate; no missing vitals; conditions not met.,qwen3.8-max,56f411f20158f057e5a03c7b9397f32c6480180be33663ac6201e8b7ace28f66,blinded-annotation-v2-shortrefs
C024,K091,judge_b,0,labeled,All vitals present every night; sleep >3 hours consistently.,Requires a vital missing with limited night-time data.,No missing vitals; conditions not met.,qwen3.8-max,56f411f20158f057e5a03c7b9397f32c6480180be33663ac6201e8b7ace28f66,blinded-annotation-v2-shortrefs
C024,K092,judge_b,0,labeled,All vitals present every day; no missing data in either period.,Requires vitals missing or delayed.,No missing vitals; conditions not met.,qwen3.8-max,56f411f20158f057e5a03c7b9397f32c6480180be33663ac6201e8b7ace28f66,blinded-annotation-v2-shortrefs
C024,K093,judge_b,0,labeled,Single synthetic device used throughout; no device switch noted.,Requires device and algorithm change history.,Same device throughout; conditions not met.,qwen3.8-max,56f411f20158f057e5a03c7b9397f32c6480180be33663ac6201e8b7ace28f66,blinded-annotation-v2-shortrefs
C024,K094,judge_b,0,labeled,Sleep duration estimated from device; no separate bedtime-to-wake vs asleep comparison needed.,Device-estimated sleep duration available required.,Generic device explanation; no discrepancy observed in data.,qwen3.8-max,56f411f20158f057e5a03c7b9397f32c6480180be33663ac6201e8b7ace28f66,blinded-annotation-v2-shortrefs
C024,K095,judge_b,0,labeled,Nighttime coverage present every night (482-498 min); no missing sleep records.,Requires sleep readings absent with non-wear.,No missing sleep data; conditions not met.,qwen3.8-max,56f411f20158f057e5a03c7b9397f32c6480180be33663ac6201e8b7ace28f66,blinded-annotation-v2-shortrefs
C024,K096,judge_b,0,labeled,Steps stable ~8000/day; no wear context change or arm motion issue noted.,Requires wear context change affecting step accuracy.,No step measurement issue observed; generic device info.,qwen3.8-max,56f411f20158f057e5a03c7b9397f32c6480180be33663ac6201e8b7ace28f66,blinded-annotation-v2-shortrefs
