retriever,baseline_a,baseline_b,case_id,metric,value_a,value_b,difference_b_minus_a
bm25,B1,B2,C001,recall_at_5,0.014492753623188406,0.13043478260869565,0.11594202898550725
bm25,B1,B2,C002,recall_at_5,0.14492753623188406,0.11594202898550725,-0.028985507246376815
bm25,B1,B2,C003,recall_at_5,0.07017543859649122,0.07017543859649122,0.0
bm25,B1,B2,C004,recall_at_5,0.05555555555555555,0.2222222222222222,0.16666666666666666
bm25,B1,B2,C005,recall_at_5,0.06944444444444445,0.08333333333333333,0.013888888888888881
bm25,B1,B2,C006,recall_at_5,0.05555555555555555,0.125,0.06944444444444445
bm25,B1,B2,C007,recall_at_5,0.0392156862745098,0.1568627450980392,0.11764705882352941
bm25,B1,B2,C008,recall_at_5,0.10144927536231883,0.15942028985507245,0.05797101449275362
bm25,B1,B2,C009,recall_at_5,0.18055555555555555,0.1527777777777778,-0.027777777777777762
bm25,B1,B2,C010,recall_at_5,0.15151515151515152,0.1212121212121212,-0.030303030303030318
bm25,B1,B2,C011,recall_at_5,0.09090909090909091,0.10606060606060606,0.015151515151515152
bm25,B1,B2,C012,recall_at_5,0.10752688172043011,0.04301075268817204,-0.06451612903225806
bm25,B1,B2,C013,recall_at_5,0.14285714285714285,0.19047619047619047,0.047619047619047616
bm25,B1,B2,C014,recall_at_5,0.11538461538461539,0.11538461538461539,0.0
bm25,B1,B2,C015,recall_at_5,0.11428571428571428,0.09523809523809523,-0.01904761904761905
bm25,B1,B2,C016,recall_at_5,0.06944444444444445,0.1111111111111111,0.04166666666666666
bm25,B1,B2,C017,recall_at_5,0.045454545454545456,0.12121212121212122,0.07575757575757576
bm25,B1,B2,C018,recall_at_5,0.1111111111111111,0.1111111111111111,0.0
bm25,B1,B2,C019,recall_at_5,0.05555555555555555,0.125,0.06944444444444445
bm25,B1,B2,C020,recall_at_5,0.10256410256410257,0.10256410256410257,0.0
bm25,B1,B2,C021,recall_at_5,0.031746031746031744,0.1111111111111111,0.07936507936507936
bm25,B1,B2,C022,recall_at_5,0.08888888888888889,0.1,0.011111111111111113
bm25,B1,B2,C023,recall_at_5,0.05555555555555556,0.12222222222222222,0.06666666666666665
bm25,B1,B2,C024,recall_at_5,0.07142857142857142,0.11904761904761904,0.047619047619047616
bm25,B1,B2,C001,recall_at_10,0.10144927536231883,0.2608695652173913,0.15942028985507245
bm25,B1,B2,C002,recall_at_10,0.2028985507246377,0.2318840579710145,0.0289855072463768
bm25,B1,B2,C003,recall_at_10,0.17543859649122806,0.19298245614035087,0.017543859649122806
bm25,B1,B2,C004,recall_at_10,0.11111111111111112,0.3333333333333333,0.2222222222222222
bm25,B1,B2,C005,recall_at_10,0.1388888888888889,0.20833333333333334,0.06944444444444445
bm25,B1,B2,C006,recall_at_10,0.125,0.20833333333333334,0.08333333333333334
bm25,B1,B2,C007,recall_at_10,0.11764705882352941,0.21568627450980393,0.09803921568627452
bm25,B1,B2,C008,recall_at_10,0.21739130434782608,0.2463768115942029,0.02898550724637683
bm25,B1,B2,C009,recall_at_10,0.2361111111111111,0.2361111111111111,0.0
bm25,B1,B2,C010,recall_at_10,0.2727272727272727,0.21212121212121213,-0.06060606060606058
bm25,B1,B2,C011,recall_at_10,0.13636363636363635,0.16666666666666666,0.030303030303030304
bm25,B1,B2,C012,recall_at_10,0.17204301075268816,0.12903225806451613,-0.04301075268817203
bm25,B1,B2,C013,recall_at_10,0.23809523809523808,0.31746031746031744,0.07936507936507936
bm25,B1,B2,C014,recall_at_10,0.20512820512820515,0.16666666666666669,-0.038461538461538464
bm25,B1,B2,C015,recall_at_10,0.1619047619047619,0.1619047619047619,0.0
bm25,B1,B2,C016,recall_at_10,0.1111111111111111,0.16666666666666666,0.05555555555555555
bm25,B1,B2,C017,recall_at_10,0.09090909090909091,0.2424242424242424,0.1515151515151515
bm25,B1,B2,C018,recall_at_10,0.19047619047619047,0.19047619047619047,0.0
bm25,B1,B2,C019,recall_at_10,0.1527777777777778,0.25,0.09722222222222221
bm25,B1,B2,C020,recall_at_10,0.19230769230769232,0.16666666666666669,-0.025641025641025633
bm25,B1,B2,C021,recall_at_10,0.06349206349206349,0.19047619047619047,0.12698412698412698
bm25,B1,B2,C022,recall_at_10,0.15555555555555556,0.15555555555555556,0.0
bm25,B1,B2,C023,recall_at_10,0.13333333333333333,0.19999999999999998,0.06666666666666665
bm25,B1,B2,C024,recall_at_10,0.10714285714285714,0.16666666666666666,0.05952380952380952
bm25,B1,B2,C001,recall_at_20,0.2318840579710145,0.3333333333333333,0.10144927536231882
bm25,B1,B2,C002,recall_at_20,0.3333333333333333,0.34782608695652173,0.014492753623188415
bm25,B1,B2,C003,recall_at_20,0.3333333333333333,0.3508771929824561,0.017543859649122806
bm25,B1,B2,C004,recall_at_20,0.25925925925925924,0.4814814814814815,0.22222222222222227
bm25,B1,B2,C005,recall_at_20,0.23611111111111113,0.3611111111111111,0.12499999999999997
bm25,B1,B2,C006,recall_at_20,0.22222222222222224,0.3194444444444444,0.09722222222222218
bm25,B1,B2,C007,recall_at_20,0.2549019607843137,0.39215686274509803,0.13725490196078433
bm25,B1,B2,C008,recall_at_20,0.4057971014492754,0.4057971014492754,0.0
bm25,B1,B2,C009,recall_at_20,0.3611111111111111,0.4027777777777778,0.041666666666666685
bm25,B1,B2,C010,recall_at_20,0.3484848484848485,0.36363636363636365,0.015151515151515138
bm25,B1,B2,C011,recall_at_20,0.30303030303030304,0.36363636363636365,0.06060606060606061
bm25,B1,B2,C012,recall_at_20,0.3010752688172043,0.2903225806451613,-0.010752688172043001
bm25,B1,B2,C013,recall_at_20,0.31746031746031744,0.4603174603174603,0.14285714285714285
bm25,B1,B2,C014,recall_at_20,0.358974358974359,0.34615384615384615,-0.01282051282051283
bm25,B1,B2,C015,recall_at_20,0.3142857142857143,0.34285714285714286,0.02857142857142858
bm25,B1,B2,C016,recall_at_20,0.19444444444444445,0.3194444444444444,0.12499999999999997
bm25,B1,B2,C017,recall_at_20,0.24242424242424243,0.3939393939393939,0.1515151515151515
bm25,B1,B2,C018,recall_at_20,0.2698412698412698,0.3492063492063492,0.07936507936507936
bm25,B1,B2,C019,recall_at_20,0.3055555555555556,0.3888888888888889,0.08333333333333331
bm25,B1,B2,C020,recall_at_20,0.3076923076923077,0.32051282051282054,0.01282051282051283
bm25,B1,B2,C021,recall_at_20,0.12698412698412698,0.38095238095238093,0.25396825396825395
bm25,B1,B2,C022,recall_at_20,0.28888888888888886,0.28888888888888886,0.0
bm25,B1,B2,C023,recall_at_20,0.2777777777777778,0.35555555555555557,0.07777777777777778
bm25,B1,B2,C024,recall_at_20,0.21428571428571427,0.2619047619047619,0.047619047619047644
bm25,B1,B2,C001,strong_recall_at_10,0.3333333333333333,0.25,-0.08333333333333331
bm25,B1,B2,C002,strong_recall_at_10,0.5555555555555556,0.6666666666666666,0.11111111111111105
bm25,B1,B2,C003,strong_recall_at_10,0.3333333333333333,0.4444444444444444,0.1111111111111111
bm25,B1,B2,C004,strong_recall_at_10,0.23809523809523808,0.5714285714285714,0.3333333333333333
bm25,B1,B2,C005,strong_recall_at_10,0.4166666666666667,0.4166666666666667,0.0
bm25,B1,B2,C006,strong_recall_at_10,0.14814814814814814,0.3333333333333333,0.18518518518518517
bm25,B1,B2,C007,strong_recall_at_10,0.3333333333333333,0.3333333333333333,0.0
bm25,B1,B2,C008,strong_recall_at_10,0.25,0.16666666666666666,-0.08333333333333334
bm25,B1,B2,C009,strong_recall_at_10,0.2222222222222222,0.3333333333333333,0.1111111111111111
bm25,B1,B2,C010,strong_recall_at_10,0.5555555555555556,0.3888888888888889,-0.16666666666666669
bm25,B1,B2,C011,strong_recall_at_10,0.13333333333333333,0.4,0.2666666666666667
bm25,B1,B2,C012,strong_recall_at_10,0.16666666666666666,0.16666666666666666,0.0
bm25,B1,B2,C013,strong_recall_at_10,0.2777777777777778,0.2777777777777778,0.0
bm25,B1,B2,C014,strong_recall_at_10,0.16666666666666666,0.0,-0.16666666666666666
bm25,B1,B2,C015,strong_recall_at_10,0.3888888888888889,0.3888888888888889,0.0
bm25,B1,B2,C016,strong_recall_at_10,0.14285714285714285,0.2857142857142857,0.14285714285714285
bm25,B1,B2,C017,strong_recall_at_10,0.06666666666666667,0.4,0.33333333333333337
bm25,B1,B2,C018,strong_recall_at_10,0.4444444444444444,0.1111111111111111,-0.3333333333333333
bm25,B1,B2,C019,strong_recall_at_10,0.3333333333333333,0.4444444444444444,0.1111111111111111
bm25,B1,B2,C020,strong_recall_at_10,0.06060606060606061,0.21212121212121213,0.15151515151515152
bm25,B1,B2,C021,strong_recall_at_10,0.047619047619047616,0.38095238095238093,0.3333333333333333
bm25,B1,B2,C022,strong_recall_at_10,0.19047619047619047,0.2857142857142857,0.09523809523809523
bm25,B1,B2,C023,strong_recall_at_10,0.4166666666666667,0.4166666666666667,0.0
bm25,B1,B2,C024,strong_recall_at_10,0.125,0.20833333333333334,0.08333333333333334
bm25,B1,B2,C001,ndcg_at_10,0.16524332284774235,0.46931113100069044,0.3040678081529481
bm25,B1,B2,C002,ndcg_at_10,0.5091302193123457,0.470508999333109,-0.038621219979236676
bm25,B1,B2,C003,ndcg_at_10,0.21942534228814178,0.27089963663607136,0.05147429434792958
bm25,B1,B2,C004,ndcg_at_10,0.22495494876203123,0.6695953805242868,0.44464043176225554
bm25,B1,B2,C005,ndcg_at_10,0.3665922983003212,0.3552214967477717,-0.011370801552549492
bm25,B1,B2,C006,ndcg_at_10,0.2071615499783608,0.3952570311973864,0.1880954812190256
bm25,B1,B2,C007,ndcg_at_10,0.2376914027162228,0.3674376562849287,0.1297462535687059
bm25,B1,B2,C008,ndcg_at_10,0.33158334009593876,0.34855137853805784,0.016968038442119082
bm25,B1,B2,C009,ndcg_at_10,0.3700542078905835,0.4370848442139817,0.06703063632339817
bm25,B1,B2,C010,ndcg_at_10,0.6102429645746282,0.4393448916044144,-0.1708980729702138
bm25,B1,B2,C011,ndcg_at_10,0.22036791121334762,0.4325847530364853,0.2122168418231377
bm25,B1,B2,C012,ndcg_at_10,0.36220060925745307,0.2227477848236497,-0.13945282443380336
bm25,B1,B2,C013,ndcg_at_10,0.3665858699536161,0.5123692373170743,0.1457833673634582
bm25,B1,B2,C014,ndcg_at_10,0.37979309683938617,0.28385066349766913,-0.09594243334171704
bm25,B1,B2,C015,ndcg_at_10,0.4655263476844903,0.47289550517722195,0.007369157492731648
bm25,B1,B2,C016,ndcg_at_10,0.19247049830015955,0.31395471851173046,0.1214842202115709
bm25,B1,B2,C017,ndcg_at_10,0.10419493051134787,0.46830103823964864,0.36410610772830077
bm25,B1,B2,C018,ndcg_at_10,0.44306496433275117,0.2538311508181858,-0.18923381351456536
bm25,B1,B2,C019,ndcg_at_10,0.2655120779576341,0.49593439736827327,0.23042231941063918
bm25,B1,B2,C020,ndcg_at_10,0.19762257215586954,0.3125107837438762,0.11488821158800666
bm25,B1,B2,C021,ndcg_at_10,0.09947220264551516,0.48147942219616846,0.3820072195506533
bm25,B1,B2,C022,ndcg_at_10,0.28978325438717006,0.35843373112536303,0.06865047673819297
bm25,B1,B2,C023,ndcg_at_10,0.3105519708283075,0.5055811561068422,0.1950291852785347
bm25,B1,B2,C024,ndcg_at_10,0.22157636233073283,0.3358454230807631,0.11426906075003027
bm25,B1,B2,C001,irrelevant_fraction_at_10,0.7666666666666666,0.4,-0.3666666666666666
bm25,B1,B2,C002,irrelevant_fraction_at_10,0.5333333333333333,0.4666666666666667,-0.06666666666666665
bm25,B1,B2,C003,irrelevant_fraction_at_10,0.6666666666666667,0.6333333333333333,-0.03333333333333344
bm25,B1,B2,C004,irrelevant_fraction_at_10,0.8,0.4,-0.4
bm25,B1,B2,C005,irrelevant_fraction_at_10,0.6666666666666666,0.5,-0.16666666666666663
bm25,B1,B2,C006,irrelevant_fraction_at_10,0.7,0.5,-0.19999999999999996
bm25,B1,B2,C007,irrelevant_fraction_at_10,0.8,0.6333333333333333,-0.16666666666666674
bm25,B1,B2,C008,irrelevant_fraction_at_10,0.5,0.43333333333333335,-0.06666666666666665
bm25,B1,B2,C009,irrelevant_fraction_at_10,0.43333333333333335,0.43333333333333335,0.0
bm25,B1,B2,C010,irrelevant_fraction_at_10,0.4,0.5333333333333333,0.1333333333333333
bm25,B1,B2,C011,irrelevant_fraction_at_10,0.7,0.6333333333333333,-0.06666666666666665
bm25,B1,B2,C012,irrelevant_fraction_at_10,0.4666666666666667,0.6,0.1333333333333333
bm25,B1,B2,C013,irrelevant_fraction_at_10,0.5,0.3333333333333333,-0.16666666666666669
bm25,B1,B2,C014,irrelevant_fraction_at_10,0.4666666666666667,0.5666666666666667,0.09999999999999998
bm25,B1,B2,C015,irrelevant_fraction_at_10,0.43333333333333335,0.43333333333333335,0.0
bm25,B1,B2,C016,irrelevant_fraction_at_10,0.7333333333333333,0.6,-0.1333333333333333
bm25,B1,B2,C017,irrelevant_fraction_at_10,0.8,0.4666666666666667,-0.33333333333333337
bm25,B1,B2,C018,irrelevant_fraction_at_10,0.6,0.6,0.0
bm25,B1,B2,C019,irrelevant_fraction_at_10,0.6333333333333333,0.4,-0.23333333333333328
bm25,B1,B2,C020,irrelevant_fraction_at_10,0.5,0.5666666666666667,0.06666666666666665
bm25,B1,B2,C021,irrelevant_fraction_at_10,0.8666666666666667,0.6,-0.2666666666666667
bm25,B1,B2,C022,irrelevant_fraction_at_10,0.5333333333333333,0.5333333333333333,0.0
bm25,B1,B2,C023,irrelevant_fraction_at_10,0.6,0.4,-0.19999999999999996
bm25,B1,B2,C024,irrelevant_fraction_at_10,0.7,0.5333333333333333,-0.16666666666666663
bm25,B1,B3,C001,recall_at_5,0.014492753623188406,0.11594202898550725,0.10144927536231885
bm25,B1,B3,C002,recall_at_5,0.14492753623188406,0.10144927536231883,-0.04347826086956523
bm25,B1,B3,C003,recall_at_5,0.07017543859649122,0.08771929824561403,0.017543859649122806
bm25,B1,B3,C004,recall_at_5,0.05555555555555555,0.1111111111111111,0.05555555555555555
bm25,B1,B3,C005,recall_at_5,0.06944444444444445,0.041666666666666664,-0.027777777777777783
bm25,B1,B3,C006,recall_at_5,0.05555555555555555,0.125,0.06944444444444445
bm25,B1,B3,C007,recall_at_5,0.0392156862745098,0.0392156862745098,0.0
bm25,B1,B3,C008,recall_at_5,0.10144927536231883,0.07246376811594203,-0.0289855072463768
bm25,B1,B3,C009,recall_at_5,0.18055555555555555,0.20833333333333334,0.02777777777777779
bm25,B1,B3,C010,recall_at_5,0.15151515151515152,0.13636363636363635,-0.015151515151515166
bm25,B1,B3,C011,recall_at_5,0.09090909090909091,0.045454545454545456,-0.045454545454545456
bm25,B1,B3,C012,recall_at_5,0.10752688172043011,0.07526881720430108,-0.03225806451612903
bm25,B1,B3,C013,recall_at_5,0.14285714285714285,0.09523809523809523,-0.047619047619047616
bm25,B1,B3,C014,recall_at_5,0.11538461538461539,0.10256410256410257,-0.012820512820512817
bm25,B1,B3,C015,recall_at_5,0.11428571428571428,0.06666666666666667,-0.047619047619047616
bm25,B1,B3,C016,recall_at_5,0.06944444444444445,0.09722222222222222,0.027777777777777776
bm25,B1,B3,C017,recall_at_5,0.045454545454545456,0.09090909090909091,0.045454545454545456
bm25,B1,B3,C018,recall_at_5,0.1111111111111111,0.06349206349206349,-0.047619047619047616
bm25,B1,B3,C019,recall_at_5,0.05555555555555555,0.05555555555555555,0.0
bm25,B1,B3,C020,recall_at_5,0.10256410256410257,0.06410256410256411,-0.038461538461538464
bm25,B1,B3,C021,recall_at_5,0.031746031746031744,0.07936507936507936,0.047619047619047616
bm25,B1,B3,C022,recall_at_5,0.08888888888888889,0.13333333333333333,0.04444444444444444
bm25,B1,B3,C023,recall_at_5,0.05555555555555556,0.03333333333333333,-0.022222222222222227
bm25,B1,B3,C024,recall_at_5,0.07142857142857142,0.16666666666666666,0.09523809523809523
bm25,B1,B3,C001,recall_at_10,0.10144927536231883,0.2318840579710145,0.13043478260869568
bm25,B1,B3,C002,recall_at_10,0.2028985507246377,0.18840579710144928,-0.014492753623188415
bm25,B1,B3,C003,recall_at_10,0.17543859649122806,0.14035087719298245,-0.03508771929824561
bm25,B1,B3,C004,recall_at_10,0.11111111111111112,0.2777777777777778,0.16666666666666669
bm25,B1,B3,C005,recall_at_10,0.1388888888888889,0.1388888888888889,0.0
bm25,B1,B3,C006,recall_at_10,0.125,0.2361111111111111,0.1111111111111111
bm25,B1,B3,C007,recall_at_10,0.11764705882352941,0.13725490196078433,0.019607843137254916
bm25,B1,B3,C008,recall_at_10,0.21739130434782608,0.14492753623188406,-0.07246376811594202
bm25,B1,B3,C009,recall_at_10,0.2361111111111111,0.3194444444444445,0.08333333333333337
bm25,B1,B3,C010,recall_at_10,0.2727272727272727,0.15151515151515152,-0.12121212121212119
bm25,B1,B3,C011,recall_at_10,0.13636363636363635,0.1818181818181818,0.04545454545454544
bm25,B1,B3,C012,recall_at_10,0.17204301075268816,0.15053763440860216,-0.021505376344086002
bm25,B1,B3,C013,recall_at_10,0.23809523809523808,0.1746031746031746,-0.06349206349206349
bm25,B1,B3,C014,recall_at_10,0.20512820512820515,0.19230769230769232,-0.01282051282051283
bm25,B1,B3,C015,recall_at_10,0.1619047619047619,0.11428571428571428,-0.04761904761904763
bm25,B1,B3,C016,recall_at_10,0.1111111111111111,0.15277777777777776,0.04166666666666666
bm25,B1,B3,C017,recall_at_10,0.09090909090909091,0.22727272727272727,0.13636363636363635
bm25,B1,B3,C018,recall_at_10,0.19047619047619047,0.12698412698412698,-0.06349206349206349
bm25,B1,B3,C019,recall_at_10,0.1527777777777778,0.1388888888888889,-0.013888888888888895
bm25,B1,B3,C020,recall_at_10,0.19230769230769232,0.16666666666666669,-0.025641025641025633
bm25,B1,B3,C021,recall_at_10,0.06349206349206349,0.15873015873015872,0.09523809523809523
bm25,B1,B3,C022,recall_at_10,0.15555555555555556,0.2777777777777778,0.12222222222222223
bm25,B1,B3,C023,recall_at_10,0.13333333333333333,0.12222222222222222,-0.011111111111111113
bm25,B1,B3,C024,recall_at_10,0.10714285714285714,0.2738095238095238,0.16666666666666663
bm25,B1,B3,C001,recall_at_20,0.2318840579710145,0.4057971014492754,0.1739130434782609
bm25,B1,B3,C002,recall_at_20,0.3333333333333333,0.37681159420289856,0.043478260869565244
bm25,B1,B3,C003,recall_at_20,0.3333333333333333,0.3508771929824561,0.017543859649122806
bm25,B1,B3,C004,recall_at_20,0.25925925925925924,0.46296296296296297,0.20370370370370372
bm25,B1,B3,C005,recall_at_20,0.23611111111111113,0.3194444444444444,0.08333333333333329
bm25,B1,B3,C006,recall_at_20,0.22222222222222224,0.4027777777777778,0.18055555555555555
bm25,B1,B3,C007,recall_at_20,0.2549019607843137,0.35294117647058826,0.09803921568627455
bm25,B1,B3,C008,recall_at_20,0.4057971014492754,0.3188405797101449,-0.08695652173913049
bm25,B1,B3,C009,recall_at_20,0.3611111111111111,0.5277777777777778,0.16666666666666669
bm25,B1,B3,C010,recall_at_20,0.3484848484848485,0.3181818181818182,-0.03030303030303033
bm25,B1,B3,C011,recall_at_20,0.30303030303030304,0.34848484848484845,0.045454545454545414
bm25,B1,B3,C012,recall_at_20,0.3010752688172043,0.3118279569892473,0.010752688172043001
bm25,B1,B3,C013,recall_at_20,0.31746031746031744,0.36507936507936506,0.047619047619047616
bm25,B1,B3,C014,recall_at_20,0.358974358974359,0.358974358974359,0.0
bm25,B1,B3,C015,recall_at_20,0.3142857142857143,0.29523809523809524,-0.019047619047619035
bm25,B1,B3,C016,recall_at_20,0.19444444444444445,0.2916666666666667,0.09722222222222224
bm25,B1,B3,C017,recall_at_20,0.24242424242424243,0.3787878787878788,0.13636363636363635
bm25,B1,B3,C018,recall_at_20,0.2698412698412698,0.2857142857142857,0.015873015873015872
bm25,B1,B3,C019,recall_at_20,0.3055555555555556,0.3333333333333333,0.027777777777777735
bm25,B1,B3,C020,recall_at_20,0.3076923076923077,0.3333333333333333,0.025641025641025605
bm25,B1,B3,C021,recall_at_20,0.12698412698412698,0.2857142857142857,0.15873015873015872
bm25,B1,B3,C022,recall_at_20,0.28888888888888886,0.4,0.11111111111111116
bm25,B1,B3,C023,recall_at_20,0.2777777777777778,0.26666666666666666,-0.011111111111111127
bm25,B1,B3,C024,recall_at_20,0.21428571428571427,0.42857142857142855,0.21428571428571427
bm25,B1,B3,C001,strong_recall_at_10,0.3333333333333333,0.25,-0.08333333333333331
bm25,B1,B3,C002,strong_recall_at_10,0.5555555555555556,0.5555555555555556,0.0
bm25,B1,B3,C003,strong_recall_at_10,0.3333333333333333,0.1111111111111111,-0.2222222222222222
bm25,B1,B3,C004,strong_recall_at_10,0.23809523809523808,0.5238095238095237,0.28571428571428564
bm25,B1,B3,C005,strong_recall_at_10,0.4166666666666667,0.4166666666666667,0.0
bm25,B1,B3,C006,strong_recall_at_10,0.14814814814814814,0.37037037037037035,0.2222222222222222
bm25,B1,B3,C007,strong_recall_at_10,0.3333333333333333,0.3333333333333333,0.0
bm25,B1,B3,C008,strong_recall_at_10,0.25,0.16666666666666666,-0.08333333333333334
bm25,B1,B3,C009,strong_recall_at_10,0.2222222222222222,0.5,0.2777777777777778
bm25,B1,B3,C010,strong_recall_at_10,0.5555555555555556,0.4444444444444444,-0.11111111111111116
bm25,B1,B3,C011,strong_recall_at_10,0.13333333333333333,0.2,0.06666666666666668
bm25,B1,B3,C012,strong_recall_at_10,0.16666666666666666,0.3055555555555556,0.13888888888888892
bm25,B1,B3,C013,strong_recall_at_10,0.2777777777777778,0.0,-0.2777777777777778
bm25,B1,B3,C014,strong_recall_at_10,0.16666666666666666,0.16666666666666666,0.0
bm25,B1,B3,C015,strong_recall_at_10,0.3888888888888889,0.16666666666666666,-0.22222222222222224
bm25,B1,B3,C016,strong_recall_at_10,0.14285714285714285,0.14285714285714285,0.0
bm25,B1,B3,C017,strong_recall_at_10,0.06666666666666667,0.3,0.23333333333333334
bm25,B1,B3,C018,strong_recall_at_10,0.4444444444444444,0.0,-0.4444444444444444
bm25,B1,B3,C019,strong_recall_at_10,0.3333333333333333,0.1111111111111111,-0.2222222222222222
bm25,B1,B3,C020,strong_recall_at_10,0.06060606060606061,0.12121212121212122,0.06060606060606061
bm25,B1,B3,C021,strong_recall_at_10,0.047619047619047616,0.23809523809523808,0.19047619047619047
bm25,B1,B3,C022,strong_recall_at_10,0.19047619047619047,0.42857142857142855,0.23809523809523808
bm25,B1,B3,C023,strong_recall_at_10,0.4166666666666667,0.16666666666666666,-0.25
bm25,B1,B3,C024,strong_recall_at_10,0.125,0.5,0.375
bm25,B1,B3,C001,ndcg_at_10,0.16524332284774235,0.3439149890538059,0.17867166620606356
bm25,B1,B3,C002,ndcg_at_10,0.5091302193123457,0.506766437103452,-0.002363782208893661
bm25,B1,B3,C003,ndcg_at_10,0.21942534228814178,0.21248511458992897,-0.006940227698212814
bm25,B1,B3,C004,ndcg_at_10,0.22495494876203123,0.44544549918892534,0.2204905504268941
bm25,B1,B3,C005,ndcg_at_10,0.3665922983003212,0.2868804732025529,-0.07971182509776831
bm25,B1,B3,C006,ndcg_at_10,0.2071615499783608,0.43119313596533904,0.22403158598697823
bm25,B1,B3,C007,ndcg_at_10,0.2376914027162228,0.15638580523430404,-0.08130559748191876
bm25,B1,B3,C008,ndcg_at_10,0.33158334009593876,0.20497715590471136,-0.1266061841912274
bm25,B1,B3,C009,ndcg_at_10,0.3700542078905835,0.6690054529484324,0.29895124505784887
bm25,B1,B3,C010,ndcg_at_10,0.6102429645746282,0.41302219630038356,-0.19722076827424467
bm25,B1,B3,C011,ndcg_at_10,0.22036791121334762,0.202449349531015,-0.017918561682332607
bm25,B1,B3,C012,ndcg_at_10,0.36220060925745307,0.38805218286902066,0.02585157361156759
bm25,B1,B3,C013,ndcg_at_10,0.3665858699536161,0.1319916518697289,-0.2345942180838872
bm25,B1,B3,C014,ndcg_at_10,0.37979309683938617,0.373112718854085,-0.006680377985301189
bm25,B1,B3,C015,ndcg_at_10,0.4655263476844903,0.3330230848954533,-0.132503262789037
bm25,B1,B3,C016,ndcg_at_10,0.19247049830015955,0.2515999473455945,0.059129449045434934
bm25,B1,B3,C017,ndcg_at_10,0.10419493051134787,0.37169872857915043,0.26750379806780256
bm25,B1,B3,C018,ndcg_at_10,0.44306496433275117,0.13438343834486152,-0.30868152598788967
bm25,B1,B3,C019,ndcg_at_10,0.2655120779576341,0.16904658466975858,-0.09646549328787551
bm25,B1,B3,C020,ndcg_at_10,0.19762257215586954,0.25164725160111395,0.05402467944524442
bm25,B1,B3,C021,ndcg_at_10,0.09947220264551516,0.2681331479370253,0.16866094529151016
bm25,B1,B3,C022,ndcg_at_10,0.28978325438717006,0.5234461491518657,0.23366289476469565
bm25,B1,B3,C023,ndcg_at_10,0.3105519708283075,0.17763139241868334,-0.13292057840962415
bm25,B1,B3,C024,ndcg_at_10,0.22157636233073283,0.5405095039802039,0.31893314164947106
bm25,B1,B3,C001,irrelevant_fraction_at_10,0.7666666666666666,0.4666666666666667,-0.29999999999999993
bm25,B1,B3,C002,irrelevant_fraction_at_10,0.5333333333333333,0.5666666666666667,0.033333333333333326
bm25,B1,B3,C003,irrelevant_fraction_at_10,0.6666666666666667,0.7333333333333334,0.06666666666666665
bm25,B1,B3,C004,irrelevant_fraction_at_10,0.8,0.5,-0.30000000000000004
bm25,B1,B3,C005,irrelevant_fraction_at_10,0.6666666666666666,0.6666666666666666,0.0
bm25,B1,B3,C006,irrelevant_fraction_at_10,0.7,0.43333333333333335,-0.2666666666666666
bm25,B1,B3,C007,irrelevant_fraction_at_10,0.8,0.7666666666666667,-0.033333333333333326
bm25,B1,B3,C008,irrelevant_fraction_at_10,0.5,0.6666666666666666,0.16666666666666663
bm25,B1,B3,C009,irrelevant_fraction_at_10,0.43333333333333335,0.23333333333333334,-0.2
bm25,B1,B3,C010,irrelevant_fraction_at_10,0.4,0.6666666666666666,0.2666666666666666
bm25,B1,B3,C011,irrelevant_fraction_at_10,0.7,0.6,-0.09999999999999998
bm25,B1,B3,C012,irrelevant_fraction_at_10,0.4666666666666667,0.5333333333333333,0.06666666666666665
bm25,B1,B3,C013,irrelevant_fraction_at_10,0.5,0.6333333333333333,0.1333333333333333
bm25,B1,B3,C014,irrelevant_fraction_at_10,0.4666666666666667,0.5,0.033333333333333326
bm25,B1,B3,C015,irrelevant_fraction_at_10,0.43333333333333335,0.6,0.16666666666666663
bm25,B1,B3,C016,irrelevant_fraction_at_10,0.7333333333333333,0.6333333333333333,-0.09999999999999998
bm25,B1,B3,C017,irrelevant_fraction_at_10,0.8,0.5,-0.30000000000000004
bm25,B1,B3,C018,irrelevant_fraction_at_10,0.6,0.7333333333333334,0.13333333333333341
bm25,B1,B3,C019,irrelevant_fraction_at_10,0.6333333333333333,0.6666666666666666,0.033333333333333326
bm25,B1,B3,C020,irrelevant_fraction_at_10,0.5,0.5666666666666667,0.06666666666666665
bm25,B1,B3,C021,irrelevant_fraction_at_10,0.8666666666666667,0.6666666666666666,-0.20000000000000007
bm25,B1,B3,C022,irrelevant_fraction_at_10,0.5333333333333333,0.16666666666666669,-0.36666666666666664
bm25,B1,B3,C023,irrelevant_fraction_at_10,0.6,0.6333333333333333,0.033333333333333326
bm25,B1,B3,C024,irrelevant_fraction_at_10,0.7,0.23333333333333334,-0.4666666666666666
bm25,B1,B4,C001,recall_at_5,0.014492753623188406,0.043478260869565216,0.02898550724637681
bm25,B1,B4,C002,recall_at_5,0.14492753623188406,0.043478260869565216,-0.10144927536231885
bm25,B1,B4,C003,recall_at_5,0.07017543859649122,0.0,-0.07017543859649122
bm25,B1,B4,C004,recall_at_5,0.05555555555555555,0.05555555555555555,0.0
bm25,B1,B4,C005,recall_at_5,0.06944444444444445,0.041666666666666664,-0.027777777777777783
bm25,B1,B4,C006,recall_at_5,0.05555555555555555,0.041666666666666664,-0.013888888888888888
bm25,B1,B4,C007,recall_at_5,0.0392156862745098,0.058823529411764705,0.0196078431372549
bm25,B1,B4,C008,recall_at_5,0.10144927536231883,0.043478260869565216,-0.05797101449275362
bm25,B1,B4,C009,recall_at_5,0.18055555555555555,0.041666666666666664,-0.1388888888888889
bm25,B1,B4,C010,recall_at_5,0.15151515151515152,0.045454545454545456,-0.10606060606060606
bm25,B1,B4,C011,recall_at_5,0.09090909090909091,0.045454545454545456,-0.045454545454545456
bm25,B1,B4,C012,recall_at_5,0.10752688172043011,0.03225806451612903,-0.07526881720430108
bm25,B1,B4,C013,recall_at_5,0.14285714285714285,0.047619047619047616,-0.09523809523809523
bm25,B1,B4,C014,recall_at_5,0.11538461538461539,0.038461538461538464,-0.07692307692307693
bm25,B1,B4,C015,recall_at_5,0.11428571428571428,0.02857142857142857,-0.08571428571428572
bm25,B1,B4,C016,recall_at_5,0.06944444444444445,0.041666666666666664,-0.027777777777777783
bm25,B1,B4,C017,recall_at_5,0.045454545454545456,0.045454545454545456,0.0
bm25,B1,B4,C018,recall_at_5,0.1111111111111111,0.047619047619047616,-0.06349206349206349
bm25,B1,B4,C019,recall_at_5,0.05555555555555555,0.041666666666666664,-0.013888888888888888
bm25,B1,B4,C020,recall_at_5,0.10256410256410257,0.038461538461538464,-0.06410256410256411
bm25,B1,B4,C021,recall_at_5,0.031746031746031744,0.047619047619047616,0.015873015873015872
bm25,B1,B4,C022,recall_at_5,0.08888888888888889,0.03333333333333333,-0.05555555555555556
bm25,B1,B4,C023,recall_at_5,0.05555555555555556,0.03333333333333333,-0.022222222222222227
bm25,B1,B4,C024,recall_at_5,0.07142857142857142,0.03571428571428571,-0.03571428571428571
bm25,B1,B4,C001,recall_at_10,0.10144927536231883,0.13043478260869565,0.028985507246376815
bm25,B1,B4,C002,recall_at_10,0.2028985507246377,0.13043478260869565,-0.07246376811594205
bm25,B1,B4,C003,recall_at_10,0.17543859649122806,0.10526315789473684,-0.07017543859649122
bm25,B1,B4,C004,recall_at_10,0.11111111111111112,0.16666666666666666,0.05555555555555554
bm25,B1,B4,C005,recall_at_10,0.1388888888888889,0.125,-0.013888888888888895
bm25,B1,B4,C006,recall_at_10,0.125,0.125,0.0
bm25,B1,B4,C007,recall_at_10,0.11764705882352941,0.17647058823529413,0.05882352941176472
bm25,B1,B4,C008,recall_at_10,0.21739130434782608,0.13043478260869565,-0.08695652173913043
bm25,B1,B4,C009,recall_at_10,0.2361111111111111,0.125,-0.1111111111111111
bm25,B1,B4,C010,recall_at_10,0.2727272727272727,0.13636363636363635,-0.13636363636363635
bm25,B1,B4,C011,recall_at_10,0.13636363636363635,0.13636363636363635,0.0
bm25,B1,B4,C012,recall_at_10,0.17204301075268816,0.0967741935483871,-0.07526881720430106
bm25,B1,B4,C013,recall_at_10,0.23809523809523808,0.14285714285714285,-0.09523809523809523
bm25,B1,B4,C014,recall_at_10,0.20512820512820515,0.11538461538461539,-0.08974358974358976
bm25,B1,B4,C015,recall_at_10,0.1619047619047619,0.08571428571428572,-0.0761904761904762
bm25,B1,B4,C016,recall_at_10,0.1111111111111111,0.125,0.013888888888888895
bm25,B1,B4,C017,recall_at_10,0.09090909090909091,0.13636363636363635,0.04545454545454544
bm25,B1,B4,C018,recall_at_10,0.19047619047619047,0.14285714285714285,-0.047619047619047616
bm25,B1,B4,C019,recall_at_10,0.1527777777777778,0.125,-0.02777777777777779
bm25,B1,B4,C020,recall_at_10,0.19230769230769232,0.11538461538461539,-0.07692307692307693
bm25,B1,B4,C021,recall_at_10,0.06349206349206349,0.14285714285714285,0.07936507936507936
bm25,B1,B4,C022,recall_at_10,0.15555555555555556,0.1,-0.05555555555555555
bm25,B1,B4,C023,recall_at_10,0.13333333333333333,0.1,-0.033333333333333326
bm25,B1,B4,C024,recall_at_10,0.10714285714285714,0.10714285714285714,0.0
bm25,B1,B4,C001,recall_at_20,0.2318840579710145,0.391304347826087,0.15942028985507248
bm25,B1,B4,C002,recall_at_20,0.3333333333333333,0.34782608695652173,0.014492753623188415
bm25,B1,B4,C003,recall_at_20,0.3333333333333333,0.2631578947368421,-0.07017543859649122
bm25,B1,B4,C004,recall_at_20,0.25925925925925924,0.4444444444444444,0.18518518518518517
bm25,B1,B4,C005,recall_at_20,0.23611111111111113,0.375,0.13888888888888887
bm25,B1,B4,C006,recall_at_20,0.22222222222222224,0.375,0.15277777777777776
bm25,B1,B4,C007,recall_at_20,0.2549019607843137,0.4117647058823529,0.1568627450980392
bm25,B1,B4,C008,recall_at_20,0.4057971014492754,0.34782608695652173,-0.05797101449275366
bm25,B1,B4,C009,recall_at_20,0.3611111111111111,0.375,0.013888888888888895
bm25,B1,B4,C010,recall_at_20,0.3484848484848485,0.4090909090909091,0.06060606060606061
bm25,B1,B4,C011,recall_at_20,0.30303030303030304,0.4090909090909091,0.10606060606060608
bm25,B1,B4,C012,recall_at_20,0.3010752688172043,0.3225806451612903,0.021505376344086002
bm25,B1,B4,C013,recall_at_20,0.31746031746031744,0.42857142857142855,0.1111111111111111
bm25,B1,B4,C014,recall_at_20,0.358974358974359,0.34615384615384615,-0.01282051282051283
bm25,B1,B4,C015,recall_at_20,0.3142857142857143,0.2571428571428571,-0.05714285714285716
bm25,B1,B4,C016,recall_at_20,0.19444444444444445,0.375,0.18055555555555555
bm25,B1,B4,C017,recall_at_20,0.24242424242424243,0.4090909090909091,0.16666666666666669
bm25,B1,B4,C018,recall_at_20,0.2698412698412698,0.38095238095238093,0.1111111111111111
bm25,B1,B4,C019,recall_at_20,0.3055555555555556,0.2916666666666667,-0.013888888888888895
bm25,B1,B4,C020,recall_at_20,0.3076923076923077,0.38461538461538464,0.07692307692307693
bm25,B1,B4,C021,recall_at_20,0.12698412698412698,0.42857142857142855,0.30158730158730157
bm25,B1,B4,C022,recall_at_20,0.28888888888888886,0.3333333333333333,0.04444444444444445
bm25,B1,B4,C023,recall_at_20,0.2777777777777778,0.3,0.0222222222222222
bm25,B1,B4,C024,recall_at_20,0.21428571428571427,0.35714285714285715,0.14285714285714288
bm25,B1,B4,C001,strong_recall_at_10,0.3333333333333333,0.0,-0.3333333333333333
bm25,B1,B4,C002,strong_recall_at_10,0.5555555555555556,0.0,-0.5555555555555556
bm25,B1,B4,C003,strong_recall_at_10,0.3333333333333333,0.0,-0.3333333333333333
bm25,B1,B4,C004,strong_recall_at_10,0.23809523809523808,0.2857142857142857,0.047619047619047616
bm25,B1,B4,C005,strong_recall_at_10,0.4166666666666667,0.0,-0.4166666666666667
bm25,B1,B4,C006,strong_recall_at_10,0.14814814814814814,0.2222222222222222,0.07407407407407407
bm25,B1,B4,C007,strong_recall_at_10,0.3333333333333333,0.0,-0.3333333333333333
bm25,B1,B4,C008,strong_recall_at_10,0.25,0.0,-0.25
bm25,B1,B4,C009,strong_recall_at_10,0.2222222222222222,0.3333333333333333,0.1111111111111111
bm25,B1,B4,C010,strong_recall_at_10,0.5555555555555556,0.3333333333333333,-0.22222222222222227
bm25,B1,B4,C011,strong_recall_at_10,0.13333333333333333,0.2,0.06666666666666668
bm25,B1,B4,C012,strong_recall_at_10,0.16666666666666666,0.25,0.08333333333333334
bm25,B1,B4,C013,strong_recall_at_10,0.2777777777777778,0.16666666666666666,-0.11111111111111113
bm25,B1,B4,C014,strong_recall_at_10,0.16666666666666666,0.0,-0.16666666666666666
bm25,B1,B4,C015,strong_recall_at_10,0.3888888888888889,0.0,-0.3888888888888889
bm25,B1,B4,C016,strong_recall_at_10,0.14285714285714285,0.14285714285714285,0.0
bm25,B1,B4,C017,strong_recall_at_10,0.06666666666666667,0.2,0.13333333333333336
bm25,B1,B4,C018,strong_recall_at_10,0.4444444444444444,0.0,-0.4444444444444444
bm25,B1,B4,C019,strong_recall_at_10,0.3333333333333333,0.0,-0.3333333333333333
bm25,B1,B4,C020,strong_recall_at_10,0.06060606060606061,0.18181818181818182,0.12121212121212122
bm25,B1,B4,C021,strong_recall_at_10,0.047619047619047616,0.14285714285714285,0.09523809523809523
bm25,B1,B4,C022,strong_recall_at_10,0.19047619047619047,0.14285714285714285,-0.047619047619047616
bm25,B1,B4,C023,strong_recall_at_10,0.4166666666666667,0.0,-0.4166666666666667
bm25,B1,B4,C024,strong_recall_at_10,0.125,0.125,0.0
bm25,B1,B4,C001,ndcg_at_10,0.16524332284774235,0.10713514516442225,-0.05810817768332009
bm25,B1,B4,C002,ndcg_at_10,0.5091302193123457,0.11761519077703839,-0.3915150285353073
bm25,B1,B4,C003,ndcg_at_10,0.21942534228814178,0.07204237982851501,-0.1473829624596268
bm25,B1,B4,C004,ndcg_at_10,0.22495494876203123,0.20646171862459167,-0.01849323013743956
bm25,B1,B4,C005,ndcg_at_10,0.3665922983003212,0.10564189786538387,-0.26095040043493734
bm25,B1,B4,C006,ndcg_at_10,0.2071615499783608,0.18695861664591756,-0.020202933332443246
bm25,B1,B4,C007,ndcg_at_10,0.2376914027162228,0.15827028744514476,-0.07942111527107804
bm25,B1,B4,C008,ndcg_at_10,0.33158334009593876,0.10564189786538387,-0.2259414422305549
bm25,B1,B4,C009,ndcg_at_10,0.3700542078905835,0.21331806101356707,-0.15673614687701645
bm25,B1,B4,C010,ndcg_at_10,0.6102429645746282,0.2188030150673451,-0.3914399495072831
bm25,B1,B4,C011,ndcg_at_10,0.22036791121334762,0.170208046638053,-0.050159864575294616
bm25,B1,B4,C012,ndcg_at_10,0.36220060925745307,0.22793826167775832,-0.13426234757969474
bm25,B1,B4,C013,ndcg_at_10,0.3665858699536161,0.16223205962400075,-0.20435381032961533
bm25,B1,B4,C014,ndcg_at_10,0.37979309683938617,0.1326835930126078,-0.24710950382677838
bm25,B1,B4,C015,ndcg_at_10,0.4655263476844903,0.09285941457970795,-0.3726669331047824
bm25,B1,B4,C016,ndcg_at_10,0.19247049830015955,0.15034853261254846,-0.04212196568761109
bm25,B1,B4,C017,ndcg_at_10,0.10419493051134787,0.17902898027818495,0.07483404976683708
bm25,B1,B4,C018,ndcg_at_10,0.44306496433275117,0.11394661597814092,-0.32911834835461024
bm25,B1,B4,C019,ndcg_at_10,0.2655120779576341,0.09285941457970795,-0.17265266337792615
bm25,B1,B4,C020,ndcg_at_10,0.19762257215586954,0.1708486469920357,-0.02677392516383384
bm25,B1,B4,C021,ndcg_at_10,0.09947220264551516,0.1358263640014324,0.03635416135591722
bm25,B1,B4,C022,ndcg_at_10,0.28978325438717006,0.13733813420597393,-0.15244512018119613
bm25,B1,B4,C023,ndcg_at_10,0.3105519708283075,0.10379345697746441,-0.2067585138508431
bm25,B1,B4,C024,ndcg_at_10,0.22157636233073283,0.13037851040702075,-0.09119785192371208
bm25,B1,B4,C001,irrelevant_fraction_at_10,0.7666666666666666,0.7,-0.06666666666666665
bm25,B1,B4,C002,irrelevant_fraction_at_10,0.5333333333333333,0.7,0.16666666666666663
bm25,B1,B4,C003,irrelevant_fraction_at_10,0.6666666666666667,0.8,0.1333333333333333
bm25,B1,B4,C004,irrelevant_fraction_at_10,0.8,0.7,-0.10000000000000009
bm25,B1,B4,C005,irrelevant_fraction_at_10,0.6666666666666666,0.7,0.033333333333333326
bm25,B1,B4,C006,irrelevant_fraction_at_10,0.7,0.7,0.0
bm25,B1,B4,C007,irrelevant_fraction_at_10,0.8,0.7,-0.10000000000000009
bm25,B1,B4,C008,irrelevant_fraction_at_10,0.5,0.7,0.19999999999999996
bm25,B1,B4,C009,irrelevant_fraction_at_10,0.43333333333333335,0.7,0.2666666666666666
bm25,B1,B4,C010,irrelevant_fraction_at_10,0.4,0.7,0.29999999999999993
bm25,B1,B4,C011,irrelevant_fraction_at_10,0.7,0.7,0.0
bm25,B1,B4,C012,irrelevant_fraction_at_10,0.4666666666666667,0.7,0.23333333333333328
bm25,B1,B4,C013,irrelevant_fraction_at_10,0.5,0.7,0.19999999999999996
bm25,B1,B4,C014,irrelevant_fraction_at_10,0.4666666666666667,0.7,0.23333333333333328
bm25,B1,B4,C015,irrelevant_fraction_at_10,0.43333333333333335,0.7,0.2666666666666666
bm25,B1,B4,C016,irrelevant_fraction_at_10,0.7333333333333333,0.7,-0.033333333333333326
bm25,B1,B4,C017,irrelevant_fraction_at_10,0.8,0.7,-0.10000000000000009
bm25,B1,B4,C018,irrelevant_fraction_at_10,0.6,0.7,0.09999999999999998
bm25,B1,B4,C019,irrelevant_fraction_at_10,0.6333333333333333,0.7,0.06666666666666665
bm25,B1,B4,C020,irrelevant_fraction_at_10,0.5,0.7,0.19999999999999996
bm25,B1,B4,C021,irrelevant_fraction_at_10,0.8666666666666667,0.7,-0.16666666666666674
bm25,B1,B4,C022,irrelevant_fraction_at_10,0.5333333333333333,0.7,0.16666666666666663
bm25,B1,B4,C023,irrelevant_fraction_at_10,0.6,0.7,0.09999999999999998
bm25,B1,B4,C024,irrelevant_fraction_at_10,0.7,0.7,0.0
bm25,B2,B3,C001,recall_at_5,0.13043478260869565,0.11594202898550725,-0.0144927536231884
bm25,B2,B3,C002,recall_at_5,0.11594202898550725,0.10144927536231883,-0.014492753623188415
bm25,B2,B3,C003,recall_at_5,0.07017543859649122,0.08771929824561403,0.017543859649122806
bm25,B2,B3,C004,recall_at_5,0.2222222222222222,0.1111111111111111,-0.1111111111111111
bm25,B2,B3,C005,recall_at_5,0.08333333333333333,0.041666666666666664,-0.041666666666666664
bm25,B2,B3,C006,recall_at_5,0.125,0.125,0.0
bm25,B2,B3,C007,recall_at_5,0.1568627450980392,0.0392156862745098,-0.11764705882352941
bm25,B2,B3,C008,recall_at_5,0.15942028985507245,0.07246376811594203,-0.08695652173913042
bm25,B2,B3,C009,recall_at_5,0.1527777777777778,0.20833333333333334,0.05555555555555555
bm25,B2,B3,C010,recall_at_5,0.1212121212121212,0.13636363636363635,0.015151515151515152
bm25,B2,B3,C011,recall_at_5,0.10606060606060606,0.045454545454545456,-0.06060606060606061
bm25,B2,B3,C012,recall_at_5,0.04301075268817204,0.07526881720430108,0.03225806451612904
bm25,B2,B3,C013,recall_at_5,0.19047619047619047,0.09523809523809523,-0.09523809523809523
bm25,B2,B3,C014,recall_at_5,0.11538461538461539,0.10256410256410257,-0.012820512820512817
bm25,B2,B3,C015,recall_at_5,0.09523809523809523,0.06666666666666667,-0.028571428571428567
bm25,B2,B3,C016,recall_at_5,0.1111111111111111,0.09722222222222222,-0.013888888888888881
bm25,B2,B3,C017,recall_at_5,0.12121212121212122,0.09090909090909091,-0.030303030303030304
bm25,B2,B3,C018,recall_at_5,0.1111111111111111,0.06349206349206349,-0.047619047619047616
bm25,B2,B3,C019,recall_at_5,0.125,0.05555555555555555,-0.06944444444444445
bm25,B2,B3,C020,recall_at_5,0.10256410256410257,0.06410256410256411,-0.038461538461538464
bm25,B2,B3,C021,recall_at_5,0.1111111111111111,0.07936507936507936,-0.031746031746031744
bm25,B2,B3,C022,recall_at_5,0.1,0.13333333333333333,0.033333333333333326
bm25,B2,B3,C023,recall_at_5,0.12222222222222222,0.03333333333333333,-0.08888888888888888
bm25,B2,B3,C024,recall_at_5,0.11904761904761904,0.16666666666666666,0.047619047619047616
bm25,B2,B3,C001,recall_at_10,0.2608695652173913,0.2318840579710145,-0.0289855072463768
bm25,B2,B3,C002,recall_at_10,0.2318840579710145,0.18840579710144928,-0.043478260869565216
bm25,B2,B3,C003,recall_at_10,0.19298245614035087,0.14035087719298245,-0.05263157894736842
bm25,B2,B3,C004,recall_at_10,0.3333333333333333,0.2777777777777778,-0.055555555555555525
bm25,B2,B3,C005,recall_at_10,0.20833333333333334,0.1388888888888889,-0.06944444444444445
bm25,B2,B3,C006,recall_at_10,0.20833333333333334,0.2361111111111111,0.027777777777777762
bm25,B2,B3,C007,recall_at_10,0.21568627450980393,0.13725490196078433,-0.0784313725490196
bm25,B2,B3,C008,recall_at_10,0.2463768115942029,0.14492753623188406,-0.10144927536231885
bm25,B2,B3,C009,recall_at_10,0.2361111111111111,0.3194444444444445,0.08333333333333337
bm25,B2,B3,C010,recall_at_10,0.21212121212121213,0.15151515151515152,-0.06060606060606061
bm25,B2,B3,C011,recall_at_10,0.16666666666666666,0.1818181818181818,0.015151515151515138
bm25,B2,B3,C012,recall_at_10,0.12903225806451613,0.15053763440860216,0.02150537634408603
bm25,B2,B3,C013,recall_at_10,0.31746031746031744,0.1746031746031746,-0.14285714285714285
bm25,B2,B3,C014,recall_at_10,0.16666666666666669,0.19230769230769232,0.025641025641025633
bm25,B2,B3,C015,recall_at_10,0.1619047619047619,0.11428571428571428,-0.04761904761904763
bm25,B2,B3,C016,recall_at_10,0.16666666666666666,0.15277777777777776,-0.013888888888888895
bm25,B2,B3,C017,recall_at_10,0.2424242424242424,0.22727272727272727,-0.015151515151515138
bm25,B2,B3,C018,recall_at_10,0.19047619047619047,0.12698412698412698,-0.06349206349206349
bm25,B2,B3,C019,recall_at_10,0.25,0.1388888888888889,-0.1111111111111111
bm25,B2,B3,C020,recall_at_10,0.16666666666666669,0.16666666666666669,0.0
bm25,B2,B3,C021,recall_at_10,0.19047619047619047,0.15873015873015872,-0.031746031746031744
bm25,B2,B3,C022,recall_at_10,0.15555555555555556,0.2777777777777778,0.12222222222222223
bm25,B2,B3,C023,recall_at_10,0.19999999999999998,0.12222222222222222,-0.07777777777777777
bm25,B2,B3,C024,recall_at_10,0.16666666666666666,0.2738095238095238,0.10714285714285712
bm25,B2,B3,C001,recall_at_20,0.3333333333333333,0.4057971014492754,0.07246376811594207
bm25,B2,B3,C002,recall_at_20,0.34782608695652173,0.37681159420289856,0.02898550724637683
bm25,B2,B3,C003,recall_at_20,0.3508771929824561,0.3508771929824561,0.0
bm25,B2,B3,C004,recall_at_20,0.4814814814814815,0.46296296296296297,-0.018518518518518545
bm25,B2,B3,C005,recall_at_20,0.3611111111111111,0.3194444444444444,-0.041666666666666685
bm25,B2,B3,C006,recall_at_20,0.3194444444444444,0.4027777777777778,0.08333333333333337
bm25,B2,B3,C007,recall_at_20,0.39215686274509803,0.35294117647058826,-0.039215686274509776
bm25,B2,B3,C008,recall_at_20,0.4057971014492754,0.3188405797101449,-0.08695652173913049
bm25,B2,B3,C009,recall_at_20,0.4027777777777778,0.5277777777777778,0.125
bm25,B2,B3,C010,recall_at_20,0.36363636363636365,0.3181818181818182,-0.04545454545454547
bm25,B2,B3,C011,recall_at_20,0.36363636363636365,0.34848484848484845,-0.015151515151515194
bm25,B2,B3,C012,recall_at_20,0.2903225806451613,0.3118279569892473,0.021505376344086002
bm25,B2,B3,C013,recall_at_20,0.4603174603174603,0.36507936507936506,-0.09523809523809523
bm25,B2,B3,C014,recall_at_20,0.34615384615384615,0.358974358974359,0.01282051282051283
bm25,B2,B3,C015,recall_at_20,0.34285714285714286,0.29523809523809524,-0.047619047619047616
bm25,B2,B3,C016,recall_at_20,0.3194444444444444,0.2916666666666667,-0.027777777777777735
bm25,B2,B3,C017,recall_at_20,0.3939393939393939,0.3787878787878788,-0.015151515151515138
bm25,B2,B3,C018,recall_at_20,0.3492063492063492,0.2857142857142857,-0.06349206349206349
bm25,B2,B3,C019,recall_at_20,0.3888888888888889,0.3333333333333333,-0.05555555555555558
bm25,B2,B3,C020,recall_at_20,0.32051282051282054,0.3333333333333333,0.012820512820512775
bm25,B2,B3,C021,recall_at_20,0.38095238095238093,0.2857142857142857,-0.09523809523809523
bm25,B2,B3,C022,recall_at_20,0.28888888888888886,0.4,0.11111111111111116
bm25,B2,B3,C023,recall_at_20,0.35555555555555557,0.26666666666666666,-0.0888888888888889
bm25,B2,B3,C024,recall_at_20,0.2619047619047619,0.42857142857142855,0.16666666666666663
bm25,B2,B3,C001,strong_recall_at_10,0.25,0.25,0.0
bm25,B2,B3,C002,strong_recall_at_10,0.6666666666666666,0.5555555555555556,-0.11111111111111105
bm25,B2,B3,C003,strong_recall_at_10,0.4444444444444444,0.1111111111111111,-0.3333333333333333
bm25,B2,B3,C004,strong_recall_at_10,0.5714285714285714,0.5238095238095237,-0.04761904761904767
bm25,B2,B3,C005,strong_recall_at_10,0.4166666666666667,0.4166666666666667,0.0
bm25,B2,B3,C006,strong_recall_at_10,0.3333333333333333,0.37037037037037035,0.037037037037037035
bm25,B2,B3,C007,strong_recall_at_10,0.3333333333333333,0.3333333333333333,0.0
bm25,B2,B3,C008,strong_recall_at_10,0.16666666666666666,0.16666666666666666,0.0
bm25,B2,B3,C009,strong_recall_at_10,0.3333333333333333,0.5,0.16666666666666669
bm25,B2,B3,C010,strong_recall_at_10,0.3888888888888889,0.4444444444444444,0.055555555555555525
bm25,B2,B3,C011,strong_recall_at_10,0.4,0.2,-0.2
bm25,B2,B3,C012,strong_recall_at_10,0.16666666666666666,0.3055555555555556,0.13888888888888892
bm25,B2,B3,C013,strong_recall_at_10,0.2777777777777778,0.0,-0.2777777777777778
bm25,B2,B3,C014,strong_recall_at_10,0.0,0.16666666666666666,0.16666666666666666
bm25,B2,B3,C015,strong_recall_at_10,0.3888888888888889,0.16666666666666666,-0.22222222222222224
bm25,B2,B3,C016,strong_recall_at_10,0.2857142857142857,0.14285714285714285,-0.14285714285714285
bm25,B2,B3,C017,strong_recall_at_10,0.4,0.3,-0.10000000000000003
bm25,B2,B3,C018,strong_recall_at_10,0.1111111111111111,0.0,-0.1111111111111111
bm25,B2,B3,C019,strong_recall_at_10,0.4444444444444444,0.1111111111111111,-0.3333333333333333
bm25,B2,B3,C020,strong_recall_at_10,0.21212121212121213,0.12121212121212122,-0.09090909090909091
bm25,B2,B3,C021,strong_recall_at_10,0.38095238095238093,0.23809523809523808,-0.14285714285714285
bm25,B2,B3,C022,strong_recall_at_10,0.2857142857142857,0.42857142857142855,0.14285714285714285
bm25,B2,B3,C023,strong_recall_at_10,0.4166666666666667,0.16666666666666666,-0.25
bm25,B2,B3,C024,strong_recall_at_10,0.20833333333333334,0.5,0.29166666666666663
bm25,B2,B3,C001,ndcg_at_10,0.46931113100069044,0.3439149890538059,-0.12539614194688453
bm25,B2,B3,C002,ndcg_at_10,0.470508999333109,0.506766437103452,0.036257437770343015
bm25,B2,B3,C003,ndcg_at_10,0.27089963663607136,0.21248511458992897,-0.05841452204614239
bm25,B2,B3,C004,ndcg_at_10,0.6695953805242868,0.44544549918892534,-0.22414988133536146
bm25,B2,B3,C005,ndcg_at_10,0.3552214967477717,0.2868804732025529,-0.06834102354521882
bm25,B2,B3,C006,ndcg_at_10,0.3952570311973864,0.43119313596533904,0.035936104767952615
bm25,B2,B3,C007,ndcg_at_10,0.3674376562849287,0.15638580523430404,-0.21105185105062466
bm25,B2,B3,C008,ndcg_at_10,0.34855137853805784,0.20497715590471136,-0.1435742226333465
bm25,B2,B3,C009,ndcg_at_10,0.4370848442139817,0.6690054529484324,0.2319206087344507
bm25,B2,B3,C010,ndcg_at_10,0.4393448916044144,0.41302219630038356,-0.026322695304030863
bm25,B2,B3,C011,ndcg_at_10,0.4325847530364853,0.202449349531015,-0.2301354035054703
bm25,B2,B3,C012,ndcg_at_10,0.2227477848236497,0.38805218286902066,0.16530439804537095
bm25,B2,B3,C013,ndcg_at_10,0.5123692373170743,0.1319916518697289,-0.3803775854473454
bm25,B2,B3,C014,ndcg_at_10,0.28385066349766913,0.373112718854085,0.08926205535641585
bm25,B2,B3,C015,ndcg_at_10,0.47289550517722195,0.3330230848954533,-0.13987242028176866
bm25,B2,B3,C016,ndcg_at_10,0.31395471851173046,0.2515999473455945,-0.06235477116613597
bm25,B2,B3,C017,ndcg_at_10,0.46830103823964864,0.37169872857915043,-0.09660230966049821
bm25,B2,B3,C018,ndcg_at_10,0.2538311508181858,0.13438343834486152,-0.11944771247332428
bm25,B2,B3,C019,ndcg_at_10,0.49593439736827327,0.16904658466975858,-0.3268878126985147
bm25,B2,B3,C020,ndcg_at_10,0.3125107837438762,0.25164725160111395,-0.060863532142762244
bm25,B2,B3,C021,ndcg_at_10,0.48147942219616846,0.2681331479370253,-0.21334627425914315
bm25,B2,B3,C022,ndcg_at_10,0.35843373112536303,0.5234461491518657,0.16501241802650268
bm25,B2,B3,C023,ndcg_at_10,0.5055811561068422,0.17763139241868334,-0.32794976368815887
bm25,B2,B3,C024,ndcg_at_10,0.3358454230807631,0.5405095039802039,0.20466408089944083
bm25,B2,B3,C001,irrelevant_fraction_at_10,0.4,0.4666666666666667,0.06666666666666665
bm25,B2,B3,C002,irrelevant_fraction_at_10,0.4666666666666667,0.5666666666666667,0.09999999999999998
bm25,B2,B3,C003,irrelevant_fraction_at_10,0.6333333333333333,0.7333333333333334,0.10000000000000009
bm25,B2,B3,C004,irrelevant_fraction_at_10,0.4,0.5,0.09999999999999998
bm25,B2,B3,C005,irrelevant_fraction_at_10,0.5,0.6666666666666666,0.16666666666666663
bm25,B2,B3,C006,irrelevant_fraction_at_10,0.5,0.43333333333333335,-0.06666666666666665
bm25,B2,B3,C007,irrelevant_fraction_at_10,0.6333333333333333,0.7666666666666667,0.13333333333333341
bm25,B2,B3,C008,irrelevant_fraction_at_10,0.43333333333333335,0.6666666666666666,0.23333333333333328
bm25,B2,B3,C009,irrelevant_fraction_at_10,0.43333333333333335,0.23333333333333334,-0.2
bm25,B2,B3,C010,irrelevant_fraction_at_10,0.5333333333333333,0.6666666666666666,0.1333333333333333
bm25,B2,B3,C011,irrelevant_fraction_at_10,0.6333333333333333,0.6,-0.033333333333333326
bm25,B2,B3,C012,irrelevant_fraction_at_10,0.6,0.5333333333333333,-0.06666666666666665
bm25,B2,B3,C013,irrelevant_fraction_at_10,0.3333333333333333,0.6333333333333333,0.3
bm25,B2,B3,C014,irrelevant_fraction_at_10,0.5666666666666667,0.5,-0.06666666666666665
bm25,B2,B3,C015,irrelevant_fraction_at_10,0.43333333333333335,0.6,0.16666666666666663
bm25,B2,B3,C016,irrelevant_fraction_at_10,0.6,0.6333333333333333,0.033333333333333326
bm25,B2,B3,C017,irrelevant_fraction_at_10,0.4666666666666667,0.5,0.033333333333333326
bm25,B2,B3,C018,irrelevant_fraction_at_10,0.6,0.7333333333333334,0.13333333333333341
bm25,B2,B3,C019,irrelevant_fraction_at_10,0.4,0.6666666666666666,0.2666666666666666
bm25,B2,B3,C020,irrelevant_fraction_at_10,0.5666666666666667,0.5666666666666667,0.0
bm25,B2,B3,C021,irrelevant_fraction_at_10,0.6,0.6666666666666666,0.06666666666666665
bm25,B2,B3,C022,irrelevant_fraction_at_10,0.5333333333333333,0.16666666666666669,-0.36666666666666664
bm25,B2,B3,C023,irrelevant_fraction_at_10,0.4,0.6333333333333333,0.23333333333333328
bm25,B2,B3,C024,irrelevant_fraction_at_10,0.5333333333333333,0.23333333333333334,-0.3
bm25,B2,B4,C001,recall_at_5,0.13043478260869565,0.043478260869565216,-0.08695652173913043
bm25,B2,B4,C002,recall_at_5,0.11594202898550725,0.043478260869565216,-0.07246376811594203
bm25,B2,B4,C003,recall_at_5,0.07017543859649122,0.0,-0.07017543859649122
bm25,B2,B4,C004,recall_at_5,0.2222222222222222,0.05555555555555555,-0.16666666666666666
bm25,B2,B4,C005,recall_at_5,0.08333333333333333,0.041666666666666664,-0.041666666666666664
bm25,B2,B4,C006,recall_at_5,0.125,0.041666666666666664,-0.08333333333333334
bm25,B2,B4,C007,recall_at_5,0.1568627450980392,0.058823529411764705,-0.09803921568627451
bm25,B2,B4,C008,recall_at_5,0.15942028985507245,0.043478260869565216,-0.11594202898550723
bm25,B2,B4,C009,recall_at_5,0.1527777777777778,0.041666666666666664,-0.11111111111111113
bm25,B2,B4,C010,recall_at_5,0.1212121212121212,0.045454545454545456,-0.07575757575757575
bm25,B2,B4,C011,recall_at_5,0.10606060606060606,0.045454545454545456,-0.06060606060606061
bm25,B2,B4,C012,recall_at_5,0.04301075268817204,0.03225806451612903,-0.010752688172043008
bm25,B2,B4,C013,recall_at_5,0.19047619047619047,0.047619047619047616,-0.14285714285714285
bm25,B2,B4,C014,recall_at_5,0.11538461538461539,0.038461538461538464,-0.07692307692307693
bm25,B2,B4,C015,recall_at_5,0.09523809523809523,0.02857142857142857,-0.06666666666666667
bm25,B2,B4,C016,recall_at_5,0.1111111111111111,0.041666666666666664,-0.06944444444444445
bm25,B2,B4,C017,recall_at_5,0.12121212121212122,0.045454545454545456,-0.07575757575757576
bm25,B2,B4,C018,recall_at_5,0.1111111111111111,0.047619047619047616,-0.06349206349206349
bm25,B2,B4,C019,recall_at_5,0.125,0.041666666666666664,-0.08333333333333334
bm25,B2,B4,C020,recall_at_5,0.10256410256410257,0.038461538461538464,-0.06410256410256411
bm25,B2,B4,C021,recall_at_5,0.1111111111111111,0.047619047619047616,-0.06349206349206349
bm25,B2,B4,C022,recall_at_5,0.1,0.03333333333333333,-0.06666666666666668
bm25,B2,B4,C023,recall_at_5,0.12222222222222222,0.03333333333333333,-0.08888888888888888
bm25,B2,B4,C024,recall_at_5,0.11904761904761904,0.03571428571428571,-0.08333333333333333
bm25,B2,B4,C001,recall_at_10,0.2608695652173913,0.13043478260869565,-0.13043478260869565
bm25,B2,B4,C002,recall_at_10,0.2318840579710145,0.13043478260869565,-0.10144927536231885
bm25,B2,B4,C003,recall_at_10,0.19298245614035087,0.10526315789473684,-0.08771929824561403
bm25,B2,B4,C004,recall_at_10,0.3333333333333333,0.16666666666666666,-0.16666666666666666
bm25,B2,B4,C005,recall_at_10,0.20833333333333334,0.125,-0.08333333333333334
bm25,B2,B4,C006,recall_at_10,0.20833333333333334,0.125,-0.08333333333333334
bm25,B2,B4,C007,recall_at_10,0.21568627450980393,0.17647058823529413,-0.0392156862745098
bm25,B2,B4,C008,recall_at_10,0.2463768115942029,0.13043478260869565,-0.11594202898550726
bm25,B2,B4,C009,recall_at_10,0.2361111111111111,0.125,-0.1111111111111111
bm25,B2,B4,C010,recall_at_10,0.21212121212121213,0.13636363636363635,-0.07575757575757577
bm25,B2,B4,C011,recall_at_10,0.16666666666666666,0.13636363636363635,-0.030303030303030304
bm25,B2,B4,C012,recall_at_10,0.12903225806451613,0.0967741935483871,-0.03225806451612903
bm25,B2,B4,C013,recall_at_10,0.31746031746031744,0.14285714285714285,-0.1746031746031746
bm25,B2,B4,C014,recall_at_10,0.16666666666666669,0.11538461538461539,-0.051282051282051294
bm25,B2,B4,C015,recall_at_10,0.1619047619047619,0.08571428571428572,-0.0761904761904762
bm25,B2,B4,C016,recall_at_10,0.16666666666666666,0.125,-0.04166666666666666
bm25,B2,B4,C017,recall_at_10,0.2424242424242424,0.13636363636363635,-0.10606060606060605
bm25,B2,B4,C018,recall_at_10,0.19047619047619047,0.14285714285714285,-0.047619047619047616
bm25,B2,B4,C019,recall_at_10,0.25,0.125,-0.125
bm25,B2,B4,C020,recall_at_10,0.16666666666666669,0.11538461538461539,-0.051282051282051294
bm25,B2,B4,C021,recall_at_10,0.19047619047619047,0.14285714285714285,-0.047619047619047616
bm25,B2,B4,C022,recall_at_10,0.15555555555555556,0.1,-0.05555555555555555
bm25,B2,B4,C023,recall_at_10,0.19999999999999998,0.1,-0.09999999999999998
bm25,B2,B4,C024,recall_at_10,0.16666666666666666,0.10714285714285714,-0.05952380952380952
bm25,B2,B4,C001,recall_at_20,0.3333333333333333,0.391304347826087,0.05797101449275366
bm25,B2,B4,C002,recall_at_20,0.34782608695652173,0.34782608695652173,0.0
bm25,B2,B4,C003,recall_at_20,0.3508771929824561,0.2631578947368421,-0.08771929824561403
bm25,B2,B4,C004,recall_at_20,0.4814814814814815,0.4444444444444444,-0.03703703703703709
bm25,B2,B4,C005,recall_at_20,0.3611111111111111,0.375,0.013888888888888895
bm25,B2,B4,C006,recall_at_20,0.3194444444444444,0.375,0.05555555555555558
bm25,B2,B4,C007,recall_at_20,0.39215686274509803,0.4117647058823529,0.019607843137254888
bm25,B2,B4,C008,recall_at_20,0.4057971014492754,0.34782608695652173,-0.05797101449275366
bm25,B2,B4,C009,recall_at_20,0.4027777777777778,0.375,-0.02777777777777779
bm25,B2,B4,C010,recall_at_20,0.36363636363636365,0.4090909090909091,0.04545454545454547
bm25,B2,B4,C011,recall_at_20,0.36363636363636365,0.4090909090909091,0.04545454545454547
bm25,B2,B4,C012,recall_at_20,0.2903225806451613,0.3225806451612903,0.032258064516129004
bm25,B2,B4,C013,recall_at_20,0.4603174603174603,0.42857142857142855,-0.031746031746031744
bm25,B2,B4,C014,recall_at_20,0.34615384615384615,0.34615384615384615,0.0
bm25,B2,B4,C015,recall_at_20,0.34285714285714286,0.2571428571428571,-0.08571428571428574
bm25,B2,B4,C016,recall_at_20,0.3194444444444444,0.375,0.05555555555555558
bm25,B2,B4,C017,recall_at_20,0.3939393939393939,0.4090909090909091,0.015151515151515194
bm25,B2,B4,C018,recall_at_20,0.3492063492063492,0.38095238095238093,0.031746031746031744
bm25,B2,B4,C019,recall_at_20,0.3888888888888889,0.2916666666666667,-0.09722222222222221
bm25,B2,B4,C020,recall_at_20,0.32051282051282054,0.38461538461538464,0.0641025641025641
bm25,B2,B4,C021,recall_at_20,0.38095238095238093,0.42857142857142855,0.047619047619047616
bm25,B2,B4,C022,recall_at_20,0.28888888888888886,0.3333333333333333,0.04444444444444445
bm25,B2,B4,C023,recall_at_20,0.35555555555555557,0.3,-0.05555555555555558
bm25,B2,B4,C024,recall_at_20,0.2619047619047619,0.35714285714285715,0.09523809523809523
bm25,B2,B4,C001,strong_recall_at_10,0.25,0.0,-0.25
bm25,B2,B4,C002,strong_recall_at_10,0.6666666666666666,0.0,-0.6666666666666666
bm25,B2,B4,C003,strong_recall_at_10,0.4444444444444444,0.0,-0.4444444444444444
bm25,B2,B4,C004,strong_recall_at_10,0.5714285714285714,0.2857142857142857,-0.2857142857142857
bm25,B2,B4,C005,strong_recall_at_10,0.4166666666666667,0.0,-0.4166666666666667
bm25,B2,B4,C006,strong_recall_at_10,0.3333333333333333,0.2222222222222222,-0.1111111111111111
bm25,B2,B4,C007,strong_recall_at_10,0.3333333333333333,0.0,-0.3333333333333333
bm25,B2,B4,C008,strong_recall_at_10,0.16666666666666666,0.0,-0.16666666666666666
bm25,B2,B4,C009,strong_recall_at_10,0.3333333333333333,0.3333333333333333,0.0
bm25,B2,B4,C010,strong_recall_at_10,0.3888888888888889,0.3333333333333333,-0.05555555555555558
bm25,B2,B4,C011,strong_recall_at_10,0.4,0.2,-0.2
bm25,B2,B4,C012,strong_recall_at_10,0.16666666666666666,0.25,0.08333333333333334
bm25,B2,B4,C013,strong_recall_at_10,0.2777777777777778,0.16666666666666666,-0.11111111111111113
bm25,B2,B4,C014,strong_recall_at_10,0.0,0.0,0.0
bm25,B2,B4,C015,strong_recall_at_10,0.3888888888888889,0.0,-0.3888888888888889
bm25,B2,B4,C016,strong_recall_at_10,0.2857142857142857,0.14285714285714285,-0.14285714285714285
bm25,B2,B4,C017,strong_recall_at_10,0.4,0.2,-0.2
bm25,B2,B4,C018,strong_recall_at_10,0.1111111111111111,0.0,-0.1111111111111111
bm25,B2,B4,C019,strong_recall_at_10,0.4444444444444444,0.0,-0.4444444444444444
bm25,B2,B4,C020,strong_recall_at_10,0.21212121212121213,0.18181818181818182,-0.030303030303030304
bm25,B2,B4,C021,strong_recall_at_10,0.38095238095238093,0.14285714285714285,-0.23809523809523808
bm25,B2,B4,C022,strong_recall_at_10,0.2857142857142857,0.14285714285714285,-0.14285714285714285
bm25,B2,B4,C023,strong_recall_at_10,0.4166666666666667,0.0,-0.4166666666666667
bm25,B2,B4,C024,strong_recall_at_10,0.20833333333333334,0.125,-0.08333333333333334
bm25,B2,B4,C001,ndcg_at_10,0.46931113100069044,0.10713514516442225,-0.3621759858362682
bm25,B2,B4,C002,ndcg_at_10,0.470508999333109,0.11761519077703839,-0.35289380855607067
bm25,B2,B4,C003,ndcg_at_10,0.27089963663607136,0.07204237982851501,-0.19885725680755634
bm25,B2,B4,C004,ndcg_at_10,0.6695953805242868,0.20646171862459167,-0.4631336618996951
bm25,B2,B4,C005,ndcg_at_10,0.3552214967477717,0.10564189786538387,-0.24957959888238784
bm25,B2,B4,C006,ndcg_at_10,0.3952570311973864,0.18695861664591756,-0.20829841455146886
bm25,B2,B4,C007,ndcg_at_10,0.3674376562849287,0.15827028744514476,-0.20916736883978393
bm25,B2,B4,C008,ndcg_at_10,0.34855137853805784,0.10564189786538387,-0.24290948067267398
bm25,B2,B4,C009,ndcg_at_10,0.4370848442139817,0.21331806101356707,-0.22376678320041463
bm25,B2,B4,C010,ndcg_at_10,0.4393448916044144,0.2188030150673451,-0.22054187653706933
bm25,B2,B4,C011,ndcg_at_10,0.4325847530364853,0.170208046638053,-0.2623767063984323
bm25,B2,B4,C012,ndcg_at_10,0.2227477848236497,0.22793826167775832,0.005190476854108617
bm25,B2,B4,C013,ndcg_at_10,0.5123692373170743,0.16223205962400075,-0.3501371776930735
bm25,B2,B4,C014,ndcg_at_10,0.28385066349766913,0.1326835930126078,-0.15116707048506134
bm25,B2,B4,C015,ndcg_at_10,0.47289550517722195,0.09285941457970795,-0.380036090597514
bm25,B2,B4,C016,ndcg_at_10,0.31395471851173046,0.15034853261254846,-0.163606185899182
bm25,B2,B4,C017,ndcg_at_10,0.46830103823964864,0.17902898027818495,-0.2892720579614637
bm25,B2,B4,C018,ndcg_at_10,0.2538311508181858,0.11394661597814092,-0.13988453484004487
bm25,B2,B4,C019,ndcg_at_10,0.49593439736827327,0.09285941457970795,-0.40307498278856535
bm25,B2,B4,C020,ndcg_at_10,0.3125107837438762,0.1708486469920357,-0.1416621367518405
bm25,B2,B4,C021,ndcg_at_10,0.48147942219616846,0.1358263640014324,-0.3456530581947361
bm25,B2,B4,C022,ndcg_at_10,0.35843373112536303,0.13733813420597393,-0.2210955969193891
bm25,B2,B4,C023,ndcg_at_10,0.5055811561068422,0.10379345697746441,-0.4017876991293778
bm25,B2,B4,C024,ndcg_at_10,0.3358454230807631,0.13037851040702075,-0.20546691267374234
bm25,B2,B4,C001,irrelevant_fraction_at_10,0.4,0.7,0.29999999999999993
bm25,B2,B4,C002,irrelevant_fraction_at_10,0.4666666666666667,0.7,0.23333333333333328
bm25,B2,B4,C003,irrelevant_fraction_at_10,0.6333333333333333,0.8,0.16666666666666674
bm25,B2,B4,C004,irrelevant_fraction_at_10,0.4,0.7,0.29999999999999993
bm25,B2,B4,C005,irrelevant_fraction_at_10,0.5,0.7,0.19999999999999996
bm25,B2,B4,C006,irrelevant_fraction_at_10,0.5,0.7,0.19999999999999996
bm25,B2,B4,C007,irrelevant_fraction_at_10,0.6333333333333333,0.7,0.06666666666666665
bm25,B2,B4,C008,irrelevant_fraction_at_10,0.43333333333333335,0.7,0.2666666666666666
bm25,B2,B4,C009,irrelevant_fraction_at_10,0.43333333333333335,0.7,0.2666666666666666
bm25,B2,B4,C010,irrelevant_fraction_at_10,0.5333333333333333,0.7,0.16666666666666663
bm25,B2,B4,C011,irrelevant_fraction_at_10,0.6333333333333333,0.7,0.06666666666666665
bm25,B2,B4,C012,irrelevant_fraction_at_10,0.6,0.7,0.09999999999999998
bm25,B2,B4,C013,irrelevant_fraction_at_10,0.3333333333333333,0.7,0.36666666666666664
bm25,B2,B4,C014,irrelevant_fraction_at_10,0.5666666666666667,0.7,0.1333333333333333
bm25,B2,B4,C015,irrelevant_fraction_at_10,0.43333333333333335,0.7,0.2666666666666666
bm25,B2,B4,C016,irrelevant_fraction_at_10,0.6,0.7,0.09999999999999998
bm25,B2,B4,C017,irrelevant_fraction_at_10,0.4666666666666667,0.7,0.23333333333333328
bm25,B2,B4,C018,irrelevant_fraction_at_10,0.6,0.7,0.09999999999999998
bm25,B2,B4,C019,irrelevant_fraction_at_10,0.4,0.7,0.29999999999999993
bm25,B2,B4,C020,irrelevant_fraction_at_10,0.5666666666666667,0.7,0.1333333333333333
bm25,B2,B4,C021,irrelevant_fraction_at_10,0.6,0.7,0.09999999999999998
bm25,B2,B4,C022,irrelevant_fraction_at_10,0.5333333333333333,0.7,0.16666666666666663
bm25,B2,B4,C023,irrelevant_fraction_at_10,0.4,0.7,0.29999999999999993
bm25,B2,B4,C024,irrelevant_fraction_at_10,0.5333333333333333,0.7,0.16666666666666663
bm25,B3,B4,C001,recall_at_5,0.11594202898550725,0.043478260869565216,-0.07246376811594203
bm25,B3,B4,C002,recall_at_5,0.10144927536231883,0.043478260869565216,-0.05797101449275362
bm25,B3,B4,C003,recall_at_5,0.08771929824561403,0.0,-0.08771929824561403
bm25,B3,B4,C004,recall_at_5,0.1111111111111111,0.05555555555555555,-0.05555555555555555
bm25,B3,B4,C005,recall_at_5,0.041666666666666664,0.041666666666666664,0.0
bm25,B3,B4,C006,recall_at_5,0.125,0.041666666666666664,-0.08333333333333334
bm25,B3,B4,C007,recall_at_5,0.0392156862745098,0.058823529411764705,0.0196078431372549
bm25,B3,B4,C008,recall_at_5,0.07246376811594203,0.043478260869565216,-0.028985507246376815
bm25,B3,B4,C009,recall_at_5,0.20833333333333334,0.041666666666666664,-0.16666666666666669
bm25,B3,B4,C010,recall_at_5,0.13636363636363635,0.045454545454545456,-0.0909090909090909
bm25,B3,B4,C011,recall_at_5,0.045454545454545456,0.045454545454545456,0.0
bm25,B3,B4,C012,recall_at_5,0.07526881720430108,0.03225806451612903,-0.043010752688172046
bm25,B3,B4,C013,recall_at_5,0.09523809523809523,0.047619047619047616,-0.047619047619047616
bm25,B3,B4,C014,recall_at_5,0.10256410256410257,0.038461538461538464,-0.06410256410256411
bm25,B3,B4,C015,recall_at_5,0.06666666666666667,0.02857142857142857,-0.0380952380952381
bm25,B3,B4,C016,recall_at_5,0.09722222222222222,0.041666666666666664,-0.05555555555555556
bm25,B3,B4,C017,recall_at_5,0.09090909090909091,0.045454545454545456,-0.045454545454545456
bm25,B3,B4,C018,recall_at_5,0.06349206349206349,0.047619047619047616,-0.015873015873015872
bm25,B3,B4,C019,recall_at_5,0.05555555555555555,0.041666666666666664,-0.013888888888888888
bm25,B3,B4,C020,recall_at_5,0.06410256410256411,0.038461538461538464,-0.025641025641025647
bm25,B3,B4,C021,recall_at_5,0.07936507936507936,0.047619047619047616,-0.031746031746031744
bm25,B3,B4,C022,recall_at_5,0.13333333333333333,0.03333333333333333,-0.1
bm25,B3,B4,C023,recall_at_5,0.03333333333333333,0.03333333333333333,0.0
bm25,B3,B4,C024,recall_at_5,0.16666666666666666,0.03571428571428571,-0.13095238095238093
bm25,B3,B4,C001,recall_at_10,0.2318840579710145,0.13043478260869565,-0.10144927536231885
bm25,B3,B4,C002,recall_at_10,0.18840579710144928,0.13043478260869565,-0.05797101449275363
bm25,B3,B4,C003,recall_at_10,0.14035087719298245,0.10526315789473684,-0.03508771929824561
bm25,B3,B4,C004,recall_at_10,0.2777777777777778,0.16666666666666666,-0.11111111111111113
bm25,B3,B4,C005,recall_at_10,0.1388888888888889,0.125,-0.013888888888888895
bm25,B3,B4,C006,recall_at_10,0.2361111111111111,0.125,-0.1111111111111111
bm25,B3,B4,C007,recall_at_10,0.13725490196078433,0.17647058823529413,0.0392156862745098
bm25,B3,B4,C008,recall_at_10,0.14492753623188406,0.13043478260869565,-0.014492753623188415
bm25,B3,B4,C009,recall_at_10,0.3194444444444445,0.125,-0.19444444444444448
bm25,B3,B4,C010,recall_at_10,0.15151515151515152,0.13636363636363635,-0.015151515151515166
bm25,B3,B4,C011,recall_at_10,0.1818181818181818,0.13636363636363635,-0.04545454545454544
bm25,B3,B4,C012,recall_at_10,0.15053763440860216,0.0967741935483871,-0.05376344086021506
bm25,B3,B4,C013,recall_at_10,0.1746031746031746,0.14285714285714285,-0.031746031746031744
bm25,B3,B4,C014,recall_at_10,0.19230769230769232,0.11538461538461539,-0.07692307692307693
bm25,B3,B4,C015,recall_at_10,0.11428571428571428,0.08571428571428572,-0.028571428571428567
bm25,B3,B4,C016,recall_at_10,0.15277777777777776,0.125,-0.027777777777777762
bm25,B3,B4,C017,recall_at_10,0.22727272727272727,0.13636363636363635,-0.09090909090909091
bm25,B3,B4,C018,recall_at_10,0.12698412698412698,0.14285714285714285,0.015873015873015872
bm25,B3,B4,C019,recall_at_10,0.1388888888888889,0.125,-0.013888888888888895
bm25,B3,B4,C020,recall_at_10,0.16666666666666669,0.11538461538461539,-0.051282051282051294
bm25,B3,B4,C021,recall_at_10,0.15873015873015872,0.14285714285714285,-0.015873015873015872
bm25,B3,B4,C022,recall_at_10,0.2777777777777778,0.1,-0.17777777777777778
bm25,B3,B4,C023,recall_at_10,0.12222222222222222,0.1,-0.022222222222222213
bm25,B3,B4,C024,recall_at_10,0.2738095238095238,0.10714285714285714,-0.16666666666666663
bm25,B3,B4,C001,recall_at_20,0.4057971014492754,0.391304347826087,-0.014492753623188415
bm25,B3,B4,C002,recall_at_20,0.37681159420289856,0.34782608695652173,-0.02898550724637683
bm25,B3,B4,C003,recall_at_20,0.3508771929824561,0.2631578947368421,-0.08771929824561403
bm25,B3,B4,C004,recall_at_20,0.46296296296296297,0.4444444444444444,-0.018518518518518545
bm25,B3,B4,C005,recall_at_20,0.3194444444444444,0.375,0.05555555555555558
bm25,B3,B4,C006,recall_at_20,0.4027777777777778,0.375,-0.02777777777777779
bm25,B3,B4,C007,recall_at_20,0.35294117647058826,0.4117647058823529,0.05882352941176466
bm25,B3,B4,C008,recall_at_20,0.3188405797101449,0.34782608695652173,0.02898550724637683
bm25,B3,B4,C009,recall_at_20,0.5277777777777778,0.375,-0.1527777777777778
bm25,B3,B4,C010,recall_at_20,0.3181818181818182,0.4090909090909091,0.09090909090909094
bm25,B3,B4,C011,recall_at_20,0.34848484848484845,0.4090909090909091,0.06060606060606066
bm25,B3,B4,C012,recall_at_20,0.3118279569892473,0.3225806451612903,0.010752688172043001
bm25,B3,B4,C013,recall_at_20,0.36507936507936506,0.42857142857142855,0.06349206349206349
bm25,B3,B4,C014,recall_at_20,0.358974358974359,0.34615384615384615,-0.01282051282051283
bm25,B3,B4,C015,recall_at_20,0.29523809523809524,0.2571428571428571,-0.038095238095238126
bm25,B3,B4,C016,recall_at_20,0.2916666666666667,0.375,0.08333333333333331
bm25,B3,B4,C017,recall_at_20,0.3787878787878788,0.4090909090909091,0.03030303030303033
bm25,B3,B4,C018,recall_at_20,0.2857142857142857,0.38095238095238093,0.09523809523809523
bm25,B3,B4,C019,recall_at_20,0.3333333333333333,0.2916666666666667,-0.04166666666666663
bm25,B3,B4,C020,recall_at_20,0.3333333333333333,0.38461538461538464,0.05128205128205132
bm25,B3,B4,C021,recall_at_20,0.2857142857142857,0.42857142857142855,0.14285714285714285
bm25,B3,B4,C022,recall_at_20,0.4,0.3333333333333333,-0.06666666666666671
bm25,B3,B4,C023,recall_at_20,0.26666666666666666,0.3,0.033333333333333326
bm25,B3,B4,C024,recall_at_20,0.42857142857142855,0.35714285714285715,-0.0714285714285714
bm25,B3,B4,C001,strong_recall_at_10,0.25,0.0,-0.25
bm25,B3,B4,C002,strong_recall_at_10,0.5555555555555556,0.0,-0.5555555555555556
bm25,B3,B4,C003,strong_recall_at_10,0.1111111111111111,0.0,-0.1111111111111111
bm25,B3,B4,C004,strong_recall_at_10,0.5238095238095237,0.2857142857142857,-0.23809523809523803
bm25,B3,B4,C005,strong_recall_at_10,0.4166666666666667,0.0,-0.4166666666666667
bm25,B3,B4,C006,strong_recall_at_10,0.37037037037037035,0.2222222222222222,-0.14814814814814814
bm25,B3,B4,C007,strong_recall_at_10,0.3333333333333333,0.0,-0.3333333333333333
bm25,B3,B4,C008,strong_recall_at_10,0.16666666666666666,0.0,-0.16666666666666666
bm25,B3,B4,C009,strong_recall_at_10,0.5,0.3333333333333333,-0.16666666666666669
bm25,B3,B4,C010,strong_recall_at_10,0.4444444444444444,0.3333333333333333,-0.1111111111111111
bm25,B3,B4,C011,strong_recall_at_10,0.2,0.2,0.0
bm25,B3,B4,C012,strong_recall_at_10,0.3055555555555556,0.25,-0.05555555555555558
bm25,B3,B4,C013,strong_recall_at_10,0.0,0.16666666666666666,0.16666666666666666
bm25,B3,B4,C014,strong_recall_at_10,0.16666666666666666,0.0,-0.16666666666666666
bm25,B3,B4,C015,strong_recall_at_10,0.16666666666666666,0.0,-0.16666666666666666
bm25,B3,B4,C016,strong_recall_at_10,0.14285714285714285,0.14285714285714285,0.0
bm25,B3,B4,C017,strong_recall_at_10,0.3,0.2,-0.09999999999999998
bm25,B3,B4,C018,strong_recall_at_10,0.0,0.0,0.0
bm25,B3,B4,C019,strong_recall_at_10,0.1111111111111111,0.0,-0.1111111111111111
bm25,B3,B4,C020,strong_recall_at_10,0.12121212121212122,0.18181818181818182,0.06060606060606061
bm25,B3,B4,C021,strong_recall_at_10,0.23809523809523808,0.14285714285714285,-0.09523809523809523
bm25,B3,B4,C022,strong_recall_at_10,0.42857142857142855,0.14285714285714285,-0.2857142857142857
bm25,B3,B4,C023,strong_recall_at_10,0.16666666666666666,0.0,-0.16666666666666666
bm25,B3,B4,C024,strong_recall_at_10,0.5,0.125,-0.375
bm25,B3,B4,C001,ndcg_at_10,0.3439149890538059,0.10713514516442225,-0.23677984388938367
bm25,B3,B4,C002,ndcg_at_10,0.506766437103452,0.11761519077703839,-0.3891512463264136
bm25,B3,B4,C003,ndcg_at_10,0.21248511458992897,0.07204237982851501,-0.14044273476141395
bm25,B3,B4,C004,ndcg_at_10,0.44544549918892534,0.20646171862459167,-0.23898378056433367
bm25,B3,B4,C005,ndcg_at_10,0.2868804732025529,0.10564189786538387,-0.18123857533716903
bm25,B3,B4,C006,ndcg_at_10,0.43119313596533904,0.18695861664591756,-0.24423451931942147
bm25,B3,B4,C007,ndcg_at_10,0.15638580523430404,0.15827028744514476,0.0018844822108407266
bm25,B3,B4,C008,ndcg_at_10,0.20497715590471136,0.10564189786538387,-0.09933525803932748
bm25,B3,B4,C009,ndcg_at_10,0.6690054529484324,0.21331806101356707,-0.4556873919348653
bm25,B3,B4,C010,ndcg_at_10,0.41302219630038356,0.2188030150673451,-0.19421918123303847
bm25,B3,B4,C011,ndcg_at_10,0.202449349531015,0.170208046638053,-0.03224130289296201
bm25,B3,B4,C012,ndcg_at_10,0.38805218286902066,0.22793826167775832,-0.16011392119126233
bm25,B3,B4,C013,ndcg_at_10,0.1319916518697289,0.16223205962400075,0.030240407754271864
bm25,B3,B4,C014,ndcg_at_10,0.373112718854085,0.1326835930126078,-0.2404291258414772
bm25,B3,B4,C015,ndcg_at_10,0.3330230848954533,0.09285941457970795,-0.24016367031574534
bm25,B3,B4,C016,ndcg_at_10,0.2515999473455945,0.15034853261254846,-0.10125141473304602
bm25,B3,B4,C017,ndcg_at_10,0.37169872857915043,0.17902898027818495,-0.19266974830096548
bm25,B3,B4,C018,ndcg_at_10,0.13438343834486152,0.11394661597814092,-0.020436822366720606
bm25,B3,B4,C019,ndcg_at_10,0.16904658466975858,0.09285941457970795,-0.07618717009005063
bm25,B3,B4,C020,ndcg_at_10,0.25164725160111395,0.1708486469920357,-0.08079860460907826
bm25,B3,B4,C021,ndcg_at_10,0.2681331479370253,0.1358263640014324,-0.13230678393559292
bm25,B3,B4,C022,ndcg_at_10,0.5234461491518657,0.13733813420597393,-0.38610801494589175
bm25,B3,B4,C023,ndcg_at_10,0.17763139241868334,0.10379345697746441,-0.07383793544121893
bm25,B3,B4,C024,ndcg_at_10,0.5405095039802039,0.13037851040702075,-0.41013099357318317
bm25,B3,B4,C001,irrelevant_fraction_at_10,0.4666666666666667,0.7,0.23333333333333328
bm25,B3,B4,C002,irrelevant_fraction_at_10,0.5666666666666667,0.7,0.1333333333333333
bm25,B3,B4,C003,irrelevant_fraction_at_10,0.7333333333333334,0.8,0.06666666666666665
bm25,B3,B4,C004,irrelevant_fraction_at_10,0.5,0.7,0.19999999999999996
bm25,B3,B4,C005,irrelevant_fraction_at_10,0.6666666666666666,0.7,0.033333333333333326
bm25,B3,B4,C006,irrelevant_fraction_at_10,0.43333333333333335,0.7,0.2666666666666666
bm25,B3,B4,C007,irrelevant_fraction_at_10,0.7666666666666667,0.7,-0.06666666666666676
bm25,B3,B4,C008,irrelevant_fraction_at_10,0.6666666666666666,0.7,0.033333333333333326
bm25,B3,B4,C009,irrelevant_fraction_at_10,0.23333333333333334,0.7,0.4666666666666666
bm25,B3,B4,C010,irrelevant_fraction_at_10,0.6666666666666666,0.7,0.033333333333333326
bm25,B3,B4,C011,irrelevant_fraction_at_10,0.6,0.7,0.09999999999999998
bm25,B3,B4,C012,irrelevant_fraction_at_10,0.5333333333333333,0.7,0.16666666666666663
bm25,B3,B4,C013,irrelevant_fraction_at_10,0.6333333333333333,0.7,0.06666666666666665
bm25,B3,B4,C014,irrelevant_fraction_at_10,0.5,0.7,0.19999999999999996
bm25,B3,B4,C015,irrelevant_fraction_at_10,0.6,0.7,0.09999999999999998
bm25,B3,B4,C016,irrelevant_fraction_at_10,0.6333333333333333,0.7,0.06666666666666665
bm25,B3,B4,C017,irrelevant_fraction_at_10,0.5,0.7,0.19999999999999996
bm25,B3,B4,C018,irrelevant_fraction_at_10,0.7333333333333334,0.7,-0.03333333333333344
bm25,B3,B4,C019,irrelevant_fraction_at_10,0.6666666666666666,0.7,0.033333333333333326
bm25,B3,B4,C020,irrelevant_fraction_at_10,0.5666666666666667,0.7,0.1333333333333333
bm25,B3,B4,C021,irrelevant_fraction_at_10,0.6666666666666666,0.7,0.033333333333333326
bm25,B3,B4,C022,irrelevant_fraction_at_10,0.16666666666666669,0.7,0.5333333333333332
bm25,B3,B4,C023,irrelevant_fraction_at_10,0.6333333333333333,0.7,0.06666666666666665
bm25,B3,B4,C024,irrelevant_fraction_at_10,0.23333333333333334,0.7,0.4666666666666666
dense,B1,B2,C001,recall_at_5,0.13043478260869565,0.17391304347826086,0.043478260869565216
dense,B1,B2,C002,recall_at_5,0.17391304347826086,0.13043478260869565,-0.043478260869565216
dense,B1,B2,C003,recall_at_5,0.15789473684210525,0.12280701754385964,-0.03508771929824561
dense,B1,B2,C004,recall_at_5,0.2037037037037037,0.24074074074074073,0.037037037037037035
dense,B1,B2,C005,recall_at_5,0.1388888888888889,0.15277777777777776,0.013888888888888867
dense,B1,B2,C006,recall_at_5,0.125,0.16666666666666666,0.04166666666666666
dense,B1,B2,C007,recall_at_5,0.13725490196078433,0.1568627450980392,0.019607843137254888
dense,B1,B2,C008,recall_at_5,0.18840579710144928,0.17391304347826086,-0.014492753623188415
dense,B1,B2,C009,recall_at_5,0.19444444444444445,0.20833333333333334,0.013888888888888895
dense,B1,B2,C010,recall_at_5,0.18181818181818182,0.15151515151515152,-0.030303030303030304
dense,B1,B2,C011,recall_at_5,0.12121212121212122,0.16666666666666666,0.04545454545454544
dense,B1,B2,C012,recall_at_5,0.12903225806451613,0.0967741935483871,-0.03225806451612903
dense,B1,B2,C013,recall_at_5,0.15873015873015872,0.1746031746031746,0.015873015873015872
dense,B1,B2,C014,recall_at_5,0.12820512820512822,0.12820512820512822,0.0
dense,B1,B2,C015,recall_at_5,0.10476190476190476,0.1238095238095238,0.019047619047619035
dense,B1,B2,C016,recall_at_5,0.125,0.16666666666666666,0.04166666666666666
dense,B1,B2,C017,recall_at_5,0.13636363636363635,0.15151515151515152,0.015151515151515166
dense,B1,B2,C018,recall_at_5,0.12698412698412698,0.1746031746031746,0.047619047619047616
dense,B1,B2,C019,recall_at_5,0.15277777777777776,0.1388888888888889,-0.013888888888888867
dense,B1,B2,C020,recall_at_5,0.10256410256410257,0.14102564102564102,0.03846153846153845
dense,B1,B2,C021,recall_at_5,0.047619047619047616,0.1111111111111111,0.06349206349206349
dense,B1,B2,C022,recall_at_5,0.15555555555555556,0.16666666666666666,0.0111111111111111
dense,B1,B2,C023,recall_at_5,0.08888888888888889,0.11111111111111112,0.022222222222222227
dense,B1,B2,C024,recall_at_5,0.15476190476190477,0.17857142857142858,0.023809523809523808
dense,B1,B2,C001,recall_at_10,0.20289855072463767,0.24637681159420288,0.043478260869565216
dense,B1,B2,C002,recall_at_10,0.2463768115942029,0.24637681159420288,-2.7755575615628914e-17
dense,B1,B2,C003,recall_at_10,0.24561403508771928,0.24561403508771928,0.0
dense,B1,B2,C004,recall_at_10,0.3333333333333333,0.42592592592592593,0.09259259259259262
dense,B1,B2,C005,recall_at_10,0.19444444444444445,0.22222222222222224,0.02777777777777779
dense,B1,B2,C006,recall_at_10,0.16666666666666666,0.2361111111111111,0.06944444444444445
dense,B1,B2,C007,recall_at_10,0.21568627450980393,0.2549019607843137,0.039215686274509776
dense,B1,B2,C008,recall_at_10,0.2608695652173913,0.30434782608695654,0.043478260869565244
dense,B1,B2,C009,recall_at_10,0.3333333333333333,0.375,0.041666666666666685
dense,B1,B2,C010,recall_at_10,0.25757575757575757,0.25757575757575757,0.0
dense,B1,B2,C011,recall_at_10,0.2121212121212121,0.24242424242424243,0.03030303030303033
dense,B1,B2,C012,recall_at_10,0.1935483870967742,0.16129032258064516,-0.03225806451612903
dense,B1,B2,C013,recall_at_10,0.2698412698412698,0.36507936507936506,0.09523809523809523
dense,B1,B2,C014,recall_at_10,0.1794871794871795,0.24358974358974358,0.0641025641025641
dense,B1,B2,C015,recall_at_10,0.19047619047619047,0.21904761904761905,0.02857142857142858
dense,B1,B2,C016,recall_at_10,0.22222222222222224,0.22222222222222224,0.0
dense,B1,B2,C017,recall_at_10,0.18181818181818182,0.25757575757575757,0.07575757575757575
dense,B1,B2,C018,recall_at_10,0.19047619047619047,0.2222222222222222,0.031746031746031744
dense,B1,B2,C019,recall_at_10,0.20833333333333334,0.22222222222222224,0.013888888888888895
dense,B1,B2,C020,recall_at_10,0.1794871794871795,0.23076923076923078,0.051282051282051294
dense,B1,B2,C021,recall_at_10,0.1746031746031746,0.23809523809523808,0.06349206349206349
dense,B1,B2,C022,recall_at_10,0.24444444444444444,0.26666666666666666,0.022222222222222227
dense,B1,B2,C023,recall_at_10,0.15555555555555556,0.23333333333333334,0.07777777777777778
dense,B1,B2,C024,recall_at_10,0.2857142857142857,0.30952380952380953,0.023809523809523836
dense,B1,B2,C001,recall_at_20,0.42028985507246375,0.42028985507246375,0.0
dense,B1,B2,C002,recall_at_20,0.37681159420289856,0.463768115942029,0.08695652173913043
dense,B1,B2,C003,recall_at_20,0.42105263157894735,0.42105263157894735,0.0
dense,B1,B2,C004,recall_at_20,0.48148148148148145,0.5185185185185185,0.037037037037037035
dense,B1,B2,C005,recall_at_20,0.4861111111111111,0.4444444444444445,-0.04166666666666663
dense,B1,B2,C006,recall_at_20,0.375,0.4027777777777778,0.02777777777777779
dense,B1,B2,C007,recall_at_20,0.45098039215686275,0.45098039215686275,0.0
dense,B1,B2,C008,recall_at_20,0.43478260869565216,0.4492753623188406,0.014492753623188415
dense,B1,B2,C009,recall_at_20,0.4583333333333333,0.5416666666666666,0.08333333333333331
dense,B1,B2,C010,recall_at_20,0.42424242424242425,0.4393939393939394,0.015151515151515138
dense,B1,B2,C011,recall_at_20,0.45454545454545453,0.42424242424242425,-0.030303030303030276
dense,B1,B2,C012,recall_at_20,0.3978494623655914,0.3548387096774194,-0.043010752688172005
dense,B1,B2,C013,recall_at_20,0.5555555555555556,0.5555555555555556,0.0
dense,B1,B2,C014,recall_at_20,0.358974358974359,0.46153846153846156,0.10256410256410259
dense,B1,B2,C015,recall_at_20,0.3904761904761905,0.4,0.009523809523809545
dense,B1,B2,C016,recall_at_20,0.3611111111111111,0.4444444444444444,0.08333333333333331
dense,B1,B2,C017,recall_at_20,0.45454545454545453,0.48484848484848486,0.03030303030303033
dense,B1,B2,C018,recall_at_20,0.3333333333333333,0.4603174603174603,0.12698412698412698
dense,B1,B2,C019,recall_at_20,0.3472222222222222,0.4305555555555555,0.08333333333333331
dense,B1,B2,C020,recall_at_20,0.38461538461538464,0.4230769230769231,0.038461538461538436
dense,B1,B2,C021,recall_at_20,0.36507936507936506,0.4444444444444444,0.07936507936507936
dense,B1,B2,C022,recall_at_20,0.45555555555555555,0.4,-0.055555555555555525
dense,B1,B2,C023,recall_at_20,0.3555555555555555,0.4,0.04444444444444451
dense,B1,B2,C024,recall_at_20,0.44047619047619047,0.4523809523809524,0.011904761904761918
dense,B1,B2,C001,strong_recall_at_10,0.3333333333333333,0.5,0.16666666666666669
dense,B1,B2,C002,strong_recall_at_10,0.1111111111111111,0.6666666666666666,0.5555555555555556
dense,B1,B2,C003,strong_recall_at_10,0.6666666666666666,0.3333333333333333,-0.3333333333333333
dense,B1,B2,C004,strong_recall_at_10,0.47619047619047616,0.5238095238095237,0.04761904761904756
dense,B1,B2,C005,strong_recall_at_10,0.3333333333333333,0.5,0.16666666666666669
dense,B1,B2,C006,strong_recall_at_10,0.2962962962962963,0.3333333333333333,0.037037037037037035
dense,B1,B2,C007,strong_recall_at_10,1.0,0.6666666666666666,-0.33333333333333337
dense,B1,B2,C008,strong_recall_at_10,0.08333333333333333,0.16666666666666666,0.08333333333333333
dense,B1,B2,C009,strong_recall_at_10,0.5555555555555556,0.5,-0.05555555555555558
dense,B1,B2,C010,strong_recall_at_10,0.2777777777777778,0.3888888888888889,0.1111111111111111
dense,B1,B2,C011,strong_recall_at_10,0.4,0.5333333333333333,0.1333333333333333
dense,B1,B2,C012,strong_recall_at_10,0.3333333333333333,0.25,-0.08333333333333331
dense,B1,B2,C013,strong_recall_at_10,0.4444444444444444,0.3888888888888889,-0.055555555555555525
dense,B1,B2,C014,strong_recall_at_10,0.5,0.16666666666666666,-0.33333333333333337
dense,B1,B2,C015,strong_recall_at_10,0.2777777777777778,0.3888888888888889,0.1111111111111111
dense,B1,B2,C016,strong_recall_at_10,0.38095238095238093,0.2857142857142857,-0.09523809523809523
dense,B1,B2,C017,strong_recall_at_10,0.3,0.43333333333333335,0.13333333333333336
dense,B1,B2,C018,strong_recall_at_10,0.3333333333333333,0.1111111111111111,-0.2222222222222222
dense,B1,B2,C019,strong_recall_at_10,0.2777777777777778,0.3333333333333333,0.055555555555555525
dense,B1,B2,C020,strong_recall_at_10,0.3333333333333333,0.30303030303030304,-0.030303030303030276
dense,B1,B2,C021,strong_recall_at_10,0.2857142857142857,0.3333333333333333,0.047619047619047616
dense,B1,B2,C022,strong_recall_at_10,0.3333333333333333,0.47619047619047616,0.14285714285714285
dense,B1,B2,C023,strong_recall_at_10,0.25,0.3333333333333333,0.08333333333333331
dense,B1,B2,C024,strong_recall_at_10,0.375,0.375,0.0
dense,B1,B2,C001,ndcg_at_10,0.4019834192712101,0.48551258532323505,0.08352916605202493
dense,B1,B2,C002,ndcg_at_10,0.3744190825994718,0.5315261169863219,0.1571070343868501
dense,B1,B2,C003,ndcg_at_10,0.5031428520012721,0.3504802684005034,-0.15266258360076868
dense,B1,B2,C004,ndcg_at_10,0.5091737782194112,0.6657941245077961,0.15662034628838484
dense,B1,B2,C005,ndcg_at_10,0.42438226851921584,0.4867803793278817,0.06239811080866586
dense,B1,B2,C006,ndcg_at_10,0.44152529891246645,0.46169139884499394,0.020166099932527493
dense,B1,B2,C007,ndcg_at_10,0.48974415650103204,0.46866214955114566,-0.021082006949886378
dense,B1,B2,C008,ndcg_at_10,0.35402169633083314,0.4167517417344826,0.06273004540364946
dense,B1,B2,C009,ndcg_at_10,0.6567983412822289,0.6670634712468906,0.010265129964661668
dense,B1,B2,C010,ndcg_at_10,0.4100710612882828,0.38703194724316237,-0.023039114045120435
dense,B1,B2,C011,ndcg_at_10,0.3787182237595126,0.5264561651256715,0.14773794136615892
dense,B1,B2,C012,ndcg_at_10,0.47862656026768546,0.40239186288183443,-0.07623469738585104
dense,B1,B2,C013,ndcg_at_10,0.45629564377318854,0.48300855610396204,0.026712912330773497
dense,B1,B2,C014,ndcg_at_10,0.40924505515941706,0.427361472662344,0.018116417502926918
dense,B1,B2,C015,ndcg_at_10,0.4527688678586254,0.5074806183698428,0.054711750511217405
dense,B1,B2,C016,ndcg_at_10,0.3956201674767367,0.45091494482595246,0.055294777349215785
dense,B1,B2,C017,ndcg_at_10,0.3623402837389546,0.5698862461173504,0.2075459623783958
dense,B1,B2,C018,ndcg_at_10,0.3343819472905828,0.3229172386040244,-0.011464708686558411
dense,B1,B2,C019,ndcg_at_10,0.36566611242208535,0.3727231026416519,0.007056990219566572
dense,B1,B2,C020,ndcg_at_10,0.4115116473630992,0.542687867513256,0.13117622015015684
dense,B1,B2,C021,ndcg_at_10,0.26428127360989306,0.34381814220849577,0.0795368685986027
dense,B1,B2,C022,ndcg_at_10,0.4466479169303181,0.5405470638432192,0.09389914691290108
dense,B1,B2,C023,ndcg_at_10,0.39078211809800595,0.46018980308296337,0.06940768498495742
dense,B1,B2,C024,ndcg_at_10,0.5086932091221262,0.5220174232118133,0.013324214089687092
dense,B1,B2,C001,irrelevant_fraction_at_10,0.5333333333333333,0.43333333333333335,-0.09999999999999998
dense,B1,B2,C002,irrelevant_fraction_at_10,0.43333333333333335,0.43333333333333335,0.0
dense,B1,B2,C003,irrelevant_fraction_at_10,0.5333333333333333,0.5333333333333333,0.0
dense,B1,B2,C004,irrelevant_fraction_at_10,0.4,0.23333333333333334,-0.16666666666666669
dense,B1,B2,C005,irrelevant_fraction_at_10,0.5333333333333333,0.4666666666666667,-0.06666666666666665
dense,B1,B2,C006,irrelevant_fraction_at_10,0.6,0.43333333333333335,-0.16666666666666663
dense,B1,B2,C007,irrelevant_fraction_at_10,0.6333333333333333,0.5666666666666667,-0.06666666666666665
dense,B1,B2,C008,irrelevant_fraction_at_10,0.4,0.3,-0.10000000000000003
dense,B1,B2,C009,irrelevant_fraction_at_10,0.2,0.1,-0.1
dense,B1,B2,C010,irrelevant_fraction_at_10,0.43333333333333335,0.43333333333333335,0.0
dense,B1,B2,C011,irrelevant_fraction_at_10,0.5333333333333333,0.4666666666666667,-0.06666666666666665
dense,B1,B2,C012,irrelevant_fraction_at_10,0.4,0.5,0.09999999999999998
dense,B1,B2,C013,irrelevant_fraction_at_10,0.43333333333333335,0.23333333333333334,-0.2
dense,B1,B2,C014,irrelevant_fraction_at_10,0.5333333333333333,0.3666666666666667,-0.16666666666666663
dense,B1,B2,C015,irrelevant_fraction_at_10,0.33333333333333337,0.23333333333333334,-0.10000000000000003
dense,B1,B2,C016,irrelevant_fraction_at_10,0.4666666666666667,0.4666666666666667,0.0
dense,B1,B2,C017,irrelevant_fraction_at_10,0.6,0.43333333333333335,-0.16666666666666663
dense,B1,B2,C018,irrelevant_fraction_at_10,0.6,0.5333333333333333,-0.06666666666666665
dense,B1,B2,C019,irrelevant_fraction_at_10,0.5,0.4666666666666667,-0.033333333333333326
dense,B1,B2,C020,irrelevant_fraction_at_10,0.5333333333333333,0.4,-0.1333333333333333
dense,B1,B2,C021,irrelevant_fraction_at_10,0.6333333333333333,0.5,-0.1333333333333333
dense,B1,B2,C022,irrelevant_fraction_at_10,0.26666666666666666,0.2,-0.06666666666666665
dense,B1,B2,C023,irrelevant_fraction_at_10,0.5333333333333333,0.3,-0.23333333333333334
dense,B1,B2,C024,irrelevant_fraction_at_10,0.2,0.13333333333333333,-0.06666666666666668
dense,B1,B3,C001,recall_at_5,0.13043478260869565,0.14492753623188406,0.014492753623188415
dense,B1,B3,C002,recall_at_5,0.17391304347826086,0.07246376811594203,-0.10144927536231883
dense,B1,B3,C003,recall_at_5,0.15789473684210525,0.10526315789473684,-0.05263157894736842
dense,B1,B3,C004,recall_at_5,0.2037037037037037,0.16666666666666666,-0.037037037037037035
dense,B1,B3,C005,recall_at_5,0.1388888888888889,0.16666666666666666,0.027777777777777762
dense,B1,B3,C006,recall_at_5,0.125,0.1111111111111111,-0.013888888888888895
dense,B1,B3,C007,recall_at_5,0.13725490196078433,0.1568627450980392,0.019607843137254888
dense,B1,B3,C008,recall_at_5,0.18840579710144928,0.07246376811594203,-0.11594202898550725
dense,B1,B3,C009,recall_at_5,0.19444444444444445,0.19444444444444445,0.0
dense,B1,B3,C010,recall_at_5,0.18181818181818182,0.09090909090909091,-0.09090909090909091
dense,B1,B3,C011,recall_at_5,0.12121212121212122,0.09090909090909091,-0.030303030303030304
dense,B1,B3,C012,recall_at_5,0.12903225806451613,0.0967741935483871,-0.03225806451612903
dense,B1,B3,C013,recall_at_5,0.15873015873015872,0.14285714285714285,-0.015873015873015872
dense,B1,B3,C014,recall_at_5,0.12820512820512822,0.07692307692307693,-0.051282051282051294
dense,B1,B3,C015,recall_at_5,0.10476190476190476,0.13333333333333333,0.028571428571428567
dense,B1,B3,C016,recall_at_5,0.125,0.09722222222222221,-0.02777777777777779
dense,B1,B3,C017,recall_at_5,0.13636363636363635,0.10606060606060606,-0.03030303030303029
dense,B1,B3,C018,recall_at_5,0.12698412698412698,0.09523809523809523,-0.031746031746031744
dense,B1,B3,C019,recall_at_5,0.15277777777777776,0.125,-0.027777777777777762
dense,B1,B3,C020,recall_at_5,0.10256410256410257,0.06410256410256411,-0.038461538461538464
dense,B1,B3,C021,recall_at_5,0.047619047619047616,0.07936507936507936,0.031746031746031744
dense,B1,B3,C022,recall_at_5,0.15555555555555556,0.12222222222222222,-0.03333333333333334
dense,B1,B3,C023,recall_at_5,0.08888888888888889,0.11111111111111112,0.022222222222222227
dense,B1,B3,C024,recall_at_5,0.15476190476190477,0.17857142857142858,0.023809523809523808
dense,B1,B3,C001,recall_at_10,0.20289855072463767,0.2318840579710145,0.02898550724637683
dense,B1,B3,C002,recall_at_10,0.2463768115942029,0.15942028985507245,-0.08695652173913046
dense,B1,B3,C003,recall_at_10,0.24561403508771928,0.22807017543859648,-0.017543859649122806
dense,B1,B3,C004,recall_at_10,0.3333333333333333,0.3333333333333333,0.0
dense,B1,B3,C005,recall_at_10,0.19444444444444445,0.2222222222222222,0.027777777777777762
dense,B1,B3,C006,recall_at_10,0.16666666666666666,0.20833333333333334,0.041666666666666685
dense,B1,B3,C007,recall_at_10,0.21568627450980393,0.23529411764705882,0.019607843137254888
dense,B1,B3,C008,recall_at_10,0.2608695652173913,0.17391304347826086,-0.08695652173913043
dense,B1,B3,C009,recall_at_10,0.3333333333333333,0.2638888888888889,-0.06944444444444442
dense,B1,B3,C010,recall_at_10,0.25757575757575757,0.15151515151515152,-0.10606060606060605
dense,B1,B3,C011,recall_at_10,0.2121212121212121,0.15151515151515152,-0.06060606060606058
dense,B1,B3,C012,recall_at_10,0.1935483870967742,0.16129032258064516,-0.03225806451612903
dense,B1,B3,C013,recall_at_10,0.2698412698412698,0.25396825396825395,-0.015873015873015872
dense,B1,B3,C014,recall_at_10,0.1794871794871795,0.1794871794871795,0.0
dense,B1,B3,C015,recall_at_10,0.19047619047619047,0.21904761904761905,0.02857142857142858
dense,B1,B3,C016,recall_at_10,0.22222222222222224,0.1388888888888889,-0.08333333333333334
dense,B1,B3,C017,recall_at_10,0.18181818181818182,0.19696969696969696,0.015151515151515138
dense,B1,B3,C018,recall_at_10,0.19047619047619047,0.1746031746031746,-0.015873015873015872
dense,B1,B3,C019,recall_at_10,0.20833333333333334,0.20833333333333334,0.0
dense,B1,B3,C020,recall_at_10,0.1794871794871795,0.16666666666666669,-0.012820512820512803
dense,B1,B3,C021,recall_at_10,0.1746031746031746,0.1746031746031746,0.0
dense,B1,B3,C022,recall_at_10,0.24444444444444444,0.2111111111111111,-0.033333333333333326
dense,B1,B3,C023,recall_at_10,0.15555555555555556,0.18888888888888888,0.033333333333333326
dense,B1,B3,C024,recall_at_10,0.2857142857142857,0.30952380952380953,0.023809523809523836
dense,B1,B3,C001,recall_at_20,0.42028985507246375,0.4057971014492754,-0.01449275362318836
dense,B1,B3,C002,recall_at_20,0.37681159420289856,0.34782608695652173,-0.02898550724637683
dense,B1,B3,C003,recall_at_20,0.42105263157894735,0.40350877192982454,-0.017543859649122806
dense,B1,B3,C004,recall_at_20,0.48148148148148145,0.6111111111111112,0.1296296296296297
dense,B1,B3,C005,recall_at_20,0.4861111111111111,0.3611111111111111,-0.125
dense,B1,B3,C006,recall_at_20,0.375,0.4027777777777778,0.02777777777777779
dense,B1,B3,C007,recall_at_20,0.45098039215686275,0.4117647058823529,-0.03921568627450983
dense,B1,B3,C008,recall_at_20,0.43478260869565216,0.2753623188405797,-0.15942028985507245
dense,B1,B3,C009,recall_at_20,0.4583333333333333,0.3888888888888889,-0.06944444444444442
dense,B1,B3,C010,recall_at_20,0.42424242424242425,0.3181818181818182,-0.10606060606060608
dense,B1,B3,C011,recall_at_20,0.45454545454545453,0.2727272727272727,-0.18181818181818182
dense,B1,B3,C012,recall_at_20,0.3978494623655914,0.3655913978494624,-0.032258064516129004
dense,B1,B3,C013,recall_at_20,0.5555555555555556,0.4126984126984127,-0.1428571428571429
dense,B1,B3,C014,recall_at_20,0.358974358974359,0.3717948717948718,0.01282051282051283
dense,B1,B3,C015,recall_at_20,0.3904761904761905,0.37142857142857144,-0.019047619047619035
dense,B1,B3,C016,recall_at_20,0.3611111111111111,0.2777777777777778,-0.08333333333333331
dense,B1,B3,C017,recall_at_20,0.45454545454545453,0.42424242424242425,-0.030303030303030276
dense,B1,B3,C018,recall_at_20,0.3333333333333333,0.3492063492063492,0.015873015873015872
dense,B1,B3,C019,recall_at_20,0.3472222222222222,0.3055555555555556,-0.04166666666666663
dense,B1,B3,C020,recall_at_20,0.38461538461538464,0.3333333333333333,-0.05128205128205132
dense,B1,B3,C021,recall_at_20,0.36507936507936506,0.3333333333333333,-0.031746031746031744
dense,B1,B3,C022,recall_at_20,0.45555555555555555,0.41111111111111115,-0.0444444444444444
dense,B1,B3,C023,recall_at_20,0.3555555555555555,0.3111111111111111,-0.0444444444444444
dense,B1,B3,C024,recall_at_20,0.44047619047619047,0.41666666666666663,-0.023809523809523836
dense,B1,B3,C001,strong_recall_at_10,0.3333333333333333,0.5833333333333334,0.25000000000000006
dense,B1,B3,C002,strong_recall_at_10,0.1111111111111111,0.6666666666666666,0.5555555555555556
dense,B1,B3,C003,strong_recall_at_10,0.6666666666666666,0.6666666666666666,0.0
dense,B1,B3,C004,strong_recall_at_10,0.47619047619047616,0.23809523809523808,-0.23809523809523808
dense,B1,B3,C005,strong_recall_at_10,0.3333333333333333,0.8333333333333334,0.5
dense,B1,B3,C006,strong_recall_at_10,0.2962962962962963,0.3333333333333333,0.037037037037037035
dense,B1,B3,C007,strong_recall_at_10,1.0,0.3333333333333333,-0.6666666666666667
dense,B1,B3,C008,strong_recall_at_10,0.08333333333333333,0.4166666666666667,0.33333333333333337
dense,B1,B3,C009,strong_recall_at_10,0.5555555555555556,0.5,-0.05555555555555558
dense,B1,B3,C010,strong_recall_at_10,0.2777777777777778,0.2222222222222222,-0.05555555555555558
dense,B1,B3,C011,strong_recall_at_10,0.4,0.13333333333333333,-0.2666666666666667
dense,B1,B3,C012,strong_recall_at_10,0.3333333333333333,0.19444444444444445,-0.13888888888888887
dense,B1,B3,C013,strong_recall_at_10,0.4444444444444444,0.2777777777777778,-0.16666666666666663
dense,B1,B3,C014,strong_recall_at_10,0.5,0.16666666666666666,-0.33333333333333337
dense,B1,B3,C015,strong_recall_at_10,0.2777777777777778,0.7222222222222222,0.4444444444444444
dense,B1,B3,C016,strong_recall_at_10,0.38095238095238093,0.09523809523809523,-0.2857142857142857
dense,B1,B3,C017,strong_recall_at_10,0.3,0.2,-0.09999999999999998
dense,B1,B3,C018,strong_recall_at_10,0.3333333333333333,0.2222222222222222,-0.1111111111111111
dense,B1,B3,C019,strong_recall_at_10,0.2777777777777778,0.3888888888888889,0.1111111111111111
dense,B1,B3,C020,strong_recall_at_10,0.3333333333333333,0.12121212121212122,-0.2121212121212121
dense,B1,B3,C021,strong_recall_at_10,0.2857142857142857,0.38095238095238093,0.09523809523809523
dense,B1,B3,C022,strong_recall_at_10,0.3333333333333333,0.3333333333333333,0.0
dense,B1,B3,C023,strong_recall_at_10,0.25,0.3333333333333333,0.08333333333333331
dense,B1,B3,C024,strong_recall_at_10,0.375,0.4583333333333333,0.08333333333333331
dense,B1,B3,C001,ndcg_at_10,0.4019834192712101,0.4857465429804244,0.0837631237092143
dense,B1,B3,C002,ndcg_at_10,0.3744190825994718,0.3187508003042205,-0.05566828229525134
dense,B1,B3,C003,ndcg_at_10,0.5031428520012721,0.4511525742178566,-0.05199027778341547
dense,B1,B3,C004,ndcg_at_10,0.5091737782194112,0.3678873695640046,-0.14128640865540665
dense,B1,B3,C005,ndcg_at_10,0.42438226851921584,0.6275955101233294,0.20321324160411353
dense,B1,B3,C006,ndcg_at_10,0.44152529891246645,0.3775810577446021,-0.06394424116786435
dense,B1,B3,C007,ndcg_at_10,0.48974415650103204,0.3594888790069267,-0.13025527749410531
dense,B1,B3,C008,ndcg_at_10,0.35402169633083314,0.31837208119483446,-0.03564961513599868
dense,B1,B3,C009,ndcg_at_10,0.6567983412822289,0.6639551910713118,0.007156849789082931
dense,B1,B3,C010,ndcg_at_10,0.4100710612882828,0.2256806008770847,-0.1843904604111981
dense,B1,B3,C011,ndcg_at_10,0.3787182237595126,0.19648369782028235,-0.18223452593923023
dense,B1,B3,C012,ndcg_at_10,0.47862656026768546,0.29400692058785693,-0.18461963967982853
dense,B1,B3,C013,ndcg_at_10,0.45629564377318854,0.3829130037020844,-0.07338264007110412
dense,B1,B3,C014,ndcg_at_10,0.40924505515941706,0.28691212204397526,-0.1223329331154418
dense,B1,B3,C015,ndcg_at_10,0.4527688678586254,0.7323825046086737,0.2796136367500483
dense,B1,B3,C016,ndcg_at_10,0.3956201674767367,0.19549385598995522,-0.20012631148678145
dense,B1,B3,C017,ndcg_at_10,0.3623402837389546,0.312825610498005,-0.0495146732409496
dense,B1,B3,C018,ndcg_at_10,0.3343819472905828,0.22138493431966197,-0.11299701297092082
dense,B1,B3,C019,ndcg_at_10,0.36566611242208535,0.3778909198691814,0.012224807447096031
dense,B1,B3,C020,ndcg_at_10,0.4115116473630992,0.2114430090688162,-0.200068638294283
dense,B1,B3,C021,ndcg_at_10,0.26428127360989306,0.3976105915810702,0.13332931797117714
dense,B1,B3,C022,ndcg_at_10,0.4466479169303181,0.4790933704036476,0.0324454534733295
dense,B1,B3,C023,ndcg_at_10,0.39078211809800595,0.4083137554111188,0.017531637313112858
dense,B1,B3,C024,ndcg_at_10,0.5086932091221262,0.5852003310309832,0.076507121908857
dense,B1,B3,C001,irrelevant_fraction_at_10,0.5333333333333333,0.4666666666666667,-0.06666666666666665
dense,B1,B3,C002,irrelevant_fraction_at_10,0.43333333333333335,0.6333333333333333,0.19999999999999996
dense,B1,B3,C003,irrelevant_fraction_at_10,0.5333333333333333,0.5666666666666667,0.033333333333333326
dense,B1,B3,C004,irrelevant_fraction_at_10,0.4,0.4,0.0
dense,B1,B3,C005,irrelevant_fraction_at_10,0.5333333333333333,0.4666666666666667,-0.06666666666666665
dense,B1,B3,C006,irrelevant_fraction_at_10,0.6,0.5,-0.09999999999999998
dense,B1,B3,C007,irrelevant_fraction_at_10,0.6333333333333333,0.6,-0.033333333333333326
dense,B1,B3,C008,irrelevant_fraction_at_10,0.4,0.6,0.19999999999999996
dense,B1,B3,C009,irrelevant_fraction_at_10,0.2,0.3666666666666667,0.16666666666666669
dense,B1,B3,C010,irrelevant_fraction_at_10,0.43333333333333335,0.6666666666666667,0.2333333333333334
dense,B1,B3,C011,irrelevant_fraction_at_10,0.5333333333333333,0.6666666666666666,0.1333333333333333
dense,B1,B3,C012,irrelevant_fraction_at_10,0.4,0.5,0.09999999999999998
dense,B1,B3,C013,irrelevant_fraction_at_10,0.43333333333333335,0.4666666666666667,0.033333333333333326
dense,B1,B3,C014,irrelevant_fraction_at_10,0.5333333333333333,0.5333333333333333,0.0
dense,B1,B3,C015,irrelevant_fraction_at_10,0.33333333333333337,0.23333333333333334,-0.10000000000000003
dense,B1,B3,C016,irrelevant_fraction_at_10,0.4666666666666667,0.6666666666666666,0.19999999999999996
dense,B1,B3,C017,irrelevant_fraction_at_10,0.6,0.5666666666666667,-0.033333333333333326
dense,B1,B3,C018,irrelevant_fraction_at_10,0.6,0.6333333333333333,0.033333333333333326
dense,B1,B3,C019,irrelevant_fraction_at_10,0.5,0.5,0.0
dense,B1,B3,C020,irrelevant_fraction_at_10,0.5333333333333333,0.5666666666666667,0.033333333333333326
dense,B1,B3,C021,irrelevant_fraction_at_10,0.6333333333333333,0.6333333333333333,0.0
dense,B1,B3,C022,irrelevant_fraction_at_10,0.26666666666666666,0.36666666666666664,0.09999999999999998
dense,B1,B3,C023,irrelevant_fraction_at_10,0.5333333333333333,0.43333333333333335,-0.09999999999999998
dense,B1,B3,C024,irrelevant_fraction_at_10,0.2,0.13333333333333333,-0.06666666666666668
dense,B1,B4,C001,recall_at_5,0.13043478260869565,0.17391304347826086,0.043478260869565216
dense,B1,B4,C002,recall_at_5,0.17391304347826086,0.17391304347826086,0.0
dense,B1,B4,C003,recall_at_5,0.15789473684210525,0.15789473684210525,0.0
dense,B1,B4,C004,recall_at_5,0.2037037037037037,0.2222222222222222,0.018518518518518517
dense,B1,B4,C005,recall_at_5,0.1388888888888889,0.125,-0.013888888888888895
dense,B1,B4,C006,recall_at_5,0.125,0.16666666666666666,0.04166666666666666
dense,B1,B4,C007,recall_at_5,0.13725490196078433,0.11764705882352941,-0.019607843137254916
dense,B1,B4,C008,recall_at_5,0.18840579710144928,0.21739130434782608,0.0289855072463768
dense,B1,B4,C009,recall_at_5,0.19444444444444445,0.16666666666666666,-0.02777777777777779
dense,B1,B4,C010,recall_at_5,0.18181818181818182,0.18181818181818182,0.0
dense,B1,B4,C011,recall_at_5,0.12121212121212122,0.18181818181818182,0.06060606060606061
dense,B1,B4,C012,recall_at_5,0.12903225806451613,0.12903225806451613,0.0
dense,B1,B4,C013,recall_at_5,0.15873015873015872,0.14285714285714285,-0.015873015873015872
dense,B1,B4,C014,recall_at_5,0.12820512820512822,0.15384615384615385,0.025641025641025633
dense,B1,B4,C015,recall_at_5,0.10476190476190476,0.14285714285714285,0.038095238095238085
dense,B1,B4,C016,recall_at_5,0.125,0.16666666666666666,0.04166666666666666
dense,B1,B4,C017,recall_at_5,0.13636363636363635,0.18181818181818182,0.04545454545454547
dense,B1,B4,C018,recall_at_5,0.12698412698412698,0.19047619047619047,0.06349206349206349
dense,B1,B4,C019,recall_at_5,0.15277777777777776,0.16666666666666666,0.013888888888888895
dense,B1,B4,C020,recall_at_5,0.10256410256410257,0.15384615384615385,0.05128205128205128
dense,B1,B4,C021,recall_at_5,0.047619047619047616,0.14285714285714285,0.09523809523809523
dense,B1,B4,C022,recall_at_5,0.15555555555555556,0.13333333333333333,-0.022222222222222227
dense,B1,B4,C023,recall_at_5,0.08888888888888889,0.13333333333333333,0.04444444444444444
dense,B1,B4,C024,recall_at_5,0.15476190476190477,0.17857142857142858,0.023809523809523808
dense,B1,B4,C001,recall_at_10,0.20289855072463767,0.34782608695652173,0.14492753623188406
dense,B1,B4,C002,recall_at_10,0.2463768115942029,0.34782608695652173,0.10144927536231882
dense,B1,B4,C003,recall_at_10,0.24561403508771928,0.2631578947368421,0.017543859649122806
dense,B1,B4,C004,recall_at_10,0.3333333333333333,0.4444444444444444,0.1111111111111111
dense,B1,B4,C005,recall_at_10,0.19444444444444445,0.25,0.05555555555555555
dense,B1,B4,C006,recall_at_10,0.16666666666666666,0.2916666666666667,0.12500000000000003
dense,B1,B4,C007,recall_at_10,0.21568627450980393,0.35294117647058826,0.13725490196078433
dense,B1,B4,C008,recall_at_10,0.2608695652173913,0.391304347826087,0.13043478260869568
dense,B1,B4,C009,recall_at_10,0.3333333333333333,0.3333333333333333,0.0
dense,B1,B4,C010,recall_at_10,0.25757575757575757,0.36363636363636365,0.10606060606060608
dense,B1,B4,C011,recall_at_10,0.2121212121212121,0.36363636363636365,0.15151515151515155
dense,B1,B4,C012,recall_at_10,0.1935483870967742,0.25806451612903225,0.06451612903225806
dense,B1,B4,C013,recall_at_10,0.2698412698412698,0.3333333333333333,0.06349206349206349
dense,B1,B4,C014,recall_at_10,0.1794871794871795,0.2692307692307692,0.08974358974358973
dense,B1,B4,C015,recall_at_10,0.19047619047619047,0.2571428571428571,0.06666666666666665
dense,B1,B4,C016,recall_at_10,0.22222222222222224,0.3333333333333333,0.11111111111111108
dense,B1,B4,C017,recall_at_10,0.18181818181818182,0.3181818181818182,0.13636363636363635
dense,B1,B4,C018,recall_at_10,0.19047619047619047,0.38095238095238093,0.19047619047619047
dense,B1,B4,C019,recall_at_10,0.20833333333333334,0.2916666666666667,0.08333333333333334
dense,B1,B4,C020,recall_at_10,0.1794871794871795,0.3076923076923077,0.12820512820512822
dense,B1,B4,C021,recall_at_10,0.1746031746031746,0.3333333333333333,0.15873015873015872
dense,B1,B4,C022,recall_at_10,0.24444444444444444,0.26666666666666666,0.022222222222222227
dense,B1,B4,C023,recall_at_10,0.15555555555555556,0.26666666666666666,0.1111111111111111
dense,B1,B4,C024,recall_at_10,0.2857142857142857,0.32142857142857145,0.035714285714285754
dense,B1,B4,C001,recall_at_20,0.42028985507246375,0.43478260869565216,0.014492753623188415
dense,B1,B4,C002,recall_at_20,0.37681159420289856,0.43478260869565216,0.0579710144927536
dense,B1,B4,C003,recall_at_20,0.42105263157894735,0.3684210526315789,-0.05263157894736842
dense,B1,B4,C004,recall_at_20,0.48148148148148145,0.5555555555555556,0.07407407407407413
dense,B1,B4,C005,recall_at_20,0.4861111111111111,0.4166666666666667,-0.06944444444444442
dense,B1,B4,C006,recall_at_20,0.375,0.5,0.125
dense,B1,B4,C007,recall_at_20,0.45098039215686275,0.5294117647058824,0.0784313725490196
dense,B1,B4,C008,recall_at_20,0.43478260869565216,0.4782608695652174,0.043478260869565244
dense,B1,B4,C009,recall_at_20,0.4583333333333333,0.4583333333333333,0.0
dense,B1,B4,C010,recall_at_20,0.42424242424242425,0.5,0.07575757575757575
dense,B1,B4,C011,recall_at_20,0.45454545454545453,0.45454545454545453,0.0
dense,B1,B4,C012,recall_at_20,0.3978494623655914,0.3870967741935484,-0.010752688172043001
dense,B1,B4,C013,recall_at_20,0.5555555555555556,0.5238095238095238,-0.031746031746031744
dense,B1,B4,C014,recall_at_20,0.358974358974359,0.46153846153846156,0.10256410256410259
dense,B1,B4,C015,recall_at_20,0.3904761904761905,0.4,0.009523809523809545
dense,B1,B4,C016,recall_at_20,0.3611111111111111,0.5,0.1388888888888889
dense,B1,B4,C017,recall_at_20,0.45454545454545453,0.5454545454545454,0.09090909090909088
dense,B1,B4,C018,recall_at_20,0.3333333333333333,0.47619047619047616,0.14285714285714285
dense,B1,B4,C019,recall_at_20,0.3472222222222222,0.375,0.02777777777777779
dense,B1,B4,C020,recall_at_20,0.38461538461538464,0.46153846153846156,0.07692307692307693
dense,B1,B4,C021,recall_at_20,0.36507936507936506,0.42857142857142855,0.06349206349206349
dense,B1,B4,C022,recall_at_20,0.45555555555555555,0.43333333333333335,-0.0222222222222222
dense,B1,B4,C023,recall_at_20,0.3555555555555555,0.43333333333333335,0.07777777777777783
dense,B1,B4,C024,recall_at_20,0.44047619047619047,0.5,0.059523809523809534
dense,B1,B4,C001,strong_recall_at_10,0.3333333333333333,0.25,-0.08333333333333331
dense,B1,B4,C002,strong_recall_at_10,0.1111111111111111,0.3333333333333333,0.2222222222222222
dense,B1,B4,C003,strong_recall_at_10,0.6666666666666666,0.0,-0.6666666666666666
dense,B1,B4,C004,strong_recall_at_10,0.47619047619047616,0.5714285714285714,0.09523809523809523
dense,B1,B4,C005,strong_recall_at_10,0.3333333333333333,0.0,-0.3333333333333333
dense,B1,B4,C006,strong_recall_at_10,0.2962962962962963,0.4444444444444444,0.14814814814814814
dense,B1,B4,C007,strong_recall_at_10,1.0,1.0,0.0
dense,B1,B4,C008,strong_recall_at_10,0.08333333333333333,0.25,0.16666666666666669
dense,B1,B4,C009,strong_recall_at_10,0.5555555555555556,0.5,-0.05555555555555558
dense,B1,B4,C010,strong_recall_at_10,0.2777777777777778,0.3333333333333333,0.055555555555555525
dense,B1,B4,C011,strong_recall_at_10,0.4,0.8,0.4
dense,B1,B4,C012,strong_recall_at_10,0.3333333333333333,0.5,0.16666666666666669
dense,B1,B4,C013,strong_recall_at_10,0.4444444444444444,0.3333333333333333,-0.1111111111111111
dense,B1,B4,C014,strong_recall_at_10,0.5,0.0,-0.5
dense,B1,B4,C015,strong_recall_at_10,0.2777777777777778,0.16666666666666666,-0.11111111111111113
dense,B1,B4,C016,strong_recall_at_10,0.38095238095238093,0.5714285714285714,0.19047619047619047
dense,B1,B4,C017,strong_recall_at_10,0.3,0.5,0.2
dense,B1,B4,C018,strong_recall_at_10,0.3333333333333333,0.3333333333333333,0.0
dense,B1,B4,C019,strong_recall_at_10,0.2777777777777778,0.16666666666666666,-0.11111111111111113
dense,B1,B4,C020,strong_recall_at_10,0.3333333333333333,0.5454545454545454,0.2121212121212121
dense,B1,B4,C021,strong_recall_at_10,0.2857142857142857,0.2857142857142857,0.0
dense,B1,B4,C022,strong_recall_at_10,0.3333333333333333,0.42857142857142855,0.09523809523809523
dense,B1,B4,C023,strong_recall_at_10,0.25,0.25,0.0
dense,B1,B4,C024,strong_recall_at_10,0.375,0.375,0.0
dense,B1,B4,C001,ndcg_at_10,0.4019834192712101,0.43341554535764754,0.03143212608643742
dense,B1,B4,C002,ndcg_at_10,0.3744190825994718,0.4798891255258606,0.10547004292638879
dense,B1,B4,C003,ndcg_at_10,0.5031428520012721,0.3037924476502,-0.19935040435107204
dense,B1,B4,C004,ndcg_at_10,0.5091737782194112,0.5653351641870077,0.056161385967596456
dense,B1,B4,C005,ndcg_at_10,0.42438226851921584,0.23455167662481563,-0.1898305918944002
dense,B1,B4,C006,ndcg_at_10,0.44152529891246645,0.48653580725628426,0.04501050834381781
dense,B1,B4,C007,ndcg_at_10,0.48974415650103204,0.48129456125611236,-0.008449595244919672
dense,B1,B4,C008,ndcg_at_10,0.35402169633083314,0.49868342962058776,0.14466173328975462
dense,B1,B4,C009,ndcg_at_10,0.6567983412822289,0.5251011069036831,-0.13169723437854586
dense,B1,B4,C010,ndcg_at_10,0.4100710612882828,0.4685443715338211,0.05847331024553831
dense,B1,B4,C011,ndcg_at_10,0.3787182237595126,0.7745793051059333,0.39586108134642073
dense,B1,B4,C012,ndcg_at_10,0.47862656026768546,0.7035601924731819,0.22493363220549645
dense,B1,B4,C013,ndcg_at_10,0.45629564377318854,0.37651442494566045,-0.07978121882752809
dense,B1,B4,C014,ndcg_at_10,0.40924505515941706,0.42567027195022716,0.016425216790810104
dense,B1,B4,C015,ndcg_at_10,0.4527688678586254,0.43545248396949726,-0.01731638388912815
dense,B1,B4,C016,ndcg_at_10,0.3956201674767367,0.5616713519610632,0.16605118448432654
dense,B1,B4,C017,ndcg_at_10,0.3623402837389546,0.502015748331371,0.13967546459241637
dense,B1,B4,C018,ndcg_at_10,0.3343819472905828,0.4741732828107482,0.13979133552016543
dense,B1,B4,C019,ndcg_at_10,0.36566611242208535,0.3424302136485129,-0.02323589877357246
dense,B1,B4,C020,ndcg_at_10,0.4115116473630992,0.691845408100173,0.28033376073707383
dense,B1,B4,C021,ndcg_at_10,0.26428127360989306,0.36419758987022205,0.09991631626032899
dense,B1,B4,C022,ndcg_at_10,0.4466479169303181,0.4384249774268777,-0.008222939503440385
dense,B1,B4,C023,ndcg_at_10,0.39078211809800595,0.3937430332633807,0.002960915165374778
dense,B1,B4,C024,ndcg_at_10,0.5086932091221262,0.49652588202737585,-0.01216732709475038
dense,B1,B4,C001,irrelevant_fraction_at_10,0.5333333333333333,0.2,-0.3333333333333333
dense,B1,B4,C002,irrelevant_fraction_at_10,0.43333333333333335,0.2,-0.23333333333333334
dense,B1,B4,C003,irrelevant_fraction_at_10,0.5333333333333333,0.5,-0.033333333333333326
dense,B1,B4,C004,irrelevant_fraction_at_10,0.4,0.2,-0.2
dense,B1,B4,C005,irrelevant_fraction_at_10,0.5333333333333333,0.4,-0.1333333333333333
dense,B1,B4,C006,irrelevant_fraction_at_10,0.6,0.3,-0.3
dense,B1,B4,C007,irrelevant_fraction_at_10,0.6333333333333333,0.4,-0.23333333333333328
dense,B1,B4,C008,irrelevant_fraction_at_10,0.4,0.1,-0.30000000000000004
dense,B1,B4,C009,irrelevant_fraction_at_10,0.2,0.2,0.0
dense,B1,B4,C010,irrelevant_fraction_at_10,0.43333333333333335,0.2,-0.23333333333333334
dense,B1,B4,C011,irrelevant_fraction_at_10,0.5333333333333333,0.2,-0.3333333333333333
dense,B1,B4,C012,irrelevant_fraction_at_10,0.4,0.2,-0.2
dense,B1,B4,C013,irrelevant_fraction_at_10,0.43333333333333335,0.3,-0.13333333333333336
dense,B1,B4,C014,irrelevant_fraction_at_10,0.5333333333333333,0.3,-0.23333333333333334
dense,B1,B4,C015,irrelevant_fraction_at_10,0.33333333333333337,0.1,-0.23333333333333336
dense,B1,B4,C016,irrelevant_fraction_at_10,0.4666666666666667,0.2,-0.26666666666666666
dense,B1,B4,C017,irrelevant_fraction_at_10,0.6,0.3,-0.3
dense,B1,B4,C018,irrelevant_fraction_at_10,0.6,0.2,-0.39999999999999997
dense,B1,B4,C019,irrelevant_fraction_at_10,0.5,0.3,-0.2
dense,B1,B4,C020,irrelevant_fraction_at_10,0.5333333333333333,0.2,-0.3333333333333333
dense,B1,B4,C021,irrelevant_fraction_at_10,0.6333333333333333,0.3,-0.3333333333333333
dense,B1,B4,C022,irrelevant_fraction_at_10,0.26666666666666666,0.2,-0.06666666666666665
dense,B1,B4,C023,irrelevant_fraction_at_10,0.5333333333333333,0.2,-0.3333333333333333
dense,B1,B4,C024,irrelevant_fraction_at_10,0.2,0.1,-0.1
dense,B2,B3,C001,recall_at_5,0.17391304347826086,0.14492753623188406,-0.0289855072463768
dense,B2,B3,C002,recall_at_5,0.13043478260869565,0.07246376811594203,-0.05797101449275362
dense,B2,B3,C003,recall_at_5,0.12280701754385964,0.10526315789473684,-0.017543859649122806
dense,B2,B3,C004,recall_at_5,0.24074074074074073,0.16666666666666666,-0.07407407407407407
dense,B2,B3,C005,recall_at_5,0.15277777777777776,0.16666666666666666,0.013888888888888895
dense,B2,B3,C006,recall_at_5,0.16666666666666666,0.1111111111111111,-0.05555555555555555
dense,B2,B3,C007,recall_at_5,0.1568627450980392,0.1568627450980392,0.0
dense,B2,B3,C008,recall_at_5,0.17391304347826086,0.07246376811594203,-0.10144927536231883
dense,B2,B3,C009,recall_at_5,0.20833333333333334,0.19444444444444445,-0.013888888888888895
dense,B2,B3,C010,recall_at_5,0.15151515151515152,0.09090909090909091,-0.06060606060606061
dense,B2,B3,C011,recall_at_5,0.16666666666666666,0.09090909090909091,-0.07575757575757575
dense,B2,B3,C012,recall_at_5,0.0967741935483871,0.0967741935483871,0.0
dense,B2,B3,C013,recall_at_5,0.1746031746031746,0.14285714285714285,-0.031746031746031744
dense,B2,B3,C014,recall_at_5,0.12820512820512822,0.07692307692307693,-0.051282051282051294
dense,B2,B3,C015,recall_at_5,0.1238095238095238,0.13333333333333333,0.009523809523809532
dense,B2,B3,C016,recall_at_5,0.16666666666666666,0.09722222222222221,-0.06944444444444445
dense,B2,B3,C017,recall_at_5,0.15151515151515152,0.10606060606060606,-0.045454545454545456
dense,B2,B3,C018,recall_at_5,0.1746031746031746,0.09523809523809523,-0.07936507936507936
dense,B2,B3,C019,recall_at_5,0.1388888888888889,0.125,-0.013888888888888895
dense,B2,B3,C020,recall_at_5,0.14102564102564102,0.06410256410256411,-0.07692307692307691
dense,B2,B3,C021,recall_at_5,0.1111111111111111,0.07936507936507936,-0.031746031746031744
dense,B2,B3,C022,recall_at_5,0.16666666666666666,0.12222222222222222,-0.04444444444444444
dense,B2,B3,C023,recall_at_5,0.11111111111111112,0.11111111111111112,0.0
dense,B2,B3,C024,recall_at_5,0.17857142857142858,0.17857142857142858,0.0
dense,B2,B3,C001,recall_at_10,0.24637681159420288,0.2318840579710145,-0.014492753623188387
dense,B2,B3,C002,recall_at_10,0.24637681159420288,0.15942028985507245,-0.08695652173913043
dense,B2,B3,C003,recall_at_10,0.24561403508771928,0.22807017543859648,-0.017543859649122806
dense,B2,B3,C004,recall_at_10,0.42592592592592593,0.3333333333333333,-0.09259259259259262
dense,B2,B3,C005,recall_at_10,0.22222222222222224,0.2222222222222222,-2.7755575615628914e-17
dense,B2,B3,C006,recall_at_10,0.2361111111111111,0.20833333333333334,-0.027777777777777762
dense,B2,B3,C007,recall_at_10,0.2549019607843137,0.23529411764705882,-0.019607843137254888
dense,B2,B3,C008,recall_at_10,0.30434782608695654,0.17391304347826086,-0.13043478260869568
dense,B2,B3,C009,recall_at_10,0.375,0.2638888888888889,-0.1111111111111111
dense,B2,B3,C010,recall_at_10,0.25757575757575757,0.15151515151515152,-0.10606060606060605
dense,B2,B3,C011,recall_at_10,0.24242424242424243,0.15151515151515152,-0.09090909090909091
dense,B2,B3,C012,recall_at_10,0.16129032258064516,0.16129032258064516,0.0
dense,B2,B3,C013,recall_at_10,0.36507936507936506,0.25396825396825395,-0.1111111111111111
dense,B2,B3,C014,recall_at_10,0.24358974358974358,0.1794871794871795,-0.0641025641025641
dense,B2,B3,C015,recall_at_10,0.21904761904761905,0.21904761904761905,0.0
dense,B2,B3,C016,recall_at_10,0.22222222222222224,0.1388888888888889,-0.08333333333333334
dense,B2,B3,C017,recall_at_10,0.25757575757575757,0.19696969696969696,-0.06060606060606061
dense,B2,B3,C018,recall_at_10,0.2222222222222222,0.1746031746031746,-0.047619047619047616
dense,B2,B3,C019,recall_at_10,0.22222222222222224,0.20833333333333334,-0.013888888888888895
dense,B2,B3,C020,recall_at_10,0.23076923076923078,0.16666666666666669,-0.0641025641025641
dense,B2,B3,C021,recall_at_10,0.23809523809523808,0.1746031746031746,-0.06349206349206349
dense,B2,B3,C022,recall_at_10,0.26666666666666666,0.2111111111111111,-0.05555555555555555
dense,B2,B3,C023,recall_at_10,0.23333333333333334,0.18888888888888888,-0.04444444444444445
dense,B2,B3,C024,recall_at_10,0.30952380952380953,0.30952380952380953,0.0
dense,B2,B3,C001,recall_at_20,0.42028985507246375,0.4057971014492754,-0.01449275362318836
dense,B2,B3,C002,recall_at_20,0.463768115942029,0.34782608695652173,-0.11594202898550726
dense,B2,B3,C003,recall_at_20,0.42105263157894735,0.40350877192982454,-0.017543859649122806
dense,B2,B3,C004,recall_at_20,0.5185185185185185,0.6111111111111112,0.09259259259259267
dense,B2,B3,C005,recall_at_20,0.4444444444444445,0.3611111111111111,-0.08333333333333337
dense,B2,B3,C006,recall_at_20,0.4027777777777778,0.4027777777777778,0.0
dense,B2,B3,C007,recall_at_20,0.45098039215686275,0.4117647058823529,-0.03921568627450983
dense,B2,B3,C008,recall_at_20,0.4492753623188406,0.2753623188405797,-0.17391304347826086
dense,B2,B3,C009,recall_at_20,0.5416666666666666,0.3888888888888889,-0.15277777777777773
dense,B2,B3,C010,recall_at_20,0.4393939393939394,0.3181818181818182,-0.12121212121212122
dense,B2,B3,C011,recall_at_20,0.42424242424242425,0.2727272727272727,-0.15151515151515155
dense,B2,B3,C012,recall_at_20,0.3548387096774194,0.3655913978494624,0.010752688172043001
dense,B2,B3,C013,recall_at_20,0.5555555555555556,0.4126984126984127,-0.1428571428571429
dense,B2,B3,C014,recall_at_20,0.46153846153846156,0.3717948717948718,-0.08974358974358976
dense,B2,B3,C015,recall_at_20,0.4,0.37142857142857144,-0.02857142857142858
dense,B2,B3,C016,recall_at_20,0.4444444444444444,0.2777777777777778,-0.16666666666666663
dense,B2,B3,C017,recall_at_20,0.48484848484848486,0.42424242424242425,-0.06060606060606061
dense,B2,B3,C018,recall_at_20,0.4603174603174603,0.3492063492063492,-0.1111111111111111
dense,B2,B3,C019,recall_at_20,0.4305555555555555,0.3055555555555556,-0.12499999999999994
dense,B2,B3,C020,recall_at_20,0.4230769230769231,0.3333333333333333,-0.08974358974358976
dense,B2,B3,C021,recall_at_20,0.4444444444444444,0.3333333333333333,-0.1111111111111111
dense,B2,B3,C022,recall_at_20,0.4,0.41111111111111115,0.011111111111111127
dense,B2,B3,C023,recall_at_20,0.4,0.3111111111111111,-0.0888888888888889
dense,B2,B3,C024,recall_at_20,0.4523809523809524,0.41666666666666663,-0.035714285714285754
dense,B2,B3,C001,strong_recall_at_10,0.5,0.5833333333333334,0.08333333333333337
dense,B2,B3,C002,strong_recall_at_10,0.6666666666666666,0.6666666666666666,0.0
dense,B2,B3,C003,strong_recall_at_10,0.3333333333333333,0.6666666666666666,0.3333333333333333
dense,B2,B3,C004,strong_recall_at_10,0.5238095238095237,0.23809523809523808,-0.28571428571428564
dense,B2,B3,C005,strong_recall_at_10,0.5,0.8333333333333334,0.33333333333333337
dense,B2,B3,C006,strong_recall_at_10,0.3333333333333333,0.3333333333333333,0.0
dense,B2,B3,C007,strong_recall_at_10,0.6666666666666666,0.3333333333333333,-0.3333333333333333
dense,B2,B3,C008,strong_recall_at_10,0.16666666666666666,0.4166666666666667,0.25
dense,B2,B3,C009,strong_recall_at_10,0.5,0.5,0.0
dense,B2,B3,C010,strong_recall_at_10,0.3888888888888889,0.2222222222222222,-0.16666666666666669
dense,B2,B3,C011,strong_recall_at_10,0.5333333333333333,0.13333333333333333,-0.4
dense,B2,B3,C012,strong_recall_at_10,0.25,0.19444444444444445,-0.05555555555555555
dense,B2,B3,C013,strong_recall_at_10,0.3888888888888889,0.2777777777777778,-0.1111111111111111
dense,B2,B3,C014,strong_recall_at_10,0.16666666666666666,0.16666666666666666,0.0
dense,B2,B3,C015,strong_recall_at_10,0.3888888888888889,0.7222222222222222,0.3333333333333333
dense,B2,B3,C016,strong_recall_at_10,0.2857142857142857,0.09523809523809523,-0.19047619047619047
dense,B2,B3,C017,strong_recall_at_10,0.43333333333333335,0.2,-0.23333333333333334
dense,B2,B3,C018,strong_recall_at_10,0.1111111111111111,0.2222222222222222,0.1111111111111111
dense,B2,B3,C019,strong_recall_at_10,0.3333333333333333,0.3888888888888889,0.05555555555555558
dense,B2,B3,C020,strong_recall_at_10,0.30303030303030304,0.12121212121212122,-0.18181818181818182
dense,B2,B3,C021,strong_recall_at_10,0.3333333333333333,0.38095238095238093,0.047619047619047616
dense,B2,B3,C022,strong_recall_at_10,0.47619047619047616,0.3333333333333333,-0.14285714285714285
dense,B2,B3,C023,strong_recall_at_10,0.3333333333333333,0.3333333333333333,0.0
dense,B2,B3,C024,strong_recall_at_10,0.375,0.4583333333333333,0.08333333333333331
dense,B2,B3,C001,ndcg_at_10,0.48551258532323505,0.4857465429804244,0.00023395765718936534
dense,B2,B3,C002,ndcg_at_10,0.5315261169863219,0.3187508003042205,-0.21277531668210142
dense,B2,B3,C003,ndcg_at_10,0.3504802684005034,0.4511525742178566,0.1006723058173532
dense,B2,B3,C004,ndcg_at_10,0.6657941245077961,0.3678873695640046,-0.2979067549437915
dense,B2,B3,C005,ndcg_at_10,0.4867803793278817,0.6275955101233294,0.14081513079544766
dense,B2,B3,C006,ndcg_at_10,0.46169139884499394,0.3775810577446021,-0.08411034110039184
dense,B2,B3,C007,ndcg_at_10,0.46866214955114566,0.3594888790069267,-0.10917327054421894
dense,B2,B3,C008,ndcg_at_10,0.4167517417344826,0.31837208119483446,-0.09837966053964814
dense,B2,B3,C009,ndcg_at_10,0.6670634712468906,0.6639551910713118,-0.003108280175578737
dense,B2,B3,C010,ndcg_at_10,0.38703194724316237,0.2256806008770847,-0.16135134636607767
dense,B2,B3,C011,ndcg_at_10,0.5264561651256715,0.19648369782028235,-0.32997246730538915
dense,B2,B3,C012,ndcg_at_10,0.40239186288183443,0.29400692058785693,-0.1083849422939775
dense,B2,B3,C013,ndcg_at_10,0.48300855610396204,0.3829130037020844,-0.10009555240187762
dense,B2,B3,C014,ndcg_at_10,0.427361472662344,0.28691212204397526,-0.14044935061836872
dense,B2,B3,C015,ndcg_at_10,0.5074806183698428,0.7323825046086737,0.2249018862388309
dense,B2,B3,C016,ndcg_at_10,0.45091494482595246,0.19549385598995522,-0.25542108883599723
dense,B2,B3,C017,ndcg_at_10,0.5698862461173504,0.312825610498005,-0.2570606356193454
dense,B2,B3,C018,ndcg_at_10,0.3229172386040244,0.22138493431966197,-0.10153230428436241
dense,B2,B3,C019,ndcg_at_10,0.3727231026416519,0.3778909198691814,0.005167817227529459
dense,B2,B3,C020,ndcg_at_10,0.542687867513256,0.2114430090688162,-0.33124485844443985
dense,B2,B3,C021,ndcg_at_10,0.34381814220849577,0.3976105915810702,0.053792449372574436
dense,B2,B3,C022,ndcg_at_10,0.5405470638432192,0.4790933704036476,-0.06145369343957158
dense,B2,B3,C023,ndcg_at_10,0.46018980308296337,0.4083137554111188,-0.05187604767184456
dense,B2,B3,C024,ndcg_at_10,0.5220174232118133,0.5852003310309832,0.06318290781916991
dense,B2,B3,C001,irrelevant_fraction_at_10,0.43333333333333335,0.4666666666666667,0.033333333333333326
dense,B2,B3,C002,irrelevant_fraction_at_10,0.43333333333333335,0.6333333333333333,0.19999999999999996
dense,B2,B3,C003,irrelevant_fraction_at_10,0.5333333333333333,0.5666666666666667,0.033333333333333326
dense,B2,B3,C004,irrelevant_fraction_at_10,0.23333333333333334,0.4,0.16666666666666669
dense,B2,B3,C005,irrelevant_fraction_at_10,0.4666666666666667,0.4666666666666667,0.0
dense,B2,B3,C006,irrelevant_fraction_at_10,0.43333333333333335,0.5,0.06666666666666665
dense,B2,B3,C007,irrelevant_fraction_at_10,0.5666666666666667,0.6,0.033333333333333326
dense,B2,B3,C008,irrelevant_fraction_at_10,0.3,0.6,0.3
dense,B2,B3,C009,irrelevant_fraction_at_10,0.1,0.3666666666666667,0.2666666666666667
dense,B2,B3,C010,irrelevant_fraction_at_10,0.43333333333333335,0.6666666666666667,0.2333333333333334
dense,B2,B3,C011,irrelevant_fraction_at_10,0.4666666666666667,0.6666666666666666,0.19999999999999996
dense,B2,B3,C012,irrelevant_fraction_at_10,0.5,0.5,0.0
dense,B2,B3,C013,irrelevant_fraction_at_10,0.23333333333333334,0.4666666666666667,0.23333333333333334
dense,B2,B3,C014,irrelevant_fraction_at_10,0.3666666666666667,0.5333333333333333,0.16666666666666663
dense,B2,B3,C015,irrelevant_fraction_at_10,0.23333333333333334,0.23333333333333334,0.0
dense,B2,B3,C016,irrelevant_fraction_at_10,0.4666666666666667,0.6666666666666666,0.19999999999999996
dense,B2,B3,C017,irrelevant_fraction_at_10,0.43333333333333335,0.5666666666666667,0.1333333333333333
dense,B2,B3,C018,irrelevant_fraction_at_10,0.5333333333333333,0.6333333333333333,0.09999999999999998
dense,B2,B3,C019,irrelevant_fraction_at_10,0.4666666666666667,0.5,0.033333333333333326
dense,B2,B3,C020,irrelevant_fraction_at_10,0.4,0.5666666666666667,0.16666666666666663
dense,B2,B3,C021,irrelevant_fraction_at_10,0.5,0.6333333333333333,0.1333333333333333
dense,B2,B3,C022,irrelevant_fraction_at_10,0.2,0.36666666666666664,0.16666666666666663
dense,B2,B3,C023,irrelevant_fraction_at_10,0.3,0.43333333333333335,0.13333333333333336
dense,B2,B3,C024,irrelevant_fraction_at_10,0.13333333333333333,0.13333333333333333,0.0
dense,B2,B4,C001,recall_at_5,0.17391304347826086,0.17391304347826086,0.0
dense,B2,B4,C002,recall_at_5,0.13043478260869565,0.17391304347826086,0.043478260869565216
dense,B2,B4,C003,recall_at_5,0.12280701754385964,0.15789473684210525,0.03508771929824561
dense,B2,B4,C004,recall_at_5,0.24074074074074073,0.2222222222222222,-0.018518518518518517
dense,B2,B4,C005,recall_at_5,0.15277777777777776,0.125,-0.027777777777777762
dense,B2,B4,C006,recall_at_5,0.16666666666666666,0.16666666666666666,0.0
dense,B2,B4,C007,recall_at_5,0.1568627450980392,0.11764705882352941,-0.0392156862745098
dense,B2,B4,C008,recall_at_5,0.17391304347826086,0.21739130434782608,0.043478260869565216
dense,B2,B4,C009,recall_at_5,0.20833333333333334,0.16666666666666666,-0.041666666666666685
dense,B2,B4,C010,recall_at_5,0.15151515151515152,0.18181818181818182,0.030303030303030304
dense,B2,B4,C011,recall_at_5,0.16666666666666666,0.18181818181818182,0.015151515151515166
dense,B2,B4,C012,recall_at_5,0.0967741935483871,0.12903225806451613,0.03225806451612903
dense,B2,B4,C013,recall_at_5,0.1746031746031746,0.14285714285714285,-0.031746031746031744
dense,B2,B4,C014,recall_at_5,0.12820512820512822,0.15384615384615385,0.025641025641025633
dense,B2,B4,C015,recall_at_5,0.1238095238095238,0.14285714285714285,0.01904761904761905
dense,B2,B4,C016,recall_at_5,0.16666666666666666,0.16666666666666666,0.0
dense,B2,B4,C017,recall_at_5,0.15151515151515152,0.18181818181818182,0.030303030303030304
dense,B2,B4,C018,recall_at_5,0.1746031746031746,0.19047619047619047,0.015873015873015872
dense,B2,B4,C019,recall_at_5,0.1388888888888889,0.16666666666666666,0.027777777777777762
dense,B2,B4,C020,recall_at_5,0.14102564102564102,0.15384615384615385,0.01282051282051283
dense,B2,B4,C021,recall_at_5,0.1111111111111111,0.14285714285714285,0.031746031746031744
dense,B2,B4,C022,recall_at_5,0.16666666666666666,0.13333333333333333,-0.033333333333333326
dense,B2,B4,C023,recall_at_5,0.11111111111111112,0.13333333333333333,0.022222222222222213
dense,B2,B4,C024,recall_at_5,0.17857142857142858,0.17857142857142858,0.0
dense,B2,B4,C001,recall_at_10,0.24637681159420288,0.34782608695652173,0.10144927536231885
dense,B2,B4,C002,recall_at_10,0.24637681159420288,0.34782608695652173,0.10144927536231885
dense,B2,B4,C003,recall_at_10,0.24561403508771928,0.2631578947368421,0.017543859649122806
dense,B2,B4,C004,recall_at_10,0.42592592592592593,0.4444444444444444,0.01851851851851849
dense,B2,B4,C005,recall_at_10,0.22222222222222224,0.25,0.027777777777777762
dense,B2,B4,C006,recall_at_10,0.2361111111111111,0.2916666666666667,0.05555555555555558
dense,B2,B4,C007,recall_at_10,0.2549019607843137,0.35294117647058826,0.09803921568627455
dense,B2,B4,C008,recall_at_10,0.30434782608695654,0.391304347826087,0.08695652173913043
dense,B2,B4,C009,recall_at_10,0.375,0.3333333333333333,-0.041666666666666685
dense,B2,B4,C010,recall_at_10,0.25757575757575757,0.36363636363636365,0.10606060606060608
dense,B2,B4,C011,recall_at_10,0.24242424242424243,0.36363636363636365,0.12121212121212122
dense,B2,B4,C012,recall_at_10,0.16129032258064516,0.25806451612903225,0.0967741935483871
dense,B2,B4,C013,recall_at_10,0.36507936507936506,0.3333333333333333,-0.031746031746031744
dense,B2,B4,C014,recall_at_10,0.24358974358974358,0.2692307692307692,0.025641025641025633
dense,B2,B4,C015,recall_at_10,0.21904761904761905,0.2571428571428571,0.03809523809523807
dense,B2,B4,C016,recall_at_10,0.22222222222222224,0.3333333333333333,0.11111111111111108
dense,B2,B4,C017,recall_at_10,0.25757575757575757,0.3181818181818182,0.06060606060606061
dense,B2,B4,C018,recall_at_10,0.2222222222222222,0.38095238095238093,0.15873015873015872
dense,B2,B4,C019,recall_at_10,0.22222222222222224,0.2916666666666667,0.06944444444444445
dense,B2,B4,C020,recall_at_10,0.23076923076923078,0.3076923076923077,0.07692307692307693
dense,B2,B4,C021,recall_at_10,0.23809523809523808,0.3333333333333333,0.09523809523809523
dense,B2,B4,C022,recall_at_10,0.26666666666666666,0.26666666666666666,0.0
dense,B2,B4,C023,recall_at_10,0.23333333333333334,0.26666666666666666,0.033333333333333326
dense,B2,B4,C024,recall_at_10,0.30952380952380953,0.32142857142857145,0.011904761904761918
dense,B2,B4,C001,recall_at_20,0.42028985507246375,0.43478260869565216,0.014492753623188415
dense,B2,B4,C002,recall_at_20,0.463768115942029,0.43478260869565216,-0.02898550724637683
dense,B2,B4,C003,recall_at_20,0.42105263157894735,0.3684210526315789,-0.05263157894736842
dense,B2,B4,C004,recall_at_20,0.5185185185185185,0.5555555555555556,0.03703703703703709
dense,B2,B4,C005,recall_at_20,0.4444444444444445,0.4166666666666667,-0.02777777777777779
dense,B2,B4,C006,recall_at_20,0.4027777777777778,0.5,0.09722222222222221
dense,B2,B4,C007,recall_at_20,0.45098039215686275,0.5294117647058824,0.0784313725490196
dense,B2,B4,C008,recall_at_20,0.4492753623188406,0.4782608695652174,0.02898550724637683
dense,B2,B4,C009,recall_at_20,0.5416666666666666,0.4583333333333333,-0.08333333333333331
dense,B2,B4,C010,recall_at_20,0.4393939393939394,0.5,0.06060606060606061
dense,B2,B4,C011,recall_at_20,0.42424242424242425,0.45454545454545453,0.030303030303030276
dense,B2,B4,C012,recall_at_20,0.3548387096774194,0.3870967741935484,0.032258064516129004
dense,B2,B4,C013,recall_at_20,0.5555555555555556,0.5238095238095238,-0.031746031746031744
dense,B2,B4,C014,recall_at_20,0.46153846153846156,0.46153846153846156,0.0
dense,B2,B4,C015,recall_at_20,0.4,0.4,0.0
dense,B2,B4,C016,recall_at_20,0.4444444444444444,0.5,0.05555555555555558
dense,B2,B4,C017,recall_at_20,0.48484848484848486,0.5454545454545454,0.06060606060606055
dense,B2,B4,C018,recall_at_20,0.4603174603174603,0.47619047619047616,0.015873015873015872
dense,B2,B4,C019,recall_at_20,0.4305555555555555,0.375,-0.055555555555555525
dense,B2,B4,C020,recall_at_20,0.4230769230769231,0.46153846153846156,0.03846153846153849
dense,B2,B4,C021,recall_at_20,0.4444444444444444,0.42857142857142855,-0.015873015873015872
dense,B2,B4,C022,recall_at_20,0.4,0.43333333333333335,0.033333333333333326
dense,B2,B4,C023,recall_at_20,0.4,0.43333333333333335,0.033333333333333326
dense,B2,B4,C024,recall_at_20,0.4523809523809524,0.5,0.047619047619047616
dense,B2,B4,C001,strong_recall_at_10,0.5,0.25,-0.25
dense,B2,B4,C002,strong_recall_at_10,0.6666666666666666,0.3333333333333333,-0.3333333333333333
dense,B2,B4,C003,strong_recall_at_10,0.3333333333333333,0.0,-0.3333333333333333
dense,B2,B4,C004,strong_recall_at_10,0.5238095238095237,0.5714285714285714,0.04761904761904767
dense,B2,B4,C005,strong_recall_at_10,0.5,0.0,-0.5
dense,B2,B4,C006,strong_recall_at_10,0.3333333333333333,0.4444444444444444,0.1111111111111111
dense,B2,B4,C007,strong_recall_at_10,0.6666666666666666,1.0,0.33333333333333337
dense,B2,B4,C008,strong_recall_at_10,0.16666666666666666,0.25,0.08333333333333334
dense,B2,B4,C009,strong_recall_at_10,0.5,0.5,0.0
dense,B2,B4,C010,strong_recall_at_10,0.3888888888888889,0.3333333333333333,-0.05555555555555558
dense,B2,B4,C011,strong_recall_at_10,0.5333333333333333,0.8,0.2666666666666667
dense,B2,B4,C012,strong_recall_at_10,0.25,0.5,0.25
dense,B2,B4,C013,strong_recall_at_10,0.3888888888888889,0.3333333333333333,-0.05555555555555558
dense,B2,B4,C014,strong_recall_at_10,0.16666666666666666,0.0,-0.16666666666666666
dense,B2,B4,C015,strong_recall_at_10,0.3888888888888889,0.16666666666666666,-0.22222222222222224
dense,B2,B4,C016,strong_recall_at_10,0.2857142857142857,0.5714285714285714,0.2857142857142857
dense,B2,B4,C017,strong_recall_at_10,0.43333333333333335,0.5,0.06666666666666665
dense,B2,B4,C018,strong_recall_at_10,0.1111111111111111,0.3333333333333333,0.2222222222222222
dense,B2,B4,C019,strong_recall_at_10,0.3333333333333333,0.16666666666666666,-0.16666666666666666
dense,B2,B4,C020,strong_recall_at_10,0.30303030303030304,0.5454545454545454,0.24242424242424238
dense,B2,B4,C021,strong_recall_at_10,0.3333333333333333,0.2857142857142857,-0.047619047619047616
dense,B2,B4,C022,strong_recall_at_10,0.47619047619047616,0.42857142857142855,-0.047619047619047616
dense,B2,B4,C023,strong_recall_at_10,0.3333333333333333,0.25,-0.08333333333333331
dense,B2,B4,C024,strong_recall_at_10,0.375,0.375,0.0
dense,B2,B4,C001,ndcg_at_10,0.48551258532323505,0.43341554535764754,-0.05209703996558751
dense,B2,B4,C002,ndcg_at_10,0.5315261169863219,0.4798891255258606,-0.0516369914604613
dense,B2,B4,C003,ndcg_at_10,0.3504802684005034,0.3037924476502,-0.046687820750303366
dense,B2,B4,C004,ndcg_at_10,0.6657941245077961,0.5653351641870077,-0.10045896032078838
dense,B2,B4,C005,ndcg_at_10,0.4867803793278817,0.23455167662481563,-0.2522287027030661
dense,B2,B4,C006,ndcg_at_10,0.46169139884499394,0.48653580725628426,0.02484440841129032
dense,B2,B4,C007,ndcg_at_10,0.46866214955114566,0.48129456125611236,0.012632411704966706
dense,B2,B4,C008,ndcg_at_10,0.4167517417344826,0.49868342962058776,0.08193168788610516
dense,B2,B4,C009,ndcg_at_10,0.6670634712468906,0.5251011069036831,-0.14196236434320753
dense,B2,B4,C010,ndcg_at_10,0.38703194724316237,0.4685443715338211,0.08151242429065875
dense,B2,B4,C011,ndcg_at_10,0.5264561651256715,0.7745793051059333,0.2481231399802618
dense,B2,B4,C012,ndcg_at_10,0.40239186288183443,0.7035601924731819,0.3011683295913475
dense,B2,B4,C013,ndcg_at_10,0.48300855610396204,0.37651442494566045,-0.10649413115830159
dense,B2,B4,C014,ndcg_at_10,0.427361472662344,0.42567027195022716,-0.0016912007121168138
dense,B2,B4,C015,ndcg_at_10,0.5074806183698428,0.43545248396949726,-0.07202813440034556
dense,B2,B4,C016,ndcg_at_10,0.45091494482595246,0.5616713519610632,0.11075640713511076
dense,B2,B4,C017,ndcg_at_10,0.5698862461173504,0.502015748331371,-0.06787049778597942
dense,B2,B4,C018,ndcg_at_10,0.3229172386040244,0.4741732828107482,0.15125604420672384
dense,B2,B4,C019,ndcg_at_10,0.3727231026416519,0.3424302136485129,-0.030292888993139033
dense,B2,B4,C020,ndcg_at_10,0.542687867513256,0.691845408100173,0.149157540586917
dense,B2,B4,C021,ndcg_at_10,0.34381814220849577,0.36419758987022205,0.02037944766172628
dense,B2,B4,C022,ndcg_at_10,0.5405470638432192,0.4384249774268777,-0.10212208641634146
dense,B2,B4,C023,ndcg_at_10,0.46018980308296337,0.3937430332633807,-0.06644676981958264
dense,B2,B4,C024,ndcg_at_10,0.5220174232118133,0.49652588202737585,-0.025491541184437472
dense,B2,B4,C001,irrelevant_fraction_at_10,0.43333333333333335,0.2,-0.23333333333333334
dense,B2,B4,C002,irrelevant_fraction_at_10,0.43333333333333335,0.2,-0.23333333333333334
dense,B2,B4,C003,irrelevant_fraction_at_10,0.5333333333333333,0.5,-0.033333333333333326
dense,B2,B4,C004,irrelevant_fraction_at_10,0.23333333333333334,0.2,-0.033333333333333326
dense,B2,B4,C005,irrelevant_fraction_at_10,0.4666666666666667,0.4,-0.06666666666666665
dense,B2,B4,C006,irrelevant_fraction_at_10,0.43333333333333335,0.3,-0.13333333333333336
dense,B2,B4,C007,irrelevant_fraction_at_10,0.5666666666666667,0.4,-0.16666666666666663
dense,B2,B4,C008,irrelevant_fraction_at_10,0.3,0.1,-0.19999999999999998
dense,B2,B4,C009,irrelevant_fraction_at_10,0.1,0.2,0.1
dense,B2,B4,C010,irrelevant_fraction_at_10,0.43333333333333335,0.2,-0.23333333333333334
dense,B2,B4,C011,irrelevant_fraction_at_10,0.4666666666666667,0.2,-0.26666666666666666
dense,B2,B4,C012,irrelevant_fraction_at_10,0.5,0.2,-0.3
dense,B2,B4,C013,irrelevant_fraction_at_10,0.23333333333333334,0.3,0.06666666666666665
dense,B2,B4,C014,irrelevant_fraction_at_10,0.3666666666666667,0.3,-0.06666666666666671
dense,B2,B4,C015,irrelevant_fraction_at_10,0.23333333333333334,0.1,-0.13333333333333333
dense,B2,B4,C016,irrelevant_fraction_at_10,0.4666666666666667,0.2,-0.26666666666666666
dense,B2,B4,C017,irrelevant_fraction_at_10,0.43333333333333335,0.3,-0.13333333333333336
dense,B2,B4,C018,irrelevant_fraction_at_10,0.5333333333333333,0.2,-0.3333333333333333
dense,B2,B4,C019,irrelevant_fraction_at_10,0.4666666666666667,0.3,-0.16666666666666669
dense,B2,B4,C020,irrelevant_fraction_at_10,0.4,0.2,-0.2
dense,B2,B4,C021,irrelevant_fraction_at_10,0.5,0.3,-0.2
dense,B2,B4,C022,irrelevant_fraction_at_10,0.2,0.2,0.0
dense,B2,B4,C023,irrelevant_fraction_at_10,0.3,0.2,-0.09999999999999998
dense,B2,B4,C024,irrelevant_fraction_at_10,0.13333333333333333,0.1,-0.033333333333333326
dense,B3,B4,C001,recall_at_5,0.14492753623188406,0.17391304347826086,0.0289855072463768
dense,B3,B4,C002,recall_at_5,0.07246376811594203,0.17391304347826086,0.10144927536231883
dense,B3,B4,C003,recall_at_5,0.10526315789473684,0.15789473684210525,0.05263157894736842
dense,B3,B4,C004,recall_at_5,0.16666666666666666,0.2222222222222222,0.05555555555555555
dense,B3,B4,C005,recall_at_5,0.16666666666666666,0.125,-0.04166666666666666
dense,B3,B4,C006,recall_at_5,0.1111111111111111,0.16666666666666666,0.05555555555555555
dense,B3,B4,C007,recall_at_5,0.1568627450980392,0.11764705882352941,-0.0392156862745098
dense,B3,B4,C008,recall_at_5,0.07246376811594203,0.21739130434782608,0.14492753623188404
dense,B3,B4,C009,recall_at_5,0.19444444444444445,0.16666666666666666,-0.02777777777777779
dense,B3,B4,C010,recall_at_5,0.09090909090909091,0.18181818181818182,0.09090909090909091
dense,B3,B4,C011,recall_at_5,0.09090909090909091,0.18181818181818182,0.09090909090909091
dense,B3,B4,C012,recall_at_5,0.0967741935483871,0.12903225806451613,0.03225806451612903
dense,B3,B4,C013,recall_at_5,0.14285714285714285,0.14285714285714285,0.0
dense,B3,B4,C014,recall_at_5,0.07692307692307693,0.15384615384615385,0.07692307692307693
dense,B3,B4,C015,recall_at_5,0.13333333333333333,0.14285714285714285,0.009523809523809518
dense,B3,B4,C016,recall_at_5,0.09722222222222221,0.16666666666666666,0.06944444444444445
dense,B3,B4,C017,recall_at_5,0.10606060606060606,0.18181818181818182,0.07575757575757576
dense,B3,B4,C018,recall_at_5,0.09523809523809523,0.19047619047619047,0.09523809523809523
dense,B3,B4,C019,recall_at_5,0.125,0.16666666666666666,0.04166666666666666
dense,B3,B4,C020,recall_at_5,0.06410256410256411,0.15384615384615385,0.08974358974358974
dense,B3,B4,C021,recall_at_5,0.07936507936507936,0.14285714285714285,0.06349206349206349
dense,B3,B4,C022,recall_at_5,0.12222222222222222,0.13333333333333333,0.011111111111111113
dense,B3,B4,C023,recall_at_5,0.11111111111111112,0.13333333333333333,0.022222222222222213
dense,B3,B4,C024,recall_at_5,0.17857142857142858,0.17857142857142858,0.0
dense,B3,B4,C001,recall_at_10,0.2318840579710145,0.34782608695652173,0.11594202898550723
dense,B3,B4,C002,recall_at_10,0.15942028985507245,0.34782608695652173,0.18840579710144928
dense,B3,B4,C003,recall_at_10,0.22807017543859648,0.2631578947368421,0.03508771929824561
dense,B3,B4,C004,recall_at_10,0.3333333333333333,0.4444444444444444,0.1111111111111111
dense,B3,B4,C005,recall_at_10,0.2222222222222222,0.25,0.02777777777777779
dense,B3,B4,C006,recall_at_10,0.20833333333333334,0.2916666666666667,0.08333333333333334
dense,B3,B4,C007,recall_at_10,0.23529411764705882,0.35294117647058826,0.11764705882352944
dense,B3,B4,C008,recall_at_10,0.17391304347826086,0.391304347826087,0.2173913043478261
dense,B3,B4,C009,recall_at_10,0.2638888888888889,0.3333333333333333,0.06944444444444442
dense,B3,B4,C010,recall_at_10,0.15151515151515152,0.36363636363636365,0.21212121212121213
dense,B3,B4,C011,recall_at_10,0.15151515151515152,0.36363636363636365,0.21212121212121213
dense,B3,B4,C012,recall_at_10,0.16129032258064516,0.25806451612903225,0.0967741935483871
dense,B3,B4,C013,recall_at_10,0.25396825396825395,0.3333333333333333,0.07936507936507936
dense,B3,B4,C014,recall_at_10,0.1794871794871795,0.2692307692307692,0.08974358974358973
dense,B3,B4,C015,recall_at_10,0.21904761904761905,0.2571428571428571,0.03809523809523807
dense,B3,B4,C016,recall_at_10,0.1388888888888889,0.3333333333333333,0.19444444444444442
dense,B3,B4,C017,recall_at_10,0.19696969696969696,0.3181818181818182,0.12121212121212122
dense,B3,B4,C018,recall_at_10,0.1746031746031746,0.38095238095238093,0.20634920634920634
dense,B3,B4,C019,recall_at_10,0.20833333333333334,0.2916666666666667,0.08333333333333334
dense,B3,B4,C020,recall_at_10,0.16666666666666669,0.3076923076923077,0.14102564102564102
dense,B3,B4,C021,recall_at_10,0.1746031746031746,0.3333333333333333,0.15873015873015872
dense,B3,B4,C022,recall_at_10,0.2111111111111111,0.26666666666666666,0.05555555555555555
dense,B3,B4,C023,recall_at_10,0.18888888888888888,0.26666666666666666,0.07777777777777778
dense,B3,B4,C024,recall_at_10,0.30952380952380953,0.32142857142857145,0.011904761904761918
dense,B3,B4,C001,recall_at_20,0.4057971014492754,0.43478260869565216,0.028985507246376774
dense,B3,B4,C002,recall_at_20,0.34782608695652173,0.43478260869565216,0.08695652173913043
dense,B3,B4,C003,recall_at_20,0.40350877192982454,0.3684210526315789,-0.03508771929824561
dense,B3,B4,C004,recall_at_20,0.6111111111111112,0.5555555555555556,-0.05555555555555558
dense,B3,B4,C005,recall_at_20,0.3611111111111111,0.4166666666666667,0.05555555555555558
dense,B3,B4,C006,recall_at_20,0.4027777777777778,0.5,0.09722222222222221
dense,B3,B4,C007,recall_at_20,0.4117647058823529,0.5294117647058824,0.11764705882352944
dense,B3,B4,C008,recall_at_20,0.2753623188405797,0.4782608695652174,0.2028985507246377
dense,B3,B4,C009,recall_at_20,0.3888888888888889,0.4583333333333333,0.06944444444444442
dense,B3,B4,C010,recall_at_20,0.3181818181818182,0.5,0.18181818181818182
dense,B3,B4,C011,recall_at_20,0.2727272727272727,0.45454545454545453,0.18181818181818182
dense,B3,B4,C012,recall_at_20,0.3655913978494624,0.3870967741935484,0.021505376344086002
dense,B3,B4,C013,recall_at_20,0.4126984126984127,0.5238095238095238,0.11111111111111116
dense,B3,B4,C014,recall_at_20,0.3717948717948718,0.46153846153846156,0.08974358974358976
dense,B3,B4,C015,recall_at_20,0.37142857142857144,0.4,0.02857142857142858
dense,B3,B4,C016,recall_at_20,0.2777777777777778,0.5,0.2222222222222222
dense,B3,B4,C017,recall_at_20,0.42424242424242425,0.5454545454545454,0.12121212121212116
dense,B3,B4,C018,recall_at_20,0.3492063492063492,0.47619047619047616,0.12698412698412698
dense,B3,B4,C019,recall_at_20,0.3055555555555556,0.375,0.06944444444444442
dense,B3,B4,C020,recall_at_20,0.3333333333333333,0.46153846153846156,0.12820512820512825
dense,B3,B4,C021,recall_at_20,0.3333333333333333,0.42857142857142855,0.09523809523809523
dense,B3,B4,C022,recall_at_20,0.41111111111111115,0.43333333333333335,0.0222222222222222
dense,B3,B4,C023,recall_at_20,0.3111111111111111,0.43333333333333335,0.12222222222222223
dense,B3,B4,C024,recall_at_20,0.41666666666666663,0.5,0.08333333333333337
dense,B3,B4,C001,strong_recall_at_10,0.5833333333333334,0.25,-0.33333333333333337
dense,B3,B4,C002,strong_recall_at_10,0.6666666666666666,0.3333333333333333,-0.3333333333333333
dense,B3,B4,C003,strong_recall_at_10,0.6666666666666666,0.0,-0.6666666666666666
dense,B3,B4,C004,strong_recall_at_10,0.23809523809523808,0.5714285714285714,0.3333333333333333
dense,B3,B4,C005,strong_recall_at_10,0.8333333333333334,0.0,-0.8333333333333334
dense,B3,B4,C006,strong_recall_at_10,0.3333333333333333,0.4444444444444444,0.1111111111111111
dense,B3,B4,C007,strong_recall_at_10,0.3333333333333333,1.0,0.6666666666666667
dense,B3,B4,C008,strong_recall_at_10,0.4166666666666667,0.25,-0.16666666666666669
dense,B3,B4,C009,strong_recall_at_10,0.5,0.5,0.0
dense,B3,B4,C010,strong_recall_at_10,0.2222222222222222,0.3333333333333333,0.1111111111111111
dense,B3,B4,C011,strong_recall_at_10,0.13333333333333333,0.8,0.6666666666666667
dense,B3,B4,C012,strong_recall_at_10,0.19444444444444445,0.5,0.3055555555555556
dense,B3,B4,C013,strong_recall_at_10,0.2777777777777778,0.3333333333333333,0.055555555555555525
dense,B3,B4,C014,strong_recall_at_10,0.16666666666666666,0.0,-0.16666666666666666
dense,B3,B4,C015,strong_recall_at_10,0.7222222222222222,0.16666666666666666,-0.5555555555555556
dense,B3,B4,C016,strong_recall_at_10,0.09523809523809523,0.5714285714285714,0.47619047619047616
dense,B3,B4,C017,strong_recall_at_10,0.2,0.5,0.3
dense,B3,B4,C018,strong_recall_at_10,0.2222222222222222,0.3333333333333333,0.1111111111111111
dense,B3,B4,C019,strong_recall_at_10,0.3888888888888889,0.16666666666666666,-0.22222222222222224
dense,B3,B4,C020,strong_recall_at_10,0.12121212121212122,0.5454545454545454,0.4242424242424242
dense,B3,B4,C021,strong_recall_at_10,0.38095238095238093,0.2857142857142857,-0.09523809523809523
dense,B3,B4,C022,strong_recall_at_10,0.3333333333333333,0.42857142857142855,0.09523809523809523
dense,B3,B4,C023,strong_recall_at_10,0.3333333333333333,0.25,-0.08333333333333331
dense,B3,B4,C024,strong_recall_at_10,0.4583333333333333,0.375,-0.08333333333333331
dense,B3,B4,C001,ndcg_at_10,0.4857465429804244,0.43341554535764754,-0.052330997622776876
dense,B3,B4,C002,ndcg_at_10,0.3187508003042205,0.4798891255258606,0.16113832522164012
dense,B3,B4,C003,ndcg_at_10,0.4511525742178566,0.3037924476502,-0.14736012656765657
dense,B3,B4,C004,ndcg_at_10,0.3678873695640046,0.5653351641870077,0.1974477946230031
dense,B3,B4,C005,ndcg_at_10,0.6275955101233294,0.23455167662481563,-0.39304383349851374
dense,B3,B4,C006,ndcg_at_10,0.3775810577446021,0.48653580725628426,0.10895474951168216
dense,B3,B4,C007,ndcg_at_10,0.3594888790069267,0.48129456125611236,0.12180568224918564
dense,B3,B4,C008,ndcg_at_10,0.31837208119483446,0.49868342962058776,0.1803113484257533
dense,B3,B4,C009,ndcg_at_10,0.6639551910713118,0.5251011069036831,-0.1388540841676288
dense,B3,B4,C010,ndcg_at_10,0.2256806008770847,0.4685443715338211,0.24286377065673642
dense,B3,B4,C011,ndcg_at_10,0.19648369782028235,0.7745793051059333,0.5780956072856509
dense,B3,B4,C012,ndcg_at_10,0.29400692058785693,0.7035601924731819,0.409553271885325
dense,B3,B4,C013,ndcg_at_10,0.3829130037020844,0.37651442494566045,-0.006398578756423967
dense,B3,B4,C014,ndcg_at_10,0.28691212204397526,0.42567027195022716,0.1387581499062519
dense,B3,B4,C015,ndcg_at_10,0.7323825046086737,0.43545248396949726,-0.29693002063917645
dense,B3,B4,C016,ndcg_at_10,0.19549385598995522,0.5616713519610632,0.366177495971108
dense,B3,B4,C017,ndcg_at_10,0.312825610498005,0.502015748331371,0.18919013783336597
dense,B3,B4,C018,ndcg_at_10,0.22138493431966197,0.4741732828107482,0.2527883484910862
dense,B3,B4,C019,ndcg_at_10,0.3778909198691814,0.3424302136485129,-0.03546070622066849
dense,B3,B4,C020,ndcg_at_10,0.2114430090688162,0.691845408100173,0.48040239903135684
dense,B3,B4,C021,ndcg_at_10,0.3976105915810702,0.36419758987022205,-0.033413001710848156
dense,B3,B4,C022,ndcg_at_10,0.4790933704036476,0.4384249774268777,-0.040668392976769885
dense,B3,B4,C023,ndcg_at_10,0.4083137554111188,0.3937430332633807,-0.01457072214773808
dense,B3,B4,C024,ndcg_at_10,0.5852003310309832,0.49652588202737585,-0.08867444900360738
dense,B3,B4,C001,irrelevant_fraction_at_10,0.4666666666666667,0.2,-0.26666666666666666
dense,B3,B4,C002,irrelevant_fraction_at_10,0.6333333333333333,0.2,-0.4333333333333333
dense,B3,B4,C003,irrelevant_fraction_at_10,0.5666666666666667,0.5,-0.06666666666666665
dense,B3,B4,C004,irrelevant_fraction_at_10,0.4,0.2,-0.2
dense,B3,B4,C005,irrelevant_fraction_at_10,0.4666666666666667,0.4,-0.06666666666666665
dense,B3,B4,C006,irrelevant_fraction_at_10,0.5,0.3,-0.2
dense,B3,B4,C007,irrelevant_fraction_at_10,0.6,0.4,-0.19999999999999996
dense,B3,B4,C008,irrelevant_fraction_at_10,0.6,0.1,-0.5
dense,B3,B4,C009,irrelevant_fraction_at_10,0.3666666666666667,0.2,-0.16666666666666669
dense,B3,B4,C010,irrelevant_fraction_at_10,0.6666666666666667,0.2,-0.46666666666666673
dense,B3,B4,C011,irrelevant_fraction_at_10,0.6666666666666666,0.2,-0.4666666666666666
dense,B3,B4,C012,irrelevant_fraction_at_10,0.5,0.2,-0.3
dense,B3,B4,C013,irrelevant_fraction_at_10,0.4666666666666667,0.3,-0.16666666666666669
dense,B3,B4,C014,irrelevant_fraction_at_10,0.5333333333333333,0.3,-0.23333333333333334
dense,B3,B4,C015,irrelevant_fraction_at_10,0.23333333333333334,0.1,-0.13333333333333333
dense,B3,B4,C016,irrelevant_fraction_at_10,0.6666666666666666,0.2,-0.4666666666666666
dense,B3,B4,C017,irrelevant_fraction_at_10,0.5666666666666667,0.3,-0.26666666666666666
dense,B3,B4,C018,irrelevant_fraction_at_10,0.6333333333333333,0.2,-0.4333333333333333
dense,B3,B4,C019,irrelevant_fraction_at_10,0.5,0.3,-0.2
dense,B3,B4,C020,irrelevant_fraction_at_10,0.5666666666666667,0.2,-0.36666666666666664
dense,B3,B4,C021,irrelevant_fraction_at_10,0.6333333333333333,0.3,-0.3333333333333333
dense,B3,B4,C022,irrelevant_fraction_at_10,0.36666666666666664,0.2,-0.16666666666666663
dense,B3,B4,C023,irrelevant_fraction_at_10,0.43333333333333335,0.2,-0.23333333333333334
dense,B3,B4,C024,irrelevant_fraction_at_10,0.13333333333333333,0.1,-0.033333333333333326
