retriever,baseline_id,case_id,repeat_id,stratum,case_type,label_kind,recall_at_5,recall_at_10,recall_at_20,strong_recall_at_10,ndcg_at_10,irrelevant_fraction_at_10,empty_result,returned_count,returned_at_10,positive_count,strong_count,false_positives_at_10,false_negatives_at_10,strong_false_negatives_at_10
bm25,B1,C001,1,A,single_variable,PROVISIONAL_LLM_GOLD,0.043478260869565216,0.043478260869565216,0.2608695652173913,0.0,0.040018820013562606,0.9,0,20,10,23,4,"[""K096"", ""K002"", ""K093"", ""K003"", ""K043"", ""K050"", ""K047"", ""K042"", ""K090""]","[""K001"", ""K005"", ""K006"", ""K007"", ""K010"", ""K011"", ""K012"", ""K013"", ""K015"", ""K034"", ""K068"", ""K073"", ""K077"", ""K078"", ""K079"", ""K080"", ""K081"", ""K082"", ""K083"", ""K084"", ""K086"", ""K094""]","[""K001"", ""K006"", ""K011"", ""K034""]"
bm25,B1,C001,2,A,single_variable,PROVISIONAL_LLM_GOLD,0.0,0.13043478260869565,0.21739130434782608,0.5,0.2312519076281591,0.7,0,20,10,23,4,"[""K091"", ""K096"", ""K092"", ""K095"", ""K057"", ""K018"", ""K090""]","[""K005"", ""K007"", ""K010"", ""K011"", ""K012"", ""K013"", ""K015"", ""K034"", ""K068"", ""K073"", ""K077"", ""K079"", ""K080"", ""K081"", ""K082"", ""K083"", ""K084"", ""K085"", ""K086"", ""K094""]","[""K011"", ""K034""]"
bm25,B1,C001,3,A,single_variable,PROVISIONAL_LLM_GOLD,0.0,0.13043478260869565,0.21739130434782608,0.5,0.22445924090150532,0.7,0,20,10,23,4,"[""K057"", ""K096"", ""K087"", ""K054"", ""K043"", ""K047"", ""K042""]","[""K001"", ""K007"", ""K010"", ""K011"", ""K012"", ""K013"", ""K015"", ""K068"", ""K073"", ""K077"", ""K078"", ""K079"", ""K080"", ""K081"", ""K082"", ""K083"", ""K084"", ""K085"", ""K086"", ""K094""]","[""K001"", ""K011""]"
bm25,B2,C001,1,A,single_variable,PROVISIONAL_LLM_GOLD,0.17391304347826086,0.2608695652173913,0.30434782608695654,0.25,0.5386827269798371,0.4,0,20,10,23,4,"[""K002"", ""K090"", ""K096"", ""K050""]","[""K005"", ""K006"", ""K010"", ""K011"", ""K012"", ""K013"", ""K015"", ""K034"", ""K068"", ""K073"", ""K079"", ""K081"", ""K082"", ""K083"", ""K084"", ""K085"", ""K086""]","[""K006"", ""K011"", ""K034""]"
bm25,B2,C001,2,A,single_variable,PROVISIONAL_LLM_GOLD,0.13043478260869565,0.2608695652173913,0.34782608695652173,0.25,0.3861970045899794,0.4,0,20,10,23,4,"[""K017"", ""K002"", ""K039"", ""K018""]","[""K005"", ""K006"", ""K007"", ""K010"", ""K011"", ""K012"", ""K013"", ""K015"", ""K034"", ""K068"", ""K073"", ""K079"", ""K081"", ""K082"", ""K083"", ""K084"", ""K085""]","[""K006"", ""K011"", ""K034""]"
bm25,B2,C001,3,A,single_variable,PROVISIONAL_LLM_GOLD,0.08695652173913043,0.2608695652173913,0.34782608695652173,0.25,0.4830536614322548,0.4,0,20,10,23,4,"[""K017"", ""K033"", ""K002"", ""K074""]","[""K005"", ""K006"", ""K007"", ""K010"", ""K011"", ""K012"", ""K015"", ""K034"", ""K068"", ""K078"", ""K079"", ""K080"", ""K081"", ""K082"", ""K083"", ""K084"", ""K085""]","[""K006"", ""K011"", ""K034""]"
bm25,B3,C001,1,A,single_variable,PROVISIONAL_LLM_GOLD,0.08695652173913043,0.21739130434782608,0.391304347826087,0.25,0.3401514951920637,0.5,0,20,10,23,4,"[""K039"", ""K003"", ""K087"", ""K046"", ""K002""]","[""K005"", ""K006"", ""K007"", ""K010"", ""K011"", ""K012"", ""K015"", ""K034"", ""K068"", ""K073"", ""K078"", ""K079"", ""K080"", ""K081"", ""K083"", ""K084"", ""K085"", ""K086""]","[""K006"", ""K011"", ""K034""]"
bm25,B3,C001,2,A,single_variable,PROVISIONAL_LLM_GOLD,0.17391304347826086,0.34782608695652173,0.5217391304347826,0.25,0.4920645290807959,0.2,0,20,10,23,4,"[""K002"", ""K087""]","[""K006"", ""K007"", ""K010"", ""K011"", ""K012"", ""K015"", ""K034"", ""K068"", ""K079"", ""K080"", ""K081"", ""K082"", ""K084"", ""K085"", ""K086""]","[""K006"", ""K011"", ""K034""]"
bm25,B3,C001,3,A,single_variable,PROVISIONAL_LLM_GOLD,0.08695652173913043,0.13043478260869565,0.30434782608695654,0.25,0.19952894288855802,0.7,0,20,10,23,4,"[""K044"", ""K043"", ""K018"", ""K087"", ""K003"", ""K049"", ""K028""]","[""K001"", ""K005"", ""K007"", ""K010"", ""K011"", ""K012"", ""K013"", ""K015"", ""K034"", ""K068"", ""K073"", ""K077"", ""K078"", ""K079"", ""K080"", ""K081"", ""K082"", ""K084"", ""K085"", ""K086""]","[""K001"", ""K011"", ""K034""]"
bm25,B4,C001,1,A,single_variable,PROVISIONAL_LLM_GOLD,0.043478260869565216,0.13043478260869565,0.391304347826087,0.0,0.10713514516442225,0.7,0,20,10,23,4,"[""K043"", ""K016"", ""K093"", ""K044"", ""K049"", ""K003"", ""K002""]","[""K001"", ""K005"", ""K006"", ""K007"", ""K010"", ""K011"", ""K012"", ""K013"", ""K015"", ""K034"", ""K068"", ""K073"", ""K078"", ""K079"", ""K080"", ""K081"", ""K083"", ""K084"", ""K085"", ""K086""]","[""K001"", ""K006"", ""K011"", ""K034""]"
bm25,B4,C001,2,A,single_variable,PROVISIONAL_LLM_GOLD,0.043478260869565216,0.13043478260869565,0.391304347826087,0.0,0.10713514516442225,0.7,0,20,10,23,4,"[""K043"", ""K016"", ""K093"", ""K044"", ""K049"", ""K003"", ""K002""]","[""K001"", ""K005"", ""K006"", ""K007"", ""K010"", ""K011"", ""K012"", ""K013"", ""K015"", ""K034"", ""K068"", ""K073"", ""K078"", ""K079"", ""K080"", ""K081"", ""K083"", ""K084"", ""K085"", ""K086""]","[""K001"", ""K006"", ""K011"", ""K034""]"
bm25,B4,C001,3,A,single_variable,PROVISIONAL_LLM_GOLD,0.043478260869565216,0.13043478260869565,0.391304347826087,0.0,0.10713514516442225,0.7,0,20,10,23,4,"[""K043"", ""K016"", ""K093"", ""K044"", ""K049"", ""K003"", ""K002""]","[""K001"", ""K005"", ""K006"", ""K007"", ""K010"", ""K011"", ""K012"", ""K013"", ""K015"", ""K034"", ""K068"", ""K073"", ""K078"", ""K079"", ""K080"", ""K081"", ""K083"", ""K084"", ""K085"", ""K086""]","[""K001"", ""K006"", ""K011"", ""K034""]"
bm25,B1,C002,1,A,single_variable,PROVISIONAL_LLM_GOLD,0.17391304347826086,0.30434782608695654,0.43478260869565216,0.3333333333333333,0.507320104691184,0.3,0,20,10,23,3,"[""K057"", ""K043"", ""K044""]","[""K001"", ""K007"", ""K015"", ""K041"", ""K042"", ""K050"", ""K051"", ""K065"", ""K068"", ""K081"", ""K082"", ""K083"", ""K084"", ""K086"", ""K094"", ""K095""]","[""K001"", ""K050""]"
bm25,B1,C002,2,A,single_variable,PROVISIONAL_LLM_GOLD,0.13043478260869565,0.17391304347826086,0.30434782608695654,0.6666666666666666,0.41550353464562045,0.6,0,20,10,23,3,"[""K046"", ""K043"", ""K057"", ""K054"", ""K047"", ""K016""]","[""K001"", ""K007"", ""K015"", ""K041"", ""K042"", ""K051"", ""K065"", ""K068"", ""K073"", ""K080"", ""K081"", ""K082"", ""K083"", ""K084"", ""K085"", ""K086"", ""K090"", ""K094"", ""K095""]","[""K001""]"
bm25,B1,C002,3,A,single_variable,PROVISIONAL_LLM_GOLD,0.13043478260869565,0.13043478260869565,0.2608695652173913,0.6666666666666666,0.6045670186002325,0.7,0,20,10,23,3,"[""K054"", ""K002"", ""K067"", ""K048"", ""K043"", ""K047"", ""K055""]","[""K001"", ""K007"", ""K015"", ""K041"", ""K042"", ""K051"", ""K065"", ""K068"", ""K073"", ""K077"", ""K078"", ""K080"", ""K081"", ""K082"", ""K083"", ""K084"", ""K086"", ""K090"", ""K094"", ""K095""]","[""K001""]"
bm25,B2,C002,1,A,single_variable,PROVISIONAL_LLM_GOLD,0.13043478260869565,0.2608695652173913,0.43478260869565216,0.6666666666666666,0.5160365768386109,0.4,0,20,10,23,3,"[""K043"", ""K028"", ""K049"", ""K025""]","[""K001"", ""K007"", ""K015"", ""K041"", ""K042"", ""K051"", ""K065"", ""K068"", ""K073"", ""K077"", ""K078"", ""K081"", ""K082"", ""K083"", ""K084"", ""K086"", ""K095""]","[""K001""]"
bm25,B2,C002,2,A,single_variable,PROVISIONAL_LLM_GOLD,0.13043478260869565,0.21739130434782608,0.30434782608695654,0.6666666666666666,0.45601821002035553,0.5,0,20,10,23,3,"[""K087"", ""K046"", ""K059"", ""K017"", ""K057""]","[""K007"", ""K015"", ""K041"", ""K042"", ""K050"", ""K051"", ""K065"", ""K068"", ""K073"", ""K078"", ""K081"", ""K082"", ""K084"", ""K085"", ""K086"", ""K090"", ""K094"", ""K095""]","[""K050""]"
bm25,B2,C002,3,A,single_variable,PROVISIONAL_LLM_GOLD,0.08695652173913043,0.21739130434782608,0.30434782608695654,0.6666666666666666,0.4394722111403606,0.5,0,20,10,23,3,"[""K092"", ""K043"", ""K089"", ""K093"", ""K013""]","[""K001"", ""K007"", ""K015"", ""K041"", ""K042"", ""K051"", ""K065"", ""K068"", ""K073"", ""K078"", ""K080"", ""K081"", ""K082"", ""K083"", ""K084"", ""K085"", ""K086"", ""K094""]","[""K001""]"
bm25,B3,C002,1,A,single_variable,PROVISIONAL_LLM_GOLD,0.08695652173913043,0.17391304347826086,0.34782608695652173,0.3333333333333333,0.27413645816900456,0.6,0,20,10,23,3,"[""K023"", ""K013"", ""K043"", ""K002"", ""K044"", ""K028""]","[""K001"", ""K007"", ""K015"", ""K041"", ""K042"", ""K050"", ""K051"", ""K065"", ""K068"", ""K073"", ""K078"", ""K080"", ""K081"", ""K082"", ""K084"", ""K085"", ""K086"", ""K090"", ""K095""]","[""K001"", ""K050""]"
bm25,B3,C002,2,A,single_variable,PROVISIONAL_LLM_GOLD,0.08695652173913043,0.17391304347826086,0.34782608695652173,0.6666666666666666,0.5574436188606966,0.6,0,20,10,23,3,"[""K043"", ""K044"", ""K087"", ""K057"", ""K059"", ""K017""]","[""K001"", ""K007"", ""K015"", ""K041"", ""K042"", ""K051"", ""K065"", ""K068"", ""K073"", ""K078"", ""K080"", ""K081"", ""K082"", ""K084"", ""K085"", ""K086"", ""K090"", ""K094"", ""K095""]","[""K001""]"
bm25,B3,C002,3,A,single_variable,PROVISIONAL_LLM_GOLD,0.13043478260869565,0.21739130434782608,0.43478260869565216,0.6666666666666666,0.688719234280655,0.5,0,20,10,23,3,"[""K028"", ""K043"", ""K044"", ""K016"", ""K023""]","[""K001"", ""K007"", ""K015"", ""K041"", ""K042"", ""K051"", ""K065"", ""K068"", ""K073"", ""K078"", ""K080"", ""K082"", ""K084"", ""K085"", ""K086"", ""K090"", ""K094"", ""K095""]","[""K001""]"
bm25,B4,C002,1,A,single_variable,PROVISIONAL_LLM_GOLD,0.043478260869565216,0.13043478260869565,0.34782608695652173,0.0,0.11761519077703839,0.7,0,20,10,23,3,"[""K043"", ""K093"", ""K016"", ""K044"", ""K049"", ""K003"", ""K002""]","[""K001"", ""K007"", ""K015"", ""K041"", ""K042"", ""K050"", ""K051"", ""K065"", ""K068"", ""K073"", ""K078"", ""K080"", ""K081"", ""K083"", ""K084"", ""K085"", ""K086"", ""K090"", ""K095"", ""K096""]","[""K001"", ""K050"", ""K096""]"
bm25,B4,C002,2,A,single_variable,PROVISIONAL_LLM_GOLD,0.043478260869565216,0.13043478260869565,0.34782608695652173,0.0,0.11761519077703839,0.7,0,20,10,23,3,"[""K043"", ""K093"", ""K016"", ""K044"", ""K049"", ""K003"", ""K002""]","[""K001"", ""K007"", ""K015"", ""K041"", ""K042"", ""K050"", ""K051"", ""K065"", ""K068"", ""K073"", ""K078"", ""K080"", ""K081"", ""K083"", ""K084"", ""K085"", ""K086"", ""K090"", ""K095"", ""K096""]","[""K001"", ""K050"", ""K096""]"
bm25,B4,C002,3,A,single_variable,PROVISIONAL_LLM_GOLD,0.043478260869565216,0.13043478260869565,0.34782608695652173,0.0,0.11761519077703839,0.7,0,20,10,23,3,"[""K043"", ""K093"", ""K016"", ""K044"", ""K049"", ""K003"", ""K002""]","[""K001"", ""K007"", ""K015"", ""K041"", ""K042"", ""K050"", ""K051"", ""K065"", ""K068"", ""K073"", ""K078"", ""K080"", ""K081"", ""K083"", ""K084"", ""K085"", ""K086"", ""K090"", ""K095"", ""K096""]","[""K001"", ""K050"", ""K096""]"
bm25,B1,C003,1,B,single_variable,PROVISIONAL_LLM_GOLD,0.10526315789473684,0.10526315789473684,0.3157894736842105,0.3333333333333333,0.20345291993069659,0.8,0,20,10,19,3,"[""K003"", ""K031"", ""K047"", ""K057"", ""K050"", ""K042"", ""K018"", ""K032""]","[""K005"", ""K006"", ""K010"", ""K011"", ""K015"", ""K017"", ""K034"", ""K073"", ""K081"", ""K082"", ""K083"", ""K084"", ""K086"", ""K090"", ""K091"", ""K094"", ""K095""]","[""K017"", ""K034""]"
bm25,B1,C003,2,B,single_variable,PROVISIONAL_LLM_GOLD,0.05263157894736842,0.10526315789473684,0.3157894736842105,0.3333333333333333,0.15638906139897685,0.8,0,20,10,19,3,"[""K096"", ""K002"", ""K042"", ""K057"", ""K047"", ""K040"", ""K059"", ""K043""]","[""K005"", ""K006"", ""K010"", ""K011"", ""K015"", ""K017"", ""K034"", ""K073"", ""K081"", ""K082"", ""K083"", ""K084"", ""K086"", ""K090"", ""K091"", ""K094"", ""K095""]","[""K017"", ""K034""]"
bm25,B1,C003,3,B,single_variable,PROVISIONAL_LLM_GOLD,0.05263157894736842,0.3157894736842105,0.3684210526315789,0.3333333333333333,0.29843404553475195,0.4,0,20,10,19,3,"[""K057"", ""K059"", ""K042"", ""K002""]","[""K001"", ""K005"", ""K010"", ""K011"", ""K015"", ""K017"", ""K081"", ""K082"", ""K083"", ""K084"", ""K086"", ""K090"", ""K091""]","[""K001"", ""K017""]"
bm25,B2,C003,1,B,single_variable,PROVISIONAL_LLM_GOLD,0.05263157894736842,0.15789473684210525,0.47368421052631576,0.6666666666666666,0.28734691934182727,0.7,0,20,10,19,3,"[""K077"", ""K078"", ""K002"", ""K080"", ""K043"", ""K003"", ""K079""]","[""K005"", ""K010"", ""K011"", ""K015"", ""K034"", ""K073"", ""K081"", ""K082"", ""K083"", ""K084"", ""K085"", ""K086"", ""K090"", ""K091"", ""K094"", ""K095""]","[""K034""]"
bm25,B2,C003,2,B,single_variable,PROVISIONAL_LLM_GOLD,0.10526315789473684,0.2631578947368421,0.42105263157894735,0.6666666666666666,0.39488707682282137,0.5,0,20,10,19,3,"[""K043"", ""K018"", ""K033"", ""K070"", ""K028""]","[""K005"", ""K006"", ""K010"", ""K011"", ""K015"", ""K034"", ""K081"", ""K082"", ""K083"", ""K084"", ""K090"", ""K091"", ""K094"", ""K095""]","[""K034""]"
bm25,B2,C003,3,B,single_variable,PROVISIONAL_LLM_GOLD,0.05263157894736842,0.15789473684210525,0.15789473684210525,0.0,0.13046491374356545,0.7,0,20,10,19,3,"[""K080"", ""K077"", ""K078"", ""K028"", ""K043"", ""K087"", ""K033""]","[""K001"", ""K005"", ""K006"", ""K010"", ""K011"", ""K015"", ""K017"", ""K034"", ""K081"", ""K082"", ""K083"", ""K084"", ""K085"", ""K090"", ""K091"", ""K095""]","[""K001"", ""K017"", ""K034""]"
bm25,B3,C003,1,B,single_variable,PROVISIONAL_LLM_GOLD,0.05263157894736842,0.10526315789473684,0.2631578947368421,0.0,0.15142190925482493,0.8,0,20,10,19,3,"[""K003"", ""K093"", ""K077"", ""K016"", ""K080"", ""K009"", ""K002"", ""K059""]","[""K001"", ""K005"", ""K006"", ""K010"", ""K011"", ""K015"", ""K017"", ""K034"", ""K073"", ""K081"", ""K083"", ""K084"", ""K085"", ""K086"", ""K090"", ""K091"", ""K095""]","[""K001"", ""K017"", ""K034""]"
bm25,B3,C003,2,B,single_variable,PROVISIONAL_LLM_GOLD,0.10526315789473684,0.10526315789473684,0.42105263157894735,0.3333333333333333,0.28391607985279677,0.8,0,20,10,19,3,"[""K013"", ""K087"", ""K003"", ""K032"", ""K007"", ""K080"", ""K042"", ""K057""]","[""K005"", ""K006"", ""K010"", ""K011"", ""K015"", ""K017"", ""K034"", ""K073"", ""K081"", ""K082"", ""K083"", ""K084"", ""K085"", ""K086"", ""K090"", ""K091"", ""K095""]","[""K017"", ""K034""]"
bm25,B3,C003,3,B,single_variable,PROVISIONAL_LLM_GOLD,0.10526315789473684,0.21052631578947367,0.3684210526315789,0.0,0.20211735466216518,0.6,0,20,10,19,3,"[""K002"", ""K032"", ""K043"", ""K044"", ""K087"", ""K039""]","[""K001"", ""K005"", ""K010"", ""K011"", ""K017"", ""K034"", ""K073"", ""K082"", ""K083"", ""K084"", ""K085"", ""K086"", ""K090"", ""K091"", ""K095""]","[""K001"", ""K017"", ""K034""]"
bm25,B4,C003,1,B,single_variable,PROVISIONAL_LLM_GOLD,0.0,0.10526315789473684,0.2631578947368421,0.0,0.07204237982851501,0.8,0,20,10,19,3,"[""K043"", ""K093"", ""K016"", ""K044"", ""K077"", ""K049"", ""K002"", ""K003""]","[""K001"", ""K005"", ""K006"", ""K010"", ""K011"", ""K015"", ""K017"", ""K034"", ""K073"", ""K081"", ""K083"", ""K084"", ""K085"", ""K086"", ""K090"", ""K091"", ""K095""]","[""K001"", ""K017"", ""K034""]"
bm25,B4,C003,2,B,single_variable,PROVISIONAL_LLM_GOLD,0.0,0.10526315789473684,0.2631578947368421,0.0,0.07204237982851501,0.8,0,20,10,19,3,"[""K043"", ""K093"", ""K016"", ""K044"", ""K077"", ""K049"", ""K002"", ""K003""]","[""K001"", ""K005"", ""K006"", ""K010"", ""K011"", ""K015"", ""K017"", ""K034"", ""K073"", ""K081"", ""K083"", ""K084"", ""K085"", ""K086"", ""K090"", ""K091"", ""K095""]","[""K001"", ""K017"", ""K034""]"
bm25,B4,C003,3,B,single_variable,PROVISIONAL_LLM_GOLD,0.0,0.10526315789473684,0.2631578947368421,0.0,0.07204237982851501,0.8,0,20,10,19,3,"[""K043"", ""K093"", ""K016"", ""K044"", ""K077"", ""K049"", ""K002"", ""K003""]","[""K001"", ""K005"", ""K006"", ""K010"", ""K011"", ""K015"", ""K017"", ""K034"", ""K073"", ""K081"", ""K083"", ""K084"", ""K085"", ""K086"", ""K090"", ""K091"", ""K095""]","[""K001"", ""K017"", ""K034""]"
bm25,B1,C004,1,B,single_variable,PROVISIONAL_LLM_GOLD,0.0,0.05555555555555555,0.1111111111111111,0.14285714285714285,0.09041129165445316,0.9,0,20,10,18,7,"[""K066"", ""K043"", ""K047"", ""K096"", ""K042"", ""K005"", ""K070"", ""K050"", ""K054""]","[""K001"", ""K015"", ""K017"", ""K019"", ""K068"", ""K073"", ""K077"", ""K078"", ""K080"", ""K081"", ""K082"", ""K083"", ""K084"", ""K086"", ""K090"", ""K094"", ""K095""]","[""K001"", ""K077"", ""K080"", ""K081"", ""K082"", ""K084""]"
bm25,B1,C004,2,B,single_variable,PROVISIONAL_LLM_GOLD,0.16666666666666666,0.2777777777777778,0.5,0.5714285714285714,0.5844535546316405,0.5,0,20,10,18,7,"[""K006"", ""K002"", ""K018"", ""K054"", ""K038""]","[""K001"", ""K015"", ""K017"", ""K019"", ""K068"", ""K073"", ""K078"", ""K084"", ""K085"", ""K086"", ""K090"", ""K094"", ""K095""]","[""K001"", ""K084"", ""K085""]"
bm25,B1,C004,3,B,single_variable,PROVISIONAL_LLM_GOLD,0.0,0.0,0.16666666666666666,0.0,0.0,1.0,0,20,10,18,7,"[""K047"", ""K048"", ""K096"", ""K054"", ""K002"", ""K006"", ""K043"", ""K042"", ""K041"", ""K066""]","[""K001"", ""K015"", ""K017"", ""K019"", ""K068"", ""K073"", ""K077"", ""K078"", ""K080"", ""K081"", ""K082"", ""K083"", ""K084"", ""K085"", ""K086"", ""K090"", ""K094"", ""K095""]","[""K001"", ""K077"", ""K080"", ""K081"", ""K082"", ""K084"", ""K085""]"
bm25,B2,C004,1,B,single_variable,PROVISIONAL_LLM_GOLD,0.2222222222222222,0.3333333333333333,0.3888888888888889,0.5714285714285714,0.6770654301830682,0.4,0,20,10,18,7,"[""K093"", ""K043"", ""K024"", ""K054""]","[""K001"", ""K015"", ""K017"", ""K019"", ""K068"", ""K073"", ""K082"", ""K085"", ""K086"", ""K090"", ""K094"", ""K095""]","[""K001"", ""K082"", ""K085""]"
bm25,B2,C004,2,B,single_variable,PROVISIONAL_LLM_GOLD,0.2222222222222222,0.3333333333333333,0.5555555555555556,0.5714285714285714,0.66771422148887,0.4,0,20,10,18,7,"[""K079"", ""K093"", ""K050"", ""K043""]","[""K001"", ""K015"", ""K017"", ""K019"", ""K068"", ""K073"", ""K082"", ""K084"", ""K086"", ""K090"", ""K094"", ""K095""]","[""K001"", ""K082"", ""K084""]"
bm25,B2,C004,3,B,single_variable,PROVISIONAL_LLM_GOLD,0.2222222222222222,0.3333333333333333,0.5,0.5714285714285714,0.6640064899009221,0.4,0,20,10,18,7,"[""K079"", ""K043"", ""K006"", ""K093""]","[""K001"", ""K015"", ""K017"", ""K019"", ""K068"", ""K073"", ""K082"", ""K085"", ""K086"", ""K090"", ""K094"", ""K095""]","[""K001"", ""K082"", ""K085""]"
bm25,B3,C004,1,B,single_variable,PROVISIONAL_LLM_GOLD,0.1111111111111111,0.2777777777777778,0.4444444444444444,0.5714285714285714,0.5399703049487228,0.5,0,20,10,18,7,"[""K043"", ""K044"", ""K096"", ""K057"", ""K079""]","[""K015"", ""K017"", ""K019"", ""K068"", ""K073"", ""K078"", ""K081"", ""K082"", ""K083"", ""K084"", ""K090"", ""K094"", ""K095""]","[""K081"", ""K082"", ""K084""]"
bm25,B3,C004,2,B,single_variable,PROVISIONAL_LLM_GOLD,0.1111111111111111,0.3333333333333333,0.5,0.5714285714285714,0.4741210558461338,0.4,0,20,10,18,7,"[""K093"", ""K016"", ""K018"", ""K059""]","[""K001"", ""K015"", ""K017"", ""K019"", ""K068"", ""K078"", ""K082"", ""K083"", ""K084"", ""K086"", ""K090"", ""K094""]","[""K001"", ""K082"", ""K084""]"
bm25,B3,C004,3,B,single_variable,PROVISIONAL_LLM_GOLD,0.1111111111111111,0.2222222222222222,0.4444444444444444,0.42857142857142855,0.3222451367719194,0.6,0,20,10,18,7,"[""K056"", ""K018"", ""K087"", ""K057"", ""K006"", ""K043""]","[""K001"", ""K015"", ""K017"", ""K019"", ""K068"", ""K073"", ""K077"", ""K078"", ""K084"", ""K085"", ""K086"", ""K090"", ""K094"", ""K095""]","[""K001"", ""K077"", ""K084"", ""K085""]"
bm25,B4,C004,1,B,single_variable,PROVISIONAL_LLM_GOLD,0.05555555555555555,0.16666666666666666,0.4444444444444444,0.2857142857142857,0.20646171862459167,0.7,0,20,10,18,7,"[""K043"", ""K093"", ""K016"", ""K044"", ""K049"", ""K003"", ""K002""]","[""K001"", ""K015"", ""K017"", ""K019"", ""K068"", ""K073"", ""K078"", ""K080"", ""K081"", ""K083"", ""K084"", ""K085"", ""K086"", ""K090"", ""K095""]","[""K001"", ""K080"", ""K081"", ""K084"", ""K085""]"
bm25,B4,C004,2,B,single_variable,PROVISIONAL_LLM_GOLD,0.05555555555555555,0.16666666666666666,0.4444444444444444,0.2857142857142857,0.20646171862459167,0.7,0,20,10,18,7,"[""K043"", ""K093"", ""K016"", ""K044"", ""K049"", ""K003"", ""K002""]","[""K001"", ""K015"", ""K017"", ""K019"", ""K068"", ""K073"", ""K078"", ""K080"", ""K081"", ""K083"", ""K084"", ""K085"", ""K086"", ""K090"", ""K095""]","[""K001"", ""K080"", ""K081"", ""K084"", ""K085""]"
bm25,B4,C004,3,B,single_variable,PROVISIONAL_LLM_GOLD,0.05555555555555555,0.16666666666666666,0.4444444444444444,0.2857142857142857,0.20646171862459167,0.7,0,20,10,18,7,"[""K043"", ""K093"", ""K016"", ""K044"", ""K049"", ""K003"", ""K002""]","[""K001"", ""K015"", ""K017"", ""K019"", ""K068"", ""K073"", ""K078"", ""K080"", ""K081"", ""K083"", ""K084"", ""K085"", ""K086"", ""K090"", ""K095""]","[""K001"", ""K080"", ""K081"", ""K084"", ""K085""]"
bm25,B1,C005,1,C,single_variable,PROVISIONAL_LLM_GOLD,0.041666666666666664,0.125,0.20833333333333334,0.5,0.25842382984784934,0.7,0,20,10,24,4,"[""K096"", ""K057"", ""K003"", ""K002"", ""K039"", ""K031"", ""K059""]","[""K005"", ""K006"", ""K007"", ""K011"", ""K015"", ""K033"", ""K034"", ""K068"", ""K073"", ""K076"", ""K077"", ""K078"", ""K079"", ""K080"", ""K081"", ""K082"", ""K083"", ""K084"", ""K085"", ""K094"", ""K095""]","[""K011"", ""K034""]"
bm25,B1,C005,2,C,single_variable,PROVISIONAL_LLM_GOLD,0.08333333333333333,0.125,0.20833333333333334,0.5,0.5429937179436809,0.7,0,20,10,24,4,"[""K003"", ""K018"", ""K057"", ""K059"", ""K043"", ""K096"", ""K091""]","[""K005"", ""K006"", ""K007"", ""K011"", ""K015"", ""K033"", ""K034"", ""K068"", ""K073"", ""K076"", ""K077"", ""K078"", ""K079"", ""K080"", ""K081"", ""K082"", ""K083"", ""K084"", ""K085"", ""K094"", ""K095""]","[""K011"", ""K034""]"
bm25,B1,C005,3,C,single_variable,PROVISIONAL_LLM_GOLD,0.08333333333333333,0.16666666666666666,0.2916666666666667,0.25,0.29835934710943335,0.6,0,20,10,24,4,"[""K096"", ""K002"", ""K043"", ""K003"", ""K047"", ""K032""]","[""K005"", ""K007"", ""K011"", ""K015"", ""K017"", ""K033"", ""K034"", ""K068"", ""K076"", ""K077"", ""K078"", ""K079"", ""K080"", ""K081"", ""K082"", ""K083"", ""K084"", ""K090"", ""K094"", ""K095""]","[""K011"", ""K017"", ""K034""]"
bm25,B2,C005,1,C,single_variable,PROVISIONAL_LLM_GOLD,0.08333333333333333,0.16666666666666666,0.375,0.5,0.3257731304202718,0.6,0,20,10,24,4,"[""K043"", ""K028"", ""K044"", ""K032"", ""K003"", ""K070""]","[""K005"", ""K006"", ""K007"", ""K011"", ""K015"", ""K034"", ""K068"", ""K073"", ""K076"", ""K077"", ""K078"", ""K079"", ""K080"", ""K081"", ""K082"", ""K083"", ""K084"", ""K085"", ""K090"", ""K095""]","[""K011"", ""K034""]"
bm25,B2,C005,2,C,single_variable,PROVISIONAL_LLM_GOLD,0.08333333333333333,0.16666666666666666,0.3333333333333333,0.25,0.30479612451074756,0.6,0,20,10,24,4,"[""K003"", ""K002"", ""K019"", ""K013"", ""K039"", ""K086""]","[""K005"", ""K006"", ""K007"", ""K011"", ""K015"", ""K017"", ""K033"", ""K034"", ""K068"", ""K073"", ""K076"", ""K079"", ""K080"", ""K081"", ""K082"", ""K083"", ""K084"", ""K085"", ""K090"", ""K095""]","[""K011"", ""K017"", ""K034""]"
bm25,B2,C005,3,C,single_variable,PROVISIONAL_LLM_GOLD,0.08333333333333333,0.2916666666666667,0.375,0.5,0.4350952353122958,0.3,0,20,10,24,4,"[""K043"", ""K028"", ""K039""]","[""K005"", ""K006"", ""K007"", ""K011"", ""K015"", ""K034"", ""K068"", ""K073"", ""K076"", ""K079"", ""K081"", ""K082"", ""K083"", ""K084"", ""K085"", ""K090"", ""K095""]","[""K011"", ""K034""]"
bm25,B3,C005,1,C,single_variable,PROVISIONAL_LLM_GOLD,0.041666666666666664,0.125,0.3333333333333333,0.5,0.30031638261363247,0.7,0,20,10,24,4,"[""K002"", ""K032"", ""K013"", ""K028"", ""K043"", ""K003"", ""K044""]","[""K005"", ""K006"", ""K007"", ""K015"", ""K017"", ""K033"", ""K034"", ""K068"", ""K073"", ""K076"", ""K077"", ""K078"", ""K079"", ""K080"", ""K081"", ""K082"", ""K083"", ""K084"", ""K085"", ""K090"", ""K095""]","[""K017"", ""K034""]"
bm25,B3,C005,2,C,single_variable,PROVISIONAL_LLM_GOLD,0.041666666666666664,0.125,0.2916666666666667,0.25,0.23371785153581834,0.7,0,20,10,24,4,"[""K013"", ""K003"", ""K002"", ""K032"", ""K043"", ""K044"", ""K028""]","[""K005"", ""K006"", ""K007"", ""K011"", ""K015"", ""K017"", ""K033"", ""K034"", ""K068"", ""K073"", ""K076"", ""K077"", ""K078"", ""K079"", ""K080"", ""K081"", ""K083"", ""K084"", ""K085"", ""K090"", ""K095""]","[""K011"", ""K017"", ""K034""]"
bm25,B3,C005,3,C,single_variable,PROVISIONAL_LLM_GOLD,0.041666666666666664,0.16666666666666666,0.3333333333333333,0.5,0.3266071854582078,0.6,0,20,10,24,4,"[""K003"", ""K032"", ""K002"", ""K087"", ""K013"", ""K009""]","[""K005"", ""K006"", ""K007"", ""K011"", ""K017"", ""K033"", ""K068"", ""K073"", ""K076"", ""K077"", ""K078"", ""K079"", ""K080"", ""K081"", ""K082"", ""K083"", ""K084"", ""K085"", ""K090"", ""K095""]","[""K011"", ""K017""]"
bm25,B4,C005,1,C,single_variable,PROVISIONAL_LLM_GOLD,0.041666666666666664,0.125,0.375,0.0,0.10564189786538387,0.7,0,20,10,24,4,"[""K043"", ""K093"", ""K016"", ""K044"", ""K049"", ""K002"", ""K003""]","[""K001"", ""K005"", ""K006"", ""K007"", ""K011"", ""K015"", ""K017"", ""K033"", ""K034"", ""K068"", ""K073"", ""K076"", ""K078"", ""K079"", ""K080"", ""K081"", ""K083"", ""K084"", ""K085"", ""K090"", ""K095""]","[""K001"", ""K011"", ""K017"", ""K034""]"
bm25,B4,C005,2,C,single_variable,PROVISIONAL_LLM_GOLD,0.041666666666666664,0.125,0.375,0.0,0.10564189786538387,0.7,0,20,10,24,4,"[""K043"", ""K093"", ""K016"", ""K044"", ""K049"", ""K002"", ""K003""]","[""K001"", ""K005"", ""K006"", ""K007"", ""K011"", ""K015"", ""K017"", ""K033"", ""K034"", ""K068"", ""K073"", ""K076"", ""K078"", ""K079"", ""K080"", ""K081"", ""K083"", ""K084"", ""K085"", ""K090"", ""K095""]","[""K001"", ""K011"", ""K017"", ""K034""]"
bm25,B4,C005,3,C,single_variable,PROVISIONAL_LLM_GOLD,0.041666666666666664,0.125,0.375,0.0,0.10564189786538387,0.7,0,20,10,24,4,"[""K043"", ""K093"", ""K016"", ""K044"", ""K049"", ""K002"", ""K003""]","[""K001"", ""K005"", ""K006"", ""K007"", ""K011"", ""K015"", ""K017"", ""K033"", ""K034"", ""K068"", ""K073"", ""K076"", ""K078"", ""K079"", ""K080"", ""K081"", ""K083"", ""K084"", ""K085"", ""K090"", ""K095""]","[""K001"", ""K011"", ""K017"", ""K034""]"
bm25,B1,C006,1,C,single_variable,PROVISIONAL_LLM_GOLD,0.08333333333333333,0.16666666666666666,0.2916666666666667,0.2222222222222222,0.22701775600232,0.6,0,20,10,24,9,"[""K006"", ""K018"", ""K016"", ""K093"", ""K059"", ""K091""]","[""K001"", ""K007"", ""K015"", ""K050"", ""K057"", ""K058"", ""K065"", ""K068"", ""K071"", ""K073"", ""K077"", ""K078"", ""K079"", ""K080"", ""K082"", ""K083"", ""K084"", ""K086"", ""K094"", ""K095""]","[""K001"", ""K015"", ""K068"", ""K077"", ""K082"", ""K083"", ""K084""]"
bm25,B1,C006,2,C,single_variable,PROVISIONAL_LLM_GOLD,0.08333333333333333,0.125,0.20833333333333334,0.1111111111111111,0.29368466809149935,0.7,0,20,10,24,9,"[""K087"", ""K047"", ""K042"", ""K043"", ""K019"", ""K048"", ""K016""]","[""K001"", ""K007"", ""K015"", ""K057"", ""K058"", ""K065"", ""K068"", ""K071"", ""K073"", ""K077"", ""K078"", ""K079"", ""K080"", ""K081"", ""K082"", ""K083"", ""K084"", ""K086"", ""K090"", ""K094"", ""K095""]","[""K001"", ""K015"", ""K068"", ""K077"", ""K081"", ""K082"", ""K083"", ""K084""]"
bm25,B1,C006,3,C,single_variable,PROVISIONAL_LLM_GOLD,0.0,0.08333333333333333,0.16666666666666666,0.1111111111111111,0.1007822258412631,0.8,0,20,10,24,9,"[""K045"", ""K016"", ""K093"", ""K006"", ""K043"", ""K046"", ""K019"", ""K040""]","[""K001"", ""K007"", ""K015"", ""K050"", ""K057"", ""K058"", ""K065"", ""K068"", ""K071"", ""K073"", ""K077"", ""K078"", ""K079"", ""K080"", ""K081"", ""K082"", ""K083"", ""K084"", ""K086"", ""K090"", ""K094"", ""K095""]","[""K001"", ""K015"", ""K068"", ""K077"", ""K081"", ""K082"", ""K083"", ""K084""]"
bm25,B2,C006,1,C,single_variable,PROVISIONAL_LLM_GOLD,0.16666666666666666,0.2916666666666667,0.4166666666666667,0.4444444444444444,0.5744029552085665,0.3,0,20,10,24,9,"[""K043"", ""K023"", ""K046""]","[""K001"", ""K007"", ""K015"", ""K050"", ""K057"", ""K058"", ""K065"", ""K068"", ""K071"", ""K073"", ""K081"", ""K084"", ""K086"", ""K090"", ""K094"", ""K095"", ""K096""]","[""K001"", ""K015"", ""K068"", ""K081"", ""K084""]"
bm25,B2,C006,2,C,single_variable,PROVISIONAL_LLM_GOLD,0.125,0.25,0.375,0.3333333333333333,0.37744081646736355,0.4,0,20,10,24,9,"[""K018"", ""K087"", ""K017"", ""K070""]","[""K001"", ""K007"", ""K015"", ""K050"", ""K057"", ""K058"", ""K065"", ""K068"", ""K071"", ""K073"", ""K081"", ""K082"", ""K084"", ""K086"", ""K090"", ""K094"", ""K095"", ""K096""]","[""K001"", ""K015"", ""K068"", ""K081"", ""K082"", ""K084""]"
bm25,B2,C006,3,C,single_variable,PROVISIONAL_LLM_GOLD,0.08333333333333333,0.08333333333333333,0.16666666666666666,0.2222222222222222,0.23392732191622911,0.8,0,20,10,24,9,"[""K019"", ""K043"", ""K093"", ""K017"", ""K087"", ""K025"", ""K009"", ""K018""]","[""K001"", ""K007"", ""K015"", ""K050"", ""K057"", ""K058"", ""K065"", ""K068"", ""K071"", ""K073"", ""K078"", ""K079"", ""K080"", ""K081"", ""K083"", ""K084"", ""K085"", ""K086"", ""K090"", ""K094"", ""K095"", ""K096""]","[""K001"", ""K015"", ""K068"", ""K081"", ""K083"", ""K084"", ""K085""]"
bm25,B3,C006,1,C,single_variable,PROVISIONAL_LLM_GOLD,0.125,0.25,0.5416666666666666,0.4444444444444444,0.5477639970199416,0.4,0,20,10,24,9,"[""K016"", ""K093"", ""K087"", ""K006""]","[""K001"", ""K007"", ""K015"", ""K050"", ""K057"", ""K058"", ""K065"", ""K068"", ""K071"", ""K073"", ""K078"", ""K079"", ""K084"", ""K085"", ""K090"", ""K094"", ""K095"", ""K096""]","[""K001"", ""K015"", ""K068"", ""K084"", ""K085""]"
bm25,B3,C006,2,C,single_variable,PROVISIONAL_LLM_GOLD,0.125,0.20833333333333334,0.2916666666666667,0.3333333333333333,0.36853144307870045,0.5,0,20,10,24,9,"[""K087"", ""K093"", ""K002"", ""K016"", ""K006""]","[""K001"", ""K007"", ""K015"", ""K050"", ""K058"", ""K065"", ""K068"", ""K071"", ""K073"", ""K078"", ""K079"", ""K083"", ""K084"", ""K085"", ""K086"", ""K090"", ""K094"", ""K095"", ""K096""]","[""K001"", ""K015"", ""K068"", ""K083"", ""K084"", ""K085""]"
bm25,B3,C006,3,C,single_variable,PROVISIONAL_LLM_GOLD,0.125,0.25,0.375,0.3333333333333333,0.37728396779737505,0.4,0,20,10,24,9,"[""K087"", ""K018"", ""K033"", ""K093""]","[""K007"", ""K015"", ""K050"", ""K057"", ""K058"", ""K065"", ""K068"", ""K071"", ""K073"", ""K077"", ""K078"", ""K079"", ""K083"", ""K084"", ""K085"", ""K090"", ""K095"", ""K096""]","[""K015"", ""K068"", ""K077"", ""K083"", ""K084"", ""K085""]"
bm25,B4,C006,1,C,single_variable,PROVISIONAL_LLM_GOLD,0.041666666666666664,0.125,0.375,0.2222222222222222,0.18695861664591756,0.7,0,20,10,24,9,"[""K043"", ""K093"", ""K016"", ""K044"", ""K049"", ""K003"", ""K002""]","[""K001"", ""K007"", ""K015"", ""K050"", ""K057"", ""K058"", ""K065"", ""K068"", ""K071"", ""K073"", ""K078"", ""K079"", ""K080"", ""K081"", ""K083"", ""K084"", ""K085"", ""K086"", ""K090"", ""K095"", ""K096""]","[""K001"", ""K015"", ""K068"", ""K081"", ""K083"", ""K084"", ""K085""]"
bm25,B4,C006,2,C,single_variable,PROVISIONAL_LLM_GOLD,0.041666666666666664,0.125,0.375,0.2222222222222222,0.18695861664591756,0.7,0,20,10,24,9,"[""K043"", ""K093"", ""K016"", ""K044"", ""K049"", ""K003"", ""K002""]","[""K001"", ""K007"", ""K015"", ""K050"", ""K057"", ""K058"", ""K065"", ""K068"", ""K071"", ""K073"", ""K078"", ""K079"", ""K080"", ""K081"", ""K083"", ""K084"", ""K085"", ""K086"", ""K090"", ""K095"", ""K096""]","[""K001"", ""K015"", ""K068"", ""K081"", ""K083"", ""K084"", ""K085""]"
bm25,B4,C006,3,C,single_variable,PROVISIONAL_LLM_GOLD,0.041666666666666664,0.125,0.375,0.2222222222222222,0.18695861664591756,0.7,0,20,10,24,9,"[""K043"", ""K093"", ""K016"", ""K044"", ""K049"", ""K003"", ""K002""]","[""K001"", ""K007"", ""K015"", ""K050"", ""K057"", ""K058"", ""K065"", ""K068"", ""K071"", ""K073"", ""K078"", ""K079"", ""K080"", ""K081"", ""K083"", ""K084"", ""K085"", ""K086"", ""K090"", ""K095"", ""K096""]","[""K001"", ""K015"", ""K068"", ""K081"", ""K083"", ""K084"", ""K085""]"
bm25,B1,C007,1,A,personal_baseline,PROVISIONAL_LLM_GOLD,0.058823529411764705,0.058823529411764705,0.23529411764705882,1.0,0.4584660801557625,0.9,0,20,10,17,1,"[""K002"", ""K003"", ""K050"", ""K043"", ""K085"", ""K032"", ""K096"", ""K047"", ""K059""]","[""K006"", ""K007"", ""K015"", ""K034"", ""K068"", ""K073"", ""K077"", ""K078"", ""K080"", ""K081"", ""K082"", ""K083"", ""K084"", ""K090"", ""K094"", ""K095""]",[]
bm25,B1,C007,2,A,personal_baseline,PROVISIONAL_LLM_GOLD,0.058823529411764705,0.23529411764705882,0.4117647058823529,0.0,0.2104326553819498,0.6,0,20,10,17,1,"[""K087"", ""K019"", ""K028"", ""K002"", ""K096"", ""K092""]","[""K001"", ""K007"", ""K015"", ""K068"", ""K078"", ""K080"", ""K081"", ""K082"", ""K083"", ""K084"", ""K090"", ""K094"", ""K095""]","[""K001""]"
bm25,B1,C007,3,A,personal_baseline,PROVISIONAL_LLM_GOLD,0.0,0.058823529411764705,0.11764705882352941,0.0,0.04417547261095612,0.9,0,20,10,17,1,"[""K096"", ""K085"", ""K093"", ""K042"", ""K043"", ""K047"", ""K050"", ""K005"", ""K056""]","[""K001"", ""K006"", ""K007"", ""K015"", ""K034"", ""K068"", ""K073"", ""K077"", ""K078"", ""K080"", ""K081"", ""K082"", ""K083"", ""K084"", ""K094"", ""K095""]","[""K001""]"
bm25,B2,C007,1,A,personal_baseline,PROVISIONAL_LLM_GOLD,0.11764705882352941,0.23529411764705882,0.35294117647058826,1.0,0.4279518180207313,0.6,0,20,10,17,1,"[""K002"", ""K028"", ""K039"", ""K013"", ""K033"", ""K023""]","[""K006"", ""K007"", ""K015"", ""K034"", ""K068"", ""K080"", ""K081"", ""K082"", ""K083"", ""K084"", ""K090"", ""K094"", ""K095""]",[]
bm25,B2,C007,2,A,personal_baseline,PROVISIONAL_LLM_GOLD,0.17647058823529413,0.17647058823529413,0.35294117647058826,0.0,0.315058854841398,0.7,0,20,10,17,1,"[""K028"", ""K086"", ""K017"", ""K002"", ""K033"", ""K023"", ""K046""]","[""K001"", ""K006"", ""K007"", ""K015"", ""K034"", ""K068"", ""K073"", ""K081"", ""K082"", ""K083"", ""K084"", ""K090"", ""K094"", ""K095""]","[""K001""]"
bm25,B2,C007,3,A,personal_baseline,PROVISIONAL_LLM_GOLD,0.17647058823529413,0.23529411764705882,0.47058823529411764,0.0,0.35930229599265684,0.6,0,20,10,17,1,"[""K093"", ""K028"", ""K033"", ""K085"", ""K086"", ""K070""]","[""K001"", ""K006"", ""K007"", ""K015"", ""K034"", ""K068"", ""K073"", ""K081"", ""K082"", ""K083"", ""K084"", ""K090"", ""K095""]","[""K001""]"
bm25,B3,C007,1,A,personal_baseline,PROVISIONAL_LLM_GOLD,0.11764705882352941,0.17647058823529413,0.4117647058823529,0.0,0.1709405085487763,0.7,0,20,10,17,1,"[""K043"", ""K013"", ""K044"", ""K028"", ""K059"", ""K002"", ""K003""]","[""K001"", ""K006"", ""K007"", ""K015"", ""K034"", ""K068"", ""K078"", ""K080"", ""K081"", ""K082"", ""K083"", ""K084"", ""K090"", ""K095""]","[""K001""]"
bm25,B3,C007,2,A,personal_baseline,PROVISIONAL_LLM_GOLD,0.0,0.11764705882352941,0.29411764705882354,0.0,0.10264628609449963,0.8,0,20,10,17,1,"[""K013"", ""K065"", ""K005"", ""K032"", ""K085"", ""K087"", ""K079"", ""K043""]","[""K001"", ""K006"", ""K007"", ""K015"", ""K034"", ""K068"", ""K073"", ""K080"", ""K081"", ""K082"", ""K083"", ""K084"", ""K090"", ""K094"", ""K095""]","[""K001""]"
bm25,B3,C007,3,A,personal_baseline,PROVISIONAL_LLM_GOLD,0.0,0.11764705882352941,0.35294117647058826,1.0,0.19557062105963616,0.8,0,20,10,17,1,"[""K044"", ""K056"", ""K043"", ""K010"", ""K087"", ""K028"", ""K023"", ""K075""]","[""K006"", ""K007"", ""K015"", ""K034"", ""K068"", ""K073"", ""K077"", ""K078"", ""K081"", ""K082"", ""K083"", ""K084"", ""K090"", ""K094"", ""K095""]",[]
bm25,B4,C007,1,A,personal_baseline,PROVISIONAL_LLM_GOLD,0.058823529411764705,0.17647058823529413,0.4117647058823529,0.0,0.15827028744514476,0.7,0,20,10,17,1,"[""K043"", ""K093"", ""K016"", ""K044"", ""K049"", ""K003"", ""K002""]","[""K001"", ""K006"", ""K007"", ""K015"", ""K034"", ""K068"", ""K073"", ""K078"", ""K080"", ""K081"", ""K083"", ""K084"", ""K090"", ""K095""]","[""K001""]"
bm25,B4,C007,2,A,personal_baseline,PROVISIONAL_LLM_GOLD,0.058823529411764705,0.17647058823529413,0.4117647058823529,0.0,0.15827028744514476,0.7,0,20,10,17,1,"[""K043"", ""K093"", ""K016"", ""K044"", ""K049"", ""K003"", ""K002""]","[""K001"", ""K006"", ""K007"", ""K015"", ""K034"", ""K068"", ""K073"", ""K078"", ""K080"", ""K081"", ""K083"", ""K084"", ""K090"", ""K095""]","[""K001""]"
bm25,B4,C007,3,A,personal_baseline,PROVISIONAL_LLM_GOLD,0.058823529411764705,0.17647058823529413,0.4117647058823529,0.0,0.15827028744514476,0.7,0,20,10,17,1,"[""K043"", ""K093"", ""K016"", ""K044"", ""K049"", ""K003"", ""K002""]","[""K001"", ""K006"", ""K007"", ""K015"", ""K034"", ""K068"", ""K073"", ""K078"", ""K080"", ""K081"", ""K083"", ""K084"", ""K090"", ""K095""]","[""K001""]"
bm25,B1,C008,1,B,personal_baseline,PROVISIONAL_LLM_GOLD,0.17391304347826086,0.2608695652173913,0.43478260869565216,0.0,0.32276867554537336,0.4,0,20,10,23,4,"[""K019"", ""K079"", ""K013"", ""K057""]","[""K001"", ""K007"", ""K015"", ""K050"", ""K065"", ""K068"", ""K071"", ""K081"", ""K082"", ""K084"", ""K085"", ""K086"", ""K091"", ""K092"", ""K094"", ""K095"", ""K096""]","[""K001"", ""K050"", ""K085"", ""K096""]"
bm25,B1,C008,2,B,personal_baseline,PROVISIONAL_LLM_GOLD,0.08695652173913043,0.17391304347826086,0.391304347826087,0.25,0.2770419323838879,0.6,0,20,10,23,4,"[""K048"", ""K051"", ""K054"", ""K045"", ""K057"", ""K046""]","[""K001"", ""K007"", ""K015"", ""K050"", ""K065"", ""K068"", ""K071"", ""K073"", ""K080"", ""K081"", ""K082"", ""K083"", ""K084"", ""K085"", ""K086"", ""K091"", ""K092"", ""K094"", ""K095""]","[""K001"", ""K050"", ""K085""]"
bm25,B1,C008,3,B,personal_baseline,PROVISIONAL_LLM_GOLD,0.043478260869565216,0.21739130434782608,0.391304347826087,0.5,0.394939412358555,0.5,0,20,10,23,4,"[""K043"", ""K042"", ""K054"", ""K035"", ""K047""]","[""K001"", ""K007"", ""K015"", ""K050"", ""K065"", ""K068"", ""K071"", ""K073"", ""K077"", ""K078"", ""K081"", ""K082"", ""K083"", ""K084"", ""K086"", ""K091"", ""K094"", ""K095""]","[""K001"", ""K050""]"
bm25,B2,C008,1,B,personal_baseline,PROVISIONAL_LLM_GOLD,0.13043478260869565,0.17391304347826086,0.4782608695652174,0.0,0.2572872258305477,0.6,0,20,10,23,4,"[""K043"", ""K013"", ""K017"", ""K079"", ""K003"", ""K059""]","[""K001"", ""K007"", ""K015"", ""K050"", ""K065"", ""K068"", ""K071"", ""K073"", ""K078"", ""K080"", ""K081"", ""K082"", ""K084"", ""K085"", ""K086"", ""K091"", ""K092"", ""K094"", ""K096""]","[""K001"", ""K050"", ""K085"", ""K096""]"
bm25,B2,C008,2,B,personal_baseline,PROVISIONAL_LLM_GOLD,0.21739130434782608,0.30434782608695654,0.43478260869565216,0.25,0.46359677427221235,0.3,0,20,10,23,4,"[""K032"", ""K017"", ""K003""]","[""K001"", ""K007"", ""K015"", ""K050"", ""K065"", ""K068"", ""K071"", ""K073"", ""K081"", ""K082"", ""K084"", ""K085"", ""K086"", ""K091"", ""K092"", ""K095""]","[""K001"", ""K050"", ""K085""]"
bm25,B2,C008,3,B,personal_baseline,PROVISIONAL_LLM_GOLD,0.13043478260869565,0.2608695652173913,0.30434782608695654,0.25,0.3247701355114134,0.4,0,20,10,23,4,"[""K043"", ""K049"", ""K047"", ""K053""]","[""K001"", ""K007"", ""K015"", ""K050"", ""K065"", ""K068"", ""K071"", ""K073"", ""K078"", ""K081"", ""K082"", ""K083"", ""K084"", ""K085"", ""K091"", ""K092"", ""K095""]","[""K001"", ""K050"", ""K085""]"
bm25,B3,C008,1,B,personal_baseline,PROVISIONAL_LLM_GOLD,0.043478260869565216,0.17391304347826086,0.34782608695652173,0.25,0.20920563864922226,0.6,0,20,10,23,4,"[""K043"", ""K023"", ""K087"", ""K044"", ""K059"", ""K013""]","[""K001"", ""K007"", ""K015"", ""K065"", ""K068"", ""K071"", ""K073"", ""K078"", ""K080"", ""K081"", ""K082"", ""K084"", ""K085"", ""K086"", ""K090"", ""K091"", ""K092"", ""K095"", ""K096""]","[""K001"", ""K085"", ""K096""]"
bm25,B3,C008,2,B,personal_baseline,PROVISIONAL_LLM_GOLD,0.13043478260869565,0.17391304347826086,0.391304347826087,0.25,0.26964473787527304,0.6,0,20,10,23,4,"[""K043"", ""K087"", ""K044"", ""K059"", ""K028"", ""K054""]","[""K001"", ""K007"", ""K015"", ""K065"", ""K068"", ""K071"", ""K073"", ""K078"", ""K080"", ""K081"", ""K083"", ""K084"", ""K085"", ""K086"", ""K091"", ""K092"", ""K094"", ""K095"", ""K096""]","[""K001"", ""K085"", ""K096""]"
bm25,B3,C008,3,B,personal_baseline,PROVISIONAL_LLM_GOLD,0.043478260869565216,0.08695652173913043,0.21739130434782608,0.0,0.13608109118963874,0.8,0,20,10,23,4,"[""K087"", ""K054"", ""K018"", ""K023"", ""K048"", ""K052"", ""K034"", ""K070""]","[""K001"", ""K007"", ""K015"", ""K050"", ""K065"", ""K068"", ""K071"", ""K073"", ""K078"", ""K080"", ""K081"", ""K082"", ""K084"", ""K085"", ""K086"", ""K090"", ""K091"", ""K092"", ""K094"", ""K095"", ""K096""]","[""K001"", ""K050"", ""K085"", ""K096""]"
bm25,B4,C008,1,B,personal_baseline,PROVISIONAL_LLM_GOLD,0.043478260869565216,0.13043478260869565,0.34782608695652173,0.0,0.10564189786538387,0.7,0,20,10,23,4,"[""K043"", ""K093"", ""K016"", ""K044"", ""K049"", ""K003"", ""K002""]","[""K001"", ""K007"", ""K015"", ""K050"", ""K065"", ""K068"", ""K071"", ""K073"", ""K078"", ""K080"", ""K081"", ""K083"", ""K084"", ""K085"", ""K086"", ""K090"", ""K091"", ""K092"", ""K095"", ""K096""]","[""K001"", ""K050"", ""K085"", ""K096""]"
bm25,B4,C008,2,B,personal_baseline,PROVISIONAL_LLM_GOLD,0.043478260869565216,0.13043478260869565,0.34782608695652173,0.0,0.10564189786538387,0.7,0,20,10,23,4,"[""K043"", ""K093"", ""K016"", ""K044"", ""K049"", ""K003"", ""K002""]","[""K001"", ""K007"", ""K015"", ""K050"", ""K065"", ""K068"", ""K071"", ""K073"", ""K078"", ""K080"", ""K081"", ""K083"", ""K084"", ""K085"", ""K086"", ""K090"", ""K091"", ""K092"", ""K095"", ""K096""]","[""K001"", ""K050"", ""K085"", ""K096""]"
bm25,B4,C008,3,B,personal_baseline,PROVISIONAL_LLM_GOLD,0.043478260869565216,0.13043478260869565,0.34782608695652173,0.0,0.10564189786538387,0.7,0,20,10,23,4,"[""K043"", ""K093"", ""K016"", ""K044"", ""K049"", ""K003"", ""K002""]","[""K001"", ""K007"", ""K015"", ""K050"", ""K065"", ""K068"", ""K071"", ""K073"", ""K078"", ""K080"", ""K081"", ""K083"", ""K084"", ""K085"", ""K086"", ""K090"", ""K091"", ""K092"", ""K095"", ""K096""]","[""K001"", ""K050"", ""K085"", ""K096""]"
bm25,B1,C009,1,B,personal_baseline,PROVISIONAL_LLM_GOLD,0.20833333333333334,0.25,0.3333333333333333,0.3333333333333333,0.47516726074326404,0.4,0,20,10,24,6,"[""K048"", ""K057"", ""K054"", ""K047""]","[""K001"", ""K007"", ""K015"", ""K033"", ""K050"", ""K068"", ""K073"", ""K076"", ""K079"", ""K080"", ""K081"", ""K082"", ""K084"", ""K085"", ""K086"", ""K089"", ""K094"", ""K095""]","[""K001"", ""K079"", ""K082"", ""K085""]"
bm25,B1,C009,2,B,personal_baseline,PROVISIONAL_LLM_GOLD,0.16666666666666666,0.20833333333333334,0.3333333333333333,0.16666666666666666,0.3153514528743853,0.5,0,20,10,24,6,"[""K042"", ""K047"", ""K023"", ""K043"", ""K057""]","[""K001"", ""K007"", ""K015"", ""K033"", ""K065"", ""K068"", ""K076"", ""K077"", ""K078"", ""K079"", ""K081"", ""K082"", ""K083"", ""K084"", ""K086"", ""K089"", ""K090"", ""K094"", ""K095""]","[""K001"", ""K077"", ""K079"", ""K082"", ""K083""]"
bm25,B1,C009,3,B,personal_baseline,PROVISIONAL_LLM_GOLD,0.16666666666666666,0.25,0.4166666666666667,0.16666666666666666,0.31964391005410114,0.4,0,20,10,24,6,"[""K057"", ""K093"", ""K042"", ""K006""]","[""K001"", ""K007"", ""K015"", ""K033"", ""K065"", ""K068"", ""K076"", ""K079"", ""K081"", ""K082"", ""K083"", ""K084"", ""K085"", ""K086"", ""K089"", ""K090"", ""K094"", ""K095""]","[""K001"", ""K079"", ""K082"", ""K083"", ""K085""]"
bm25,B2,C009,1,B,personal_baseline,PROVISIONAL_LLM_GOLD,0.08333333333333333,0.16666666666666666,0.375,0.16666666666666666,0.2281103413713368,0.6,0,20,10,24,6,"[""K093"", ""K046"", ""K016"", ""K092"", ""K087"", ""K043""]","[""K001"", ""K007"", ""K015"", ""K033"", ""K065"", ""K068"", ""K073"", ""K076"", ""K079"", ""K080"", ""K081"", ""K082"", ""K083"", ""K084"", ""K085"", ""K086"", ""K089"", ""K090"", ""K094"", ""K095""]","[""K001"", ""K079"", ""K082"", ""K083"", ""K085""]"
bm25,B2,C009,2,B,personal_baseline,PROVISIONAL_LLM_GOLD,0.20833333333333334,0.2916666666666667,0.4166666666666667,0.16666666666666666,0.40342475974960446,0.3,0,20,10,24,6,"[""K092"", ""K028"", ""K023""]","[""K001"", ""K007"", ""K015"", ""K050"", ""K065"", ""K068"", ""K076"", ""K079"", ""K081"", ""K082"", ""K083"", ""K084"", ""K085"", ""K086"", ""K089"", ""K090"", ""K095""]","[""K001"", ""K079"", ""K082"", ""K083"", ""K085""]"
bm25,B2,C009,3,B,personal_baseline,PROVISIONAL_LLM_GOLD,0.16666666666666666,0.25,0.4166666666666667,0.6666666666666666,0.6797194315210038,0.4,0,20,10,24,6,"[""K043"", ""K003"", ""K087"", ""K093""]","[""K001"", ""K007"", ""K015"", ""K033"", ""K050"", ""K065"", ""K068"", ""K073"", ""K076"", ""K080"", ""K081"", ""K084"", ""K085"", ""K086"", ""K089"", ""K094"", ""K095"", ""K096""]","[""K001"", ""K085""]"
bm25,B3,C009,1,B,personal_baseline,PROVISIONAL_LLM_GOLD,0.20833333333333334,0.2916666666666667,0.5,0.5,0.6922392852774318,0.3,0,20,10,24,6,"[""K043"", ""K044"", ""K028""]","[""K001"", ""K007"", ""K015"", ""K033"", ""K050"", ""K068"", ""K073"", ""K076"", ""K081"", ""K082"", ""K084"", ""K085"", ""K086"", ""K089"", ""K090"", ""K095"", ""K096""]","[""K001"", ""K082"", ""K085""]"
bm25,B3,C009,2,B,personal_baseline,PROVISIONAL_LLM_GOLD,0.20833333333333334,0.2916666666666667,0.5,0.5,0.663496704723848,0.3,0,20,10,24,6,"[""K016"", ""K087"", ""K006""]","[""K001"", ""K007"", ""K015"", ""K050"", ""K068"", ""K073"", ""K076"", ""K081"", ""K082"", ""K084"", ""K085"", ""K086"", ""K089"", ""K090"", ""K094"", ""K095"", ""K096""]","[""K001"", ""K082"", ""K085""]"
bm25,B3,C009,3,B,personal_baseline,PROVISIONAL_LLM_GOLD,0.20833333333333334,0.375,0.5833333333333334,0.5,0.6512803688440172,0.1,0,20,10,24,6,"[""K028""]","[""K001"", ""K007"", ""K015"", ""K033"", ""K050"", ""K068"", ""K073"", ""K076"", ""K082"", ""K084"", ""K085"", ""K086"", ""K089"", ""K090"", ""K095""]","[""K001"", ""K082"", ""K085""]"
bm25,B4,C009,1,B,personal_baseline,PROVISIONAL_LLM_GOLD,0.041666666666666664,0.125,0.375,0.3333333333333333,0.21331806101356707,0.7,0,20,10,24,6,"[""K043"", ""K093"", ""K016"", ""K044"", ""K049"", ""K002"", ""K003""]","[""K001"", ""K007"", ""K015"", ""K033"", ""K050"", ""K065"", ""K068"", ""K073"", ""K076"", ""K078"", ""K079"", ""K080"", ""K081"", ""K083"", ""K084"", ""K085"", ""K086"", ""K089"", ""K090"", ""K095"", ""K096""]","[""K001"", ""K079"", ""K083"", ""K085""]"
bm25,B4,C009,2,B,personal_baseline,PROVISIONAL_LLM_GOLD,0.041666666666666664,0.125,0.375,0.3333333333333333,0.21331806101356707,0.7,0,20,10,24,6,"[""K043"", ""K093"", ""K016"", ""K044"", ""K049"", ""K002"", ""K003""]","[""K001"", ""K007"", ""K015"", ""K033"", ""K050"", ""K065"", ""K068"", ""K073"", ""K076"", ""K078"", ""K079"", ""K080"", ""K081"", ""K083"", ""K084"", ""K085"", ""K086"", ""K089"", ""K090"", ""K095"", ""K096""]","[""K001"", ""K079"", ""K083"", ""K085""]"
bm25,B4,C009,3,B,personal_baseline,PROVISIONAL_LLM_GOLD,0.041666666666666664,0.125,0.375,0.3333333333333333,0.21331806101356707,0.7,0,20,10,24,6,"[""K043"", ""K093"", ""K016"", ""K044"", ""K049"", ""K002"", ""K003""]","[""K001"", ""K007"", ""K015"", ""K033"", ""K050"", ""K065"", ""K068"", ""K073"", ""K076"", ""K078"", ""K079"", ""K080"", ""K081"", ""K083"", ""K084"", ""K085"", ""K086"", ""K089"", ""K090"", ""K095"", ""K096""]","[""K001"", ""K079"", ""K083"", ""K085""]"
bm25,B1,C010,1,A,personal_baseline,PROVISIONAL_LLM_GOLD,0.22727272727272727,0.36363636363636365,0.5,0.5,0.5954029288466196,0.2,0,20,10,22,6,"[""K057"", ""K054""]","[""K001"", ""K007"", ""K015"", ""K017"", ""K019"", ""K050"", ""K065"", ""K068"", ""K079"", ""K081"", ""K082"", ""K083"", ""K084"", ""K094""]","[""K001"", ""K050"", ""K082""]"
bm25,B1,C010,2,A,personal_baseline,PROVISIONAL_LLM_GOLD,0.13636363636363635,0.2727272727272727,0.3181818181818182,0.6666666666666666,0.6738177169948002,0.4,0,20,10,22,6,"[""K032"", ""K043"", ""K003"", ""K047""]","[""K007"", ""K015"", ""K019"", ""K065"", ""K068"", ""K073"", ""K077"", ""K078"", ""K079"", ""K080"", ""K081"", ""K082"", ""K083"", ""K084"", ""K086"", ""K094""]","[""K077"", ""K082""]"
bm25,B1,C010,3,A,personal_baseline,PROVISIONAL_LLM_GOLD,0.09090909090909091,0.18181818181818182,0.22727272727272727,0.5,0.5615082478824649,0.6,0,20,10,22,6,"[""K054"", ""K067"", ""K048"", ""K002"", ""K057"", ""K051""]","[""K001"", ""K007"", ""K015"", ""K017"", ""K019"", ""K068"", ""K073"", ""K077"", ""K078"", ""K079"", ""K080"", ""K081"", ""K082"", ""K083"", ""K084"", ""K086"", ""K090"", ""K094""]","[""K001"", ""K077"", ""K082""]"
bm25,B2,C010,1,A,personal_baseline,PROVISIONAL_LLM_GOLD,0.13636363636363635,0.22727272727272727,0.4090909090909091,0.3333333333333333,0.37261154532763147,0.5,0,20,10,22,6,"[""K043"", ""K028"", ""K049"", ""K064"", ""K023""]","[""K001"", ""K007"", ""K015"", ""K017"", ""K019"", ""K065"", ""K068"", ""K073"", ""K077"", ""K078"", ""K079"", ""K081"", ""K082"", ""K083"", ""K084"", ""K085"", ""K086""]","[""K001"", ""K077"", ""K082"", ""K085""]"
bm25,B2,C010,2,A,personal_baseline,PROVISIONAL_LLM_GOLD,0.13636363636363635,0.22727272727272727,0.3181818181818182,0.5,0.6127215412514514,0.5,0,20,10,22,6,"[""K046"", ""K002"", ""K013"", ""K036"", ""K058""]","[""K001"", ""K007"", ""K015"", ""K017"", ""K019"", ""K065"", ""K068"", ""K079"", ""K080"", ""K081"", ""K082"", ""K083"", ""K084"", ""K085"", ""K086"", ""K090"", ""K094""]","[""K001"", ""K082"", ""K085""]"
bm25,B2,C010,3,A,personal_baseline,PROVISIONAL_LLM_GOLD,0.09090909090909091,0.18181818181818182,0.36363636363636365,0.3333333333333333,0.33270158823416035,0.6,0,20,10,22,6,"[""K043"", ""K092"", ""K018"", ""K033"", ""K046"", ""K028""]","[""K001"", ""K007"", ""K015"", ""K017"", ""K019"", ""K065"", ""K068"", ""K073"", ""K077"", ""K078"", ""K079"", ""K080"", ""K081"", ""K082"", ""K083"", ""K084"", ""K085"", ""K086""]","[""K001"", ""K077"", ""K082"", ""K085""]"
bm25,B3,C010,1,A,personal_baseline,PROVISIONAL_LLM_GOLD,0.13636363636363635,0.18181818181818182,0.2727272727272727,0.5,0.43470910065129054,0.6,0,20,10,22,6,"[""K043"", ""K028"", ""K023"", ""K044"", ""K054"", ""K013""]","[""K001"", ""K007"", ""K015"", ""K017"", ""K019"", ""K065"", ""K068"", ""K073"", ""K078"", ""K079"", ""K080"", ""K081"", ""K082"", ""K083"", ""K084"", ""K085"", ""K086"", ""K090""]","[""K001"", ""K082"", ""K085""]"
bm25,B3,C010,2,A,personal_baseline,PROVISIONAL_LLM_GOLD,0.13636363636363635,0.13636363636363635,0.4090909090909091,0.5,0.519329847375359,0.7,0,20,10,22,6,"[""K043"", ""K044"", ""K054"", ""K032"", ""K087"", ""K023"", ""K052""]","[""K001"", ""K007"", ""K015"", ""K017"", ""K019"", ""K065"", ""K068"", ""K073"", ""K078"", ""K079"", ""K080"", ""K081"", ""K082"", ""K083"", ""K084"", ""K085"", ""K086"", ""K090"", ""K094""]","[""K001"", ""K082"", ""K085""]"
bm25,B3,C010,3,A,personal_baseline,PROVISIONAL_LLM_GOLD,0.13636363636363635,0.13636363636363635,0.2727272727272727,0.3333333333333333,0.2850276408745011,0.7,0,20,10,22,6,"[""K043"", ""K044"", ""K028"", ""K057"", ""K013"", ""K054"", ""K048""]","[""K001"", ""K007"", ""K015"", ""K017"", ""K019"", ""K065"", ""K068"", ""K073"", ""K077"", ""K078"", ""K079"", ""K080"", ""K081"", ""K082"", ""K083"", ""K084"", ""K085"", ""K086"", ""K090""]","[""K001"", ""K077"", ""K082"", ""K085""]"
bm25,B4,C010,1,A,personal_baseline,PROVISIONAL_LLM_GOLD,0.045454545454545456,0.13636363636363635,0.4090909090909091,0.3333333333333333,0.2188030150673451,0.7,0,20,10,22,6,"[""K043"", ""K093"", ""K016"", ""K044"", ""K049"", ""K003"", ""K002""]","[""K001"", ""K007"", ""K015"", ""K017"", ""K019"", ""K050"", ""K065"", ""K068"", ""K073"", ""K078"", ""K079"", ""K080"", ""K081"", ""K083"", ""K084"", ""K085"", ""K086"", ""K090"", ""K096""]","[""K001"", ""K050"", ""K085"", ""K096""]"
bm25,B4,C010,2,A,personal_baseline,PROVISIONAL_LLM_GOLD,0.045454545454545456,0.13636363636363635,0.4090909090909091,0.3333333333333333,0.2188030150673451,0.7,0,20,10,22,6,"[""K043"", ""K093"", ""K016"", ""K044"", ""K049"", ""K003"", ""K002""]","[""K001"", ""K007"", ""K015"", ""K017"", ""K019"", ""K050"", ""K065"", ""K068"", ""K073"", ""K078"", ""K079"", ""K080"", ""K081"", ""K083"", ""K084"", ""K085"", ""K086"", ""K090"", ""K096""]","[""K001"", ""K050"", ""K085"", ""K096""]"
bm25,B4,C010,3,A,personal_baseline,PROVISIONAL_LLM_GOLD,0.045454545454545456,0.13636363636363635,0.4090909090909091,0.3333333333333333,0.2188030150673451,0.7,0,20,10,22,6,"[""K043"", ""K093"", ""K016"", ""K044"", ""K049"", ""K003"", ""K002""]","[""K001"", ""K007"", ""K015"", ""K017"", ""K019"", ""K050"", ""K065"", ""K068"", ""K073"", ""K078"", ""K079"", ""K080"", ""K081"", ""K083"", ""K084"", ""K085"", ""K086"", ""K090"", ""K096""]","[""K001"", ""K050"", ""K085"", ""K096""]"
bm25,B1,C011,1,C,personal_baseline,PROVISIONAL_LLM_GOLD,0.045454545454545456,0.09090909090909091,0.2727272727272727,0.0,0.09064668004714303,0.8,0,20,10,22,5,"[""K057"", ""K087"", ""K019"", ""K093"", ""K043"", ""K054"", ""K046"", ""K034""]","[""K001"", ""K007"", ""K015"", ""K065"", ""K068"", ""K071"", ""K073"", ""K077"", ""K078"", ""K079"", ""K080"", ""K081"", ""K082"", ""K083"", ""K084"", ""K085"", ""K086"", ""K090"", ""K094"", ""K095""]","[""K001"", ""K077"", ""K080"", ""K085"", ""K086""]"
bm25,B1,C011,2,C,personal_baseline,PROVISIONAL_LLM_GOLD,0.09090909090909091,0.13636363636363635,0.36363636363636365,0.2,0.2585658841067417,0.7,0,20,10,22,5,"[""K057"", ""K043"", ""K047"", ""K002"", ""K046"", ""K087"", ""K018""]","[""K001"", ""K007"", ""K015"", ""K065"", ""K068"", ""K071"", ""K073"", ""K077"", ""K078"", ""K079"", ""K080"", ""K081"", ""K082"", ""K083"", ""K084"", ""K086"", ""K090"", ""K094"", ""K095""]","[""K001"", ""K077"", ""K080"", ""K086""]"
bm25,B1,C011,3,C,personal_baseline,PROVISIONAL_LLM_GOLD,0.13636363636363635,0.18181818181818182,0.2727272727272727,0.2,0.31189116948615814,0.6,0,20,10,22,5,"[""K047"", ""K057"", ""K069"", ""K043"", ""K087"", ""K076""]","[""K001"", ""K007"", ""K015"", ""K065"", ""K068"", ""K071"", ""K077"", ""K078"", ""K079"", ""K080"", ""K081"", ""K082"", ""K083"", ""K084"", ""K086"", ""K090"", ""K094"", ""K095""]","[""K001"", ""K077"", ""K080"", ""K086""]"
bm25,B2,C011,1,C,personal_baseline,PROVISIONAL_LLM_GOLD,0.13636363636363635,0.18181818181818182,0.4090909090909091,0.4,0.4822662212513014,0.6,0,20,10,22,5,"[""K018"", ""K043"", ""K028"", ""K019"", ""K087"", ""K017""]","[""K001"", ""K007"", ""K015"", ""K050"", ""K065"", ""K068"", ""K071"", ""K073"", ""K081"", ""K082"", ""K083"", ""K084"", ""K085"", ""K086"", ""K090"", ""K094"", ""K095"", ""K096""]","[""K001"", ""K085"", ""K086""]"
bm25,B2,C011,2,C,personal_baseline,PROVISIONAL_LLM_GOLD,0.09090909090909091,0.18181818181818182,0.3181818181818182,0.4,0.38676978565443054,0.6,0,20,10,22,5,"[""K043"", ""K028"", ""K023"", ""K087"", ""K017"", ""K018""]","[""K001"", ""K007"", ""K015"", ""K050"", ""K065"", ""K068"", ""K071"", ""K073"", ""K079"", ""K081"", ""K082"", ""K084"", ""K085"", ""K086"", ""K090"", ""K094"", ""K095"", ""K096""]","[""K001"", ""K085"", ""K086""]"
bm25,B2,C011,3,C,personal_baseline,PROVISIONAL_LLM_GOLD,0.09090909090909091,0.13636363636363635,0.36363636363636365,0.4,0.4287182522037239,0.7,0,20,10,22,5,"[""K028"", ""K043"", ""K018"", ""K019"", ""K064"", ""K049"", ""K023""]","[""K001"", ""K007"", ""K015"", ""K050"", ""K065"", ""K068"", ""K071"", ""K073"", ""K078"", ""K079"", ""K081"", ""K082"", ""K083"", ""K084"", ""K085"", ""K086"", ""K090"", ""K095"", ""K096""]","[""K001"", ""K085"", ""K086""]"
bm25,B3,C011,1,C,personal_baseline,PROVISIONAL_LLM_GOLD,0.045454545454545456,0.13636363636363635,0.2727272727272727,0.2,0.1904717602012624,0.7,0,20,10,22,5,"[""K093"", ""K018"", ""K043"", ""K057"", ""K087"", ""K059"", ""K006""]","[""K001"", ""K007"", ""K015"", ""K065"", ""K068"", ""K071"", ""K073"", ""K078"", ""K079"", ""K080"", ""K081"", ""K082"", ""K083"", ""K084"", ""K085"", ""K086"", ""K090"", ""K094"", ""K095""]","[""K001"", ""K080"", ""K085"", ""K086""]"
bm25,B3,C011,2,C,personal_baseline,PROVISIONAL_LLM_GOLD,0.09090909090909091,0.2727272727272727,0.45454545454545453,0.2,0.26546961682233194,0.4,0,20,10,22,5,"[""K093"", ""K043"", ""K057"", ""K013""]","[""K001"", ""K007"", ""K065"", ""K068"", ""K071"", ""K073"", ""K077"", ""K078"", ""K079"", ""K082"", ""K083"", ""K084"", ""K085"", ""K086"", ""K090"", ""K095""]","[""K001"", ""K077"", ""K085"", ""K086""]"
bm25,B3,C011,3,C,personal_baseline,PROVISIONAL_LLM_GOLD,0.0,0.13636363636363635,0.3181818181818182,0.2,0.15140667156945065,0.7,0,20,10,22,5,"[""K028"", ""K018"", ""K057"", ""K043"", ""K044"", ""K023"", ""K059""]","[""K001"", ""K007"", ""K050"", ""K065"", ""K068"", ""K071"", ""K073"", ""K078"", ""K079"", ""K080"", ""K081"", ""K082"", ""K083"", ""K084"", ""K085"", ""K086"", ""K090"", ""K095"", ""K096""]","[""K001"", ""K080"", ""K085"", ""K086""]"
bm25,B4,C011,1,C,personal_baseline,PROVISIONAL_LLM_GOLD,0.045454545454545456,0.13636363636363635,0.4090909090909091,0.2,0.170208046638053,0.7,0,20,10,22,5,"[""K043"", ""K093"", ""K016"", ""K044"", ""K002"", ""K049"", ""K003""]","[""K001"", ""K007"", ""K015"", ""K050"", ""K065"", ""K068"", ""K071"", ""K073"", ""K078"", ""K079"", ""K080"", ""K081"", ""K083"", ""K084"", ""K085"", ""K086"", ""K090"", ""K095"", ""K096""]","[""K001"", ""K080"", ""K085"", ""K086""]"
bm25,B4,C011,2,C,personal_baseline,PROVISIONAL_LLM_GOLD,0.045454545454545456,0.13636363636363635,0.4090909090909091,0.2,0.170208046638053,0.7,0,20,10,22,5,"[""K043"", ""K093"", ""K016"", ""K044"", ""K002"", ""K049"", ""K003""]","[""K001"", ""K007"", ""K015"", ""K050"", ""K065"", ""K068"", ""K071"", ""K073"", ""K078"", ""K079"", ""K080"", ""K081"", ""K083"", ""K084"", ""K085"", ""K086"", ""K090"", ""K095"", ""K096""]","[""K001"", ""K080"", ""K085"", ""K086""]"
bm25,B4,C011,3,C,personal_baseline,PROVISIONAL_LLM_GOLD,0.045454545454545456,0.13636363636363635,0.4090909090909091,0.2,0.170208046638053,0.7,0,20,10,22,5,"[""K043"", ""K093"", ""K016"", ""K044"", ""K002"", ""K049"", ""K003""]","[""K001"", ""K007"", ""K015"", ""K050"", ""K065"", ""K068"", ""K071"", ""K073"", ""K078"", ""K079"", ""K080"", ""K081"", ""K083"", ""K084"", ""K085"", ""K086"", ""K090"", ""K095"", ""K096""]","[""K001"", ""K080"", ""K085"", ""K086""]"
bm25,B1,C012,1,C,personal_baseline,PROVISIONAL_LLM_GOLD,0.0967741935483871,0.16129032258064516,0.3548387096774194,0.16666666666666666,0.4240235120836842,0.5,0,20,10,31,12,"[""K043"", ""K028"", ""K038"", ""K018"", ""K054""]","[""K001"", ""K007"", ""K008"", ""K015"", ""K017"", ""K019"", ""K048"", ""K050"", ""K057"", ""K058"", ""K059"", ""K068"", ""K069"", ""K071"", ""K073"", ""K077"", ""K078"", ""K079"", ""K080"", ""K081"", ""K082"", ""K084"", ""K086"", ""K090"", ""K094"", ""K096""]","[""K001"", ""K068"", ""K077"", ""K078"", ""K080"", ""K081"", ""K082"", ""K084"", ""K086"", ""K094""]"
bm25,B1,C012,2,C,personal_baseline,PROVISIONAL_LLM_GOLD,0.12903225806451613,0.16129032258064516,0.25806451612903225,0.16666666666666666,0.3409731605074311,0.5,0,20,10,31,12,"[""K035"", ""K093"", ""K047"", ""K036"", ""K040""]","[""K001"", ""K007"", ""K008"", ""K015"", ""K017"", ""K019"", ""K048"", ""K057"", ""K058"", ""K059"", ""K065"", ""K068"", ""K069"", ""K071"", ""K073"", ""K077"", ""K079"", ""K080"", ""K081"", ""K082"", ""K084"", ""K085"", ""K086"", ""K090"", ""K094"", ""K095""]","[""K001"", ""K068"", ""K077"", ""K080"", ""K081"", ""K082"", ""K084"", ""K085"", ""K086"", ""K094""]"
bm25,B1,C012,3,C,personal_baseline,PROVISIONAL_LLM_GOLD,0.0967741935483871,0.1935483870967742,0.2903225806451613,0.16666666666666666,0.32160515518124383,0.4,0,20,10,31,12,"[""K093"", ""K016"", ""K047"", ""K033""]","[""K001"", ""K007"", ""K008"", ""K015"", ""K017"", ""K019"", ""K048"", ""K057"", ""K058"", ""K059"", ""K065"", ""K068"", ""K069"", ""K071"", ""K077"", ""K078"", ""K079"", ""K081"", ""K082"", ""K083"", ""K084"", ""K085"", ""K090"", ""K094"", ""K095""]","[""K001"", ""K068"", ""K077"", ""K078"", ""K081"", ""K082"", ""K083"", ""K084"", ""K085"", ""K094""]"
bm25,B2,C012,1,C,personal_baseline,PROVISIONAL_LLM_GOLD,0.06451612903225806,0.12903225806451613,0.3225806451612903,0.16666666666666666,0.24454010534937104,0.6,0,20,10,31,12,"[""K018"", ""K043"", ""K028"", ""K029"", ""K032"", ""K093""]","[""K001"", ""K007"", ""K008"", ""K015"", ""K017"", ""K019"", ""K046"", ""K048"", ""K057"", ""K058"", ""K059"", ""K065"", ""K068"", ""K069"", ""K071"", ""K073"", ""K078"", ""K079"", ""K080"", ""K081"", ""K082"", ""K083"", ""K084"", ""K086"", ""K090"", ""K094"", ""K095""]","[""K001"", ""K068"", ""K078"", ""K080"", ""K081"", ""K082"", ""K083"", ""K084"", ""K086"", ""K094""]"
bm25,B2,C012,2,C,personal_baseline,PROVISIONAL_LLM_GOLD,0.03225806451612903,0.12903225806451613,0.2903225806451613,0.16666666666666666,0.23518212381675146,0.6,0,20,10,31,12,"[""K018"", ""K043"", ""K053"", ""K028"", ""K029"", ""K032""]","[""K001"", ""K007"", ""K008"", ""K015"", ""K017"", ""K019"", ""K046"", ""K048"", ""K057"", ""K058"", ""K059"", ""K065"", ""K068"", ""K069"", ""K071"", ""K073"", ""K078"", ""K079"", ""K080"", ""K081"", ""K082"", ""K083"", ""K084"", ""K086"", ""K090"", ""K094"", ""K095""]","[""K001"", ""K068"", ""K078"", ""K080"", ""K081"", ""K082"", ""K083"", ""K084"", ""K086"", ""K094""]"
bm25,B2,C012,3,C,personal_baseline,PROVISIONAL_LLM_GOLD,0.03225806451612903,0.12903225806451613,0.25806451612903225,0.16666666666666666,0.18852112530482665,0.6,0,20,10,31,12,"[""K028"", ""K064"", ""K043"", ""K053"", ""K018"", ""K049""]","[""K001"", ""K007"", ""K008"", ""K015"", ""K019"", ""K046"", ""K048"", ""K050"", ""K057"", ""K058"", ""K059"", ""K065"", ""K068"", ""K069"", ""K071"", ""K073"", ""K079"", ""K080"", ""K081"", ""K082"", ""K083"", ""K084"", ""K085"", ""K086"", ""K090"", ""K094"", ""K096""]","[""K001"", ""K068"", ""K080"", ""K081"", ""K082"", ""K083"", ""K084"", ""K085"", ""K086"", ""K094""]"
bm25,B3,C012,1,C,personal_baseline,PROVISIONAL_LLM_GOLD,0.03225806451612903,0.0967741935483871,0.3225806451612903,0.16666666666666666,0.1758519817957967,0.7,0,20,10,31,12,"[""K093"", ""K056"", ""K043"", ""K044"", ""K018"", ""K087"", ""K028""]","[""K001"", ""K007"", ""K008"", ""K015"", ""K017"", ""K019"", ""K046"", ""K048"", ""K050"", ""K058"", ""K059"", ""K065"", ""K068"", ""K069"", ""K071"", ""K073"", ""K077"", ""K078"", ""K079"", ""K080"", ""K081"", ""K082"", ""K084"", ""K085"", ""K086"", ""K090"", ""K095"", ""K096""]","[""K001"", ""K068"", ""K077"", ""K078"", ""K080"", ""K081"", ""K082"", ""K084"", ""K085"", ""K086""]"
bm25,B3,C012,2,C,personal_baseline,PROVISIONAL_LLM_GOLD,0.06451612903225806,0.16129032258064516,0.25806451612903225,0.4166666666666667,0.4034622814226772,0.5,0,20,10,31,12,"[""K093"", ""K028"", ""K043"", ""K018"", ""K087""]","[""K001"", ""K007"", ""K008"", ""K015"", ""K017"", ""K019"", ""K046"", ""K048"", ""K050"", ""K057"", ""K058"", ""K059"", ""K065"", ""K068"", ""K069"", ""K071"", ""K073"", ""K079"", ""K082"", ""K084"", ""K085"", ""K086"", ""K090"", ""K094"", ""K095"", ""K096""]","[""K001"", ""K068"", ""K082"", ""K084"", ""K085"", ""K086"", ""K094""]"
bm25,B3,C012,3,C,personal_baseline,PROVISIONAL_LLM_GOLD,0.12903225806451613,0.1935483870967742,0.3548387096774194,0.3333333333333333,0.5848422853885881,0.4,0,20,10,31,12,"[""K087"", ""K056"", ""K018"", ""K064""]","[""K001"", ""K007"", ""K008"", ""K015"", ""K017"", ""K019"", ""K046"", ""K048"", ""K050"", ""K058"", ""K065"", ""K068"", ""K069"", ""K071"", ""K073"", ""K079"", ""K081"", ""K082"", ""K084"", ""K085"", ""K086"", ""K090"", ""K094"", ""K095"", ""K096""]","[""K001"", ""K068"", ""K081"", ""K082"", ""K084"", ""K085"", ""K086"", ""K094""]"
bm25,B4,C012,1,C,personal_baseline,PROVISIONAL_LLM_GOLD,0.03225806451612903,0.0967741935483871,0.3225806451612903,0.25,0.22793826167775832,0.7,0,20,10,31,12,"[""K043"", ""K093"", ""K016"", ""K044"", ""K049"", ""K003"", ""K002""]","[""K001"", ""K007"", ""K008"", ""K015"", ""K017"", ""K019"", ""K046"", ""K048"", ""K050"", ""K057"", ""K058"", ""K059"", ""K065"", ""K068"", ""K069"", ""K071"", ""K073"", ""K078"", ""K079"", ""K080"", ""K081"", ""K083"", ""K084"", ""K085"", ""K086"", ""K090"", ""K095"", ""K096""]","[""K001"", ""K068"", ""K078"", ""K080"", ""K081"", ""K083"", ""K084"", ""K085"", ""K086""]"
bm25,B4,C012,2,C,personal_baseline,PROVISIONAL_LLM_GOLD,0.03225806451612903,0.0967741935483871,0.3225806451612903,0.25,0.22793826167775832,0.7,0,20,10,31,12,"[""K043"", ""K093"", ""K016"", ""K044"", ""K049"", ""K003"", ""K002""]","[""K001"", ""K007"", ""K008"", ""K015"", ""K017"", ""K019"", ""K046"", ""K048"", ""K050"", ""K057"", ""K058"", ""K059"", ""K065"", ""K068"", ""K069"", ""K071"", ""K073"", ""K078"", ""K079"", ""K080"", ""K081"", ""K083"", ""K084"", ""K085"", ""K086"", ""K090"", ""K095"", ""K096""]","[""K001"", ""K068"", ""K078"", ""K080"", ""K081"", ""K083"", ""K084"", ""K085"", ""K086""]"
bm25,B4,C012,3,C,personal_baseline,PROVISIONAL_LLM_GOLD,0.03225806451612903,0.0967741935483871,0.3225806451612903,0.25,0.22793826167775832,0.7,0,20,10,31,12,"[""K043"", ""K093"", ""K016"", ""K044"", ""K049"", ""K003"", ""K002""]","[""K001"", ""K007"", ""K008"", ""K015"", ""K017"", ""K019"", ""K046"", ""K048"", ""K050"", ""K057"", ""K058"", ""K059"", ""K065"", ""K068"", ""K069"", ""K071"", ""K073"", ""K078"", ""K079"", ""K080"", ""K081"", ""K083"", ""K084"", ""K085"", ""K086"", ""K090"", ""K095"", ""K096""]","[""K001"", ""K068"", ""K078"", ""K080"", ""K081"", ""K083"", ""K084"", ""K085"", ""K086""]"
bm25,B1,C013,1,A,temporal_pattern,PROVISIONAL_LLM_GOLD,0.19047619047619047,0.23809523809523808,0.2857142857142857,0.16666666666666666,0.43336270621400136,0.5,0,20,10,21,6,"[""K090"", ""K047"", ""K093"", ""K023"", ""K043""]","[""K001"", ""K007"", ""K015"", ""K017"", ""K019"", ""K033"", ""K065"", ""K068"", ""K077"", ""K078"", ""K079"", ""K081"", ""K082"", ""K083"", ""K084"", ""K094""]","[""K001"", ""K017"", ""K068"", ""K077"", ""K084""]"
bm25,B1,C013,2,A,temporal_pattern,PROVISIONAL_LLM_GOLD,0.14285714285714285,0.23809523809523808,0.3333333333333333,0.3333333333333333,0.3181716503962605,0.5,0,20,10,21,6,"[""K043"", ""K028"", ""K093"", ""K002"", ""K018""]","[""K007"", ""K015"", ""K019"", ""K033"", ""K065"", ""K068"", ""K077"", ""K078"", ""K079"", ""K081"", ""K082"", ""K083"", ""K084"", ""K085"", ""K094"", ""K096""]","[""K068"", ""K077"", ""K084"", ""K085""]"
bm25,B1,C013,3,A,temporal_pattern,PROVISIONAL_LLM_GOLD,0.09523809523809523,0.23809523809523808,0.3333333333333333,0.3333333333333333,0.34822325325058645,0.5,0,20,10,21,6,"[""K043"", ""K018"", ""K031"", ""K047"", ""K071""]","[""K001"", ""K007"", ""K015"", ""K019"", ""K033"", ""K065"", ""K068"", ""K077"", ""K078"", ""K079"", ""K080"", ""K081"", ""K082"", ""K083"", ""K084"", ""K094""]","[""K001"", ""K068"", ""K077"", ""K084""]"
bm25,B2,C013,1,A,temporal_pattern,PROVISIONAL_LLM_GOLD,0.19047619047619047,0.23809523809523808,0.38095238095238093,0.3333333333333333,0.42851366589923684,0.5,0,20,10,21,6,"[""K032"", ""K086"", ""K087"", ""K018"", ""K093""]","[""K001"", ""K007"", ""K015"", ""K019"", ""K033"", ""K050"", ""K065"", ""K068"", ""K073"", ""K079"", ""K081"", ""K082"", ""K084"", ""K085"", ""K094"", ""K096""]","[""K001"", ""K068"", ""K084"", ""K085""]"
bm25,B2,C013,2,A,temporal_pattern,PROVISIONAL_LLM_GOLD,0.19047619047619047,0.38095238095238093,0.47619047619047616,0.3333333333333333,0.6107700867946081,0.2,0,20,10,21,6,"[""K093"", ""K002""]","[""K001"", ""K007"", ""K015"", ""K033"", ""K050"", ""K065"", ""K068"", ""K081"", ""K082"", ""K083"", ""K084"", ""K085"", ""K096""]","[""K001"", ""K068"", ""K084"", ""K085""]"
bm25,B2,C013,3,A,temporal_pattern,PROVISIONAL_LLM_GOLD,0.19047619047619047,0.3333333333333333,0.5238095238095238,0.16666666666666666,0.4978239592573779,0.3,0,20,10,21,6,"[""K031"", ""K087"", ""K039""]","[""K001"", ""K007"", ""K015"", ""K017"", ""K033"", ""K050"", ""K065"", ""K068"", ""K073"", ""K081"", ""K084"", ""K085"", ""K094"", ""K096""]","[""K001"", ""K017"", ""K068"", ""K084"", ""K085""]"
bm25,B3,C013,1,A,temporal_pattern,PROVISIONAL_LLM_GOLD,0.09523809523809523,0.14285714285714285,0.2857142857142857,0.0,0.11954275568716288,0.7,0,20,10,21,6,"[""K032"", ""K003"", ""K013"", ""K006"", ""K029"", ""K018"", ""K009""]","[""K001"", ""K007"", ""K015"", ""K017"", ""K019"", ""K033"", ""K050"", ""K065"", ""K068"", ""K073"", ""K077"", ""K078"", ""K079"", ""K080"", ""K082"", ""K084"", ""K085"", ""K096""]","[""K001"", ""K017"", ""K068"", ""K077"", ""K084"", ""K085""]"
bm25,B3,C013,2,A,temporal_pattern,PROVISIONAL_LLM_GOLD,0.09523809523809523,0.19047619047619047,0.38095238095238093,0.0,0.13512817056752294,0.6,0,20,10,21,6,"[""K087"", ""K016"", ""K006"", ""K002"", ""K044"", ""K067""]","[""K001"", ""K007"", ""K015"", ""K017"", ""K019"", ""K050"", ""K065"", ""K068"", ""K073"", ""K077"", ""K078"", ""K079"", ""K082"", ""K083"", ""K084"", ""K085"", ""K094""]","[""K001"", ""K017"", ""K068"", ""K077"", ""K084"", ""K085""]"
bm25,B3,C013,3,A,temporal_pattern,PROVISIONAL_LLM_GOLD,0.09523809523809523,0.19047619047619047,0.42857142857142855,0.0,0.14130402935450084,0.6,0,20,10,21,6,"[""K005"", ""K018"", ""K040"", ""K032"", ""K043"", ""K075""]","[""K001"", ""K007"", ""K015"", ""K017"", ""K050"", ""K065"", ""K068"", ""K073"", ""K077"", ""K078"", ""K079"", ""K080"", ""K081"", ""K082"", ""K084"", ""K085"", ""K096""]","[""K001"", ""K017"", ""K068"", ""K077"", ""K084"", ""K085""]"
bm25,B4,C013,1,A,temporal_pattern,PROVISIONAL_LLM_GOLD,0.047619047619047616,0.14285714285714285,0.42857142857142855,0.16666666666666666,0.16223205962400075,0.7,0,20,10,21,6,"[""K043"", ""K093"", ""K016"", ""K044"", ""K049"", ""K003"", ""K002""]","[""K001"", ""K007"", ""K015"", ""K017"", ""K019"", ""K033"", ""K050"", ""K065"", ""K068"", ""K073"", ""K078"", ""K079"", ""K080"", ""K081"", ""K083"", ""K084"", ""K085"", ""K096""]","[""K001"", ""K017"", ""K068"", ""K084"", ""K085""]"
bm25,B4,C013,2,A,temporal_pattern,PROVISIONAL_LLM_GOLD,0.047619047619047616,0.14285714285714285,0.42857142857142855,0.16666666666666666,0.16223205962400075,0.7,0,20,10,21,6,"[""K043"", ""K093"", ""K016"", ""K044"", ""K049"", ""K003"", ""K002""]","[""K001"", ""K007"", ""K015"", ""K017"", ""K019"", ""K033"", ""K050"", ""K065"", ""K068"", ""K073"", ""K078"", ""K079"", ""K080"", ""K081"", ""K083"", ""K084"", ""K085"", ""K096""]","[""K001"", ""K017"", ""K068"", ""K084"", ""K085""]"
bm25,B4,C013,3,A,temporal_pattern,PROVISIONAL_LLM_GOLD,0.047619047619047616,0.14285714285714285,0.42857142857142855,0.16666666666666666,0.16223205962400075,0.7,0,20,10,21,6,"[""K043"", ""K093"", ""K016"", ""K044"", ""K049"", ""K003"", ""K002""]","[""K001"", ""K007"", ""K015"", ""K017"", ""K019"", ""K033"", ""K050"", ""K065"", ""K068"", ""K073"", ""K078"", ""K079"", ""K080"", ""K081"", ""K083"", ""K084"", ""K085"", ""K096""]","[""K001"", ""K017"", ""K068"", ""K084"", ""K085""]"
bm25,B1,C014,1,A,temporal_pattern,PROVISIONAL_LLM_GOLD,0.11538461538461539,0.19230769230769232,0.3076923076923077,0.0,0.34832768725510965,0.5,0,20,10,26,2,"[""K018"", ""K090"", ""K047"", ""K067"", ""K043""]","[""K001"", ""K007"", ""K015"", ""K017"", ""K041"", ""K042"", ""K051"", ""K058"", ""K059"", ""K068"", ""K073"", ""K077"", ""K079"", ""K080"", ""K081"", ""K082"", ""K083"", ""K084"", ""K085"", ""K086"", ""K094""]","[""K001"", ""K085""]"
bm25,B1,C014,2,A,temporal_pattern,PROVISIONAL_LLM_GOLD,0.11538461538461539,0.23076923076923078,0.4230769230769231,0.5,0.45694046400225724,0.4,0,20,10,26,2,"[""K087"", ""K043"", ""K018"", ""K090""]","[""K001"", ""K007"", ""K015"", ""K041"", ""K042"", ""K050"", ""K051"", ""K058"", ""K065"", ""K068"", ""K077"", ""K078"", ""K079"", ""K080"", ""K081"", ""K082"", ""K084"", ""K086"", ""K094"", ""K096""]","[""K001""]"
bm25,B1,C014,3,A,temporal_pattern,PROVISIONAL_LLM_GOLD,0.11538461538461539,0.19230769230769232,0.34615384615384615,0.0,0.33411113926079156,0.5,0,20,10,26,2,"[""K087"", ""K090"", ""K003"", ""K032"", ""K043""]","[""K001"", ""K007"", ""K015"", ""K041"", ""K050"", ""K051"", ""K058"", ""K065"", ""K068"", ""K073"", ""K077"", ""K078"", ""K079"", ""K080"", ""K081"", ""K082"", ""K083"", ""K084"", ""K085"", ""K086"", ""K094""]","[""K001"", ""K085""]"
bm25,B2,C014,1,A,temporal_pattern,PROVISIONAL_LLM_GOLD,0.11538461538461539,0.19230769230769232,0.34615384615384615,0.0,0.31030481726055154,0.5,0,20,10,26,2,"[""K046"", ""K043"", ""K018"", ""K070"", ""K038""]","[""K001"", ""K007"", ""K015"", ""K041"", ""K042"", ""K050"", ""K051"", ""K057"", ""K058"", ""K059"", ""K065"", ""K068"", ""K073"", ""K080"", ""K081"", ""K083"", ""K084"", ""K085"", ""K086"", ""K094"", ""K096""]","[""K001"", ""K085""]"
bm25,B2,C014,2,A,temporal_pattern,PROVISIONAL_LLM_GOLD,0.11538461538461539,0.15384615384615385,0.34615384615384615,0.0,0.2955443433420951,0.6,0,20,10,26,2,"[""K043"", ""K023"", ""K018"", ""K013"", ""K028"", ""K032""]","[""K001"", ""K007"", ""K015"", ""K017"", ""K041"", ""K042"", ""K050"", ""K051"", ""K057"", ""K058"", ""K059"", ""K065"", ""K068"", ""K073"", ""K079"", ""K081"", ""K082"", ""K083"", ""K084"", ""K085"", ""K086"", ""K094""]","[""K001"", ""K085""]"
bm25,B2,C014,3,A,temporal_pattern,PROVISIONAL_LLM_GOLD,0.11538461538461539,0.15384615384615385,0.34615384615384615,0.0,0.2457028298903608,0.6,0,20,10,26,2,"[""K043"", ""K049"", ""K028"", ""K018"", ""K044"", ""K032""]","[""K001"", ""K007"", ""K015"", ""K017"", ""K041"", ""K042"", ""K050"", ""K051"", ""K057"", ""K058"", ""K059"", ""K065"", ""K068"", ""K073"", ""K078"", ""K079"", ""K080"", ""K081"", ""K082"", ""K084"", ""K085"", ""K086""]","[""K001"", ""K085""]"
bm25,B3,C014,1,A,temporal_pattern,PROVISIONAL_LLM_GOLD,0.07692307692307693,0.15384615384615385,0.34615384615384615,0.0,0.26596248230389447,0.6,0,20,10,26,2,"[""K043"", ""K044"", ""K049"", ""K046"", ""K028"", ""K003""]","[""K001"", ""K007"", ""K015"", ""K017"", ""K041"", ""K042"", ""K050"", ""K051"", ""K057"", ""K058"", ""K065"", ""K068"", ""K073"", ""K078"", ""K079"", ""K080"", ""K081"", ""K082"", ""K083"", ""K084"", ""K085"", ""K086""]","[""K001"", ""K085""]"
bm25,B3,C014,2,A,temporal_pattern,PROVISIONAL_LLM_GOLD,0.11538461538461539,0.2692307692307692,0.38461538461538464,0.0,0.440330649080074,0.3,0,20,10,26,2,"[""K023"", ""K013"", ""K038""]","[""K001"", ""K007"", ""K015"", ""K017"", ""K041"", ""K042"", ""K050"", ""K051"", ""K058"", ""K059"", ""K068"", ""K073"", ""K081"", ""K082"", ""K084"", ""K085"", ""K086"", ""K094"", ""K096""]","[""K001"", ""K085""]"
bm25,B3,C014,3,A,temporal_pattern,PROVISIONAL_LLM_GOLD,0.11538461538461539,0.15384615384615385,0.34615384615384615,0.5,0.4130450251782865,0.6,0,20,10,26,2,"[""K003"", ""K043"", ""K013"", ""K048"", ""K028"", ""K002""]","[""K007"", ""K015"", ""K017"", ""K041"", ""K042"", ""K050"", ""K051"", ""K057"", ""K058"", ""K059"", ""K065"", ""K068"", ""K077"", ""K078"", ""K079"", ""K080"", ""K081"", ""K082"", ""K084"", ""K085"", ""K086"", ""K096""]","[""K085""]"
bm25,B4,C014,1,A,temporal_pattern,PROVISIONAL_LLM_GOLD,0.038461538461538464,0.11538461538461539,0.34615384615384615,0.0,0.1326835930126078,0.7,0,20,10,26,2,"[""K043"", ""K093"", ""K016"", ""K044"", ""K049"", ""K003"", ""K002""]","[""K001"", ""K007"", ""K015"", ""K017"", ""K041"", ""K042"", ""K050"", ""K051"", ""K057"", ""K058"", ""K059"", ""K065"", ""K068"", ""K073"", ""K078"", ""K079"", ""K080"", ""K081"", ""K083"", ""K084"", ""K085"", ""K086"", ""K096""]","[""K001"", ""K085""]"
bm25,B4,C014,2,A,temporal_pattern,PROVISIONAL_LLM_GOLD,0.038461538461538464,0.11538461538461539,0.34615384615384615,0.0,0.1326835930126078,0.7,0,20,10,26,2,"[""K043"", ""K093"", ""K016"", ""K044"", ""K049"", ""K003"", ""K002""]","[""K001"", ""K007"", ""K015"", ""K017"", ""K041"", ""K042"", ""K050"", ""K051"", ""K057"", ""K058"", ""K059"", ""K065"", ""K068"", ""K073"", ""K078"", ""K079"", ""K080"", ""K081"", ""K083"", ""K084"", ""K085"", ""K086"", ""K096""]","[""K001"", ""K085""]"
bm25,B4,C014,3,A,temporal_pattern,PROVISIONAL_LLM_GOLD,0.038461538461538464,0.11538461538461539,0.34615384615384615,0.0,0.1326835930126078,0.7,0,20,10,26,2,"[""K043"", ""K093"", ""K016"", ""K044"", ""K049"", ""K003"", ""K002""]","[""K001"", ""K007"", ""K015"", ""K017"", ""K041"", ""K042"", ""K050"", ""K051"", ""K057"", ""K058"", ""K059"", ""K065"", ""K068"", ""K073"", ""K078"", ""K079"", ""K080"", ""K081"", ""K083"", ""K084"", ""K085"", ""K086"", ""K096""]","[""K001"", ""K085""]"
bm25,B1,C015,1,B,temporal_pattern,PROVISIONAL_LLM_GOLD,0.11428571428571428,0.17142857142857143,0.34285714285714286,0.16666666666666666,0.3470815426886307,0.4,0,20,10,35,6,"[""K002"", ""K032"", ""K042"", ""K076""]","[""K001"", ""K005"", ""K006"", ""K007"", ""K010"", ""K011"", ""K012"", ""K013"", ""K015"", ""K017"", ""K033"", ""K034"", ""K035"", ""K050"", ""K057"", ""K058"", ""K059"", ""K068"", ""K073"", ""K078"", ""K079"", ""K081"", ""K082"", ""K083"", ""K084"", ""K090"", ""K091"", ""K094"", ""K095""]","[""K001"", ""K011"", ""K017"", ""K034"", ""K035""]"
bm25,B1,C015,2,B,temporal_pattern,PROVISIONAL_LLM_GOLD,0.08571428571428572,0.14285714285714285,0.22857142857142856,0.5,0.4119191697821719,0.5,0,20,10,35,6,"[""K043"", ""K003"", ""K045"", ""K002"", ""K047""]","[""K005"", ""K006"", ""K007"", ""K010"", ""K011"", ""K012"", ""K013"", ""K015"", ""K033"", ""K034"", ""K035"", ""K057"", ""K058"", ""K059"", ""K068"", ""K073"", ""K077"", ""K078"", ""K079"", ""K080"", ""K081"", ""K082"", ""K083"", ""K084"", ""K085"", ""K086"", ""K090"", ""K091"", ""K094"", ""K095""]","[""K011"", ""K034"", ""K035""]"
bm25,B1,C015,3,B,temporal_pattern,PROVISIONAL_LLM_GOLD,0.14285714285714285,0.17142857142857143,0.37142857142857144,0.5,0.6375783305826683,0.4,0,20,10,35,6,"[""K042"", ""K002"", ""K043"", ""K054""]","[""K005"", ""K006"", ""K007"", ""K010"", ""K011"", ""K012"", ""K013"", ""K015"", ""K033"", ""K034"", ""K035"", ""K050"", ""K058"", ""K059"", ""K068"", ""K073"", ""K077"", ""K078"", ""K079"", ""K080"", ""K081"", ""K082"", ""K083"", ""K084"", ""K086"", ""K090"", ""K091"", ""K094"", ""K095""]","[""K011"", ""K034"", ""K035""]"
bm25,B2,C015,1,B,temporal_pattern,PROVISIONAL_LLM_GOLD,0.08571428571428572,0.14285714285714285,0.3142857142857143,0.5,0.5549640983175391,0.5,0,20,10,35,6,"[""K002"", ""K039"", ""K043"", ""K042"", ""K025""]","[""K006"", ""K007"", ""K010"", ""K011"", ""K012"", ""K013"", ""K015"", ""K033"", ""K034"", ""K035"", ""K050"", ""K057"", ""K058"", ""K059"", ""K068"", ""K073"", ""K077"", ""K078"", ""K079"", ""K080"", ""K081"", ""K082"", ""K083"", ""K084"", ""K085"", ""K086"", ""K090"", ""K091"", ""K094"", ""K095""]","[""K011"", ""K034"", ""K035""]"
bm25,B2,C015,2,B,temporal_pattern,PROVISIONAL_LLM_GOLD,0.08571428571428572,0.14285714285714285,0.34285714285714286,0.3333333333333333,0.41871135986763103,0.5,0,20,10,35,6,"[""K043"", ""K002"", ""K018"", ""K023"", ""K028""]","[""K001"", ""K005"", ""K006"", ""K007"", ""K010"", ""K011"", ""K012"", ""K013"", ""K015"", ""K033"", ""K034"", ""K035"", ""K050"", ""K057"", ""K058"", ""K059"", ""K068"", ""K073"", ""K079"", ""K080"", ""K081"", ""K082"", ""K083"", ""K084"", ""K085"", ""K086"", ""K090"", ""K091"", ""K094"", ""K095""]","[""K001"", ""K011"", ""K034"", ""K035""]"
bm25,B2,C015,3,B,temporal_pattern,PROVISIONAL_LLM_GOLD,0.11428571428571428,0.2,0.37142857142857144,0.3333333333333333,0.44501105734649565,0.3,0,20,10,35,6,"[""K043"", ""K046"", ""K040""]","[""K001"", ""K005"", ""K006"", ""K007"", ""K010"", ""K011"", ""K012"", ""K013"", ""K015"", ""K017"", ""K033"", ""K034"", ""K050"", ""K057"", ""K058"", ""K059"", ""K068"", ""K073"", ""K081"", ""K082"", ""K084"", ""K085"", ""K086"", ""K090"", ""K091"", ""K094"", ""K095"", ""K096""]","[""K001"", ""K011"", ""K017"", ""K034""]"
bm25,B3,C015,1,B,temporal_pattern,PROVISIONAL_LLM_GOLD,0.05714285714285714,0.11428571428571428,0.2857142857142857,0.16666666666666666,0.3680238023896902,0.6,0,20,10,35,6,"[""K023"", ""K028"", ""K043"", ""K087"", ""K042"", ""K039""]","[""K001"", ""K005"", ""K006"", ""K010"", ""K011"", ""K012"", ""K013"", ""K015"", ""K017"", ""K033"", ""K034"", ""K035"", ""K050"", ""K058"", ""K059"", ""K068"", ""K077"", ""K078"", ""K079"", ""K080"", ""K081"", ""K082"", ""K083"", ""K084"", ""K085"", ""K086"", ""K090"", ""K091"", ""K094"", ""K095"", ""K096""]","[""K001"", ""K011"", ""K017"", ""K034"", ""K035""]"
bm25,B3,C015,2,B,temporal_pattern,PROVISIONAL_LLM_GOLD,0.08571428571428572,0.11428571428571428,0.34285714285714286,0.16666666666666666,0.3783938873848742,0.6,0,20,10,35,6,"[""K044"", ""K043"", ""K002"", ""K003"", ""K087"", ""K074""]","[""K001"", ""K005"", ""K007"", ""K010"", ""K011"", ""K012"", ""K013"", ""K015"", ""K017"", ""K033"", ""K034"", ""K035"", ""K050"", ""K057"", ""K058"", ""K059"", ""K068"", ""K073"", ""K077"", ""K078"", ""K079"", ""K080"", ""K081"", ""K082"", ""K083"", ""K084"", ""K085"", ""K086"", ""K090"", ""K091"", ""K095""]","[""K001"", ""K011"", ""K017"", ""K034"", ""K035""]"
bm25,B3,C015,3,B,temporal_pattern,PROVISIONAL_LLM_GOLD,0.05714285714285714,0.11428571428571428,0.2571428571428571,0.16666666666666666,0.2526515649117955,0.6,0,20,10,35,6,"[""K043"", ""K044"", ""K039"", ""K002"", ""K003"", ""K025""]","[""K001"", ""K005"", ""K006"", ""K007"", ""K010"", ""K011"", ""K012"", ""K013"", ""K015"", ""K017"", ""K033"", ""K034"", ""K035"", ""K050"", ""K057"", ""K058"", ""K059"", ""K068"", ""K073"", ""K077"", ""K078"", ""K079"", ""K081"", ""K082"", ""K083"", ""K084"", ""K085"", ""K086"", ""K090"", ""K091"", ""K095""]","[""K001"", ""K011"", ""K017"", ""K034"", ""K035""]"
bm25,B4,C015,1,B,temporal_pattern,PROVISIONAL_LLM_GOLD,0.02857142857142857,0.08571428571428572,0.2571428571428571,0.0,0.09285941457970795,0.7,0,20,10,35,6,"[""K043"", ""K016"", ""K093"", ""K044"", ""K049"", ""K003"", ""K002""]","[""K001"", ""K005"", ""K006"", ""K007"", ""K010"", ""K011"", ""K012"", ""K013"", ""K015"", ""K017"", ""K019"", ""K033"", ""K034"", ""K035"", ""K050"", ""K057"", ""K058"", ""K059"", ""K068"", ""K073"", ""K078"", ""K079"", ""K080"", ""K081"", ""K083"", ""K084"", ""K085"", ""K086"", ""K090"", ""K091"", ""K095"", ""K096""]","[""K001"", ""K011"", ""K017"", ""K019"", ""K034"", ""K035""]"
bm25,B4,C015,2,B,temporal_pattern,PROVISIONAL_LLM_GOLD,0.02857142857142857,0.08571428571428572,0.2571428571428571,0.0,0.09285941457970795,0.7,0,20,10,35,6,"[""K043"", ""K016"", ""K093"", ""K044"", ""K049"", ""K003"", ""K002""]","[""K001"", ""K005"", ""K006"", ""K007"", ""K010"", ""K011"", ""K012"", ""K013"", ""K015"", ""K017"", ""K019"", ""K033"", ""K034"", ""K035"", ""K050"", ""K057"", ""K058"", ""K059"", ""K068"", ""K073"", ""K078"", ""K079"", ""K080"", ""K081"", ""K083"", ""K084"", ""K085"", ""K086"", ""K090"", ""K091"", ""K095"", ""K096""]","[""K001"", ""K011"", ""K017"", ""K019"", ""K034"", ""K035""]"
bm25,B4,C015,3,B,temporal_pattern,PROVISIONAL_LLM_GOLD,0.02857142857142857,0.08571428571428572,0.2571428571428571,0.0,0.09285941457970795,0.7,0,20,10,35,6,"[""K043"", ""K016"", ""K093"", ""K044"", ""K049"", ""K003"", ""K002""]","[""K001"", ""K005"", ""K006"", ""K007"", ""K010"", ""K011"", ""K012"", ""K013"", ""K015"", ""K017"", ""K019"", ""K033"", ""K034"", ""K035"", ""K050"", ""K057"", ""K058"", ""K059"", ""K068"", ""K073"", ""K078"", ""K079"", ""K080"", ""K081"", ""K083"", ""K084"", ""K085"", ""K086"", ""K090"", ""K091"", ""K095"", ""K096""]","[""K001"", ""K011"", ""K017"", ""K019"", ""K034"", ""K035""]"
bm25,B1,C016,1,B,temporal_pattern,PROVISIONAL_LLM_GOLD,0.041666666666666664,0.125,0.16666666666666666,0.14285714285714285,0.15891916445457893,0.7,0,20,10,24,7,"[""K096"", ""K087"", ""K032"", ""K047"", ""K056"", ""K006"", ""K050""]","[""K001"", ""K007"", ""K015"", ""K058"", ""K059"", ""K065"", ""K068"", ""K069"", ""K071"", ""K073"", ""K077"", ""K078"", ""K079"", ""K080"", ""K081"", ""K082"", ""K083"", ""K084"", ""K086"", ""K094"", ""K095""]","[""K001"", ""K068"", ""K077"", ""K080"", ""K081"", ""K084""]"
bm25,B1,C016,2,B,temporal_pattern,PROVISIONAL_LLM_GOLD,0.125,0.16666666666666666,0.25,0.14285714285714285,0.2915840381280424,0.6,0,20,10,24,7,"[""K091"", ""K045"", ""K043"", ""K096"", ""K044"", ""K017""]","[""K007"", ""K015"", ""K058"", ""K065"", ""K068"", ""K069"", ""K071"", ""K073"", ""K077"", ""K078"", ""K079"", ""K080"", ""K081"", ""K082"", ""K083"", ""K084"", ""K085"", ""K086"", ""K094"", ""K095""]","[""K068"", ""K077"", ""K080"", ""K081"", ""K084"", ""K085""]"
bm25,B1,C016,3,B,temporal_pattern,PROVISIONAL_LLM_GOLD,0.041666666666666664,0.041666666666666664,0.16666666666666666,0.14285714285714285,0.12690829231785733,0.9,0,20,10,24,7,"[""K003"", ""K048"", ""K043"", ""K076"", ""K087"", ""K056"", ""K096"", ""K047"", ""K032""]","[""K001"", ""K007"", ""K015"", ""K057"", ""K058"", ""K059"", ""K065"", ""K068"", ""K069"", ""K071"", ""K073"", ""K077"", ""K078"", ""K079"", ""K080"", ""K081"", ""K082"", ""K083"", ""K084"", ""K086"", ""K090"", ""K094"", ""K095""]","[""K001"", ""K068"", ""K077"", ""K080"", ""K081"", ""K084""]"
bm25,B2,C016,1,B,temporal_pattern,PROVISIONAL_LLM_GOLD,0.125,0.16666666666666666,0.375,0.42857142857142855,0.37400230454584504,0.6,0,20,10,24,7,"[""K043"", ""K093"", ""K018"", ""K087"", ""K070"", ""K017""]","[""K007"", ""K015"", ""K057"", ""K058"", ""K059"", ""K065"", ""K068"", ""K069"", ""K071"", ""K073"", ""K078"", ""K079"", ""K080"", ""K082"", ""K084"", ""K085"", ""K086"", ""K090"", ""K094"", ""K095""]","[""K068"", ""K080"", ""K084"", ""K085""]"
bm25,B2,C016,2,B,temporal_pattern,PROVISIONAL_LLM_GOLD,0.125,0.16666666666666666,0.25,0.2857142857142857,0.31761315358042114,0.6,0,20,10,24,7,"[""K018"", ""K092"", ""K087"", ""K043"", ""K013"", ""K032""]","[""K007"", ""K015"", ""K057"", ""K058"", ""K059"", ""K065"", ""K068"", ""K069"", ""K071"", ""K073"", ""K078"", ""K079"", ""K080"", ""K081"", ""K082"", ""K084"", ""K085"", ""K090"", ""K094"", ""K095""]","[""K068"", ""K080"", ""K081"", ""K084"", ""K085""]"
bm25,B2,C016,3,B,temporal_pattern,PROVISIONAL_LLM_GOLD,0.08333333333333333,0.16666666666666666,0.3333333333333333,0.14285714285714285,0.25024869740892514,0.6,0,20,10,24,7,"[""K093"", ""K043"", ""K028"", ""K087"", ""K049"", ""K017""]","[""K001"", ""K007"", ""K015"", ""K057"", ""K058"", ""K059"", ""K065"", ""K068"", ""K069"", ""K071"", ""K073"", ""K080"", ""K081"", ""K082"", ""K084"", ""K085"", ""K086"", ""K090"", ""K094"", ""K095""]","[""K001"", ""K068"", ""K080"", ""K081"", ""K084"", ""K085""]"
bm25,B3,C016,1,B,temporal_pattern,PROVISIONAL_LLM_GOLD,0.08333333333333333,0.125,0.25,0.0,0.10323449293959067,0.7,0,20,10,24,7,"[""K044"", ""K043"", ""K054"", ""K091"", ""K051"", ""K048"", ""K028""]","[""K001"", ""K007"", ""K015"", ""K058"", ""K059"", ""K068"", ""K069"", ""K071"", ""K073"", ""K077"", ""K078"", ""K079"", ""K080"", ""K081"", ""K082"", ""K083"", ""K084"", ""K085"", ""K086"", ""K090"", ""K095""]","[""K001"", ""K068"", ""K077"", ""K080"", ""K081"", ""K084"", ""K085""]"
bm25,B3,C016,2,B,temporal_pattern,PROVISIONAL_LLM_GOLD,0.08333333333333333,0.16666666666666666,0.3333333333333333,0.14285714285714285,0.20990874330998266,0.6,0,20,10,24,7,"[""K038"", ""K043"", ""K044"", ""K046"", ""K093"", ""K028""]","[""K001"", ""K007"", ""K015"", ""K057"", ""K058"", ""K059"", ""K068"", ""K069"", ""K071"", ""K073"", ""K078"", ""K079"", ""K080"", ""K081"", ""K083"", ""K084"", ""K085"", ""K086"", ""K090"", ""K095""]","[""K001"", ""K068"", ""K080"", ""K081"", ""K084"", ""K085""]"
bm25,B3,C016,3,B,temporal_pattern,PROVISIONAL_LLM_GOLD,0.125,0.16666666666666666,0.2916666666666667,0.2857142857142857,0.44165660578721017,0.6,0,20,10,24,7,"[""K043"", ""K096"", ""K002"", ""K091"", ""K044"", ""K013""]","[""K001"", ""K007"", ""K015"", ""K057"", ""K058"", ""K059"", ""K065"", ""K068"", ""K069"", ""K071"", ""K073"", ""K078"", ""K079"", ""K081"", ""K082"", ""K083"", ""K084"", ""K085"", ""K090"", ""K095""]","[""K001"", ""K068"", ""K081"", ""K084"", ""K085""]"
bm25,B4,C016,1,B,temporal_pattern,PROVISIONAL_LLM_GOLD,0.041666666666666664,0.125,0.375,0.14285714285714285,0.15034853261254846,0.7,0,20,10,24,7,"[""K043"", ""K093"", ""K016"", ""K044"", ""K049"", ""K002"", ""K003""]","[""K001"", ""K007"", ""K015"", ""K057"", ""K058"", ""K059"", ""K065"", ""K068"", ""K069"", ""K071"", ""K073"", ""K078"", ""K079"", ""K080"", ""K081"", ""K083"", ""K084"", ""K085"", ""K086"", ""K090"", ""K095""]","[""K001"", ""K068"", ""K080"", ""K081"", ""K084"", ""K085""]"
bm25,B4,C016,2,B,temporal_pattern,PROVISIONAL_LLM_GOLD,0.041666666666666664,0.125,0.375,0.14285714285714285,0.15034853261254846,0.7,0,20,10,24,7,"[""K043"", ""K093"", ""K016"", ""K044"", ""K049"", ""K002"", ""K003""]","[""K001"", ""K007"", ""K015"", ""K057"", ""K058"", ""K059"", ""K065"", ""K068"", ""K069"", ""K071"", ""K073"", ""K078"", ""K079"", ""K080"", ""K081"", ""K083"", ""K084"", ""K085"", ""K086"", ""K090"", ""K095""]","[""K001"", ""K068"", ""K080"", ""K081"", ""K084"", ""K085""]"
bm25,B4,C016,3,B,temporal_pattern,PROVISIONAL_LLM_GOLD,0.041666666666666664,0.125,0.375,0.14285714285714285,0.15034853261254846,0.7,0,20,10,24,7,"[""K043"", ""K093"", ""K016"", ""K044"", ""K049"", ""K002"", ""K003""]","[""K001"", ""K007"", ""K015"", ""K057"", ""K058"", ""K059"", ""K065"", ""K068"", ""K069"", ""K071"", ""K073"", ""K078"", ""K079"", ""K080"", ""K081"", ""K083"", ""K084"", ""K085"", ""K086"", ""K090"", ""K095""]","[""K001"", ""K068"", ""K080"", ""K081"", ""K084"", ""K085""]"
bm25,B1,C017,1,C,temporal_pattern,PROVISIONAL_LLM_GOLD,0.045454545454545456,0.09090909090909091,0.22727272727272727,0.0,0.06837222244264786,0.8,0,20,10,22,10,"[""K096"", ""K023"", ""K093"", ""K028"", ""K087"", ""K091"", ""K043"", ""K018""]","[""K001"", ""K007"", ""K015"", ""K048"", ""K058"", ""K059"", ""K065"", ""K068"", ""K073"", ""K077"", ""K078"", ""K079"", ""K080"", ""K081"", ""K082"", ""K083"", ""K084"", ""K085"", ""K086"", ""K094""]","[""K001"", ""K068"", ""K077"", ""K078"", ""K080"", ""K081"", ""K082"", ""K083"", ""K084"", ""K085""]"
bm25,B1,C017,2,C,temporal_pattern,PROVISIONAL_LLM_GOLD,0.09090909090909091,0.13636363636363635,0.36363636363636365,0.2,0.22212782793993274,0.7,0,20,10,22,10,"[""K093"", ""K028"", ""K023"", ""K096"", ""K091"", ""K018"", ""K043""]","[""K001"", ""K007"", ""K015"", ""K048"", ""K050"", ""K058"", ""K059"", ""K065"", ""K068"", ""K073"", ""K077"", ""K079"", ""K081"", ""K082"", ""K083"", ""K084"", ""K085"", ""K086"", ""K094""]","[""K001"", ""K068"", ""K077"", ""K081"", ""K082"", ""K083"", ""K084"", ""K085""]"
bm25,B1,C017,3,C,temporal_pattern,PROVISIONAL_LLM_GOLD,0.0,0.045454545454545456,0.13636363636363635,0.0,0.022084741151463014,0.9,0,20,10,22,10,"[""K019"", ""K018"", ""K028"", ""K093"", ""K023"", ""K043"", ""K046"", ""K032"", ""K017""]","[""K001"", ""K007"", ""K015"", ""K048"", ""K050"", ""K058"", ""K059"", ""K065"", ""K068"", ""K073"", ""K077"", ""K078"", ""K079"", ""K080"", ""K081"", ""K082"", ""K083"", ""K084"", ""K085"", ""K086"", ""K094""]","[""K001"", ""K068"", ""K077"", ""K078"", ""K080"", ""K081"", ""K082"", ""K083"", ""K084"", ""K085""]"
bm25,B2,C017,1,C,temporal_pattern,PROVISIONAL_LLM_GOLD,0.09090909090909091,0.2727272727272727,0.36363636363636365,0.4,0.4201184226384539,0.4,0,20,10,22,10,"[""K028"", ""K043"", ""K019"", ""K018""]","[""K001"", ""K007"", ""K015"", ""K048"", ""K050"", ""K057"", ""K058"", ""K059"", ""K065"", ""K068"", ""K079"", ""K081"", ""K082"", ""K083"", ""K084"", ""K086""]","[""K001"", ""K068"", ""K081"", ""K082"", ""K083"", ""K084""]"
bm25,B2,C017,2,C,temporal_pattern,PROVISIONAL_LLM_GOLD,0.18181818181818182,0.2727272727272727,0.5,0.4,0.5993716927593512,0.4,0,20,10,22,10,"[""K087"", ""K023"", ""K019"", ""K028""]","[""K001"", ""K007"", ""K015"", ""K048"", ""K050"", ""K058"", ""K059"", ""K065"", ""K068"", ""K073"", ""K079"", ""K081"", ""K082"", ""K084"", ""K085"", ""K086""]","[""K001"", ""K068"", ""K081"", ""K082"", ""K084"", ""K085""]"
bm25,B2,C017,3,C,temporal_pattern,PROVISIONAL_LLM_GOLD,0.09090909090909091,0.18181818181818182,0.3181818181818182,0.4,0.38541299932114076,0.6,0,20,10,22,10,"[""K028"", ""K018"", ""K043"", ""K017"", ""K087"", ""K038""]","[""K001"", ""K007"", ""K015"", ""K048"", ""K050"", ""K057"", ""K058"", ""K059"", ""K065"", ""K068"", ""K073"", ""K079"", ""K081"", ""K082"", ""K084"", ""K085"", ""K086"", ""K094""]","[""K001"", ""K068"", ""K081"", ""K082"", ""K084"", ""K085""]"
bm25,B3,C017,1,C,temporal_pattern,PROVISIONAL_LLM_GOLD,0.045454545454545456,0.18181818181818182,0.2727272727272727,0.2,0.19899572244138913,0.6,0,20,10,22,10,"[""K093"", ""K087"", ""K040"", ""K043"", ""K013"", ""K017""]","[""K001"", ""K007"", ""K015"", ""K050"", ""K058"", ""K059"", ""K065"", ""K068"", ""K073"", ""K078"", ""K079"", ""K080"", ""K081"", ""K083"", ""K084"", ""K085"", ""K086"", ""K094""]","[""K001"", ""K068"", ""K078"", ""K080"", ""K081"", ""K083"", ""K084"", ""K085""]"
bm25,B3,C017,2,C,temporal_pattern,PROVISIONAL_LLM_GOLD,0.13636363636363635,0.2727272727272727,0.5454545454545454,0.4,0.5656787473903039,0.4,0,20,10,22,10,"[""K095"", ""K056"", ""K028"", ""K043""]","[""K001"", ""K007"", ""K015"", ""K048"", ""K050"", ""K058"", ""K059"", ""K065"", ""K068"", ""K073"", ""K079"", ""K081"", ""K082"", ""K084"", ""K085"", ""K086""]","[""K001"", ""K068"", ""K081"", ""K082"", ""K084"", ""K085""]"
bm25,B3,C017,3,C,temporal_pattern,PROVISIONAL_LLM_GOLD,0.09090909090909091,0.22727272727272727,0.3181818181818182,0.3,0.35042171590575827,0.5,0,20,10,22,10,"[""K093"", ""K087"", ""K054"", ""K018"", ""K056""]","[""K001"", ""K007"", ""K015"", ""K048"", ""K050"", ""K058"", ""K065"", ""K068"", ""K073"", ""K078"", ""K079"", ""K081"", ""K083"", ""K084"", ""K085"", ""K086"", ""K094""]","[""K001"", ""K068"", ""K078"", ""K081"", ""K083"", ""K084"", ""K085""]"
bm25,B4,C017,1,C,temporal_pattern,PROVISIONAL_LLM_GOLD,0.045454545454545456,0.13636363636363635,0.4090909090909091,0.2,0.17902898027818495,0.7,0,20,10,22,10,"[""K043"", ""K093"", ""K016"", ""K044"", ""K049"", ""K003"", ""K002""]","[""K001"", ""K007"", ""K015"", ""K048"", ""K050"", ""K057"", ""K058"", ""K059"", ""K065"", ""K068"", ""K073"", ""K078"", ""K079"", ""K080"", ""K081"", ""K083"", ""K084"", ""K085"", ""K086""]","[""K001"", ""K068"", ""K078"", ""K080"", ""K081"", ""K083"", ""K084"", ""K085""]"
bm25,B4,C017,2,C,temporal_pattern,PROVISIONAL_LLM_GOLD,0.045454545454545456,0.13636363636363635,0.4090909090909091,0.2,0.17902898027818495,0.7,0,20,10,22,10,"[""K043"", ""K093"", ""K016"", ""K044"", ""K049"", ""K003"", ""K002""]","[""K001"", ""K007"", ""K015"", ""K048"", ""K050"", ""K057"", ""K058"", ""K059"", ""K065"", ""K068"", ""K073"", ""K078"", ""K079"", ""K080"", ""K081"", ""K083"", ""K084"", ""K085"", ""K086""]","[""K001"", ""K068"", ""K078"", ""K080"", ""K081"", ""K083"", ""K084"", ""K085""]"
bm25,B4,C017,3,C,temporal_pattern,PROVISIONAL_LLM_GOLD,0.045454545454545456,0.13636363636363635,0.4090909090909091,0.2,0.17902898027818495,0.7,0,20,10,22,10,"[""K043"", ""K093"", ""K016"", ""K044"", ""K049"", ""K003"", ""K002""]","[""K001"", ""K007"", ""K015"", ""K048"", ""K050"", ""K057"", ""K058"", ""K059"", ""K065"", ""K068"", ""K073"", ""K078"", ""K079"", ""K080"", ""K081"", ""K083"", ""K084"", ""K085"", ""K086""]","[""K001"", ""K068"", ""K078"", ""K080"", ""K081"", ""K083"", ""K084"", ""K085""]"
bm25,B1,C018,1,C,temporal_pattern,PROVISIONAL_LLM_GOLD,0.14285714285714285,0.23809523809523808,0.2857142857142857,0.3333333333333333,0.36891739276074215,0.5,0,20,10,21,3,"[""K043"", ""K044"", ""K045"", ""K076"", ""K065""]","[""K001"", ""K007"", ""K015"", ""K048"", ""K050"", ""K068"", ""K071"", ""K073"", ""K080"", ""K081"", ""K082"", ""K084"", ""K086"", ""K090"", ""K095"", ""K096""]","[""K001"", ""K068""]"
bm25,B1,C018,2,C,temporal_pattern,PROVISIONAL_LLM_GOLD,0.09523809523809523,0.19047619047619047,0.3333333333333333,0.6666666666666666,0.5428166504855213,0.6,0,20,10,21,3,"[""K043"", ""K087"", ""K003"", ""K017"", ""K018"", ""K057""]","[""K007"", ""K015"", ""K048"", ""K050"", ""K068"", ""K071"", ""K073"", ""K077"", ""K078"", ""K080"", ""K081"", ""K082"", ""K084"", ""K086"", ""K094"", ""K095"", ""K096""]","[""K068""]"
bm25,B1,C018,3,C,temporal_pattern,PROVISIONAL_LLM_GOLD,0.09523809523809523,0.14285714285714285,0.19047619047619047,0.3333333333333333,0.4174608497519901,0.7,0,20,10,21,3,"[""K045"", ""K051"", ""K076"", ""K043"", ""K047"", ""K044"", ""K054""]","[""K001"", ""K007"", ""K015"", ""K050"", ""K068"", ""K071"", ""K073"", ""K077"", ""K078"", ""K080"", ""K081"", ""K082"", ""K083"", ""K084"", ""K086"", ""K090"", ""K094"", ""K095""]","[""K001"", ""K068""]"
bm25,B2,C018,1,C,temporal_pattern,PROVISIONAL_LLM_GOLD,0.14285714285714285,0.19047619047619047,0.38095238095238093,0.0,0.2619804267883524,0.6,0,20,10,21,3,"[""K043"", ""K028"", ""K093"", ""K018"", ""K079"", ""K057""]","[""K001"", ""K007"", ""K015"", ""K048"", ""K050"", ""K068"", ""K071"", ""K073"", ""K081"", ""K082"", ""K084"", ""K085"", ""K086"", ""K090"", ""K094"", ""K095"", ""K096""]","[""K001"", ""K068"", ""K085""]"
bm25,B2,C018,2,C,temporal_pattern,PROVISIONAL_LLM_GOLD,0.09523809523809523,0.19047619047619047,0.2857142857142857,0.3333333333333333,0.3092870099571237,0.6,0,20,10,21,3,"[""K092"", ""K043"", ""K018"", ""K087"", ""K056"", ""K076""]","[""K007"", ""K015"", ""K048"", ""K050"", ""K068"", ""K071"", ""K073"", ""K080"", ""K081"", ""K082"", ""K084"", ""K085"", ""K086"", ""K090"", ""K094"", ""K095"", ""K096""]","[""K068"", ""K085""]"
bm25,B2,C018,3,C,temporal_pattern,PROVISIONAL_LLM_GOLD,0.09523809523809523,0.19047619047619047,0.38095238095238093,0.0,0.19022601570908132,0.6,0,20,10,21,3,"[""K093"", ""K018"", ""K070"", ""K087"", ""K043"", ""K053""]","[""K001"", ""K007"", ""K015"", ""K048"", ""K050"", ""K068"", ""K071"", ""K073"", ""K080"", ""K081"", ""K084"", ""K085"", ""K086"", ""K090"", ""K094"", ""K095"", ""K096""]","[""K001"", ""K068"", ""K085""]"
bm25,B3,C018,1,C,temporal_pattern,PROVISIONAL_LLM_GOLD,0.047619047619047616,0.09523809523809523,0.23809523809523808,0.0,0.08438667227567281,0.8,0,20,10,21,3,"[""K057"", ""K044"", ""K043"", ""K046"", ""K054"", ""K065"", ""K003"", ""K051""]","[""K001"", ""K007"", ""K015"", ""K050"", ""K068"", ""K071"", ""K073"", ""K077"", ""K078"", ""K080"", ""K081"", ""K082"", ""K083"", ""K084"", ""K085"", ""K086"", ""K090"", ""K095"", ""K096""]","[""K001"", ""K068"", ""K085""]"
bm25,B3,C018,2,C,temporal_pattern,PROVISIONAL_LLM_GOLD,0.09523809523809523,0.19047619047619047,0.2857142857142857,0.0,0.23900392929557962,0.6,0,20,10,21,3,"[""K013"", ""K056"", ""K043"", ""K044"", ""K093"", ""K028""]","[""K001"", ""K007"", ""K015"", ""K048"", ""K050"", ""K068"", ""K071"", ""K073"", ""K078"", ""K080"", ""K081"", ""K083"", ""K084"", ""K085"", ""K090"", ""K095"", ""K096""]","[""K001"", ""K068"", ""K085""]"
bm25,B3,C018,3,C,temporal_pattern,PROVISIONAL_LLM_GOLD,0.047619047619047616,0.09523809523809523,0.3333333333333333,0.0,0.07975971346333215,0.8,0,20,10,21,3,"[""K065"", ""K044"", ""K003"", ""K043"", ""K045"", ""K057"", ""K046"", ""K029""]","[""K001"", ""K007"", ""K015"", ""K050"", ""K068"", ""K071"", ""K073"", ""K078"", ""K080"", ""K081"", ""K082"", ""K083"", ""K084"", ""K085"", ""K086"", ""K090"", ""K094"", ""K095"", ""K096""]","[""K001"", ""K068"", ""K085""]"
bm25,B4,C018,1,C,temporal_pattern,PROVISIONAL_LLM_GOLD,0.047619047619047616,0.14285714285714285,0.38095238095238093,0.0,0.11394661597814092,0.7,0,20,10,21,3,"[""K043"", ""K093"", ""K016"", ""K044"", ""K049"", ""K002"", ""K003""]","[""K001"", ""K007"", ""K015"", ""K048"", ""K050"", ""K068"", ""K071"", ""K073"", ""K078"", ""K080"", ""K081"", ""K083"", ""K084"", ""K085"", ""K086"", ""K090"", ""K095"", ""K096""]","[""K001"", ""K068"", ""K085""]"
bm25,B4,C018,2,C,temporal_pattern,PROVISIONAL_LLM_GOLD,0.047619047619047616,0.14285714285714285,0.38095238095238093,0.0,0.11394661597814092,0.7,0,20,10,21,3,"[""K043"", ""K093"", ""K016"", ""K044"", ""K049"", ""K002"", ""K003""]","[""K001"", ""K007"", ""K015"", ""K048"", ""K050"", ""K068"", ""K071"", ""K073"", ""K078"", ""K080"", ""K081"", ""K083"", ""K084"", ""K085"", ""K086"", ""K090"", ""K095"", ""K096""]","[""K001"", ""K068"", ""K085""]"
bm25,B4,C018,3,C,temporal_pattern,PROVISIONAL_LLM_GOLD,0.047619047619047616,0.14285714285714285,0.38095238095238093,0.0,0.11394661597814092,0.7,0,20,10,21,3,"[""K043"", ""K093"", ""K016"", ""K044"", ""K049"", ""K002"", ""K003""]","[""K001"", ""K007"", ""K015"", ""K048"", ""K050"", ""K068"", ""K071"", ""K073"", ""K078"", ""K080"", ""K081"", ""K083"", ""K084"", ""K085"", ""K086"", ""K090"", ""K095"", ""K096""]","[""K001"", ""K068"", ""K085""]"
bm25,B1,C019,1,A,multivariable,PROVISIONAL_LLM_GOLD,0.08333333333333333,0.20833333333333334,0.2916666666666667,0.3333333333333333,0.3521924934452962,0.5,0,20,10,24,6,"[""K044"", ""K083"", ""K043"", ""K054"", ""K002""]","[""K005"", ""K006"", ""K007"", ""K010"", ""K011"", ""K012"", ""K015"", ""K017"", ""K050"", ""K065"", ""K068"", ""K073"", ""K080"", ""K081"", ""K082"", ""K084"", ""K085"", ""K086"", ""K096""]","[""K006"", ""K017"", ""K050"", ""K096""]"
bm25,B1,C019,2,A,multivariable,PROVISIONAL_LLM_GOLD,0.041666666666666664,0.125,0.3333333333333333,0.3333333333333333,0.23264203610173867,0.7,0,20,10,24,6,"[""K059"", ""K057"", ""K003"", ""K032"", ""K087"", ""K090"", ""K083""]","[""K005"", ""K006"", ""K007"", ""K010"", ""K011"", ""K012"", ""K015"", ""K034"", ""K050"", ""K065"", ""K068"", ""K073"", ""K078"", ""K080"", ""K081"", ""K082"", ""K084"", ""K085"", ""K086"", ""K094"", ""K096""]","[""K006"", ""K034"", ""K050"", ""K096""]"
bm25,B1,C019,3,A,multivariable,PROVISIONAL_LLM_GOLD,0.041666666666666664,0.125,0.2916666666666667,0.3333333333333333,0.21170170432586746,0.7,0,20,10,24,6,"[""K042"", ""K057"", ""K087"", ""K043"", ""K059"", ""K019"", ""K044""]","[""K001"", ""K005"", ""K006"", ""K007"", ""K010"", ""K011"", ""K012"", ""K015"", ""K017"", ""K050"", ""K065"", ""K068"", ""K073"", ""K077"", ""K078"", ""K080"", ""K081"", ""K082"", ""K084"", ""K086"", ""K094""]","[""K001"", ""K006"", ""K017"", ""K050""]"
bm25,B2,C019,1,A,multivariable,PROVISIONAL_LLM_GOLD,0.16666666666666666,0.3333333333333333,0.375,0.3333333333333333,0.6118030397920083,0.2,0,20,10,24,6,"[""K003"", ""K018""]","[""K005"", ""K006"", ""K007"", ""K010"", ""K011"", ""K012"", ""K015"", ""K034"", ""K050"", ""K068"", ""K073"", ""K080"", ""K081"", ""K082"", ""K084"", ""K096""]","[""K006"", ""K034"", ""K050"", ""K096""]"
bm25,B2,C019,2,A,multivariable,PROVISIONAL_LLM_GOLD,0.125,0.20833333333333334,0.4166666666666667,0.5,0.4418476347965697,0.5,0,20,10,24,6,"[""K043"", ""K018"", ""K028"", ""K044"", ""K087""]","[""K005"", ""K006"", ""K007"", ""K010"", ""K011"", ""K012"", ""K015"", ""K034"", ""K050"", ""K065"", ""K068"", ""K078"", ""K080"", ""K081"", ""K082"", ""K084"", ""K085"", ""K086"", ""K094""]","[""K006"", ""K034"", ""K050""]"
bm25,B2,C019,3,A,multivariable,PROVISIONAL_LLM_GOLD,0.08333333333333333,0.20833333333333334,0.375,0.5,0.43415251751624184,0.5,0,20,10,24,6,"[""K018"", ""K043"", ""K028"", ""K087"", ""K059""]","[""K005"", ""K006"", ""K007"", ""K010"", ""K011"", ""K012"", ""K015"", ""K034"", ""K050"", ""K065"", ""K068"", ""K073"", ""K080"", ""K081"", ""K082"", ""K084"", ""K085"", ""K086"", ""K094""]","[""K006"", ""K034"", ""K050""]"
bm25,B3,C019,1,A,multivariable,PROVISIONAL_LLM_GOLD,0.041666666666666664,0.08333333333333333,0.2916666666666667,0.0,0.08850950453921398,0.8,0,20,10,24,6,"[""K059"", ""K057"", ""K044"", ""K087"", ""K043"", ""K083"", ""K023"", ""K013""]","[""K001"", ""K005"", ""K006"", ""K007"", ""K010"", ""K011"", ""K012"", ""K015"", ""K017"", ""K034"", ""K050"", ""K065"", ""K068"", ""K073"", ""K078"", ""K080"", ""K081"", ""K082"", ""K084"", ""K085"", ""K086"", ""K096""]","[""K001"", ""K006"", ""K017"", ""K034"", ""K050"", ""K096""]"
bm25,B3,C019,2,A,multivariable,PROVISIONAL_LLM_GOLD,0.08333333333333333,0.16666666666666666,0.3333333333333333,0.16666666666666666,0.23726133035113986,0.6,0,20,10,24,6,"[""K002"", ""K003"", ""K043"", ""K032"", ""K009"", ""K019""]","[""K001"", ""K005"", ""K006"", ""K007"", ""K010"", ""K011"", ""K012"", ""K015"", ""K017"", ""K050"", ""K065"", ""K068"", ""K078"", ""K080"", ""K081"", ""K082"", ""K084"", ""K085"", ""K086"", ""K096""]","[""K001"", ""K006"", ""K017"", ""K050"", ""K096""]"
bm25,B3,C019,3,A,multivariable,PROVISIONAL_LLM_GOLD,0.041666666666666664,0.16666666666666666,0.375,0.16666666666666666,0.18136891911892192,0.6,0,20,10,24,6,"[""K093"", ""K087"", ""K043"", ""K044"", ""K023"", ""K046""]","[""K001"", ""K005"", ""K006"", ""K007"", ""K010"", ""K011"", ""K012"", ""K015"", ""K017"", ""K034"", ""K050"", ""K065"", ""K068"", ""K073"", ""K078"", ""K080"", ""K082"", ""K084"", ""K085"", ""K086""]","[""K001"", ""K006"", ""K017"", ""K034"", ""K050""]"
bm25,B4,C019,1,A,multivariable,PROVISIONAL_LLM_GOLD,0.041666666666666664,0.125,0.2916666666666667,0.0,0.09285941457970795,0.7,0,20,10,24,6,"[""K043"", ""K093"", ""K016"", ""K044"", ""K049"", ""K003"", ""K002""]","[""K001"", ""K005"", ""K006"", ""K007"", ""K010"", ""K011"", ""K012"", ""K015"", ""K017"", ""K034"", ""K050"", ""K065"", ""K068"", ""K073"", ""K078"", ""K080"", ""K081"", ""K084"", ""K085"", ""K086"", ""K096""]","[""K001"", ""K006"", ""K017"", ""K034"", ""K050"", ""K096""]"
bm25,B4,C019,2,A,multivariable,PROVISIONAL_LLM_GOLD,0.041666666666666664,0.125,0.2916666666666667,0.0,0.09285941457970795,0.7,0,20,10,24,6,"[""K043"", ""K093"", ""K016"", ""K044"", ""K049"", ""K003"", ""K002""]","[""K001"", ""K005"", ""K006"", ""K007"", ""K010"", ""K011"", ""K012"", ""K015"", ""K017"", ""K034"", ""K050"", ""K065"", ""K068"", ""K073"", ""K078"", ""K080"", ""K081"", ""K084"", ""K085"", ""K086"", ""K096""]","[""K001"", ""K006"", ""K017"", ""K034"", ""K050"", ""K096""]"
bm25,B4,C019,3,A,multivariable,PROVISIONAL_LLM_GOLD,0.041666666666666664,0.125,0.2916666666666667,0.0,0.09285941457970795,0.7,0,20,10,24,6,"[""K043"", ""K093"", ""K016"", ""K044"", ""K049"", ""K003"", ""K002""]","[""K001"", ""K005"", ""K006"", ""K007"", ""K010"", ""K011"", ""K012"", ""K015"", ""K017"", ""K034"", ""K050"", ""K065"", ""K068"", ""K073"", ""K078"", ""K080"", ""K081"", ""K084"", ""K085"", ""K086"", ""K096""]","[""K001"", ""K006"", ""K017"", ""K034"", ""K050"", ""K096""]"
bm25,B1,C020,1,A,multivariable,PROVISIONAL_LLM_GOLD,0.07692307692307693,0.19230769230769232,0.3076923076923077,0.09090909090909091,0.18810047722141848,0.5,0,20,10,26,11,"[""K047"", ""K003"", ""K019"", ""K043"", ""K067""]","[""K007"", ""K015"", ""K050"", ""K051"", ""K057"", ""K059"", ""K068"", ""K073"", ""K077"", ""K078"", ""K079"", ""K080"", ""K081"", ""K082"", ""K083"", ""K084"", ""K085"", ""K086"", ""K090"", ""K094"", ""K095""]","[""K050"", ""K068"", ""K077"", ""K078"", ""K080"", ""K081"", ""K082"", ""K084"", ""K085"", ""K086""]"
bm25,B1,C020,2,A,multivariable,PROVISIONAL_LLM_GOLD,0.15384615384615385,0.19230769230769232,0.34615384615384615,0.0,0.16740124371104215,0.5,0,20,10,26,11,"[""K087"", ""K032"", ""K045"", ""K017"", ""K003""]","[""K001"", ""K007"", ""K015"", ""K042"", ""K048"", ""K050"", ""K051"", ""K065"", ""K068"", ""K073"", ""K077"", ""K078"", ""K079"", ""K080"", ""K081"", ""K082"", ""K084"", ""K085"", ""K086"", ""K094"", ""K095""]","[""K001"", ""K050"", ""K068"", ""K077"", ""K078"", ""K080"", ""K081"", ""K082"", ""K084"", ""K085"", ""K086""]"
bm25,B1,C020,3,A,multivariable,PROVISIONAL_LLM_GOLD,0.07692307692307693,0.19230769230769232,0.2692307692307692,0.09090909090909091,0.23736599553514798,0.5,0,20,10,26,11,"[""K006"", ""K003"", ""K016"", ""K019"", ""K017""]","[""K007"", ""K015"", ""K042"", ""K048"", ""K050"", ""K051"", ""K065"", ""K068"", ""K073"", ""K077"", ""K078"", ""K079"", ""K080"", ""K081"", ""K082"", ""K083"", ""K084"", ""K085"", ""K086"", ""K094"", ""K095""]","[""K050"", ""K068"", ""K077"", ""K078"", ""K080"", ""K081"", ""K082"", ""K084"", ""K085"", ""K086""]"
bm25,B2,C020,1,A,multivariable,PROVISIONAL_LLM_GOLD,0.11538461538461539,0.15384615384615385,0.3076923076923077,0.18181818181818182,0.27657174831652875,0.6,0,20,10,26,11,"[""K043"", ""K044"", ""K018"", ""K028"", ""K070"", ""K056""]","[""K001"", ""K007"", ""K015"", ""K042"", ""K048"", ""K050"", ""K051"", ""K057"", ""K059"", ""K065"", ""K068"", ""K073"", ""K078"", ""K079"", ""K081"", ""K082"", ""K083"", ""K084"", ""K085"", ""K086"", ""K090"", ""K095""]","[""K001"", ""K050"", ""K068"", ""K078"", ""K081"", ""K082"", ""K084"", ""K085"", ""K086""]"
bm25,B2,C020,2,A,multivariable,PROVISIONAL_LLM_GOLD,0.11538461538461539,0.19230769230769232,0.38461538461538464,0.36363636363636365,0.4961748576639504,0.5,0,20,10,26,11,"[""K043"", ""K092"", ""K033"", ""K063"", ""K028""]","[""K001"", ""K007"", ""K015"", ""K042"", ""K048"", ""K051"", ""K057"", ""K059"", ""K065"", ""K068"", ""K073"", ""K079"", ""K081"", ""K082"", ""K083"", ""K084"", ""K085"", ""K086"", ""K090"", ""K094"", ""K095""]","[""K001"", ""K068"", ""K081"", ""K082"", ""K084"", ""K085"", ""K086""]"
bm25,B2,C020,3,A,multivariable,PROVISIONAL_LLM_GOLD,0.07692307692307693,0.15384615384615385,0.2692307692307692,0.09090909090909091,0.16478574525114945,0.6,0,20,10,26,11,"[""K043"", ""K044"", ""K013"", ""K053"", ""K025"", ""K003""]","[""K001"", ""K007"", ""K015"", ""K042"", ""K048"", ""K050"", ""K051"", ""K057"", ""K059"", ""K068"", ""K073"", ""K078"", ""K079"", ""K080"", ""K081"", ""K082"", ""K083"", ""K084"", ""K085"", ""K086"", ""K090"", ""K095""]","[""K001"", ""K050"", ""K068"", ""K078"", ""K080"", ""K081"", ""K082"", ""K084"", ""K085"", ""K086""]"
bm25,B3,C020,1,A,multivariable,PROVISIONAL_LLM_GOLD,0.038461538461538464,0.15384615384615385,0.38461538461538464,0.0,0.10426825963399174,0.6,0,20,10,26,11,"[""K043"", ""K044"", ""K013"", ""K028"", ""K049"", ""K005""]","[""K001"", ""K007"", ""K015"", ""K042"", ""K050"", ""K051"", ""K057"", ""K059"", ""K065"", ""K068"", ""K073"", ""K077"", ""K078"", ""K079"", ""K080"", ""K081"", ""K082"", ""K084"", ""K085"", ""K086"", ""K090"", ""K095""]","[""K001"", ""K050"", ""K068"", ""K077"", ""K078"", ""K080"", ""K081"", ""K082"", ""K084"", ""K085"", ""K086""]"
bm25,B3,C020,2,A,multivariable,PROVISIONAL_LLM_GOLD,0.07692307692307693,0.19230769230769232,0.34615384615384615,0.18181818181818182,0.3766255385845221,0.5,0,20,10,26,11,"[""K043"", ""K044"", ""K013"", ""K049"", ""K028""]","[""K001"", ""K007"", ""K015"", ""K042"", ""K048"", ""K050"", ""K051"", ""K057"", ""K059"", ""K068"", ""K073"", ""K078"", ""K079"", ""K081"", ""K082"", ""K084"", ""K085"", ""K086"", ""K090"", ""K095"", ""K096""]","[""K001"", ""K050"", ""K068"", ""K078"", ""K081"", ""K082"", ""K084"", ""K085"", ""K086""]"
bm25,B3,C020,3,A,multivariable,PROVISIONAL_LLM_GOLD,0.07692307692307693,0.15384615384615385,0.2692307692307692,0.18181818181818182,0.274047956584828,0.6,0,20,10,26,11,"[""K043"", ""K044"", ""K049"", ""K003"", ""K064"", ""K093""]","[""K001"", ""K007"", ""K015"", ""K042"", ""K048"", ""K050"", ""K051"", ""K057"", ""K065"", ""K068"", ""K073"", ""K078"", ""K079"", ""K080"", ""K081"", ""K083"", ""K084"", ""K085"", ""K086"", ""K090"", ""K095"", ""K096""]","[""K001"", ""K050"", ""K068"", ""K078"", ""K080"", ""K081"", ""K084"", ""K085"", ""K086""]"
bm25,B4,C020,1,A,multivariable,PROVISIONAL_LLM_GOLD,0.038461538461538464,0.11538461538461539,0.38461538461538464,0.18181818181818182,0.1708486469920357,0.7,0,20,10,26,11,"[""K043"", ""K093"", ""K016"", ""K044"", ""K049"", ""K003"", ""K002""]","[""K001"", ""K007"", ""K015"", ""K042"", ""K048"", ""K050"", ""K051"", ""K057"", ""K059"", ""K065"", ""K068"", ""K073"", ""K078"", ""K079"", ""K080"", ""K081"", ""K083"", ""K084"", ""K085"", ""K086"", ""K090"", ""K095"", ""K096""]","[""K001"", ""K050"", ""K068"", ""K078"", ""K080"", ""K081"", ""K084"", ""K085"", ""K086""]"
bm25,B4,C020,2,A,multivariable,PROVISIONAL_LLM_GOLD,0.038461538461538464,0.11538461538461539,0.38461538461538464,0.18181818181818182,0.1708486469920357,0.7,0,20,10,26,11,"[""K043"", ""K093"", ""K016"", ""K044"", ""K049"", ""K003"", ""K002""]","[""K001"", ""K007"", ""K015"", ""K042"", ""K048"", ""K050"", ""K051"", ""K057"", ""K059"", ""K065"", ""K068"", ""K073"", ""K078"", ""K079"", ""K080"", ""K081"", ""K083"", ""K084"", ""K085"", ""K086"", ""K090"", ""K095"", ""K096""]","[""K001"", ""K050"", ""K068"", ""K078"", ""K080"", ""K081"", ""K084"", ""K085"", ""K086""]"
bm25,B4,C020,3,A,multivariable,PROVISIONAL_LLM_GOLD,0.038461538461538464,0.11538461538461539,0.38461538461538464,0.18181818181818182,0.1708486469920357,0.7,0,20,10,26,11,"[""K043"", ""K093"", ""K016"", ""K044"", ""K049"", ""K003"", ""K002""]","[""K001"", ""K007"", ""K015"", ""K042"", ""K048"", ""K050"", ""K051"", ""K057"", ""K059"", ""K065"", ""K068"", ""K073"", ""K078"", ""K079"", ""K080"", ""K081"", ""K083"", ""K084"", ""K085"", ""K086"", ""K090"", ""K095"", ""K096""]","[""K001"", ""K050"", ""K068"", ""K078"", ""K080"", ""K081"", ""K084"", ""K085"", ""K086""]"
bm25,B1,C021,1,B,multivariable,PROVISIONAL_LLM_GOLD,0.0,0.047619047619047616,0.09523809523809523,0.0,0.025468801790778563,0.9,0,20,10,21,7,"[""K016"", ""K096"", ""K025"", ""K067"", ""K006"", ""K002"", ""K089"", ""K055"", ""K076""]","[""K001"", ""K005"", ""K007"", ""K011"", ""K017"", ""K034"", ""K050"", ""K071"", ""K073"", ""K077"", ""K078"", ""K079"", ""K080"", ""K081"", ""K082"", ""K083"", ""K084"", ""K085"", ""K086"", ""K094""]","[""K001"", ""K011"", ""K017"", ""K034"", ""K080"", ""K082"", ""K085""]"
bm25,B1,C021,2,B,multivariable,PROVISIONAL_LLM_GOLD,0.047619047619047616,0.09523809523809523,0.19047619047619047,0.14285714285714285,0.18834227793386205,0.8,0,20,10,21,7,"[""K047"", ""K096"", ""K043"", ""K016"", ""K035"", ""K041"", ""K038"", ""K046""]","[""K001"", ""K005"", ""K007"", ""K011"", ""K017"", ""K034"", ""K071"", ""K073"", ""K077"", ""K078"", ""K079"", ""K080"", ""K081"", ""K082"", ""K083"", ""K084"", ""K086"", ""K090"", ""K094""]","[""K001"", ""K011"", ""K017"", ""K034"", ""K080"", ""K082""]"
bm25,B1,C021,3,B,multivariable,PROVISIONAL_LLM_GOLD,0.047619047619047616,0.047619047619047616,0.09523809523809523,0.0,0.08460552821190488,0.9,0,20,10,21,7,"[""K070"", ""K047"", ""K096"", ""K048"", ""K033"", ""K006"", ""K054"", ""K043"", ""K042""]","[""K001"", ""K005"", ""K007"", ""K011"", ""K017"", ""K034"", ""K050"", ""K071"", ""K073"", ""K077"", ""K078"", ""K079"", ""K080"", ""K082"", ""K083"", ""K084"", ""K085"", ""K086"", ""K090"", ""K094""]","[""K001"", ""K011"", ""K017"", ""K034"", ""K080"", ""K082"", ""K085""]"
bm25,B2,C021,1,B,multivariable,PROVISIONAL_LLM_GOLD,0.047619047619047616,0.047619047619047616,0.23809523809523808,0.14285714285714285,0.25381658463571466,0.9,0,20,10,21,7,"[""K018"", ""K035"", ""K019"", ""K046"", ""K025"", ""K055"", ""K040"", ""K087"", ""K039""]","[""K005"", ""K007"", ""K011"", ""K017"", ""K034"", ""K050"", ""K071"", ""K073"", ""K077"", ""K078"", ""K079"", ""K080"", ""K081"", ""K082"", ""K083"", ""K084"", ""K085"", ""K086"", ""K090"", ""K094""]","[""K011"", ""K017"", ""K034"", ""K080"", ""K082"", ""K085""]"
bm25,B2,C021,2,B,multivariable,PROVISIONAL_LLM_GOLD,0.14285714285714285,0.19047619047619047,0.3333333333333333,0.5714285714285714,0.6033400904834089,0.6,0,20,10,21,7,"[""K087"", ""K093"", ""K018"", ""K032"", ""K039"", ""K015""]","[""K005"", ""K007"", ""K050"", ""K071"", ""K073"", ""K077"", ""K078"", ""K079"", ""K080"", ""K081"", ""K082"", ""K083"", ""K084"", ""K085"", ""K086"", ""K090"", ""K094""]","[""K080"", ""K082"", ""K085""]"
bm25,B2,C021,3,B,multivariable,PROVISIONAL_LLM_GOLD,0.14285714285714285,0.3333333333333333,0.5714285714285714,0.42857142857142855,0.5872815914693819,0.3,0,20,10,21,7,"[""K087"", ""K093"", ""K003""]","[""K005"", ""K007"", ""K011"", ""K017"", ""K034"", ""K050"", ""K071"", ""K073"", ""K079"", ""K083"", ""K084"", ""K085"", ""K086"", ""K094""]","[""K011"", ""K017"", ""K034"", ""K085""]"
bm25,B3,C021,1,B,multivariable,PROVISIONAL_LLM_GOLD,0.09523809523809523,0.19047619047619047,0.23809523809523808,0.42857142857142855,0.2985193621198062,0.6,0,20,10,21,7,"[""K043"", ""K039"", ""K087"", ""K028"", ""K006"", ""K033""]","[""K005"", ""K007"", ""K017"", ""K050"", ""K071"", ""K073"", ""K077"", ""K078"", ""K079"", ""K080"", ""K081"", ""K082"", ""K083"", ""K084"", ""K085"", ""K086"", ""K090""]","[""K017"", ""K080"", ""K082"", ""K085""]"
bm25,B3,C021,2,B,multivariable,PROVISIONAL_LLM_GOLD,0.047619047619047616,0.14285714285714285,0.3333333333333333,0.14285714285714285,0.1719932794572749,0.7,0,20,10,21,7,"[""K043"", ""K044"", ""K040"", ""K015"", ""K035"", ""K096"", ""K039""]","[""K001"", ""K005"", ""K011"", ""K017"", ""K034"", ""K050"", ""K071"", ""K073"", ""K077"", ""K078"", ""K079"", ""K080"", ""K081"", ""K083"", ""K084"", ""K085"", ""K086"", ""K090""]","[""K001"", ""K011"", ""K017"", ""K034"", ""K080"", ""K085""]"
bm25,B3,C021,3,B,multivariable,PROVISIONAL_LLM_GOLD,0.09523809523809523,0.14285714285714285,0.2857142857142857,0.14285714285714285,0.33388680223399486,0.7,0,20,10,21,7,"[""K043"", ""K044"", ""K087"", ""K076"", ""K023"", ""K055"", ""K049""]","[""K001"", ""K005"", ""K007"", ""K011"", ""K017"", ""K034"", ""K050"", ""K071"", ""K073"", ""K077"", ""K078"", ""K079"", ""K082"", ""K083"", ""K084"", ""K085"", ""K086"", ""K090""]","[""K001"", ""K011"", ""K017"", ""K034"", ""K082"", ""K085""]"
bm25,B4,C021,1,B,multivariable,PROVISIONAL_LLM_GOLD,0.047619047619047616,0.14285714285714285,0.42857142857142855,0.14285714285714285,0.1358263640014324,0.7,0,20,10,21,7,"[""K043"", ""K093"", ""K016"", ""K044"", ""K002"", ""K049"", ""K003""]","[""K001"", ""K005"", ""K007"", ""K011"", ""K017"", ""K034"", ""K050"", ""K071"", ""K073"", ""K078"", ""K079"", ""K080"", ""K081"", ""K083"", ""K084"", ""K085"", ""K086"", ""K090""]","[""K001"", ""K011"", ""K017"", ""K034"", ""K080"", ""K085""]"
bm25,B4,C021,2,B,multivariable,PROVISIONAL_LLM_GOLD,0.047619047619047616,0.14285714285714285,0.42857142857142855,0.14285714285714285,0.1358263640014324,0.7,0,20,10,21,7,"[""K043"", ""K093"", ""K016"", ""K044"", ""K002"", ""K049"", ""K003""]","[""K001"", ""K005"", ""K007"", ""K011"", ""K017"", ""K034"", ""K050"", ""K071"", ""K073"", ""K078"", ""K079"", ""K080"", ""K081"", ""K083"", ""K084"", ""K085"", ""K086"", ""K090""]","[""K001"", ""K011"", ""K017"", ""K034"", ""K080"", ""K085""]"
bm25,B4,C021,3,B,multivariable,PROVISIONAL_LLM_GOLD,0.047619047619047616,0.14285714285714285,0.42857142857142855,0.14285714285714285,0.1358263640014324,0.7,0,20,10,21,7,"[""K043"", ""K093"", ""K016"", ""K044"", ""K002"", ""K049"", ""K003""]","[""K001"", ""K005"", ""K007"", ""K011"", ""K017"", ""K034"", ""K050"", ""K071"", ""K073"", ""K078"", ""K079"", ""K080"", ""K081"", ""K083"", ""K084"", ""K085"", ""K086"", ""K090""]","[""K001"", ""K011"", ""K017"", ""K034"", ""K080"", ""K085""]"
bm25,B1,C022,1,B,multivariable,PROVISIONAL_LLM_GOLD,0.13333333333333333,0.16666666666666666,0.3,0.2857142857142857,0.36888938732684046,0.5,0,20,10,30,7,"[""K038"", ""K035"", ""K040"", ""K046"", ""K016""]","[""K001"", ""K007"", ""K008"", ""K015"", ""K019"", ""K033"", ""K050"", ""K057"", ""K065"", ""K068"", ""K071"", ""K073"", ""K076"", ""K079"", ""K080"", ""K081"", ""K083"", ""K084"", ""K085"", ""K086"", ""K088"", ""K089"", ""K094"", ""K095"", ""K096""]","[""K001"", ""K079"", ""K081"", ""K083"", ""K084""]"
bm25,B1,C022,2,B,multivariable,PROVISIONAL_LLM_GOLD,0.06666666666666667,0.16666666666666666,0.3,0.14285714285714285,0.25767199007158065,0.5,0,20,10,30,7,"[""K003"", ""K093"", ""K016"", ""K006"", ""K031""]","[""K001"", ""K007"", ""K008"", ""K015"", ""K017"", ""K019"", ""K033"", ""K050"", ""K057"", ""K068"", ""K071"", ""K076"", ""K078"", ""K079"", ""K080"", ""K081"", ""K083"", ""K084"", ""K086"", ""K088"", ""K089"", ""K090"", ""K094"", ""K095"", ""K096""]","[""K001"", ""K017"", ""K079"", ""K081"", ""K083"", ""K084""]"
bm25,B1,C022,3,B,multivariable,PROVISIONAL_LLM_GOLD,0.06666666666666667,0.13333333333333333,0.26666666666666666,0.14285714285714285,0.24278838576308906,0.6,0,20,10,30,7,"[""K032"", ""K006"", ""K031"", ""K043"", ""K004"", ""K093""]","[""K001"", ""K007"", ""K008"", ""K015"", ""K017"", ""K019"", ""K033"", ""K050"", ""K057"", ""K065"", ""K068"", ""K073"", ""K076"", ""K077"", ""K078"", ""K079"", ""K080"", ""K082"", ""K083"", ""K084"", ""K086"", ""K088"", ""K089"", ""K090"", ""K094"", ""K095""]","[""K001"", ""K017"", ""K079"", ""K082"", ""K083"", ""K084""]"
bm25,B2,C022,1,B,multivariable,PROVISIONAL_LLM_GOLD,0.03333333333333333,0.06666666666666667,0.3,0.0,0.11129560074466496,0.8,0,20,10,30,7,"[""K003"", ""K093"", ""K043"", ""K024"", ""K028"", ""K031"", ""K013"", ""K004""]","[""K001"", ""K007"", ""K008"", ""K015"", ""K017"", ""K019"", ""K033"", ""K050"", ""K057"", ""K065"", ""K068"", ""K071"", ""K073"", ""K076"", ""K078"", ""K079"", ""K081"", ""K082"", ""K083"", ""K084"", ""K085"", ""K086"", ""K088"", ""K089"", ""K090"", ""K094"", ""K095"", ""K096""]","[""K001"", ""K017"", ""K079"", ""K081"", ""K082"", ""K083"", ""K084""]"
bm25,B2,C022,2,B,multivariable,PROVISIONAL_LLM_GOLD,0.16666666666666666,0.2,0.3333333333333333,0.42857142857142855,0.5017462210859923,0.4,0,20,10,30,7,"[""K043"", ""K093"", ""K040"", ""K039""]","[""K001"", ""K007"", ""K008"", ""K015"", ""K017"", ""K019"", ""K033"", ""K050"", ""K057"", ""K065"", ""K068"", ""K071"", ""K073"", ""K076"", ""K081"", ""K084"", ""K085"", ""K086"", ""K088"", ""K089"", ""K090"", ""K094"", ""K095"", ""K096""]","[""K001"", ""K017"", ""K081"", ""K084""]"
bm25,B2,C022,3,B,multivariable,PROVISIONAL_LLM_GOLD,0.1,0.2,0.23333333333333334,0.42857142857142855,0.46225937154543184,0.4,0,20,10,30,7,"[""K093"", ""K031"", ""K040"", ""K043""]","[""K001"", ""K007"", ""K008"", ""K015"", ""K017"", ""K019"", ""K033"", ""K050"", ""K057"", ""K065"", ""K068"", ""K071"", ""K073"", ""K076"", ""K081"", ""K084"", ""K085"", ""K086"", ""K088"", ""K089"", ""K090"", ""K094"", ""K095"", ""K096""]","[""K001"", ""K017"", ""K081"", ""K084""]"
bm25,B3,C022,1,B,multivariable,PROVISIONAL_LLM_GOLD,0.1,0.2,0.3,0.42857142857142855,0.450822175289782,0.4,0,20,10,30,7,"[""K043"", ""K054"", ""K012"", ""K039""]","[""K007"", ""K008"", ""K015"", ""K017"", ""K019"", ""K033"", ""K050"", ""K065"", ""K068"", ""K071"", ""K073"", ""K076"", ""K079"", ""K080"", ""K081"", ""K084"", ""K085"", ""K086"", ""K088"", ""K089"", ""K090"", ""K094"", ""K095"", ""K096""]","[""K017"", ""K079"", ""K081"", ""K084""]"
bm25,B3,C022,2,B,multivariable,PROVISIONAL_LLM_GOLD,0.16666666666666666,0.3333333333333333,0.43333333333333335,0.2857142857142857,0.5344755381656755,0.0,0,20,10,30,7,[],"[""K001"", ""K007"", ""K008"", ""K015"", ""K017"", ""K019"", ""K050"", ""K057"", ""K068"", ""K071"", ""K073"", ""K076"", ""K081"", ""K082"", ""K084"", ""K086"", ""K088"", ""K089"", ""K090"", ""K095""]","[""K001"", ""K017"", ""K081"", ""K082"", ""K084""]"
bm25,B3,C022,3,B,multivariable,PROVISIONAL_LLM_GOLD,0.13333333333333333,0.3,0.4666666666666667,0.5714285714285714,0.5850407340001396,0.1,0,20,10,30,7,"[""K093""]","[""K001"", ""K007"", ""K008"", ""K015"", ""K017"", ""K019"", ""K033"", ""K050"", ""K057"", ""K065"", ""K068"", ""K071"", ""K073"", ""K076"", ""K084"", ""K088"", ""K089"", ""K090"", ""K094"", ""K095"", ""K096""]","[""K001"", ""K017"", ""K084""]"
bm25,B4,C022,1,B,multivariable,PROVISIONAL_LLM_GOLD,0.03333333333333333,0.1,0.3333333333333333,0.14285714285714285,0.13733813420597393,0.7,0,20,10,30,7,"[""K043"", ""K093"", ""K016"", ""K044"", ""K049"", ""K002"", ""K003""]","[""K001"", ""K007"", ""K008"", ""K015"", ""K017"", ""K019"", ""K033"", ""K050"", ""K057"", ""K065"", ""K068"", ""K071"", ""K073"", ""K076"", ""K078"", ""K079"", ""K080"", ""K081"", ""K083"", ""K084"", ""K085"", ""K086"", ""K088"", ""K089"", ""K090"", ""K095"", ""K096""]","[""K001"", ""K017"", ""K079"", ""K081"", ""K083"", ""K084""]"
bm25,B4,C022,2,B,multivariable,PROVISIONAL_LLM_GOLD,0.03333333333333333,0.1,0.3333333333333333,0.14285714285714285,0.13733813420597393,0.7,0,20,10,30,7,"[""K043"", ""K093"", ""K016"", ""K044"", ""K049"", ""K002"", ""K003""]","[""K001"", ""K007"", ""K008"", ""K015"", ""K017"", ""K019"", ""K033"", ""K050"", ""K057"", ""K065"", ""K068"", ""K071"", ""K073"", ""K076"", ""K078"", ""K079"", ""K080"", ""K081"", ""K083"", ""K084"", ""K085"", ""K086"", ""K088"", ""K089"", ""K090"", ""K095"", ""K096""]","[""K001"", ""K017"", ""K079"", ""K081"", ""K083"", ""K084""]"
bm25,B4,C022,3,B,multivariable,PROVISIONAL_LLM_GOLD,0.03333333333333333,0.1,0.3333333333333333,0.14285714285714285,0.13733813420597393,0.7,0,20,10,30,7,"[""K043"", ""K093"", ""K016"", ""K044"", ""K049"", ""K002"", ""K003""]","[""K001"", ""K007"", ""K008"", ""K015"", ""K017"", ""K019"", ""K033"", ""K050"", ""K057"", ""K065"", ""K068"", ""K071"", ""K073"", ""K076"", ""K078"", ""K079"", ""K080"", ""K081"", ""K083"", ""K084"", ""K085"", ""K086"", ""K088"", ""K089"", ""K090"", ""K095"", ""K096""]","[""K001"", ""K017"", ""K079"", ""K081"", ""K083"", ""K084""]"
bm25,B1,C023,1,C,multivariable,PROVISIONAL_LLM_GOLD,0.0,0.1,0.23333333333333334,0.25,0.1658911392071965,0.7,0,20,10,30,4,"[""K045"", ""K093"", ""K040"", ""K039"", ""K035"", ""K046"", ""K042""]","[""K001"", ""K005"", ""K007"", ""K011"", ""K015"", ""K017"", ""K033"", ""K034"", ""K050"", ""K057"", ""K058"", ""K059"", ""K065"", ""K068"", ""K071"", ""K073"", ""K077"", ""K078"", ""K079"", ""K080"", ""K081"", ""K083"", ""K084"", ""K086"", ""K090"", ""K094"", ""K095""]","[""K001"", ""K017"", ""K034""]"
bm25,B1,C023,2,C,multivariable,PROVISIONAL_LLM_GOLD,0.1,0.13333333333333333,0.26666666666666666,0.5,0.40107196113870913,0.6,0,20,10,30,4,"[""K047"", ""K042"", ""K043"", ""K003"", ""K013"", ""K048""]","[""K005"", ""K007"", ""K011"", ""K015"", ""K017"", ""K033"", ""K034"", ""K057"", ""K058"", ""K059"", ""K065"", ""K068"", ""K071"", ""K073"", ""K077"", ""K078"", ""K079"", ""K080"", ""K081"", ""K082"", ""K083"", ""K084"", ""K086"", ""K090"", ""K094"", ""K095""]","[""K017"", ""K034""]"
bm25,B1,C023,3,C,multivariable,PROVISIONAL_LLM_GOLD,0.06666666666666667,0.16666666666666666,0.3333333333333333,0.5,0.36469281213901683,0.5,0,20,10,30,4,"[""K032"", ""K018"", ""K003"", ""K046"", ""K047""]","[""K005"", ""K007"", ""K011"", ""K015"", ""K033"", ""K034"", ""K050"", ""K058"", ""K059"", ""K065"", ""K068"", ""K071"", ""K073"", ""K077"", ""K078"", ""K079"", ""K080"", ""K081"", ""K082"", ""K083"", ""K084"", ""K085"", ""K086"", ""K094"", ""K095""]","[""K034"", ""K085""]"
bm25,B2,C023,1,C,multivariable,PROVISIONAL_LLM_GOLD,0.13333333333333333,0.26666666666666666,0.4,0.25,0.518927521923075,0.2,0,20,10,30,4,"[""K043"", ""K092""]","[""K005"", ""K007"", ""K011"", ""K015"", ""K017"", ""K034"", ""K057"", ""K058"", ""K059"", ""K065"", ""K068"", ""K071"", ""K073"", ""K077"", ""K078"", ""K079"", ""K080"", ""K081"", ""K082"", ""K083"", ""K084"", ""K085""]","[""K017"", ""K034"", ""K085""]"
bm25,B2,C023,2,C,multivariable,PROVISIONAL_LLM_GOLD,0.1,0.16666666666666666,0.3,0.75,0.6222792225073173,0.5,0,20,10,30,4,"[""K087"", ""K093"", ""K023"", ""K039"", ""K074""]","[""K005"", ""K007"", ""K015"", ""K033"", ""K050"", ""K057"", ""K058"", ""K059"", ""K065"", ""K068"", ""K071"", ""K077"", ""K078"", ""K079"", ""K080"", ""K081"", ""K082"", ""K083"", ""K084"", ""K085"", ""K086"", ""K090"", ""K094"", ""K095"", ""K096""]","[""K085""]"
bm25,B2,C023,3,C,multivariable,PROVISIONAL_LLM_GOLD,0.13333333333333333,0.16666666666666666,0.36666666666666664,0.25,0.3755367238901341,0.5,0,20,10,30,4,"[""K093"", ""K019"", ""K032"", ""K043"", ""K076""]","[""K005"", ""K007"", ""K011"", ""K015"", ""K017"", ""K033"", ""K034"", ""K050"", ""K057"", ""K058"", ""K059"", ""K065"", ""K068"", ""K071"", ""K073"", ""K079"", ""K082"", ""K083"", ""K084"", ""K085"", ""K086"", ""K090"", ""K094"", ""K095"", ""K096""]","[""K017"", ""K034"", ""K085""]"
bm25,B3,C023,1,C,multivariable,PROVISIONAL_LLM_GOLD,0.03333333333333333,0.1,0.3,0.0,0.11130381225481203,0.7,0,20,10,30,4,"[""K043"", ""K003"", ""K049"", ""K044"", ""K016"", ""K093"", ""K028""]","[""K001"", ""K005"", ""K011"", ""K015"", ""K017"", ""K033"", ""K034"", ""K050"", ""K057"", ""K058"", ""K059"", ""K065"", ""K068"", ""K071"", ""K073"", ""K077"", ""K078"", ""K079"", ""K080"", ""K081"", ""K082"", ""K083"", ""K084"", ""K085"", ""K086"", ""K095"", ""K096""]","[""K001"", ""K017"", ""K034"", ""K085""]"
bm25,B3,C023,2,C,multivariable,PROVISIONAL_LLM_GOLD,0.03333333333333333,0.16666666666666666,0.26666666666666666,0.5,0.3126527877073909,0.5,0,20,10,30,4,"[""K043"", ""K032"", ""K044"", ""K087"", ""K025""]","[""K005"", ""K007"", ""K011"", ""K017"", ""K050"", ""K057"", ""K058"", ""K059"", ""K065"", ""K068"", ""K071"", ""K073"", ""K077"", ""K078"", ""K079"", ""K080"", ""K081"", ""K082"", ""K083"", ""K084"", ""K085"", ""K086"", ""K090"", ""K095"", ""K096""]","[""K017"", ""K085""]"
bm25,B3,C023,3,C,multivariable,PROVISIONAL_LLM_GOLD,0.03333333333333333,0.1,0.23333333333333334,0.0,0.10893757729384704,0.7,0,20,10,30,4,"[""K043"", ""K087"", ""K044"", ""K002"", ""K040"", ""K032"", ""K075""]","[""K001"", ""K005"", ""K007"", ""K011"", ""K015"", ""K017"", ""K033"", ""K034"", ""K050"", ""K057"", ""K058"", ""K059"", ""K065"", ""K068"", ""K071"", ""K073"", ""K078"", ""K079"", ""K080"", ""K081"", ""K082"", ""K083"", ""K084"", ""K085"", ""K086"", ""K095"", ""K096""]","[""K001"", ""K017"", ""K034"", ""K085""]"
bm25,B4,C023,1,C,multivariable,PROVISIONAL_LLM_GOLD,0.03333333333333333,0.1,0.3,0.0,0.10379345697746441,0.7,0,20,10,30,4,"[""K043"", ""K093"", ""K016"", ""K044"", ""K002"", ""K049"", ""K003""]","[""K001"", ""K005"", ""K007"", ""K011"", ""K015"", ""K017"", ""K033"", ""K034"", ""K050"", ""K057"", ""K058"", ""K059"", ""K065"", ""K068"", ""K071"", ""K073"", ""K078"", ""K079"", ""K080"", ""K081"", ""K083"", ""K084"", ""K085"", ""K086"", ""K090"", ""K095"", ""K096""]","[""K001"", ""K017"", ""K034"", ""K085""]"
bm25,B4,C023,2,C,multivariable,PROVISIONAL_LLM_GOLD,0.03333333333333333,0.1,0.3,0.0,0.10379345697746441,0.7,0,20,10,30,4,"[""K043"", ""K093"", ""K016"", ""K044"", ""K002"", ""K049"", ""K003""]","[""K001"", ""K005"", ""K007"", ""K011"", ""K015"", ""K017"", ""K033"", ""K034"", ""K050"", ""K057"", ""K058"", ""K059"", ""K065"", ""K068"", ""K071"", ""K073"", ""K078"", ""K079"", ""K080"", ""K081"", ""K083"", ""K084"", ""K085"", ""K086"", ""K090"", ""K095"", ""K096""]","[""K001"", ""K017"", ""K034"", ""K085""]"
bm25,B4,C023,3,C,multivariable,PROVISIONAL_LLM_GOLD,0.03333333333333333,0.1,0.3,0.0,0.10379345697746441,0.7,0,20,10,30,4,"[""K043"", ""K093"", ""K016"", ""K044"", ""K002"", ""K049"", ""K003""]","[""K001"", ""K005"", ""K007"", ""K011"", ""K015"", ""K017"", ""K033"", ""K034"", ""K050"", ""K057"", ""K058"", ""K059"", ""K065"", ""K068"", ""K071"", ""K073"", ""K078"", ""K079"", ""K080"", ""K081"", ""K083"", ""K084"", ""K085"", ""K086"", ""K090"", ""K095"", ""K096""]","[""K001"", ""K017"", ""K034"", ""K085""]"
bm25,B1,C024,1,C,multivariable,PROVISIONAL_LLM_GOLD,0.03571428571428571,0.10714285714285714,0.21428571428571427,0.125,0.18924616585550072,0.7,0,20,10,28,8,"[""K093"", ""K047"", ""K006"", ""K043"", ""K023"", ""K002"", ""K045""]","[""K001"", ""K015"", ""K033"", ""K057"", ""K058"", ""K065"", ""K068"", ""K071"", ""K073"", ""K076"", ""K077"", ""K078"", ""K079"", ""K080"", ""K081"", ""K082"", ""K083"", ""K084"", ""K086"", ""K088"", ""K089"", ""K090"", ""K091"", ""K094"", ""K095""]","[""K001"", ""K068"", ""K079"", ""K081"", ""K082"", ""K083"", ""K084""]"
bm25,B1,C024,2,C,multivariable,PROVISIONAL_LLM_GOLD,0.07142857142857142,0.07142857142857142,0.21428571428571427,0.125,0.20079533634707541,0.8,0,20,10,28,8,"[""K002"", ""K016"", ""K006"", ""K003"", ""K093"", ""K054"", ""K048"", ""K031""]","[""K001"", ""K015"", ""K033"", ""K050"", ""K057"", ""K058"", ""K065"", ""K068"", ""K071"", ""K073"", ""K076"", ""K078"", ""K079"", ""K080"", ""K081"", ""K083"", ""K084"", ""K085"", ""K086"", ""K088"", ""K089"", ""K090"", ""K091"", ""K094"", ""K095"", ""K096""]","[""K001"", ""K068"", ""K079"", ""K081"", ""K083"", ""K084"", ""K085""]"
bm25,B1,C024,3,C,multivariable,PROVISIONAL_LLM_GOLD,0.10714285714285714,0.14285714285714285,0.21428571428571427,0.125,0.27468758478962235,0.6,0,20,10,28,8,"[""K006"", ""K043"", ""K003"", ""K093"", ""K047"", ""K045""]","[""K001"", ""K015"", ""K033"", ""K057"", ""K058"", ""K065"", ""K068"", ""K073"", ""K076"", ""K077"", ""K078"", ""K079"", ""K080"", ""K081"", ""K082"", ""K083"", ""K084"", ""K086"", ""K088"", ""K089"", ""K090"", ""K091"", ""K094"", ""K095""]","[""K001"", ""K068"", ""K079"", ""K081"", ""K082"", ""K083"", ""K084""]"
bm25,B2,C024,1,C,multivariable,PROVISIONAL_LLM_GOLD,0.14285714285714285,0.25,0.32142857142857145,0.25,0.4137750247544747,0.3,0,20,10,28,8,"[""K003"", ""K043"", ""K006""]","[""K001"", ""K015"", ""K033"", ""K050"", ""K057"", ""K058"", ""K065"", ""K068"", ""K073"", ""K081"", ""K082"", ""K084"", ""K085"", ""K086"", ""K088"", ""K089"", ""K090"", ""K091"", ""K094"", ""K095"", ""K096""]","[""K001"", ""K068"", ""K081"", ""K082"", ""K084"", ""K085""]"
bm25,B2,C024,2,C,multivariable,PROVISIONAL_LLM_GOLD,0.07142857142857142,0.10714285714285714,0.25,0.125,0.2098693098268413,0.7,0,20,10,28,8,"[""K003"", ""K002"", ""K031"", ""K017"", ""K006"", ""K093"", ""K018""]","[""K001"", ""K015"", ""K033"", ""K050"", ""K057"", ""K058"", ""K065"", ""K068"", ""K071"", ""K073"", ""K076"", ""K079"", ""K080"", ""K081"", ""K083"", ""K084"", ""K085"", ""K086"", ""K088"", ""K089"", ""K090"", ""K091"", ""K094"", ""K095"", ""K096""]","[""K001"", ""K068"", ""K079"", ""K081"", ""K083"", ""K084"", ""K085""]"
bm25,B2,C024,3,C,multivariable,PROVISIONAL_LLM_GOLD,0.14285714285714285,0.14285714285714285,0.21428571428571427,0.25,0.38389193466097327,0.6,0,20,10,28,8,"[""K039"", ""K024"", ""K043"", ""K003"", ""K006"", ""K040""]","[""K001"", ""K015"", ""K033"", ""K050"", ""K057"", ""K058"", ""K065"", ""K068"", ""K071"", ""K073"", ""K076"", ""K080"", ""K081"", ""K083"", ""K084"", ""K085"", ""K086"", ""K088"", ""K089"", ""K090"", ""K091"", ""K094"", ""K095"", ""K096""]","[""K001"", ""K068"", ""K081"", ""K083"", ""K084"", ""K085""]"
bm25,B3,C024,1,C,multivariable,PROVISIONAL_LLM_GOLD,0.17857142857142858,0.2857142857142857,0.42857142857142855,0.5,0.5749301992936634,0.2,0,20,10,28,8,"[""K093"", ""K035""]","[""K001"", ""K015"", ""K033"", ""K050"", ""K057"", ""K058"", ""K065"", ""K068"", ""K071"", ""K073"", ""K076"", ""K082"", ""K084"", ""K088"", ""K089"", ""K090"", ""K091"", ""K094"", ""K095"", ""K096""]","[""K001"", ""K068"", ""K082"", ""K084""]"
bm25,B3,C024,2,C,multivariable,PROVISIONAL_LLM_GOLD,0.17857142857142858,0.2857142857142857,0.39285714285714285,0.5,0.5534232074303262,0.2,0,20,10,28,8,"[""K093"", ""K038""]","[""K001"", ""K015"", ""K033"", ""K050"", ""K057"", ""K058"", ""K065"", ""K068"", ""K071"", ""K073"", ""K076"", ""K081"", ""K084"", ""K086"", ""K088"", ""K089"", ""K090"", ""K091"", ""K095"", ""K096""]","[""K001"", ""K068"", ""K081"", ""K084""]"
bm25,B3,C024,3,C,multivariable,PROVISIONAL_LLM_GOLD,0.14285714285714285,0.25,0.4642857142857143,0.5,0.493175105216622,0.3,0,20,10,28,8,"[""K002"", ""K003"", ""K023""]","[""K001"", ""K015"", ""K033"", ""K050"", ""K057"", ""K058"", ""K065"", ""K068"", ""K071"", ""K073"", ""K076"", ""K081"", ""K084"", ""K086"", ""K088"", ""K089"", ""K090"", ""K091"", ""K094"", ""K095"", ""K096""]","[""K001"", ""K068"", ""K081"", ""K084""]"
bm25,B4,C024,1,C,multivariable,PROVISIONAL_LLM_GOLD,0.03571428571428571,0.10714285714285714,0.35714285714285715,0.125,0.13037851040702075,0.7,0,20,10,28,8,"[""K043"", ""K016"", ""K093"", ""K044"", ""K049"", ""K002"", ""K003""]","[""K001"", ""K015"", ""K033"", ""K050"", ""K057"", ""K058"", ""K065"", ""K068"", ""K071"", ""K073"", ""K076"", ""K078"", ""K079"", ""K080"", ""K081"", ""K083"", ""K084"", ""K085"", ""K086"", ""K088"", ""K089"", ""K090"", ""K091"", ""K095"", ""K096""]","[""K001"", ""K068"", ""K079"", ""K081"", ""K083"", ""K084"", ""K085""]"
bm25,B4,C024,2,C,multivariable,PROVISIONAL_LLM_GOLD,0.03571428571428571,0.10714285714285714,0.35714285714285715,0.125,0.13037851040702075,0.7,0,20,10,28,8,"[""K043"", ""K016"", ""K093"", ""K044"", ""K049"", ""K002"", ""K003""]","[""K001"", ""K015"", ""K033"", ""K050"", ""K057"", ""K058"", ""K065"", ""K068"", ""K071"", ""K073"", ""K076"", ""K078"", ""K079"", ""K080"", ""K081"", ""K083"", ""K084"", ""K085"", ""K086"", ""K088"", ""K089"", ""K090"", ""K091"", ""K095"", ""K096""]","[""K001"", ""K068"", ""K079"", ""K081"", ""K083"", ""K084"", ""K085""]"
bm25,B4,C024,3,C,multivariable,PROVISIONAL_LLM_GOLD,0.03571428571428571,0.10714285714285714,0.35714285714285715,0.125,0.13037851040702075,0.7,0,20,10,28,8,"[""K043"", ""K016"", ""K093"", ""K044"", ""K049"", ""K002"", ""K003""]","[""K001"", ""K015"", ""K033"", ""K050"", ""K057"", ""K058"", ""K065"", ""K068"", ""K071"", ""K073"", ""K076"", ""K078"", ""K079"", ""K080"", ""K081"", ""K083"", ""K084"", ""K085"", ""K086"", ""K088"", ""K089"", ""K090"", ""K091"", ""K095"", ""K096""]","[""K001"", ""K068"", ""K079"", ""K081"", ""K083"", ""K084"", ""K085""]"
dense,B1,C001,1,A,single_variable,PROVISIONAL_LLM_GOLD,0.13043478260869565,0.17391304347826086,0.43478260869565216,0.25,0.37041031669298347,0.6,0,20,10,23,4,"[""K002"", ""K003"", ""K028"", ""K091"", ""K033"", ""K087""]","[""K005"", ""K006"", ""K007"", ""K010"", ""K011"", ""K012"", ""K013"", ""K034"", ""K068"", ""K073"", ""K079"", ""K080"", ""K081"", ""K082"", ""K083"", ""K084"", ""K085"", ""K086"", ""K094""]","[""K006"", ""K011"", ""K034""]"
dense,B1,C001,2,A,single_variable,PROVISIONAL_LLM_GOLD,0.13043478260869565,0.17391304347826086,0.43478260869565216,0.25,0.3821150712085052,0.6,0,20,10,23,4,"[""K003"", ""K002"", ""K087"", ""K028"", ""K033"", ""K091""]","[""K005"", ""K006"", ""K007"", ""K010"", ""K011"", ""K012"", ""K013"", ""K034"", ""K068"", ""K073"", ""K077"", ""K079"", ""K080"", ""K081"", ""K082"", ""K083"", ""K084"", ""K085"", ""K086""]","[""K006"", ""K011"", ""K034""]"
dense,B1,C001,3,A,single_variable,PROVISIONAL_LLM_GOLD,0.13043478260869565,0.2608695652173913,0.391304347826087,0.5,0.45342486991214165,0.4,0,20,10,23,4,"[""K091"", ""K033"", ""K087"", ""K017""]","[""K005"", ""K006"", ""K007"", ""K010"", ""K012"", ""K013"", ""K034"", ""K068"", ""K073"", ""K079"", ""K081"", ""K082"", ""K083"", ""K084"", ""K085"", ""K086"", ""K094""]","[""K006"", ""K034""]"
dense,B2,C001,1,A,single_variable,PROVISIONAL_LLM_GOLD,0.13043478260869565,0.21739130434782608,0.43478260869565216,0.25,0.35825405347362127,0.5,0,20,10,23,4,"[""K033"", ""K091"", ""K087"", ""K002"", ""K003""]","[""K005"", ""K006"", ""K007"", ""K010"", ""K011"", ""K012"", ""K013"", ""K034"", ""K068"", ""K073"", ""K077"", ""K079"", ""K080"", ""K081"", ""K082"", ""K083"", ""K084"", ""K085""]","[""K006"", ""K011"", ""K034""]"
dense,B2,C001,2,A,single_variable,PROVISIONAL_LLM_GOLD,0.17391304347826086,0.2608695652173913,0.5217391304347826,0.5,0.4901764853364638,0.4,0,20,10,23,4,"[""K087"", ""K033"", ""K017"", ""K040""]","[""K005"", ""K006"", ""K007"", ""K010"", ""K012"", ""K013"", ""K034"", ""K068"", ""K073"", ""K079"", ""K081"", ""K082"", ""K083"", ""K084"", ""K085"", ""K086"", ""K094""]","[""K006"", ""K034""]"
dense,B2,C001,3,A,single_variable,PROVISIONAL_LLM_GOLD,0.21739130434782608,0.2608695652173913,0.30434782608695654,0.75,0.60810721715962,0.4,0,20,10,23,4,"[""K087"", ""K040"", ""K091"", ""K033""]","[""K005"", ""K006"", ""K007"", ""K010"", ""K012"", ""K013"", ""K068"", ""K073"", ""K077"", ""K079"", ""K080"", ""K081"", ""K082"", ""K083"", ""K084"", ""K085"", ""K086""]","[""K006""]"
dense,B3,C001,1,A,single_variable,PROVISIONAL_LLM_GOLD,0.13043478260869565,0.30434782608695654,0.391304347826087,0.75,0.5350445304312408,0.3,0,20,10,23,4,"[""K033"", ""K087"", ""K091""]","[""K005"", ""K006"", ""K010"", ""K012"", ""K013"", ""K068"", ""K073"", ""K077"", ""K079"", ""K080"", ""K081"", ""K082"", ""K083"", ""K084"", ""K085"", ""K086""]","[""K006""]"
dense,B3,C001,2,A,single_variable,PROVISIONAL_LLM_GOLD,0.13043478260869565,0.21739130434782608,0.43478260869565216,0.25,0.3341167867791584,0.5,0,20,10,23,4,"[""K033"", ""K019"", ""K039"", ""K057"", ""K091""]","[""K001"", ""K005"", ""K006"", ""K007"", ""K010"", ""K011"", ""K012"", ""K013"", ""K068"", ""K073"", ""K077"", ""K079"", ""K081"", ""K082"", ""K084"", ""K085"", ""K086"", ""K094""]","[""K001"", ""K006"", ""K011""]"
dense,B3,C001,3,A,single_variable,PROVISIONAL_LLM_GOLD,0.17391304347826086,0.17391304347826086,0.391304347826087,0.75,0.5880783117308741,0.6,0,20,10,23,4,"[""K057"", ""K091"", ""K043"", ""K002"", ""K019"", ""K017""]","[""K005"", ""K006"", ""K007"", ""K010"", ""K012"", ""K013"", ""K068"", ""K073"", ""K077"", ""K078"", ""K079"", ""K080"", ""K081"", ""K082"", ""K083"", ""K084"", ""K085"", ""K086"", ""K094""]","[""K006""]"
dense,B4,C001,1,A,single_variable,PROVISIONAL_LLM_GOLD,0.17391304347826086,0.34782608695652173,0.43478260869565216,0.25,0.43341554535764754,0.2,0,20,10,23,4,"[""K091"", ""K043""]","[""K005"", ""K006"", ""K007"", ""K010"", ""K011"", ""K012"", ""K013"", ""K034"", ""K068"", ""K073"", ""K079"", ""K082"", ""K084"", ""K085"", ""K094""]","[""K006"", ""K011"", ""K034""]"
dense,B4,C001,2,A,single_variable,PROVISIONAL_LLM_GOLD,0.17391304347826086,0.34782608695652173,0.43478260869565216,0.25,0.43341554535764754,0.2,0,20,10,23,4,"[""K091"", ""K043""]","[""K005"", ""K006"", ""K007"", ""K010"", ""K011"", ""K012"", ""K013"", ""K034"", ""K068"", ""K073"", ""K079"", ""K082"", ""K084"", ""K085"", ""K094""]","[""K006"", ""K011"", ""K034""]"
dense,B4,C001,3,A,single_variable,PROVISIONAL_LLM_GOLD,0.17391304347826086,0.34782608695652173,0.43478260869565216,0.25,0.43341554535764754,0.2,0,20,10,23,4,"[""K091"", ""K043""]","[""K005"", ""K006"", ""K007"", ""K010"", ""K011"", ""K012"", ""K013"", ""K034"", ""K068"", ""K073"", ""K079"", ""K082"", ""K084"", ""K085"", ""K094""]","[""K006"", ""K011"", ""K034""]"
dense,B1,C002,1,A,single_variable,PROVISIONAL_LLM_GOLD,0.17391304347826086,0.30434782608695654,0.391304347826087,0.0,0.3964018840800593,0.3,0,20,10,23,3,"[""K043"", ""K091"", ""K079""]","[""K001"", ""K007"", ""K041"", ""K042"", ""K050"", ""K051"", ""K065"", ""K068"", ""K073"", ""K082"", ""K084"", ""K085"", ""K090"", ""K094"", ""K095"", ""K096""]","[""K001"", ""K050"", ""K096""]"
dense,B1,C002,2,A,single_variable,PROVISIONAL_LLM_GOLD,0.17391304347826086,0.2608695652173913,0.391304347826087,0.0,0.3609256118254637,0.4,0,20,10,23,3,"[""K091"", ""K079"", ""K043"", ""K057""]","[""K001"", ""K007"", ""K041"", ""K042"", ""K050"", ""K051"", ""K065"", ""K068"", ""K073"", ""K082"", ""K084"", ""K085"", ""K086"", ""K090"", ""K094"", ""K095"", ""K096""]","[""K001"", ""K050"", ""K096""]"
dense,B1,C002,3,A,single_variable,PROVISIONAL_LLM_GOLD,0.17391304347826086,0.17391304347826086,0.34782608695652173,0.3333333333333333,0.36592975189289256,0.6,0,20,10,23,3,"[""K043"", ""K091"", ""K087"", ""K002"", ""K003"", ""K033""]","[""K007"", ""K041"", ""K042"", ""K050"", ""K051"", ""K065"", ""K068"", ""K073"", ""K080"", ""K081"", ""K082"", ""K083"", ""K084"", ""K085"", ""K086"", ""K090"", ""K094"", ""K095"", ""K096""]","[""K050"", ""K096""]"
dense,B2,C002,1,A,single_variable,PROVISIONAL_LLM_GOLD,0.13043478260869565,0.2608695652173913,0.43478260869565216,1.0,0.6931563405235195,0.4,0,20,10,23,3,"[""K087"", ""K033"", ""K043"", ""K091""]","[""K007"", ""K041"", ""K042"", ""K051"", ""K065"", ""K068"", ""K073"", ""K080"", ""K081"", ""K082"", ""K083"", ""K084"", ""K085"", ""K086"", ""K090"", ""K094"", ""K095""]",[]
dense,B2,C002,2,A,single_variable,PROVISIONAL_LLM_GOLD,0.13043478260869565,0.21739130434782608,0.391304347826087,0.3333333333333333,0.38501597564634465,0.5,0,20,10,23,3,"[""K091"", ""K079"", ""K087"", ""K033"", ""K043""]","[""K001"", ""K007"", ""K041"", ""K042"", ""K051"", ""K065"", ""K068"", ""K073"", ""K081"", ""K082"", ""K083"", ""K084"", ""K085"", ""K086"", ""K090"", ""K094"", ""K095"", ""K096""]","[""K001"", ""K096""]"
dense,B2,C002,3,A,single_variable,PROVISIONAL_LLM_GOLD,0.13043478260869565,0.2608695652173913,0.5652173913043478,0.6666666666666666,0.5164060347891014,0.4,0,20,10,23,3,"[""K033"", ""K087"", ""K091"", ""K011""]","[""K001"", ""K007"", ""K041"", ""K042"", ""K051"", ""K065"", ""K068"", ""K073"", ""K077"", ""K080"", ""K081"", ""K082"", ""K083"", ""K084"", ""K085"", ""K090"", ""K094""]","[""K001""]"
dense,B3,C002,1,A,single_variable,PROVISIONAL_LLM_GOLD,0.043478260869565216,0.17391304347826086,0.30434782608695654,0.6666666666666666,0.3561369658749244,0.6,0,20,10,23,3,"[""K057"", ""K091"", ""K043"", ""K011"", ""K087"", ""K044""]","[""K007"", ""K041"", ""K042"", ""K051"", ""K065"", ""K068"", ""K073"", ""K077"", ""K080"", ""K081"", ""K082"", ""K083"", ""K084"", ""K085"", ""K086"", ""K090"", ""K094"", ""K095"", ""K096""]","[""K096""]"
dense,B3,C002,2,A,single_variable,PROVISIONAL_LLM_GOLD,0.08695652173913043,0.17391304347826086,0.34782608695652173,0.6666666666666666,0.30897103251065455,0.6,0,20,10,23,3,"[""K091"", ""K043"", ""K057"", ""K059"", ""K047"", ""K044""]","[""K007"", ""K041"", ""K042"", ""K051"", ""K065"", ""K068"", ""K073"", ""K077"", ""K078"", ""K080"", ""K081"", ""K082"", ""K084"", ""K085"", ""K086"", ""K090"", ""K094"", ""K095"", ""K096""]","[""K096""]"
dense,B3,C002,3,A,single_variable,PROVISIONAL_LLM_GOLD,0.08695652173913043,0.13043478260869565,0.391304347826087,0.6666666666666666,0.29114440252708257,0.7,0,20,10,23,3,"[""K057"", ""K091"", ""K043"", ""K044"", ""K046"", ""K011"", ""K054""]","[""K001"", ""K007"", ""K015"", ""K041"", ""K042"", ""K051"", ""K065"", ""K068"", ""K073"", ""K077"", ""K078"", ""K080"", ""K081"", ""K082"", ""K084"", ""K085"", ""K086"", ""K090"", ""K094"", ""K095""]","[""K001""]"
dense,B4,C002,1,A,single_variable,PROVISIONAL_LLM_GOLD,0.17391304347826086,0.34782608695652173,0.43478260869565216,0.3333333333333333,0.4798891255258606,0.2,0,20,10,23,3,"[""K091"", ""K002""]","[""K007"", ""K041"", ""K042"", ""K050"", ""K051"", ""K065"", ""K068"", ""K073"", ""K082"", ""K084"", ""K085"", ""K090"", ""K094"", ""K095"", ""K096""]","[""K050"", ""K096""]"
dense,B4,C002,2,A,single_variable,PROVISIONAL_LLM_GOLD,0.17391304347826086,0.34782608695652173,0.43478260869565216,0.3333333333333333,0.4798891255258606,0.2,0,20,10,23,3,"[""K091"", ""K002""]","[""K007"", ""K041"", ""K042"", ""K050"", ""K051"", ""K065"", ""K068"", ""K073"", ""K082"", ""K084"", ""K085"", ""K090"", ""K094"", ""K095"", ""K096""]","[""K050"", ""K096""]"
dense,B4,C002,3,A,single_variable,PROVISIONAL_LLM_GOLD,0.17391304347826086,0.34782608695652173,0.43478260869565216,0.3333333333333333,0.4798891255258606,0.2,0,20,10,23,3,"[""K091"", ""K002""]","[""K007"", ""K041"", ""K042"", ""K050"", ""K051"", ""K065"", ""K068"", ""K073"", ""K082"", ""K084"", ""K085"", ""K090"", ""K094"", ""K095"", ""K096""]","[""K050"", ""K096""]"
dense,B1,C003,1,B,single_variable,PROVISIONAL_LLM_GOLD,0.15789473684210525,0.3157894736842105,0.42105263157894735,0.6666666666666666,0.5457014934836844,0.4,0,20,10,19,3,"[""K002"", ""K033"", ""K078"", ""K003""]","[""K005"", ""K006"", ""K010"", ""K034"", ""K073"", ""K081"", ""K082"", ""K083"", ""K084"", ""K085"", ""K086"", ""K090"", ""K095""]","[""K034""]"
dense,B1,C003,2,B,single_variable,PROVISIONAL_LLM_GOLD,0.21052631578947367,0.2631578947368421,0.42105263157894735,0.6666666666666666,0.536719125049409,0.5,0,20,10,19,3,"[""K078"", ""K002"", ""K033"", ""K028"", ""K087""]","[""K005"", ""K006"", ""K010"", ""K017"", ""K073"", ""K081"", ""K082"", ""K083"", ""K084"", ""K085"", ""K086"", ""K090"", ""K094"", ""K095""]","[""K017""]"
dense,B1,C003,3,B,single_variable,PROVISIONAL_LLM_GOLD,0.10526315789473684,0.15789473684210525,0.42105263157894735,0.6666666666666666,0.42700793747072296,0.7,0,20,10,19,3,"[""K002"", ""K078"", ""K028"", ""K087"", ""K003"", ""K033"", ""K038""]","[""K005"", ""K006"", ""K010"", ""K011"", ""K017"", ""K073"", ""K081"", ""K082"", ""K083"", ""K084"", ""K085"", ""K086"", ""K090"", ""K091"", ""K094"", ""K095""]","[""K017""]"
dense,B2,C003,1,B,single_variable,PROVISIONAL_LLM_GOLD,0.15789473684210525,0.3157894736842105,0.42105263157894735,0.6666666666666666,0.4640367534116095,0.4,0,20,10,19,3,"[""K078"", ""K033"", ""K040"", ""K087""]","[""K005"", ""K006"", ""K010"", ""K034"", ""K073"", ""K081"", ""K082"", ""K083"", ""K084"", ""K085"", ""K090"", ""K094"", ""K095""]","[""K034""]"
dense,B2,C003,2,B,single_variable,PROVISIONAL_LLM_GOLD,0.10526315789473684,0.3157894736842105,0.5263157894736842,0.0,0.2588802970929829,0.4,0,20,10,19,3,"[""K078"", ""K080"", ""K033"", ""K087""]","[""K001"", ""K005"", ""K006"", ""K010"", ""K017"", ""K034"", ""K082"", ""K083"", ""K084"", ""K085"", ""K090"", ""K094"", ""K095""]","[""K001"", ""K017"", ""K034""]"
dense,B2,C003,3,B,single_variable,PROVISIONAL_LLM_GOLD,0.10526315789473684,0.10526315789473684,0.3157894736842105,0.3333333333333333,0.32852375469691786,0.8,0,20,10,19,3,"[""K087"", ""K002"", ""K003"", ""K033"", ""K078"", ""K038"", ""K077"", ""K028""]","[""K005"", ""K006"", ""K010"", ""K011"", ""K017"", ""K034"", ""K073"", ""K081"", ""K082"", ""K083"", ""K084"", ""K085"", ""K086"", ""K090"", ""K091"", ""K094"", ""K095""]","[""K017"", ""K034""]"
dense,B3,C003,1,B,single_variable,PROVISIONAL_LLM_GOLD,0.10526315789473684,0.15789473684210525,0.47368421052631576,0.6666666666666666,0.43600241607481743,0.7,0,20,10,19,3,"[""K002"", ""K033"", ""K078"", ""K003"", ""K087"", ""K019"", ""K040""]","[""K005"", ""K006"", ""K010"", ""K011"", ""K017"", ""K073"", ""K081"", ""K082"", ""K083"", ""K084"", ""K085"", ""K086"", ""K090"", ""K091"", ""K094"", ""K095""]","[""K017""]"
dense,B3,C003,2,B,single_variable,PROVISIONAL_LLM_GOLD,0.10526315789473684,0.2631578947368421,0.3684210526315789,0.6666666666666666,0.414167969377089,0.5,0,20,10,19,3,"[""K033"", ""K019"", ""K087"", ""K012"", ""K078""]","[""K005"", ""K006"", ""K010"", ""K034"", ""K073"", ""K081"", ""K082"", ""K083"", ""K084"", ""K085"", ""K086"", ""K090"", ""K091"", ""K095""]","[""K034""]"
dense,B3,C003,3,B,single_variable,PROVISIONAL_LLM_GOLD,0.10526315789473684,0.2631578947368421,0.3684210526315789,0.6666666666666666,0.5032873372016634,0.5,0,20,10,19,3,"[""K028"", ""K002"", ""K003"", ""K087"", ""K037""]","[""K005"", ""K006"", ""K010"", ""K017"", ""K073"", ""K081"", ""K082"", ""K083"", ""K084"", ""K085"", ""K086"", ""K090"", ""K091"", ""K095""]","[""K017""]"
dense,B4,C003,1,B,single_variable,PROVISIONAL_LLM_GOLD,0.15789473684210525,0.2631578947368421,0.3684210526315789,0.0,0.3037924476502,0.5,0,20,10,19,3,"[""K077"", ""K080"", ""K078"", ""K043"", ""K002""]","[""K001"", ""K005"", ""K006"", ""K010"", ""K011"", ""K017"", ""K034"", ""K073"", ""K082"", ""K084"", ""K085"", ""K090"", ""K094"", ""K095""]","[""K001"", ""K017"", ""K034""]"
dense,B4,C003,2,B,single_variable,PROVISIONAL_LLM_GOLD,0.15789473684210525,0.2631578947368421,0.3684210526315789,0.0,0.3037924476502,0.5,0,20,10,19,3,"[""K077"", ""K080"", ""K078"", ""K043"", ""K002""]","[""K001"", ""K005"", ""K006"", ""K010"", ""K011"", ""K017"", ""K034"", ""K073"", ""K082"", ""K084"", ""K085"", ""K090"", ""K094"", ""K095""]","[""K001"", ""K017"", ""K034""]"
dense,B4,C003,3,B,single_variable,PROVISIONAL_LLM_GOLD,0.15789473684210525,0.2631578947368421,0.3684210526315789,0.0,0.3037924476502,0.5,0,20,10,19,3,"[""K077"", ""K080"", ""K078"", ""K043"", ""K002""]","[""K001"", ""K005"", ""K006"", ""K010"", ""K011"", ""K017"", ""K034"", ""K073"", ""K082"", ""K084"", ""K085"", ""K090"", ""K094"", ""K095""]","[""K001"", ""K017"", ""K034""]"
dense,B1,C004,1,B,single_variable,PROVISIONAL_LLM_GOLD,0.16666666666666666,0.2777777777777778,0.4444444444444444,0.42857142857142855,0.4295697114054674,0.5,0,20,10,18,7,"[""K043"", ""K002"", ""K091"", ""K079"", ""K033""]","[""K017"", ""K019"", ""K068"", ""K073"", ""K081"", ""K082"", ""K083"", ""K084"", ""K085"", ""K086"", ""K090"", ""K094"", ""K095""]","[""K081"", ""K082"", ""K084"", ""K085""]"
dense,B1,C004,2,B,single_variable,PROVISIONAL_LLM_GOLD,0.2777777777777778,0.4444444444444444,0.5,0.5714285714285714,0.6926781217562605,0.2,0,20,10,18,7,"[""K079"", ""K091""]","[""K017"", ""K019"", ""K068"", ""K073"", ""K082"", ""K084"", ""K085"", ""K090"", ""K094"", ""K095""]","[""K082"", ""K084"", ""K085""]"
dense,B1,C004,3,B,single_variable,PROVISIONAL_LLM_GOLD,0.16666666666666666,0.2777777777777778,0.5,0.42857142857142855,0.4052735014965059,0.5,0,20,10,18,7,"[""K091"", ""K043"", ""K033"", ""K079"", ""K002""]","[""K017"", ""K019"", ""K068"", ""K073"", ""K081"", ""K082"", ""K083"", ""K084"", ""K085"", ""K086"", ""K090"", ""K094"", ""K095""]","[""K081"", ""K082"", ""K084"", ""K085""]"
dense,B2,C004,1,B,single_variable,PROVISIONAL_LLM_GOLD,0.2777777777777778,0.4444444444444444,0.5,0.5714285714285714,0.695772389474789,0.2,0,20,10,18,7,"[""K079"", ""K091""]","[""K017"", ""K019"", ""K068"", ""K073"", ""K082"", ""K084"", ""K085"", ""K090"", ""K094"", ""K095""]","[""K082"", ""K084"", ""K085""]"
dense,B2,C004,2,B,single_variable,PROVISIONAL_LLM_GOLD,0.2222222222222222,0.3888888888888889,0.5,0.42857142857142855,0.6173236927963147,0.3,0,20,10,18,7,"[""K079"", ""K091"", ""K040""]","[""K001"", ""K017"", ""K019"", ""K068"", ""K073"", ""K082"", ""K084"", ""K085"", ""K090"", ""K094"", ""K095""]","[""K001"", ""K082"", ""K084"", ""K085""]"
dense,B2,C004,3,B,single_variable,PROVISIONAL_LLM_GOLD,0.2222222222222222,0.4444444444444444,0.5555555555555556,0.5714285714285714,0.6842862912522844,0.2,0,20,10,18,7,"[""K079"", ""K091""]","[""K017"", ""K019"", ""K068"", ""K073"", ""K082"", ""K084"", ""K085"", ""K090"", ""K094"", ""K095""]","[""K082"", ""K084"", ""K085""]"
dense,B3,C004,1,B,single_variable,PROVISIONAL_LLM_GOLD,0.1111111111111111,0.3333333333333333,0.6111111111111112,0.14285714285714285,0.2485000710328593,0.4,0,20,10,18,7,"[""K091"", ""K057"", ""K043"", ""K044""]","[""K001"", ""K017"", ""K068"", ""K073"", ""K080"", ""K081"", ""K082"", ""K084"", ""K085"", ""K090"", ""K094"", ""K095""]","[""K001"", ""K080"", ""K081"", ""K082"", ""K084"", ""K085""]"
dense,B3,C004,2,B,single_variable,PROVISIONAL_LLM_GOLD,0.2222222222222222,0.3888888888888889,0.5555555555555556,0.5714285714285714,0.6223998067419922,0.3,0,20,10,18,7,"[""K043"", ""K002"", ""K079""]","[""K017"", ""K019"", ""K068"", ""K073"", ""K082"", ""K084"", ""K085"", ""K086"", ""K090"", ""K094"", ""K095""]","[""K082"", ""K084"", ""K085""]"
dense,B3,C004,3,B,single_variable,PROVISIONAL_LLM_GOLD,0.16666666666666666,0.2777777777777778,0.6666666666666666,0.0,0.23276223091716225,0.5,0,20,10,18,7,"[""K057"", ""K043"", ""K011"", ""K033"", ""K091""]","[""K001"", ""K017"", ""K068"", ""K073"", ""K077"", ""K078"", ""K080"", ""K081"", ""K082"", ""K084"", ""K085"", ""K094"", ""K095""]","[""K001"", ""K077"", ""K080"", ""K081"", ""K082"", ""K084"", ""K085""]"
dense,B4,C004,1,B,single_variable,PROVISIONAL_LLM_GOLD,0.2222222222222222,0.4444444444444444,0.5555555555555556,0.5714285714285714,0.5653351641870077,0.2,0,20,10,18,7,"[""K091"", ""K002""]","[""K017"", ""K019"", ""K068"", ""K073"", ""K082"", ""K084"", ""K085"", ""K090"", ""K094"", ""K095""]","[""K082"", ""K084"", ""K085""]"
dense,B4,C004,2,B,single_variable,PROVISIONAL_LLM_GOLD,0.2222222222222222,0.4444444444444444,0.5555555555555556,0.5714285714285714,0.5653351641870077,0.2,0,20,10,18,7,"[""K091"", ""K002""]","[""K017"", ""K019"", ""K068"", ""K073"", ""K082"", ""K084"", ""K085"", ""K090"", ""K094"", ""K095""]","[""K082"", ""K084"", ""K085""]"
dense,B4,C004,3,B,single_variable,PROVISIONAL_LLM_GOLD,0.2222222222222222,0.4444444444444444,0.5555555555555556,0.5714285714285714,0.5653351641870077,0.2,0,20,10,18,7,"[""K091"", ""K002""]","[""K017"", ""K019"", ""K068"", ""K073"", ""K082"", ""K084"", ""K085"", ""K090"", ""K094"", ""K095""]","[""K082"", ""K084"", ""K085""]"
dense,B1,C005,1,C,single_variable,PROVISIONAL_LLM_GOLD,0.16666666666666666,0.20833333333333334,0.5,0.5,0.47898387294830275,0.5,0,20,10,24,4,"[""K002"", ""K091"", ""K087"", ""K028"", ""K003""]","[""K005"", ""K006"", ""K007"", ""K017"", ""K034"", ""K068"", ""K073"", ""K076"", ""K077"", ""K079"", ""K080"", ""K081"", ""K082"", ""K083"", ""K084"", ""K085"", ""K090"", ""K094"", ""K095""]","[""K017"", ""K034""]"
dense,B1,C005,2,C,single_variable,PROVISIONAL_LLM_GOLD,0.125,0.16666666666666666,0.5,0.25,0.38782299435642803,0.6,0,20,10,24,4,"[""K091"", ""K087"", ""K002"", ""K003"", ""K040"", ""K028""]","[""K005"", ""K006"", ""K007"", ""K011"", ""K017"", ""K034"", ""K068"", ""K073"", ""K076"", ""K077"", ""K079"", ""K080"", ""K081"", ""K082"", ""K083"", ""K084"", ""K085"", ""K090"", ""K094"", ""K095""]","[""K011"", ""K017"", ""K034""]"
dense,B1,C005,3,C,single_variable,PROVISIONAL_LLM_GOLD,0.125,0.20833333333333334,0.4583333333333333,0.25,0.40633993825291675,0.5,0,20,10,24,4,"[""K002"", ""K087"", ""K003"", ""K028"", ""K091""]","[""K005"", ""K006"", ""K007"", ""K011"", ""K017"", ""K034"", ""K068"", ""K073"", ""K076"", ""K079"", ""K080"", ""K081"", ""K082"", ""K083"", ""K084"", ""K085"", ""K090"", ""K094"", ""K095""]","[""K011"", ""K017"", ""K034""]"
dense,B2,C005,1,C,single_variable,PROVISIONAL_LLM_GOLD,0.16666666666666666,0.25,0.4166666666666667,0.75,0.5729847381758916,0.4,0,20,10,24,4,"[""K040"", ""K002"", ""K019"", ""K028""]","[""K005"", ""K006"", ""K007"", ""K017"", ""K033"", ""K068"", ""K073"", ""K076"", ""K077"", ""K079"", ""K080"", ""K081"", ""K082"", ""K083"", ""K084"", ""K085"", ""K090"", ""K095""]","[""K017""]"
dense,B2,C005,2,C,single_variable,PROVISIONAL_LLM_GOLD,0.16666666666666666,0.20833333333333334,0.4166666666666667,0.5,0.47384514912462977,0.5,0,20,10,24,4,"[""K002"", ""K028"", ""K086"", ""K091"", ""K003""]","[""K005"", ""K006"", ""K007"", ""K017"", ""K033"", ""K034"", ""K068"", ""K073"", ""K076"", ""K079"", ""K080"", ""K081"", ""K082"", ""K083"", ""K084"", ""K085"", ""K090"", ""K094"", ""K095""]","[""K017"", ""K034""]"
dense,B2,C005,3,C,single_variable,PROVISIONAL_LLM_GOLD,0.125,0.20833333333333334,0.5,0.25,0.4135112506831237,0.5,0,20,10,24,4,"[""K002"", ""K003"", ""K028"", ""K087"", ""K091""]","[""K005"", ""K006"", ""K007"", ""K011"", ""K017"", ""K034"", ""K068"", ""K073"", ""K076"", ""K079"", ""K080"", ""K081"", ""K082"", ""K083"", ""K084"", ""K085"", ""K090"", ""K094"", ""K095""]","[""K011"", ""K017"", ""K034""]"
dense,B3,C005,1,C,single_variable,PROVISIONAL_LLM_GOLD,0.16666666666666666,0.25,0.375,1.0,0.6641867820016705,0.4,0,20,10,24,4,"[""K038"", ""K087"", ""K037"", ""K003""]","[""K005"", ""K006"", ""K007"", ""K068"", ""K073"", ""K076"", ""K077"", ""K078"", ""K079"", ""K080"", ""K081"", ""K082"", ""K083"", ""K084"", ""K085"", ""K090"", ""K094"", ""K095""]",[]
dense,B3,C005,2,C,single_variable,PROVISIONAL_LLM_GOLD,0.16666666666666666,0.16666666666666666,0.2916666666666667,0.75,0.5880783117308741,0.6,0,20,10,24,4,"[""K028"", ""K003"", ""K019"", ""K008"", ""K039"", ""K002""]","[""K005"", ""K006"", ""K007"", ""K017"", ""K033"", ""K068"", ""K073"", ""K076"", ""K077"", ""K078"", ""K079"", ""K080"", ""K081"", ""K082"", ""K083"", ""K084"", ""K085"", ""K090"", ""K094"", ""K095""]","[""K017""]"
dense,B3,C005,3,C,single_variable,PROVISIONAL_LLM_GOLD,0.16666666666666666,0.25,0.4166666666666667,0.75,0.6305214366374434,0.4,0,20,10,24,4,"[""K087"", ""K002"", ""K003"", ""K028""]","[""K005"", ""K006"", ""K007"", ""K017"", ""K068"", ""K073"", ""K076"", ""K077"", ""K079"", ""K080"", ""K081"", ""K082"", ""K083"", ""K084"", ""K085"", ""K090"", ""K094"", ""K095""]","[""K017""]"
dense,B4,C005,1,C,single_variable,PROVISIONAL_LLM_GOLD,0.125,0.25,0.4166666666666667,0.0,0.23455167662481563,0.4,0,20,10,24,4,"[""K091"", ""K086"", ""K043"", ""K002""]","[""K001"", ""K005"", ""K006"", ""K007"", ""K011"", ""K017"", ""K033"", ""K034"", ""K068"", ""K073"", ""K076"", ""K079"", ""K082"", ""K084"", ""K085"", ""K090"", ""K094"", ""K095""]","[""K001"", ""K011"", ""K017"", ""K034""]"
dense,B4,C005,2,C,single_variable,PROVISIONAL_LLM_GOLD,0.125,0.25,0.4166666666666667,0.0,0.23455167662481563,0.4,0,20,10,24,4,"[""K091"", ""K086"", ""K043"", ""K002""]","[""K001"", ""K005"", ""K006"", ""K007"", ""K011"", ""K017"", ""K033"", ""K034"", ""K068"", ""K073"", ""K076"", ""K079"", ""K082"", ""K084"", ""K085"", ""K090"", ""K094"", ""K095""]","[""K001"", ""K011"", ""K017"", ""K034""]"
dense,B4,C005,3,C,single_variable,PROVISIONAL_LLM_GOLD,0.125,0.25,0.4166666666666667,0.0,0.23455167662481563,0.4,0,20,10,24,4,"[""K091"", ""K086"", ""K043"", ""K002""]","[""K001"", ""K005"", ""K006"", ""K007"", ""K011"", ""K017"", ""K033"", ""K034"", ""K068"", ""K073"", ""K076"", ""K079"", ""K082"", ""K084"", ""K085"", ""K090"", ""K094"", ""K095""]","[""K001"", ""K011"", ""K017"", ""K034""]"
dense,B1,C006,1,C,single_variable,PROVISIONAL_LLM_GOLD,0.125,0.20833333333333334,0.4166666666666667,0.3333333333333333,0.47181735810078984,0.5,0,20,10,24,9,"[""K091"", ""K017"", ""K087"", ""K033"", ""K038""]","[""K007"", ""K050"", ""K057"", ""K058"", ""K065"", ""K068"", ""K071"", ""K073"", ""K080"", ""K081"", ""K082"", ""K083"", ""K084"", ""K085"", ""K086"", ""K090"", ""K094"", ""K095"", ""K096""]","[""K068"", ""K081"", ""K082"", ""K083"", ""K084"", ""K085""]"
dense,B1,C006,2,C,single_variable,PROVISIONAL_LLM_GOLD,0.125,0.16666666666666666,0.3333333333333333,0.3333333333333333,0.48566637835312954,0.6,0,20,10,24,9,"[""K033"", ""K087"", ""K002"", ""K091"", ""K003"", ""K017""]","[""K007"", ""K050"", ""K057"", ""K058"", ""K065"", ""K068"", ""K071"", ""K073"", ""K079"", ""K080"", ""K081"", ""K082"", ""K083"", ""K084"", ""K085"", ""K086"", ""K090"", ""K094"", ""K095"", ""K096""]","[""K068"", ""K081"", ""K082"", ""K083"", ""K084"", ""K085""]"
dense,B1,C006,3,C,single_variable,PROVISIONAL_LLM_GOLD,0.125,0.125,0.375,0.2222222222222222,0.36709216028347996,0.7,0,20,10,24,9,"[""K091"", ""K002"", ""K033"", ""K003"", ""K019"", ""K087"", ""K017""]","[""K007"", ""K050"", ""K057"", ""K058"", ""K065"", ""K068"", ""K071"", ""K073"", ""K077"", ""K079"", ""K080"", ""K081"", ""K082"", ""K083"", ""K084"", ""K085"", ""K086"", ""K090"", ""K094"", ""K095"", ""K096""]","[""K068"", ""K077"", ""K081"", ""K082"", ""K083"", ""K084"", ""K085""]"
dense,B2,C006,1,C,single_variable,PROVISIONAL_LLM_GOLD,0.16666666666666666,0.2916666666666667,0.4166666666666667,0.3333333333333333,0.49049722161523807,0.3,0,20,10,24,9,"[""K091"", ""K087"", ""K003""]","[""K007"", ""K050"", ""K057"", ""K058"", ""K065"", ""K068"", ""K071"", ""K073"", ""K081"", ""K082"", ""K083"", ""K084"", ""K085"", ""K090"", ""K094"", ""K095"", ""K096""]","[""K068"", ""K081"", ""K082"", ""K083"", ""K084"", ""K085""]"
dense,B2,C006,2,C,single_variable,PROVISIONAL_LLM_GOLD,0.16666666666666666,0.25,0.4583333333333333,0.3333333333333333,0.4590437152502156,0.4,0,20,10,24,9,"[""K091"", ""K017"", ""K087"", ""K033""]","[""K001"", ""K007"", ""K050"", ""K057"", ""K058"", ""K065"", ""K068"", ""K071"", ""K073"", ""K081"", ""K082"", ""K084"", ""K085"", ""K086"", ""K090"", ""K094"", ""K095"", ""K096""]","[""K001"", ""K068"", ""K081"", ""K082"", ""K084"", ""K085""]"
dense,B2,C006,3,C,single_variable,PROVISIONAL_LLM_GOLD,0.16666666666666666,0.16666666666666666,0.3333333333333333,0.3333333333333333,0.4355332596695282,0.6,0,20,10,24,9,"[""K091"", ""K003"", ""K002"", ""K033"", ""K087"", ""K040""]","[""K007"", ""K050"", ""K057"", ""K058"", ""K065"", ""K068"", ""K071"", ""K073"", ""K079"", ""K080"", ""K081"", ""K082"", ""K083"", ""K084"", ""K085"", ""K086"", ""K090"", ""K094"", ""K095"", ""K096""]","[""K068"", ""K081"", ""K082"", ""K083"", ""K084"", ""K085""]"
dense,B3,C006,1,C,single_variable,PROVISIONAL_LLM_GOLD,0.125,0.2916666666666667,0.5,0.4444444444444444,0.42561808411504476,0.3,0,20,10,24,9,"[""K011"", ""K034"", ""K091""]","[""K001"", ""K007"", ""K050"", ""K057"", ""K058"", ""K065"", ""K068"", ""K071"", ""K073"", ""K079"", ""K082"", ""K084"", ""K085"", ""K090"", ""K094"", ""K095"", ""K096""]","[""K001"", ""K068"", ""K082"", ""K084"", ""K085""]"
dense,B3,C006,2,C,single_variable,PROVISIONAL_LLM_GOLD,0.08333333333333333,0.125,0.3333333333333333,0.2222222222222222,0.2380342110966131,0.7,0,20,10,24,9,"[""K011"", ""K087"", ""K034"", ""K019"", ""K033"", ""K040"", ""K091""]","[""K001"", ""K007"", ""K050"", ""K057"", ""K058"", ""K065"", ""K068"", ""K071"", ""K073"", ""K077"", ""K079"", ""K080"", ""K081"", ""K082"", ""K084"", ""K085"", ""K086"", ""K090"", ""K094"", ""K095"", ""K096""]","[""K001"", ""K068"", ""K077"", ""K081"", ""K082"", ""K084"", ""K085""]"
dense,B3,C006,3,C,single_variable,PROVISIONAL_LLM_GOLD,0.125,0.20833333333333334,0.375,0.3333333333333333,0.4690908780221484,0.5,0,20,10,24,9,"[""K034"", ""K019"", ""K011"", ""K002"", ""K038""]","[""K007"", ""K050"", ""K058"", ""K065"", ""K068"", ""K071"", ""K073"", ""K077"", ""K079"", ""K080"", ""K081"", ""K082"", ""K084"", ""K085"", ""K086"", ""K090"", ""K094"", ""K095"", ""K096""]","[""K068"", ""K077"", ""K081"", ""K082"", ""K084"", ""K085""]"
dense,B4,C006,1,C,single_variable,PROVISIONAL_LLM_GOLD,0.16666666666666666,0.2916666666666667,0.5,0.4444444444444444,0.48653580725628426,0.3,0,20,10,24,9,"[""K091"", ""K043"", ""K002""]","[""K007"", ""K050"", ""K057"", ""K058"", ""K065"", ""K068"", ""K071"", ""K073"", ""K079"", ""K081"", ""K082"", ""K084"", ""K085"", ""K090"", ""K094"", ""K095"", ""K096""]","[""K068"", ""K081"", ""K082"", ""K084"", ""K085""]"
dense,B4,C006,2,C,single_variable,PROVISIONAL_LLM_GOLD,0.16666666666666666,0.2916666666666667,0.5,0.4444444444444444,0.48653580725628426,0.3,0,20,10,24,9,"[""K091"", ""K043"", ""K002""]","[""K007"", ""K050"", ""K057"", ""K058"", ""K065"", ""K068"", ""K071"", ""K073"", ""K079"", ""K081"", ""K082"", ""K084"", ""K085"", ""K090"", ""K094"", ""K095"", ""K096""]","[""K068"", ""K081"", ""K082"", ""K084"", ""K085""]"
dense,B4,C006,3,C,single_variable,PROVISIONAL_LLM_GOLD,0.16666666666666666,0.2916666666666667,0.5,0.4444444444444444,0.48653580725628426,0.3,0,20,10,24,9,"[""K091"", ""K043"", ""K002""]","[""K007"", ""K050"", ""K057"", ""K058"", ""K065"", ""K068"", ""K071"", ""K073"", ""K079"", ""K081"", ""K082"", ""K084"", ""K085"", ""K090"", ""K094"", ""K095"", ""K096""]","[""K068"", ""K081"", ""K082"", ""K084"", ""K085""]"
dense,B1,C007,1,A,personal_baseline,PROVISIONAL_LLM_GOLD,0.11764705882352941,0.17647058823529413,0.4117647058823529,1.0,0.4965182219577099,0.7,0,20,10,17,1,"[""K038"", ""K002"", ""K003"", ""K033"", ""K028"", ""K087"", ""K011""]","[""K006"", ""K007"", ""K034"", ""K068"", ""K073"", ""K077"", ""K080"", ""K081"", ""K082"", ""K083"", ""K084"", ""K090"", ""K094"", ""K095""]",[]
dense,B1,C007,2,A,personal_baseline,PROVISIONAL_LLM_GOLD,0.11764705882352941,0.23529411764705882,0.47058823529411764,1.0,0.48066684367299994,0.6,0,20,10,17,1,"[""K033"", ""K087"", ""K091"", ""K002"", ""K003"", ""K017""]","[""K006"", ""K007"", ""K034"", ""K068"", ""K073"", ""K077"", ""K080"", ""K081"", ""K082"", ""K083"", ""K084"", ""K090"", ""K095""]",[]
dense,B1,C007,3,A,personal_baseline,PROVISIONAL_LLM_GOLD,0.17647058823529413,0.23529411764705882,0.47058823529411764,1.0,0.49204740387238627,0.6,0,20,10,17,1,"[""K033"", ""K003"", ""K002"", ""K017"", ""K028"", ""K087""]","[""K006"", ""K007"", ""K034"", ""K068"", ""K073"", ""K080"", ""K081"", ""K082"", ""K083"", ""K084"", ""K090"", ""K094"", ""K095""]",[]
dense,B2,C007,1,A,personal_baseline,PROVISIONAL_LLM_GOLD,0.17647058823529413,0.23529411764705882,0.4117647058823529,1.0,0.49387594530188733,0.6,0,20,10,17,1,"[""K033"", ""K003"", ""K017"", ""K002"", ""K087"", ""K028""]","[""K006"", ""K007"", ""K034"", ""K068"", ""K073"", ""K077"", ""K080"", ""K081"", ""K082"", ""K083"", ""K084"", ""K090"", ""K095""]",[]
dense,B2,C007,2,A,personal_baseline,PROVISIONAL_LLM_GOLD,0.17647058823529413,0.29411764705882354,0.47058823529411764,1.0,0.5686545171057312,0.5,0,20,10,17,1,"[""K033"", ""K087"", ""K003"", ""K017"", ""K002""]","[""K006"", ""K034"", ""K068"", ""K073"", ""K077"", ""K080"", ""K081"", ""K082"", ""K083"", ""K084"", ""K090"", ""K095""]",[]
dense,B2,C007,3,A,personal_baseline,PROVISIONAL_LLM_GOLD,0.11764705882352941,0.23529411764705882,0.47058823529411764,0.0,0.3434559862458184,0.6,0,20,10,17,1,"[""K033"", ""K087"", ""K017"", ""K091"", ""K011"", ""K086""]","[""K001"", ""K006"", ""K007"", ""K068"", ""K073"", ""K077"", ""K081"", ""K082"", ""K083"", ""K084"", ""K090"", ""K094"", ""K095""]","[""K001""]"
dense,B3,C007,1,A,personal_baseline,PROVISIONAL_LLM_GOLD,0.17647058823529413,0.23529411764705882,0.4117647058823529,1.0,0.5556378520010676,0.6,0,20,10,17,1,"[""K017"", ""K033"", ""K002"", ""K087"", ""K003"", ""K011""]","[""K006"", ""K007"", ""K068"", ""K073"", ""K077"", ""K080"", ""K081"", ""K082"", ""K083"", ""K084"", ""K090"", ""K094"", ""K095""]",[]
dense,B3,C007,2,A,personal_baseline,PROVISIONAL_LLM_GOLD,0.11764705882352941,0.29411764705882354,0.4117647058823529,0.0,0.29087817795921195,0.5,0,20,10,17,1,"[""K017"", ""K011"", ""K057"", ""K033"", ""K019""]","[""K001"", ""K006"", ""K007"", ""K068"", ""K077"", ""K080"", ""K081"", ""K082"", ""K084"", ""K090"", ""K094"", ""K095""]","[""K001""]"
dense,B3,C007,3,A,personal_baseline,PROVISIONAL_LLM_GOLD,0.17647058823529413,0.17647058823529413,0.4117647058823529,0.0,0.23195060706050058,0.7,0,20,10,17,1,"[""K075"", ""K086"", ""K043"", ""K044"", ""K071"", ""K024"", ""K057""]","[""K001"", ""K006"", ""K007"", ""K034"", ""K068"", ""K073"", ""K077"", ""K078"", ""K080"", ""K081"", ""K082"", ""K083"", ""K084"", ""K094""]","[""K001""]"
dense,B4,C007,1,A,personal_baseline,PROVISIONAL_LLM_GOLD,0.11764705882352941,0.35294117647058826,0.5294117647058824,1.0,0.48129456125611236,0.4,0,20,10,17,1,"[""K091"", ""K086"", ""K002"", ""K003""]","[""K006"", ""K007"", ""K034"", ""K068"", ""K073"", ""K081"", ""K082"", ""K084"", ""K090"", ""K094"", ""K095""]",[]
dense,B4,C007,2,A,personal_baseline,PROVISIONAL_LLM_GOLD,0.11764705882352941,0.35294117647058826,0.5294117647058824,1.0,0.48129456125611236,0.4,0,20,10,17,1,"[""K091"", ""K086"", ""K002"", ""K003""]","[""K006"", ""K007"", ""K034"", ""K068"", ""K073"", ""K081"", ""K082"", ""K084"", ""K090"", ""K094"", ""K095""]",[]
dense,B4,C007,3,A,personal_baseline,PROVISIONAL_LLM_GOLD,0.11764705882352941,0.35294117647058826,0.5294117647058824,1.0,0.48129456125611236,0.4,0,20,10,17,1,"[""K091"", ""K086"", ""K002"", ""K003""]","[""K006"", ""K007"", ""K034"", ""K068"", ""K073"", ""K081"", ""K082"", ""K084"", ""K090"", ""K094"", ""K095""]",[]
dense,B1,C008,1,B,personal_baseline,PROVISIONAL_LLM_GOLD,0.17391304347826086,0.21739130434782608,0.391304347826087,0.0,0.2949398108831453,0.5,0,20,10,23,4,"[""K087"", ""K011"", ""K038"", ""K034"", ""K079""]","[""K001"", ""K007"", ""K050"", ""K065"", ""K068"", ""K071"", ""K073"", ""K080"", ""K081"", ""K082"", ""K084"", ""K085"", ""K086"", ""K090"", ""K092"", ""K094"", ""K095"", ""K096""]","[""K001"", ""K050"", ""K085"", ""K096""]"
dense,B1,C008,2,B,personal_baseline,PROVISIONAL_LLM_GOLD,0.21739130434782608,0.30434782608695654,0.43478260869565216,0.0,0.3687843269265349,0.3,0,20,10,23,4,"[""K043"", ""K011"", ""K033""]","[""K001"", ""K007"", ""K050"", ""K065"", ""K068"", ""K071"", ""K073"", ""K081"", ""K082"", ""K084"", ""K085"", ""K090"", ""K092"", ""K094"", ""K095"", ""K096""]","[""K001"", ""K050"", ""K085"", ""K096""]"
dense,B1,C008,3,B,personal_baseline,PROVISIONAL_LLM_GOLD,0.17391304347826086,0.2608695652173913,0.4782608695652174,0.25,0.39834095118281926,0.4,0,20,10,23,4,"[""K087"", ""K033"", ""K011"", ""K043""]","[""K007"", ""K050"", ""K065"", ""K068"", ""K071"", ""K073"", ""K080"", ""K081"", ""K082"", ""K083"", ""K084"", ""K085"", ""K090"", ""K092"", ""K094"", ""K095"", ""K096""]","[""K050"", ""K085"", ""K096""]"
dense,B2,C008,1,B,personal_baseline,PROVISIONAL_LLM_GOLD,0.17391304347826086,0.34782608695652173,0.43478260869565216,0.25,0.4962792049296804,0.2,0,20,10,23,4,"[""K011"", ""K079""]","[""K001"", ""K007"", ""K065"", ""K068"", ""K071"", ""K073"", ""K081"", ""K082"", ""K084"", ""K085"", ""K090"", ""K092"", ""K094"", ""K095"", ""K096""]","[""K001"", ""K085"", ""K096""]"
dense,B2,C008,2,B,personal_baseline,PROVISIONAL_LLM_GOLD,0.13043478260869565,0.30434782608695654,0.4782608695652174,0.0,0.35554424581383903,0.3,0,20,10,23,4,"[""K033"", ""K079"", ""K087""]","[""K001"", ""K007"", ""K050"", ""K065"", ""K068"", ""K071"", ""K073"", ""K081"", ""K082"", ""K084"", ""K085"", ""K090"", ""K092"", ""K094"", ""K095"", ""K096""]","[""K001"", ""K050"", ""K085"", ""K096""]"
dense,B2,C008,3,B,personal_baseline,PROVISIONAL_LLM_GOLD,0.21739130434782608,0.2608695652173913,0.43478260869565216,0.25,0.3984317744599283,0.4,0,20,10,23,4,"[""K033"", ""K087"", ""K079"", ""K003""]","[""K007"", ""K050"", ""K065"", ""K068"", ""K071"", ""K073"", ""K081"", ""K082"", ""K083"", ""K084"", ""K085"", ""K086"", ""K090"", ""K092"", ""K094"", ""K095"", ""K096""]","[""K050"", ""K085"", ""K096""]"
dense,B3,C008,1,B,personal_baseline,PROVISIONAL_LLM_GOLD,0.08695652173913043,0.17391304347826086,0.21739130434782608,0.5,0.31188175881072305,0.6,0,20,10,23,4,"[""K043"", ""K057"", ""K059"", ""K044"", ""K087"", ""K047""]","[""K007"", ""K015"", ""K065"", ""K068"", ""K071"", ""K073"", ""K077"", ""K080"", ""K081"", ""K082"", ""K083"", ""K084"", ""K085"", ""K086"", ""K090"", ""K092"", ""K094"", ""K095"", ""K096""]","[""K085"", ""K096""]"
dense,B3,C008,2,B,personal_baseline,PROVISIONAL_LLM_GOLD,0.043478260869565216,0.17391304347826086,0.30434782608695654,0.25,0.2796160808510535,0.6,0,20,10,23,4,"[""K011"", ""K054"", ""K043"", ""K057"", ""K044"", ""K087""]","[""K001"", ""K007"", ""K065"", ""K068"", ""K071"", ""K073"", ""K077"", ""K080"", ""K081"", ""K082"", ""K083"", ""K084"", ""K085"", ""K086"", ""K090"", ""K092"", ""K094"", ""K095"", ""K096""]","[""K001"", ""K085"", ""K096""]"
dense,B3,C008,3,B,personal_baseline,PROVISIONAL_LLM_GOLD,0.08695652173913043,0.17391304347826086,0.30434782608695654,0.5,0.3636184039227268,0.6,0,20,10,23,4,"[""K011"", ""K057"", ""K087"", ""K017"", ""K034"", ""K018""]","[""K007"", ""K015"", ""K065"", ""K068"", ""K071"", ""K073"", ""K077"", ""K080"", ""K081"", ""K082"", ""K083"", ""K084"", ""K085"", ""K086"", ""K090"", ""K092"", ""K094"", ""K095"", ""K096""]","[""K085"", ""K096""]"
dense,B4,C008,1,B,personal_baseline,PROVISIONAL_LLM_GOLD,0.21739130434782608,0.391304347826087,0.4782608695652174,0.25,0.49868342962058776,0.1,0,20,10,23,4,"[""K002""]","[""K007"", ""K050"", ""K065"", ""K068"", ""K071"", ""K073"", ""K082"", ""K084"", ""K085"", ""K090"", ""K092"", ""K094"", ""K095"", ""K096""]","[""K050"", ""K085"", ""K096""]"
dense,B4,C008,2,B,personal_baseline,PROVISIONAL_LLM_GOLD,0.21739130434782608,0.391304347826087,0.4782608695652174,0.25,0.49868342962058776,0.1,0,20,10,23,4,"[""K002""]","[""K007"", ""K050"", ""K065"", ""K068"", ""K071"", ""K073"", ""K082"", ""K084"", ""K085"", ""K090"", ""K092"", ""K094"", ""K095"", ""K096""]","[""K050"", ""K085"", ""K096""]"
dense,B4,C008,3,B,personal_baseline,PROVISIONAL_LLM_GOLD,0.21739130434782608,0.391304347826087,0.4782608695652174,0.25,0.49868342962058776,0.1,0,20,10,23,4,"[""K002""]","[""K007"", ""K050"", ""K065"", ""K068"", ""K071"", ""K073"", ""K082"", ""K084"", ""K085"", ""K090"", ""K092"", ""K094"", ""K095"", ""K096""]","[""K050"", ""K085"", ""K096""]"
dense,B1,C009,1,B,personal_baseline,PROVISIONAL_LLM_GOLD,0.16666666666666666,0.3333333333333333,0.5,0.5,0.6529709358963761,0.2,0,20,10,24,6,"[""K091"", ""K017""]","[""K001"", ""K007"", ""K050"", ""K065"", ""K068"", ""K073"", ""K076"", ""K082"", ""K084"", ""K085"", ""K086"", ""K089"", ""K090"", ""K094"", ""K095"", ""K096""]","[""K001"", ""K082"", ""K085""]"
dense,B1,C009,2,B,personal_baseline,PROVISIONAL_LLM_GOLD,0.20833333333333334,0.3333333333333333,0.4583333333333333,0.5,0.5773914544877419,0.2,0,20,10,24,6,"[""K002"", ""K091""]","[""K007"", ""K050"", ""K065"", ""K068"", ""K073"", ""K076"", ""K082"", ""K083"", ""K084"", ""K085"", ""K086"", ""K089"", ""K090"", ""K094"", ""K095"", ""K096""]","[""K082"", ""K083"", ""K085""]"
dense,B1,C009,3,B,personal_baseline,PROVISIONAL_LLM_GOLD,0.20833333333333334,0.3333333333333333,0.4166666666666667,0.6666666666666666,0.7400326334625688,0.2,0,20,10,24,6,"[""K091"", ""K043""]","[""K007"", ""K050"", ""K065"", ""K068"", ""K073"", ""K076"", ""K081"", ""K082"", ""K084"", ""K085"", ""K086"", ""K089"", ""K090"", ""K094"", ""K095"", ""K096""]","[""K082"", ""K085""]"
dense,B2,C009,1,B,personal_baseline,PROVISIONAL_LLM_GOLD,0.20833333333333334,0.375,0.5416666666666666,0.5,0.6412159986440766,0.1,0,20,10,24,6,"[""K017""]","[""K001"", ""K007"", ""K050"", ""K065"", ""K068"", ""K073"", ""K076"", ""K082"", ""K084"", ""K085"", ""K089"", ""K090"", ""K094"", ""K095"", ""K096""]","[""K001"", ""K082"", ""K085""]"
dense,B2,C009,2,B,personal_baseline,PROVISIONAL_LLM_GOLD,0.20833333333333334,0.4166666666666667,0.5416666666666666,0.5,0.6671343727852562,0.0,0,20,10,24,6,[],"[""K001"", ""K007"", ""K050"", ""K065"", ""K068"", ""K073"", ""K076"", ""K082"", ""K084"", ""K085"", ""K090"", ""K094"", ""K095"", ""K096""]","[""K001"", ""K082"", ""K085""]"
dense,B2,C009,3,B,personal_baseline,PROVISIONAL_LLM_GOLD,0.20833333333333334,0.3333333333333333,0.5416666666666666,0.5,0.6928400423113388,0.2,0,20,10,24,6,"[""K017"", ""K087""]","[""K001"", ""K007"", ""K050"", ""K065"", ""K068"", ""K073"", ""K076"", ""K081"", ""K082"", ""K084"", ""K085"", ""K089"", ""K090"", ""K094"", ""K095"", ""K096""]","[""K001"", ""K082"", ""K085""]"
dense,B3,C009,1,B,personal_baseline,PROVISIONAL_LLM_GOLD,0.20833333333333334,0.25,0.4583333333333333,0.5,0.6531986742787467,0.4,0,20,10,24,6,"[""K043"", ""K057"", ""K034"", ""K017""]","[""K001"", ""K007"", ""K033"", ""K050"", ""K065"", ""K068"", ""K073"", ""K076"", ""K081"", ""K082"", ""K084"", ""K085"", ""K086"", ""K089"", ""K090"", ""K094"", ""K095"", ""K096""]","[""K001"", ""K082"", ""K085""]"
dense,B3,C009,2,B,personal_baseline,PROVISIONAL_LLM_GOLD,0.20833333333333334,0.25,0.375,0.5,0.6747831447219755,0.4,0,20,10,24,6,"[""K043"", ""K057"", ""K047"", ""K042""]","[""K001"", ""K007"", ""K033"", ""K050"", ""K065"", ""K068"", ""K073"", ""K076"", ""K081"", ""K082"", ""K084"", ""K085"", ""K086"", ""K089"", ""K090"", ""K094"", ""K095"", ""K096""]","[""K001"", ""K082"", ""K085""]"
dense,B3,C009,3,B,personal_baseline,PROVISIONAL_LLM_GOLD,0.16666666666666666,0.2916666666666667,0.3333333333333333,0.5,0.6638837542132133,0.3,0,20,10,24,6,"[""K043"", ""K057"", ""K044""]","[""K001"", ""K007"", ""K033"", ""K050"", ""K065"", ""K068"", ""K073"", ""K076"", ""K082"", ""K084"", ""K085"", ""K086"", ""K089"", ""K090"", ""K094"", ""K095"", ""K096""]","[""K001"", ""K082"", ""K085""]"
dense,B4,C009,1,B,personal_baseline,PROVISIONAL_LLM_GOLD,0.16666666666666666,0.3333333333333333,0.4583333333333333,0.5,0.5251011069036831,0.2,0,20,10,24,6,"[""K091"", ""K043""]","[""K007"", ""K033"", ""K050"", ""K065"", ""K068"", ""K073"", ""K076"", ""K079"", ""K082"", ""K084"", ""K085"", ""K089"", ""K090"", ""K094"", ""K095"", ""K096""]","[""K079"", ""K082"", ""K085""]"
dense,B4,C009,2,B,personal_baseline,PROVISIONAL_LLM_GOLD,0.16666666666666666,0.3333333333333333,0.4583333333333333,0.5,0.5251011069036831,0.2,0,20,10,24,6,"[""K091"", ""K043""]","[""K007"", ""K033"", ""K050"", ""K065"", ""K068"", ""K073"", ""K076"", ""K079"", ""K082"", ""K084"", ""K085"", ""K089"", ""K090"", ""K094"", ""K095"", ""K096""]","[""K079"", ""K082"", ""K085""]"
dense,B4,C009,3,B,personal_baseline,PROVISIONAL_LLM_GOLD,0.16666666666666666,0.3333333333333333,0.4583333333333333,0.5,0.5251011069036831,0.2,0,20,10,24,6,"[""K091"", ""K043""]","[""K007"", ""K033"", ""K050"", ""K065"", ""K068"", ""K073"", ""K076"", ""K079"", ""K082"", ""K084"", ""K085"", ""K089"", ""K090"", ""K094"", ""K095"", ""K096""]","[""K079"", ""K082"", ""K085""]"
dense,B1,C010,1,A,personal_baseline,PROVISIONAL_LLM_GOLD,0.22727272727272727,0.36363636363636365,0.5,0.16666666666666666,0.46267343527667915,0.2,0,20,10,22,6,"[""K043"", ""K091""]","[""K001"", ""K007"", ""K017"", ""K019"", ""K050"", ""K065"", ""K068"", ""K073"", ""K082"", ""K084"", ""K085"", ""K090"", ""K094"", ""K096""]","[""K001"", ""K050"", ""K082"", ""K085"", ""K096""]"
dense,B1,C010,2,A,personal_baseline,PROVISIONAL_LLM_GOLD,0.18181818181818182,0.18181818181818182,0.4090909090909091,0.3333333333333333,0.4200541846823877,0.6,0,20,10,22,6,"[""K033"", ""K003"", ""K043"", ""K087"", ""K002"", ""K091""]","[""K007"", ""K017"", ""K019"", ""K050"", ""K065"", ""K068"", ""K073"", ""K079"", ""K080"", ""K081"", ""K082"", ""K083"", ""K084"", ""K085"", ""K086"", ""K090"", ""K094"", ""K096""]","[""K050"", ""K082"", ""K085"", ""K096""]"
dense,B1,C010,3,A,personal_baseline,PROVISIONAL_LLM_GOLD,0.13636363636363635,0.22727272727272727,0.36363636363636365,0.3333333333333333,0.3474855639057815,0.5,0,20,10,22,6,"[""K043"", ""K033"", ""K087"", ""K091"", ""K003""]","[""K007"", ""K017"", ""K019"", ""K050"", ""K065"", ""K068"", ""K073"", ""K080"", ""K081"", ""K082"", ""K083"", ""K084"", ""K085"", ""K086"", ""K090"", ""K094"", ""K096""]","[""K050"", ""K082"", ""K085"", ""K096""]"
dense,B2,C010,1,A,personal_baseline,PROVISIONAL_LLM_GOLD,0.18181818181818182,0.2727272727272727,0.45454545454545453,0.5,0.44634492398320286,0.4,0,20,10,22,6,"[""K033"", ""K087"", ""K091"", ""K043""]","[""K001"", ""K007"", ""K017"", ""K019"", ""K065"", ""K068"", ""K079"", ""K080"", ""K081"", ""K082"", ""K083"", ""K084"", ""K085"", ""K086"", ""K090"", ""K094""]","[""K001"", ""K082"", ""K085""]"
dense,B2,C010,2,A,personal_baseline,PROVISIONAL_LLM_GOLD,0.13636363636363635,0.18181818181818182,0.3181818181818182,0.3333333333333333,0.34369986320633317,0.6,0,20,10,22,6,"[""K033"", ""K003"", ""K002"", ""K087"", ""K043"", ""K091""]","[""K007"", ""K017"", ""K019"", ""K050"", ""K065"", ""K068"", ""K073"", ""K079"", ""K080"", ""K081"", ""K082"", ""K083"", ""K084"", ""K085"", ""K086"", ""K090"", ""K094"", ""K096""]","[""K050"", ""K082"", ""K085"", ""K096""]"
dense,B2,C010,3,A,personal_baseline,PROVISIONAL_LLM_GOLD,0.13636363636363635,0.3181818181818182,0.5454545454545454,0.3333333333333333,0.371051054539951,0.3,0,20,10,22,6,"[""K033"", ""K087"", ""K091""]","[""K001"", ""K007"", ""K017"", ""K019"", ""K050"", ""K065"", ""K068"", ""K079"", ""K080"", ""K081"", ""K082"", ""K083"", ""K084"", ""K085"", ""K090""]","[""K001"", ""K050"", ""K082"", ""K085""]"
dense,B3,C010,1,A,personal_baseline,PROVISIONAL_LLM_GOLD,0.09090909090909091,0.09090909090909091,0.3181818181818182,0.16666666666666666,0.16918058703364858,0.8,0,20,10,22,6,"[""K057"", ""K043"", ""K047"", ""K041"", ""K044"", ""K046"", ""K042"", ""K054""]","[""K001"", ""K007"", ""K015"", ""K017"", ""K019"", ""K065"", ""K068"", ""K073"", ""K077"", ""K078"", ""K079"", ""K080"", ""K081"", ""K082"", ""K084"", ""K085"", ""K086"", ""K090"", ""K094"", ""K096""]","[""K001"", ""K077"", ""K082"", ""K085"", ""K096""]"
dense,B3,C010,2,A,personal_baseline,PROVISIONAL_LLM_GOLD,0.09090909090909091,0.2727272727272727,0.4090909090909091,0.3333333333333333,0.3651865634175488,0.4,0,20,10,22,6,"[""K057"", ""K046"", ""K043"", ""K044""]","[""K007"", ""K019"", ""K065"", ""K068"", ""K073"", ""K077"", ""K079"", ""K080"", ""K081"", ""K082"", ""K084"", ""K085"", ""K086"", ""K090"", ""K094"", ""K096""]","[""K077"", ""K082"", ""K085"", ""K096""]"
dense,B3,C010,3,A,personal_baseline,PROVISIONAL_LLM_GOLD,0.09090909090909091,0.09090909090909091,0.22727272727272727,0.16666666666666666,0.1426746521800567,0.8,0,20,10,22,6,"[""K043"", ""K057"", ""K091"", ""K042"", ""K046"", ""K044"", ""K047"", ""K054""]","[""K001"", ""K007"", ""K015"", ""K017"", ""K019"", ""K065"", ""K068"", ""K073"", ""K077"", ""K078"", ""K079"", ""K080"", ""K081"", ""K082"", ""K084"", ""K085"", ""K086"", ""K090"", ""K094"", ""K096""]","[""K001"", ""K077"", ""K082"", ""K085"", ""K096""]"
dense,B4,C010,1,A,personal_baseline,PROVISIONAL_LLM_GOLD,0.18181818181818182,0.36363636363636365,0.5,0.3333333333333333,0.4685443715338211,0.2,0,20,10,22,6,"[""K091"", ""K002""]","[""K007"", ""K017"", ""K019"", ""K050"", ""K065"", ""K068"", ""K073"", ""K079"", ""K082"", ""K084"", ""K085"", ""K090"", ""K094"", ""K096""]","[""K050"", ""K082"", ""K085"", ""K096""]"
dense,B4,C010,2,A,personal_baseline,PROVISIONAL_LLM_GOLD,0.18181818181818182,0.36363636363636365,0.5,0.3333333333333333,0.4685443715338211,0.2,0,20,10,22,6,"[""K091"", ""K002""]","[""K007"", ""K017"", ""K019"", ""K050"", ""K065"", ""K068"", ""K073"", ""K079"", ""K082"", ""K084"", ""K085"", ""K090"", ""K094"", ""K096""]","[""K050"", ""K082"", ""K085"", ""K096""]"
dense,B4,C010,3,A,personal_baseline,PROVISIONAL_LLM_GOLD,0.18181818181818182,0.36363636363636365,0.5,0.3333333333333333,0.4685443715338211,0.2,0,20,10,22,6,"[""K091"", ""K002""]","[""K007"", ""K017"", ""K019"", ""K050"", ""K065"", ""K068"", ""K073"", ""K079"", ""K082"", ""K084"", ""K085"", ""K090"", ""K094"", ""K096""]","[""K050"", ""K082"", ""K085"", ""K096""]"
dense,B1,C011,1,C,personal_baseline,PROVISIONAL_LLM_GOLD,0.09090909090909091,0.13636363636363635,0.4090909090909091,0.2,0.2519932382842158,0.7,0,20,10,22,5,"[""K033"", ""K017"", ""K091"", ""K087"", ""K002"", ""K019"", ""K038""]","[""K007"", ""K050"", ""K065"", ""K068"", ""K071"", ""K073"", ""K077"", ""K079"", ""K080"", ""K081"", ""K082"", ""K083"", ""K084"", ""K085"", ""K086"", ""K090"", ""K094"", ""K095"", ""K096""]","[""K077"", ""K080"", ""K085"", ""K086""]"
dense,B1,C011,2,C,personal_baseline,PROVISIONAL_LLM_GOLD,0.09090909090909091,0.2727272727272727,0.5,0.4,0.386619234897551,0.4,0,20,10,22,5,"[""K033"", ""K091"", ""K017"", ""K087""]","[""K007"", ""K050"", ""K065"", ""K068"", ""K071"", ""K073"", ""K079"", ""K080"", ""K082"", ""K084"", ""K085"", ""K086"", ""K090"", ""K094"", ""K095"", ""K096""]","[""K080"", ""K085"", ""K086""]"
dense,B1,C011,3,C,personal_baseline,PROVISIONAL_LLM_GOLD,0.18181818181818182,0.22727272727272727,0.45454545454545453,0.6,0.49754219809677086,0.5,0,20,10,22,5,"[""K033"", ""K002"", ""K017"", ""K087"", ""K091""]","[""K007"", ""K050"", ""K065"", ""K068"", ""K071"", ""K073"", ""K079"", ""K081"", ""K082"", ""K083"", ""K084"", ""K085"", ""K086"", ""K090"", ""K094"", ""K095"", ""K096""]","[""K085"", ""K086""]"
dense,B2,C011,1,C,personal_baseline,PROVISIONAL_LLM_GOLD,0.13636363636363635,0.18181818181818182,0.4090909090909091,0.4,0.36315275309304473,0.6,0,20,10,22,5,"[""K033"", ""K087"", ""K017"", ""K091"", ""K003"", ""K002""]","[""K007"", ""K050"", ""K065"", ""K068"", ""K071"", ""K073"", ""K079"", ""K080"", ""K081"", ""K082"", ""K083"", ""K084"", ""K085"", ""K086"", ""K090"", ""K094"", ""K095"", ""K096""]","[""K080"", ""K085"", ""K086""]"
dense,B2,C011,2,C,personal_baseline,PROVISIONAL_LLM_GOLD,0.18181818181818182,0.3181818181818182,0.4090909090909091,0.6,0.6717177637541618,0.3,0,20,10,22,5,"[""K033"", ""K087"", ""K017""]","[""K007"", ""K050"", ""K065"", ""K068"", ""K071"", ""K073"", ""K081"", ""K082"", ""K084"", ""K085"", ""K086"", ""K090"", ""K094"", ""K095"", ""K096""]","[""K085"", ""K086""]"
dense,B2,C011,3,C,personal_baseline,PROVISIONAL_LLM_GOLD,0.18181818181818182,0.22727272727272727,0.45454545454545453,0.6,0.544497978529808,0.5,0,20,10,22,5,"[""K087"", ""K033"", ""K017"", ""K091"", ""K003""]","[""K007"", ""K050"", ""K065"", ""K068"", ""K071"", ""K073"", ""K079"", ""K081"", ""K082"", ""K083"", ""K084"", ""K085"", ""K086"", ""K090"", ""K094"", ""K095"", ""K096""]","[""K085"", ""K086""]"
dense,B3,C011,1,C,personal_baseline,PROVISIONAL_LLM_GOLD,0.045454545454545456,0.09090909090909091,0.22727272727272727,0.2,0.15621217915782226,0.8,0,20,10,22,5,"[""K017"", ""K043"", ""K019"", ""K087"", ""K057"", ""K018"", ""K054"", ""K044""]","[""K007"", ""K050"", ""K065"", ""K068"", ""K071"", ""K073"", ""K077"", ""K078"", ""K079"", ""K080"", ""K081"", ""K082"", ""K083"", ""K084"", ""K085"", ""K086"", ""K090"", ""K094"", ""K095"", ""K096""]","[""K077"", ""K080"", ""K085"", ""K086""]"
dense,B3,C011,2,C,personal_baseline,PROVISIONAL_LLM_GOLD,0.18181818181818182,0.18181818181818182,0.3181818181818182,0.0,0.23451600763394453,0.6,0,20,10,22,5,"[""K057"", ""K091"", ""K087"", ""K017"", ""K043"", ""K042""]","[""K001"", ""K007"", ""K065"", ""K068"", ""K071"", ""K073"", ""K077"", ""K079"", ""K080"", ""K081"", ""K082"", ""K084"", ""K085"", ""K086"", ""K090"", ""K094"", ""K095"", ""K096""]","[""K001"", ""K077"", ""K080"", ""K085"", ""K086""]"
dense,B3,C011,3,C,personal_baseline,PROVISIONAL_LLM_GOLD,0.045454545454545456,0.18181818181818182,0.2727272727272727,0.2,0.19872290666908027,0.6,0,20,10,22,5,"[""K043"", ""K057"", ""K054"", ""K002"", ""K044"", ""K047""]","[""K007"", ""K065"", ""K068"", ""K071"", ""K073"", ""K077"", ""K078"", ""K079"", ""K080"", ""K081"", ""K082"", ""K084"", ""K085"", ""K086"", ""K090"", ""K094"", ""K095"", ""K096""]","[""K077"", ""K080"", ""K085"", ""K086""]"
dense,B4,C011,1,C,personal_baseline,PROVISIONAL_LLM_GOLD,0.18181818181818182,0.36363636363636365,0.45454545454545453,0.8,0.7745793051059333,0.2,0,20,10,22,5,"[""K091"", ""K043""]","[""K007"", ""K050"", ""K065"", ""K068"", ""K071"", ""K073"", ""K079"", ""K082"", ""K084"", ""K085"", ""K090"", ""K094"", ""K095"", ""K096""]","[""K085""]"
dense,B4,C011,2,C,personal_baseline,PROVISIONAL_LLM_GOLD,0.18181818181818182,0.36363636363636365,0.45454545454545453,0.8,0.7745793051059333,0.2,0,20,10,22,5,"[""K091"", ""K043""]","[""K007"", ""K050"", ""K065"", ""K068"", ""K071"", ""K073"", ""K079"", ""K082"", ""K084"", ""K085"", ""K090"", ""K094"", ""K095"", ""K096""]","[""K085""]"
dense,B4,C011,3,C,personal_baseline,PROVISIONAL_LLM_GOLD,0.18181818181818182,0.36363636363636365,0.45454545454545453,0.8,0.7745793051059333,0.2,0,20,10,22,5,"[""K091"", ""K043""]","[""K007"", ""K050"", ""K065"", ""K068"", ""K071"", ""K073"", ""K079"", ""K082"", ""K084"", ""K085"", ""K090"", ""K094"", ""K095"", ""K096""]","[""K085""]"
dense,B1,C012,1,C,personal_baseline,PROVISIONAL_LLM_GOLD,0.12903225806451613,0.16129032258064516,0.41935483870967744,0.25,0.3728334322862137,0.5,0,20,10,31,12,"[""K033"", ""K091"", ""K002"", ""K087"", ""K003""]","[""K007"", ""K008"", ""K019"", ""K046"", ""K048"", ""K050"", ""K057"", ""K058"", ""K059"", ""K065"", ""K068"", ""K069"", ""K071"", ""K073"", ""K079"", ""K080"", ""K081"", ""K082"", ""K083"", ""K084"", ""K085"", ""K086"", ""K090"", ""K094"", ""K095"", ""K096""]","[""K068"", ""K080"", ""K081"", ""K082"", ""K083"", ""K084"", ""K085"", ""K086"", ""K094""]"
dense,B1,C012,2,C,personal_baseline,PROVISIONAL_LLM_GOLD,0.12903225806451613,0.16129032258064516,0.3870967741935484,0.25,0.43187000746336235,0.5,0,20,10,31,12,"[""K033"", ""K091"", ""K002"", ""K003"", ""K087""]","[""K007"", ""K008"", ""K019"", ""K046"", ""K048"", ""K050"", ""K057"", ""K058"", ""K059"", ""K065"", ""K068"", ""K069"", ""K071"", ""K073"", ""K079"", ""K080"", ""K081"", ""K082"", ""K083"", ""K084"", ""K085"", ""K086"", ""K090"", ""K094"", ""K095"", ""K096""]","[""K068"", ""K080"", ""K081"", ""K082"", ""K083"", ""K084"", ""K085"", ""K086"", ""K094""]"
dense,B1,C012,3,C,personal_baseline,PROVISIONAL_LLM_GOLD,0.12903225806451613,0.25806451612903225,0.3870967741935484,0.5,0.6311762410534804,0.2,0,20,10,31,12,"[""K091"", ""K033""]","[""K007"", ""K008"", ""K019"", ""K046"", ""K048"", ""K050"", ""K057"", ""K058"", ""K059"", ""K065"", ""K068"", ""K069"", ""K071"", ""K073"", ""K079"", ""K082"", ""K083"", ""K084"", ""K085"", ""K090"", ""K094"", ""K095"", ""K096""]","[""K068"", ""K082"", ""K083"", ""K084"", ""K085"", ""K094""]"
dense,B2,C012,1,C,personal_baseline,PROVISIONAL_LLM_GOLD,0.0967741935483871,0.16129032258064516,0.3548387096774194,0.25,0.3964126944424468,0.5,0,20,10,31,12,"[""K033"", ""K003"", ""K087"", ""K002"", ""K091""]","[""K007"", ""K008"", ""K019"", ""K046"", ""K048"", ""K050"", ""K057"", ""K058"", ""K059"", ""K065"", ""K068"", ""K069"", ""K071"", ""K073"", ""K079"", ""K080"", ""K081"", ""K082"", ""K083"", ""K084"", ""K085"", ""K086"", ""K090"", ""K094"", ""K095"", ""K096""]","[""K068"", ""K080"", ""K081"", ""K082"", ""K083"", ""K084"", ""K085"", ""K086"", ""K094""]"
dense,B2,C012,2,C,personal_baseline,PROVISIONAL_LLM_GOLD,0.06451612903225806,0.16129032258064516,0.3548387096774194,0.25,0.3821405980398302,0.5,0,20,10,31,12,"[""K033"", ""K003"", ""K002"", ""K087"", ""K091""]","[""K007"", ""K008"", ""K019"", ""K046"", ""K048"", ""K050"", ""K057"", ""K058"", ""K059"", ""K065"", ""K068"", ""K069"", ""K071"", ""K073"", ""K079"", ""K080"", ""K081"", ""K082"", ""K083"", ""K084"", ""K085"", ""K086"", ""K090"", ""K094"", ""K095"", ""K096""]","[""K068"", ""K080"", ""K081"", ""K082"", ""K083"", ""K084"", ""K085"", ""K086"", ""K094""]"
dense,B2,C012,3,C,personal_baseline,PROVISIONAL_LLM_GOLD,0.12903225806451613,0.16129032258064516,0.3548387096774194,0.25,0.4286222961632262,0.5,0,20,10,31,12,"[""K003"", ""K002"", ""K033"", ""K087"", ""K091""]","[""K007"", ""K008"", ""K019"", ""K046"", ""K048"", ""K050"", ""K057"", ""K058"", ""K059"", ""K065"", ""K068"", ""K069"", ""K071"", ""K073"", ""K079"", ""K080"", ""K081"", ""K082"", ""K083"", ""K084"", ""K085"", ""K086"", ""K090"", ""K094"", ""K095"", ""K096""]","[""K068"", ""K080"", ""K081"", ""K082"", ""K083"", ""K084"", ""K085"", ""K086"", ""K094""]"
dense,B3,C012,1,C,personal_baseline,PROVISIONAL_LLM_GOLD,0.0967741935483871,0.16129032258064516,0.3870967741935484,0.16666666666666666,0.27426546945536817,0.5,0,20,10,31,12,"[""K043"", ""K033"", ""K044"", ""K054"", ""K002""]","[""K007"", ""K008"", ""K017"", ""K046"", ""K048"", ""K050"", ""K058"", ""K059"", ""K065"", ""K068"", ""K069"", ""K071"", ""K073"", ""K077"", ""K078"", ""K079"", ""K080"", ""K081"", ""K082"", ""K084"", ""K085"", ""K086"", ""K090"", ""K094"", ""K095"", ""K096""]","[""K068"", ""K077"", ""K078"", ""K080"", ""K081"", ""K082"", ""K084"", ""K085"", ""K086"", ""K094""]"
dense,B3,C012,2,C,personal_baseline,PROVISIONAL_LLM_GOLD,0.0967741935483871,0.12903225806451613,0.3548387096774194,0.16666666666666666,0.2318194691264933,0.6,0,20,10,31,12,"[""K043"", ""K091"", ""K002"", ""K044"", ""K047"", ""K003""]","[""K007"", ""K008"", ""K017"", ""K019"", ""K046"", ""K048"", ""K050"", ""K058"", ""K059"", ""K065"", ""K068"", ""K069"", ""K071"", ""K073"", ""K077"", ""K078"", ""K079"", ""K080"", ""K081"", ""K082"", ""K084"", ""K085"", ""K086"", ""K090"", ""K094"", ""K095"", ""K096""]","[""K068"", ""K077"", ""K078"", ""K080"", ""K081"", ""K082"", ""K084"", ""K085"", ""K086"", ""K094""]"
dense,B3,C012,3,C,personal_baseline,PROVISIONAL_LLM_GOLD,0.0967741935483871,0.1935483870967742,0.3548387096774194,0.25,0.3759358231817094,0.4,0,20,10,31,12,"[""K087"", ""K043"", ""K003"", ""K054""]","[""K007"", ""K008"", ""K019"", ""K046"", ""K048"", ""K050"", ""K058"", ""K059"", ""K065"", ""K068"", ""K069"", ""K071"", ""K073"", ""K077"", ""K079"", ""K080"", ""K081"", ""K082"", ""K084"", ""K085"", ""K086"", ""K090"", ""K094"", ""K095"", ""K096""]","[""K068"", ""K077"", ""K080"", ""K081"", ""K082"", ""K084"", ""K085"", ""K086"", ""K094""]"
dense,B4,C012,1,C,personal_baseline,PROVISIONAL_LLM_GOLD,0.12903225806451613,0.25806451612903225,0.3870967741935484,0.5,0.7035601924731819,0.2,0,20,10,31,12,"[""K091"", ""K043""]","[""K001"", ""K007"", ""K008"", ""K017"", ""K019"", ""K046"", ""K048"", ""K050"", ""K057"", ""K058"", ""K059"", ""K065"", ""K068"", ""K069"", ""K071"", ""K073"", ""K082"", ""K084"", ""K085"", ""K090"", ""K094"", ""K095"", ""K096""]","[""K001"", ""K068"", ""K082"", ""K084"", ""K085"", ""K094""]"
dense,B4,C012,2,C,personal_baseline,PROVISIONAL_LLM_GOLD,0.12903225806451613,0.25806451612903225,0.3870967741935484,0.5,0.7035601924731819,0.2,0,20,10,31,12,"[""K091"", ""K043""]","[""K001"", ""K007"", ""K008"", ""K017"", ""K019"", ""K046"", ""K048"", ""K050"", ""K057"", ""K058"", ""K059"", ""K065"", ""K068"", ""K069"", ""K071"", ""K073"", ""K082"", ""K084"", ""K085"", ""K090"", ""K094"", ""K095"", ""K096""]","[""K001"", ""K068"", ""K082"", ""K084"", ""K085"", ""K094""]"
dense,B4,C012,3,C,personal_baseline,PROVISIONAL_LLM_GOLD,0.12903225806451613,0.25806451612903225,0.3870967741935484,0.5,0.7035601924731819,0.2,0,20,10,31,12,"[""K091"", ""K043""]","[""K001"", ""K007"", ""K008"", ""K017"", ""K019"", ""K046"", ""K048"", ""K050"", ""K057"", ""K058"", ""K059"", ""K065"", ""K068"", ""K069"", ""K071"", ""K073"", ""K082"", ""K084"", ""K085"", ""K090"", ""K094"", ""K095"", ""K096""]","[""K001"", ""K068"", ""K082"", ""K084"", ""K085"", ""K094""]"
dense,B1,C013,1,A,temporal_pattern,PROVISIONAL_LLM_GOLD,0.19047619047619047,0.2857142857142857,0.5714285714285714,0.5,0.4727423226861712,0.4,0,20,10,21,6,"[""K087"", ""K002"", ""K003"", ""K091""]","[""K007"", ""K019"", ""K050"", ""K065"", ""K068"", ""K073"", ""K079"", ""K080"", ""K081"", ""K082"", ""K083"", ""K084"", ""K085"", ""K094"", ""K096""]","[""K068"", ""K084"", ""K085""]"
dense,B1,C013,2,A,temporal_pattern,PROVISIONAL_LLM_GOLD,0.14285714285714285,0.2857142857142857,0.5238095238095238,0.5,0.4928234833264191,0.4,0,20,10,21,6,"[""K087"", ""K003"", ""K002"", ""K028""]","[""K007"", ""K019"", ""K050"", ""K065"", ""K068"", ""K073"", ""K079"", ""K080"", ""K081"", ""K082"", ""K083"", ""K084"", ""K085"", ""K094"", ""K096""]","[""K068"", ""K084"", ""K085""]"
dense,B1,C013,3,A,temporal_pattern,PROVISIONAL_LLM_GOLD,0.14285714285714285,0.23809523809523808,0.5714285714285714,0.3333333333333333,0.40332112530697534,0.5,0,20,10,21,6,"[""K002"", ""K003"", ""K087"", ""K028"", ""K091""]","[""K007"", ""K017"", ""K019"", ""K050"", ""K065"", ""K068"", ""K073"", ""K079"", ""K080"", ""K081"", ""K082"", ""K083"", ""K084"", ""K085"", ""K094"", ""K096""]","[""K017"", ""K068"", ""K084"", ""K085""]"
dense,B2,C013,1,A,temporal_pattern,PROVISIONAL_LLM_GOLD,0.19047619047619047,0.38095238095238093,0.5238095238095238,0.5,0.5119062857486888,0.2,0,20,10,21,6,"[""K087"", ""K003""]","[""K007"", ""K019"", ""K050"", ""K065"", ""K068"", ""K073"", ""K079"", ""K081"", ""K082"", ""K083"", ""K084"", ""K085"", ""K096""]","[""K068"", ""K084"", ""K085""]"
dense,B2,C013,2,A,temporal_pattern,PROVISIONAL_LLM_GOLD,0.14285714285714285,0.3333333333333333,0.5238095238095238,0.3333333333333333,0.4544018648011087,0.3,0,20,10,21,6,"[""K003"", ""K002"", ""K011""]","[""K007"", ""K017"", ""K019"", ""K050"", ""K065"", ""K068"", ""K073"", ""K079"", ""K081"", ""K082"", ""K083"", ""K084"", ""K085"", ""K096""]","[""K017"", ""K068"", ""K084"", ""K085""]"
dense,B2,C013,3,A,temporal_pattern,PROVISIONAL_LLM_GOLD,0.19047619047619047,0.38095238095238093,0.6190476190476191,0.3333333333333333,0.4827175177620886,0.2,0,20,10,21,6,"[""K087"", ""K091""]","[""K001"", ""K007"", ""K050"", ""K065"", ""K068"", ""K073"", ""K081"", ""K082"", ""K083"", ""K084"", ""K085"", ""K094"", ""K096""]","[""K001"", ""K068"", ""K084"", ""K085""]"
dense,B3,C013,1,A,temporal_pattern,PROVISIONAL_LLM_GOLD,0.09523809523809523,0.2857142857142857,0.42857142857142855,0.3333333333333333,0.4302336094500396,0.4,0,20,10,21,6,"[""K003"", ""K087"", ""K034"", ""K002""]","[""K007"", ""K050"", ""K065"", ""K068"", ""K073"", ""K077"", ""K078"", ""K079"", ""K080"", ""K081"", ""K082"", ""K083"", ""K084"", ""K085"", ""K096""]","[""K068"", ""K077"", ""K084"", ""K085""]"
dense,B3,C013,2,A,temporal_pattern,PROVISIONAL_LLM_GOLD,0.14285714285714285,0.19047619047619047,0.3333333333333333,0.16666666666666666,0.20779627164726608,0.6,0,20,10,21,6,"[""K034"", ""K011"", ""K047"", ""K044"", ""K087"", ""K018""]","[""K001"", ""K007"", ""K050"", ""K065"", ""K068"", ""K073"", ""K077"", ""K078"", ""K079"", ""K080"", ""K081"", ""K082"", ""K083"", ""K084"", ""K085"", ""K094"", ""K096""]","[""K001"", ""K068"", ""K077"", ""K084"", ""K085""]"
dense,B3,C013,3,A,temporal_pattern,PROVISIONAL_LLM_GOLD,0.19047619047619047,0.2857142857142857,0.47619047619047616,0.3333333333333333,0.5107091300089476,0.4,0,20,10,21,6,"[""K018"", ""K087"", ""K003"", ""K086""]","[""K007"", ""K050"", ""K065"", ""K068"", ""K077"", ""K078"", ""K079"", ""K080"", ""K081"", ""K082"", ""K083"", ""K084"", ""K085"", ""K094"", ""K096""]","[""K068"", ""K077"", ""K084"", ""K085""]"
dense,B4,C013,1,A,temporal_pattern,PROVISIONAL_LLM_GOLD,0.14285714285714285,0.3333333333333333,0.5238095238095238,0.3333333333333333,0.37651442494566045,0.3,0,20,10,21,6,"[""K086"", ""K091"", ""K043""]","[""K007"", ""K017"", ""K019"", ""K033"", ""K050"", ""K065"", ""K068"", ""K073"", ""K079"", ""K082"", ""K084"", ""K085"", ""K094"", ""K096""]","[""K017"", ""K068"", ""K084"", ""K085""]"
dense,B4,C013,2,A,temporal_pattern,PROVISIONAL_LLM_GOLD,0.14285714285714285,0.3333333333333333,0.5238095238095238,0.3333333333333333,0.37651442494566045,0.3,0,20,10,21,6,"[""K086"", ""K091"", ""K043""]","[""K007"", ""K017"", ""K019"", ""K033"", ""K050"", ""K065"", ""K068"", ""K073"", ""K079"", ""K082"", ""K084"", ""K085"", ""K094"", ""K096""]","[""K017"", ""K068"", ""K084"", ""K085""]"
dense,B4,C013,3,A,temporal_pattern,PROVISIONAL_LLM_GOLD,0.14285714285714285,0.3333333333333333,0.5238095238095238,0.3333333333333333,0.37651442494566045,0.3,0,20,10,21,6,"[""K086"", ""K091"", ""K043""]","[""K007"", ""K017"", ""K019"", ""K033"", ""K050"", ""K065"", ""K068"", ""K073"", ""K079"", ""K082"", ""K084"", ""K085"", ""K094"", ""K096""]","[""K017"", ""K068"", ""K084"", ""K085""]"
dense,B1,C014,1,A,temporal_pattern,PROVISIONAL_LLM_GOLD,0.11538461538461539,0.23076923076923078,0.4230769230769231,0.5,0.405633070758634,0.4,0,20,10,26,2,"[""K091"", ""K043"", ""K011"", ""K033""]","[""K007"", ""K017"", ""K041"", ""K042"", ""K051"", ""K057"", ""K058"", ""K059"", ""K065"", ""K068"", ""K073"", ""K080"", ""K081"", ""K082"", ""K083"", ""K084"", ""K085"", ""K086"", ""K094"", ""K096""]","[""K085""]"
dense,B1,C014,2,A,temporal_pattern,PROVISIONAL_LLM_GOLD,0.15384615384615385,0.15384615384615385,0.38461538461538464,0.5,0.4216927035614527,0.6,0,20,10,26,2,"[""K091"", ""K087"", ""K033"", ""K043"", ""K002"", ""K028""]","[""K007"", ""K017"", ""K041"", ""K042"", ""K050"", ""K051"", ""K057"", ""K058"", ""K059"", ""K065"", ""K068"", ""K073"", ""K079"", ""K080"", ""K081"", ""K082"", ""K083"", ""K084"", ""K085"", ""K086"", ""K094"", ""K096""]","[""K085""]"
dense,B1,C014,3,A,temporal_pattern,PROVISIONAL_LLM_GOLD,0.11538461538461539,0.15384615384615385,0.2692307692307692,0.5,0.40040939115816454,0.6,0,20,10,26,2,"[""K091"", ""K043"", ""K087"", ""K033"", ""K003"", ""K002""]","[""K007"", ""K017"", ""K041"", ""K042"", ""K050"", ""K051"", ""K057"", ""K058"", ""K059"", ""K065"", ""K068"", ""K073"", ""K079"", ""K080"", ""K081"", ""K082"", ""K083"", ""K084"", ""K085"", ""K086"", ""K094"", ""K096""]","[""K085""]"
dense,B2,C014,1,A,temporal_pattern,PROVISIONAL_LLM_GOLD,0.07692307692307693,0.2692307692307692,0.5,0.0,0.41330645244634906,0.3,0,20,10,26,2,"[""K033"", ""K091"", ""K087""]","[""K001"", ""K007"", ""K017"", ""K041"", ""K042"", ""K051"", ""K057"", ""K058"", ""K059"", ""K065"", ""K068"", ""K073"", ""K081"", ""K082"", ""K084"", ""K085"", ""K086"", ""K094"", ""K096""]","[""K001"", ""K085""]"
dense,B2,C014,2,A,temporal_pattern,PROVISIONAL_LLM_GOLD,0.15384615384615385,0.23076923076923078,0.46153846153846156,0.5,0.477640874435285,0.4,0,20,10,26,2,"[""K091"", ""K043"", ""K033"", ""K087""]","[""K007"", ""K017"", ""K041"", ""K042"", ""K050"", ""K051"", ""K057"", ""K058"", ""K059"", ""K065"", ""K068"", ""K073"", ""K081"", ""K082"", ""K083"", ""K084"", ""K085"", ""K086"", ""K094"", ""K096""]","[""K085""]"
dense,B2,C014,3,A,temporal_pattern,PROVISIONAL_LLM_GOLD,0.15384615384615385,0.23076923076923078,0.4230769230769231,0.0,0.39113709110539785,0.4,0,20,10,26,2,"[""K091"", ""K033"", ""K043"", ""K087""]","[""K001"", ""K007"", ""K017"", ""K041"", ""K042"", ""K050"", ""K051"", ""K057"", ""K058"", ""K059"", ""K065"", ""K068"", ""K073"", ""K081"", ""K082"", ""K084"", ""K085"", ""K086"", ""K094"", ""K096""]","[""K001"", ""K085""]"
dense,B3,C014,1,A,temporal_pattern,PROVISIONAL_LLM_GOLD,0.07692307692307693,0.19230769230769232,0.38461538461538464,0.0,0.3045862586595684,0.5,0,20,10,26,2,"[""K043"", ""K011"", ""K091"", ""K044"", ""K054""]","[""K001"", ""K007"", ""K017"", ""K041"", ""K051"", ""K058"", ""K065"", ""K068"", ""K073"", ""K077"", ""K078"", ""K079"", ""K080"", ""K081"", ""K082"", ""K083"", ""K084"", ""K085"", ""K086"", ""K094"", ""K096""]","[""K001"", ""K085""]"
dense,B3,C014,2,A,temporal_pattern,PROVISIONAL_LLM_GOLD,0.07692307692307693,0.15384615384615385,0.38461538461538464,0.5,0.32450336086401427,0.6,0,20,10,26,2,"[""K011"", ""K034"", ""K091"", ""K043"", ""K072"", ""K037""]","[""K007"", ""K015"", ""K017"", ""K041"", ""K042"", ""K051"", ""K058"", ""K059"", ""K065"", ""K068"", ""K073"", ""K077"", ""K079"", ""K080"", ""K081"", ""K082"", ""K083"", ""K084"", ""K085"", ""K086"", ""K094"", ""K096""]","[""K085""]"
dense,B3,C014,3,A,temporal_pattern,PROVISIONAL_LLM_GOLD,0.07692307692307693,0.19230769230769232,0.34615384615384615,0.0,0.23164674660834306,0.5,0,20,10,26,2,"[""K091"", ""K011"", ""K043"", ""K044"", ""K034""]","[""K001"", ""K007"", ""K017"", ""K041"", ""K042"", ""K051"", ""K058"", ""K059"", ""K065"", ""K068"", ""K073"", ""K077"", ""K079"", ""K080"", ""K081"", ""K082"", ""K084"", ""K085"", ""K086"", ""K094"", ""K096""]","[""K001"", ""K085""]"
dense,B4,C014,1,A,temporal_pattern,PROVISIONAL_LLM_GOLD,0.15384615384615385,0.2692307692307692,0.46153846153846156,0.0,0.42567027195022716,0.3,0,20,10,26,2,"[""K091"", ""K043"", ""K002""]","[""K001"", ""K007"", ""K017"", ""K041"", ""K042"", ""K050"", ""K051"", ""K057"", ""K058"", ""K059"", ""K065"", ""K068"", ""K073"", ""K079"", ""K082"", ""K084"", ""K085"", ""K094"", ""K096""]","[""K001"", ""K085""]"
dense,B4,C014,2,A,temporal_pattern,PROVISIONAL_LLM_GOLD,0.15384615384615385,0.2692307692307692,0.46153846153846156,0.0,0.42567027195022716,0.3,0,20,10,26,2,"[""K091"", ""K043"", ""K002""]","[""K001"", ""K007"", ""K017"", ""K041"", ""K042"", ""K050"", ""K051"", ""K057"", ""K058"", ""K059"", ""K065"", ""K068"", ""K073"", ""K079"", ""K082"", ""K084"", ""K085"", ""K094"", ""K096""]","[""K001"", ""K085""]"
dense,B4,C014,3,A,temporal_pattern,PROVISIONAL_LLM_GOLD,0.15384615384615385,0.2692307692307692,0.46153846153846156,0.0,0.42567027195022716,0.3,0,20,10,26,2,"[""K091"", ""K043"", ""K002""]","[""K001"", ""K007"", ""K017"", ""K041"", ""K042"", ""K050"", ""K051"", ""K057"", ""K058"", ""K059"", ""K065"", ""K068"", ""K073"", ""K079"", ""K082"", ""K084"", ""K085"", ""K094"", ""K096""]","[""K001"", ""K085""]"
dense,B1,C015,1,B,temporal_pattern,PROVISIONAL_LLM_GOLD,0.11428571428571428,0.22857142857142856,0.45714285714285713,0.3333333333333333,0.481423245282235,0.2,0,20,10,35,6,"[""K002"", ""K003""]","[""K005"", ""K006"", ""K007"", ""K010"", ""K011"", ""K012"", ""K013"", ""K017"", ""K033"", ""K034"", ""K035"", ""K050"", ""K057"", ""K058"", ""K059"", ""K068"", ""K073"", ""K079"", ""K082"", ""K083"", ""K084"", ""K085"", ""K090"", ""K091"", ""K094"", ""K095"", ""K096""]","[""K011"", ""K017"", ""K034"", ""K035""]"
dense,B1,C015,2,B,temporal_pattern,PROVISIONAL_LLM_GOLD,0.08571428571428572,0.17142857142857143,0.37142857142857144,0.16666666666666666,0.3841736730132787,0.4,0,20,10,35,6,"[""K002"", ""K003"", ""K043"", ""K028""]","[""K005"", ""K006"", ""K007"", ""K010"", ""K011"", ""K012"", ""K013"", ""K017"", ""K019"", ""K034"", ""K035"", ""K050"", ""K057"", ""K058"", ""K059"", ""K068"", ""K073"", ""K079"", ""K080"", ""K081"", ""K082"", ""K083"", ""K084"", ""K085"", ""K086"", ""K090"", ""K094"", ""K095"", ""K096""]","[""K011"", ""K017"", ""K019"", ""K034"", ""K035""]"
dense,B1,C015,3,B,temporal_pattern,PROVISIONAL_LLM_GOLD,0.11428571428571428,0.17142857142857143,0.34285714285714286,0.3333333333333333,0.4927096852803626,0.4,0,20,10,35,6,"[""K002"", ""K003"", ""K087"", ""K028""]","[""K005"", ""K006"", ""K007"", ""K010"", ""K011"", ""K012"", ""K013"", ""K017"", ""K034"", ""K035"", ""K050"", ""K057"", ""K058"", ""K059"", ""K068"", ""K073"", ""K077"", ""K079"", ""K080"", ""K081"", ""K082"", ""K083"", ""K084"", ""K085"", ""K086"", ""K090"", ""K094"", ""K095"", ""K096""]","[""K011"", ""K017"", ""K034"", ""K035""]"
dense,B2,C015,1,B,temporal_pattern,PROVISIONAL_LLM_GOLD,0.11428571428571428,0.2,0.37142857142857144,0.5,0.5736833010058182,0.3,0,20,10,35,6,"[""K087"", ""K003"", ""K002""]","[""K005"", ""K006"", ""K007"", ""K010"", ""K011"", ""K012"", ""K013"", ""K034"", ""K035"", ""K050"", ""K057"", ""K058"", ""K059"", ""K068"", ""K073"", ""K077"", ""K079"", ""K080"", ""K081"", ""K082"", ""K083"", ""K084"", ""K085"", ""K086"", ""K090"", ""K094"", ""K095"", ""K096""]","[""K011"", ""K034"", ""K035""]"
dense,B2,C015,2,B,temporal_pattern,PROVISIONAL_LLM_GOLD,0.11428571428571428,0.2,0.4,0.3333333333333333,0.4500483274859079,0.3,0,20,10,35,6,"[""K003"", ""K002"", ""K087""]","[""K005"", ""K006"", ""K007"", ""K010"", ""K011"", ""K012"", ""K013"", ""K017"", ""K034"", ""K035"", ""K050"", ""K057"", ""K058"", ""K059"", ""K068"", ""K073"", ""K079"", ""K080"", ""K081"", ""K082"", ""K083"", ""K084"", ""K085"", ""K086"", ""K090"", ""K094"", ""K095"", ""K096""]","[""K011"", ""K017"", ""K034"", ""K035""]"
dense,B2,C015,3,B,temporal_pattern,PROVISIONAL_LLM_GOLD,0.14285714285714285,0.2571428571428571,0.42857142857142855,0.3333333333333333,0.4987102266178025,0.1,0,20,10,35,6,"[""K087""]","[""K001"", ""K005"", ""K006"", ""K007"", ""K010"", ""K011"", ""K012"", ""K013"", ""K034"", ""K035"", ""K050"", ""K057"", ""K058"", ""K059"", ""K068"", ""K073"", ""K079"", ""K082"", ""K083"", ""K084"", ""K085"", ""K086"", ""K090"", ""K094"", ""K095"", ""K096""]","[""K001"", ""K011"", ""K034"", ""K035""]"
dense,B3,C015,1,B,temporal_pattern,PROVISIONAL_LLM_GOLD,0.11428571428571428,0.22857142857142856,0.4,0.6666666666666666,0.717098445361701,0.2,0,20,10,35,6,"[""K087"", ""K002""]","[""K005"", ""K006"", ""K010"", ""K012"", ""K013"", ""K034"", ""K035"", ""K050"", ""K057"", ""K058"", ""K059"", ""K068"", ""K073"", ""K077"", ""K079"", ""K080"", ""K081"", ""K082"", ""K083"", ""K084"", ""K085"", ""K086"", ""K090"", ""K091"", ""K094"", ""K095"", ""K096""]","[""K034"", ""K035""]"
dense,B3,C015,2,B,temporal_pattern,PROVISIONAL_LLM_GOLD,0.14285714285714285,0.22857142857142856,0.34285714285714286,0.8333333333333334,0.8318347912062122,0.2,0,20,10,35,6,"[""K087"", ""K008""]","[""K001"", ""K005"", ""K006"", ""K007"", ""K010"", ""K012"", ""K013"", ""K050"", ""K057"", ""K058"", ""K059"", ""K068"", ""K073"", ""K077"", ""K079"", ""K080"", ""K081"", ""K082"", ""K083"", ""K084"", ""K085"", ""K086"", ""K090"", ""K091"", ""K094"", ""K095"", ""K096""]","[""K001""]"
dense,B3,C015,3,B,temporal_pattern,PROVISIONAL_LLM_GOLD,0.14285714285714285,0.2,0.37142857142857144,0.6666666666666666,0.6482142772581081,0.3,0,20,10,35,6,"[""K008"", ""K002"", ""K003""]","[""K005"", ""K006"", ""K007"", ""K010"", ""K012"", ""K013"", ""K017"", ""K033"", ""K035"", ""K050"", ""K057"", ""K058"", ""K059"", ""K068"", ""K073"", ""K077"", ""K078"", ""K079"", ""K080"", ""K081"", ""K082"", ""K083"", ""K084"", ""K085"", ""K090"", ""K094"", ""K095"", ""K096""]","[""K017"", ""K035""]"
dense,B4,C015,1,B,temporal_pattern,PROVISIONAL_LLM_GOLD,0.14285714285714285,0.2571428571428571,0.4,0.16666666666666666,0.43545248396949726,0.1,0,20,10,35,6,"[""K043""]","[""K005"", ""K006"", ""K007"", ""K010"", ""K011"", ""K012"", ""K013"", ""K017"", ""K019"", ""K033"", ""K034"", ""K035"", ""K050"", ""K057"", ""K058"", ""K059"", ""K068"", ""K073"", ""K079"", ""K082"", ""K084"", ""K085"", ""K090"", ""K094"", ""K095"", ""K096""]","[""K011"", ""K017"", ""K019"", ""K034"", ""K035""]"
dense,B4,C015,2,B,temporal_pattern,PROVISIONAL_LLM_GOLD,0.14285714285714285,0.2571428571428571,0.4,0.16666666666666666,0.43545248396949726,0.1,0,20,10,35,6,"[""K043""]","[""K005"", ""K006"", ""K007"", ""K010"", ""K011"", ""K012"", ""K013"", ""K017"", ""K019"", ""K033"", ""K034"", ""K035"", ""K050"", ""K057"", ""K058"", ""K059"", ""K068"", ""K073"", ""K079"", ""K082"", ""K084"", ""K085"", ""K090"", ""K094"", ""K095"", ""K096""]","[""K011"", ""K017"", ""K019"", ""K034"", ""K035""]"
dense,B4,C015,3,B,temporal_pattern,PROVISIONAL_LLM_GOLD,0.14285714285714285,0.2571428571428571,0.4,0.16666666666666666,0.43545248396949726,0.1,0,20,10,35,6,"[""K043""]","[""K005"", ""K006"", ""K007"", ""K010"", ""K011"", ""K012"", ""K013"", ""K017"", ""K019"", ""K033"", ""K034"", ""K035"", ""K050"", ""K057"", ""K058"", ""K059"", ""K068"", ""K073"", ""K079"", ""K082"", ""K084"", ""K085"", ""K090"", ""K094"", ""K095"", ""K096""]","[""K011"", ""K017"", ""K019"", ""K034"", ""K035""]"
dense,B1,C016,1,B,temporal_pattern,PROVISIONAL_LLM_GOLD,0.125,0.20833333333333334,0.3333333333333333,0.2857142857142857,0.34097804405209886,0.5,0,20,10,24,7,"[""K033"", ""K091"", ""K017"", ""K087"", ""K043""]","[""K007"", ""K058"", ""K059"", ""K065"", ""K068"", ""K069"", ""K071"", ""K073"", ""K079"", ""K080"", ""K081"", ""K082"", ""K083"", ""K084"", ""K085"", ""K086"", ""K090"", ""K094"", ""K095""]","[""K068"", ""K080"", ""K081"", ""K084"", ""K085""]"
dense,B1,C016,2,B,temporal_pattern,PROVISIONAL_LLM_GOLD,0.125,0.25,0.375,0.42857142857142855,0.439225617558943,0.4,0,20,10,24,7,"[""K033"", ""K091"", ""K043"", ""K002""]","[""K007"", ""K058"", ""K059"", ""K065"", ""K068"", ""K069"", ""K071"", ""K073"", ""K079"", ""K081"", ""K082"", ""K083"", ""K084"", ""K085"", ""K086"", ""K090"", ""K094"", ""K095""]","[""K068"", ""K081"", ""K084"", ""K085""]"
dense,B1,C016,3,B,temporal_pattern,PROVISIONAL_LLM_GOLD,0.125,0.20833333333333334,0.375,0.42857142857142855,0.4066568408191682,0.5,0,20,10,24,7,"[""K033"", ""K091"", ""K043"", ""K087"", ""K003""]","[""K007"", ""K057"", ""K058"", ""K059"", ""K065"", ""K068"", ""K069"", ""K071"", ""K073"", ""K079"", ""K081"", ""K082"", ""K083"", ""K084"", ""K085"", ""K086"", ""K090"", ""K094"", ""K095""]","[""K068"", ""K081"", ""K084"", ""K085""]"
dense,B2,C016,1,B,temporal_pattern,PROVISIONAL_LLM_GOLD,0.16666666666666666,0.20833333333333334,0.4166666666666667,0.2857142857142857,0.49874448244067826,0.5,0,20,10,24,7,"[""K033"", ""K091"", ""K017"", ""K087"", ""K043""]","[""K001"", ""K007"", ""K057"", ""K058"", ""K059"", ""K065"", ""K068"", ""K069"", ""K071"", ""K073"", ""K079"", ""K081"", ""K082"", ""K083"", ""K084"", ""K085"", ""K090"", ""K094"", ""K095""]","[""K001"", ""K068"", ""K081"", ""K084"", ""K085""]"
dense,B2,C016,2,B,temporal_pattern,PROVISIONAL_LLM_GOLD,0.16666666666666666,0.20833333333333334,0.5416666666666666,0.2857142857142857,0.3710926159648365,0.5,0,20,10,24,7,"[""K033"", ""K087"", ""K091"", ""K011"", ""K017""]","[""K001"", ""K007"", ""K057"", ""K058"", ""K059"", ""K065"", ""K068"", ""K069"", ""K071"", ""K073"", ""K079"", ""K081"", ""K082"", ""K083"", ""K084"", ""K085"", ""K090"", ""K094"", ""K095""]","[""K001"", ""K068"", ""K081"", ""K084"", ""K085""]"
dense,B2,C016,3,B,temporal_pattern,PROVISIONAL_LLM_GOLD,0.16666666666666666,0.25,0.375,0.2857142857142857,0.48290773607234266,0.4,0,20,10,24,7,"[""K033"", ""K017"", ""K087"", ""K091""]","[""K007"", ""K057"", ""K058"", ""K059"", ""K065"", ""K068"", ""K069"", ""K071"", ""K073"", ""K080"", ""K081"", ""K082"", ""K084"", ""K085"", ""K086"", ""K090"", ""K094"", ""K095""]","[""K068"", ""K080"", ""K081"", ""K084"", ""K085""]"
dense,B3,C016,1,B,temporal_pattern,PROVISIONAL_LLM_GOLD,0.041666666666666664,0.08333333333333333,0.2916666666666667,0.0,0.1128073709492065,0.8,0,20,10,24,7,"[""K043"", ""K034"", ""K044"", ""K011"", ""K091"", ""K054"", ""K046"", ""K042""]","[""K001"", ""K007"", ""K058"", ""K059"", ""K065"", ""K068"", ""K069"", ""K071"", ""K073"", ""K077"", ""K078"", ""K079"", ""K080"", ""K081"", ""K082"", ""K083"", ""K084"", ""K085"", ""K086"", ""K090"", ""K094"", ""K095""]","[""K001"", ""K068"", ""K077"", ""K080"", ""K081"", ""K084"", ""K085""]"
dense,B3,C016,2,B,temporal_pattern,PROVISIONAL_LLM_GOLD,0.08333333333333333,0.16666666666666666,0.25,0.14285714285714285,0.2359485486999963,0.6,0,20,10,24,7,"[""K034"", ""K043"", ""K044"", ""K019"", ""K091"", ""K017""]","[""K007"", ""K058"", ""K059"", ""K065"", ""K068"", ""K069"", ""K071"", ""K073"", ""K077"", ""K078"", ""K079"", ""K080"", ""K081"", ""K082"", ""K084"", ""K085"", ""K086"", ""K090"", ""K094"", ""K095""]","[""K068"", ""K077"", ""K080"", ""K081"", ""K084"", ""K085""]"
dense,B3,C016,3,B,temporal_pattern,PROVISIONAL_LLM_GOLD,0.16666666666666666,0.16666666666666666,0.2916666666666667,0.14285714285714285,0.23772564832066284,0.6,0,20,10,24,7,"[""K091"", ""K056"", ""K043"", ""K044"", ""K054"", ""K011""]","[""K001"", ""K007"", ""K015"", ""K058"", ""K059"", ""K065"", ""K068"", ""K069"", ""K071"", ""K073"", ""K077"", ""K079"", ""K081"", ""K082"", ""K084"", ""K085"", ""K086"", ""K090"", ""K094"", ""K095""]","[""K001"", ""K068"", ""K077"", ""K081"", ""K084"", ""K085""]"
dense,B4,C016,1,B,temporal_pattern,PROVISIONAL_LLM_GOLD,0.16666666666666666,0.3333333333333333,0.5,0.5714285714285714,0.5616713519610632,0.2,0,20,10,24,7,"[""K091"", ""K002""]","[""K007"", ""K057"", ""K058"", ""K059"", ""K065"", ""K068"", ""K069"", ""K071"", ""K073"", ""K079"", ""K082"", ""K084"", ""K085"", ""K090"", ""K094"", ""K095""]","[""K068"", ""K084"", ""K085""]"
dense,B4,C016,2,B,temporal_pattern,PROVISIONAL_LLM_GOLD,0.16666666666666666,0.3333333333333333,0.5,0.5714285714285714,0.5616713519610632,0.2,0,20,10,24,7,"[""K091"", ""K002""]","[""K007"", ""K057"", ""K058"", ""K059"", ""K065"", ""K068"", ""K069"", ""K071"", ""K073"", ""K079"", ""K082"", ""K084"", ""K085"", ""K090"", ""K094"", ""K095""]","[""K068"", ""K084"", ""K085""]"
dense,B4,C016,3,B,temporal_pattern,PROVISIONAL_LLM_GOLD,0.16666666666666666,0.3333333333333333,0.5,0.5714285714285714,0.5616713519610632,0.2,0,20,10,24,7,"[""K091"", ""K002""]","[""K007"", ""K057"", ""K058"", ""K059"", ""K065"", ""K068"", ""K069"", ""K071"", ""K073"", ""K079"", ""K082"", ""K084"", ""K085"", ""K090"", ""K094"", ""K095""]","[""K068"", ""K084"", ""K085""]"
dense,B1,C017,1,C,temporal_pattern,PROVISIONAL_LLM_GOLD,0.09090909090909091,0.18181818181818182,0.5,0.3,0.3063365306564337,0.6,0,20,10,22,10,"[""K033"", ""K091"", ""K017"", ""K087"", ""K002"", ""K003""]","[""K007"", ""K048"", ""K050"", ""K057"", ""K058"", ""K059"", ""K065"", ""K068"", ""K073"", ""K079"", ""K080"", ""K081"", ""K082"", ""K083"", ""K084"", ""K085"", ""K086"", ""K094""]","[""K068"", ""K080"", ""K081"", ""K082"", ""K083"", ""K084"", ""K085""]"
dense,B1,C017,2,C,temporal_pattern,PROVISIONAL_LLM_GOLD,0.18181818181818182,0.18181818181818182,0.5,0.3,0.41706061349150547,0.6,0,20,10,22,10,"[""K091"", ""K002"", ""K033"", ""K017"", ""K003"", ""K087""]","[""K007"", ""K048"", ""K050"", ""K057"", ""K058"", ""K059"", ""K065"", ""K068"", ""K073"", ""K079"", ""K080"", ""K081"", ""K082"", ""K083"", ""K084"", ""K085"", ""K086"", ""K094""]","[""K068"", ""K080"", ""K081"", ""K082"", ""K083"", ""K084"", ""K085""]"
dense,B1,C017,3,C,temporal_pattern,PROVISIONAL_LLM_GOLD,0.13636363636363635,0.18181818181818182,0.36363636363636365,0.3,0.3636237070689246,0.6,0,20,10,22,10,"[""K002"", ""K033"", ""K003"", ""K091"", ""K017"", ""K043""]","[""K007"", ""K048"", ""K050"", ""K057"", ""K058"", ""K059"", ""K065"", ""K068"", ""K073"", ""K079"", ""K080"", ""K081"", ""K082"", ""K083"", ""K084"", ""K085"", ""K086"", ""K094""]","[""K068"", ""K080"", ""K081"", ""K082"", ""K083"", ""K084"", ""K085""]"
dense,B2,C017,1,C,temporal_pattern,PROVISIONAL_LLM_GOLD,0.13636363636363635,0.2727272727272727,0.5,0.5,0.608566746160576,0.4,0,20,10,22,10,"[""K033"", ""K087"", ""K017"", ""K091""]","[""K007"", ""K048"", ""K050"", ""K057"", ""K058"", ""K059"", ""K065"", ""K068"", ""K073"", ""K079"", ""K081"", ""K082"", ""K084"", ""K085"", ""K086"", ""K094""]","[""K068"", ""K081"", ""K082"", ""K084"", ""K085""]"
dense,B2,C017,2,C,temporal_pattern,PROVISIONAL_LLM_GOLD,0.18181818181818182,0.2727272727272727,0.5,0.4,0.588162189154624,0.4,0,20,10,22,10,"[""K033"", ""K017"", ""K087"", ""K091""]","[""K001"", ""K007"", ""K048"", ""K050"", ""K057"", ""K058"", ""K059"", ""K065"", ""K068"", ""K073"", ""K081"", ""K082"", ""K084"", ""K085"", ""K086"", ""K094""]","[""K001"", ""K068"", ""K081"", ""K082"", ""K084"", ""K085""]"
dense,B2,C017,3,C,temporal_pattern,PROVISIONAL_LLM_GOLD,0.13636363636363635,0.22727272727272727,0.45454545454545453,0.4,0.5129298030368512,0.5,0,20,10,22,10,"[""K087"", ""K033"", ""K017"", ""K003"", ""K091""]","[""K007"", ""K048"", ""K050"", ""K057"", ""K058"", ""K059"", ""K065"", ""K068"", ""K073"", ""K079"", ""K081"", ""K082"", ""K083"", ""K084"", ""K085"", ""K086"", ""K094""]","[""K068"", ""K081"", ""K082"", ""K083"", ""K084"", ""K085""]"
dense,B3,C017,1,C,temporal_pattern,PROVISIONAL_LLM_GOLD,0.09090909090909091,0.13636363636363635,0.36363636363636365,0.1,0.17754029383987552,0.7,0,20,10,22,10,"[""K033"", ""K017"", ""K042"", ""K043"", ""K047"", ""K091"", ""K087""]","[""K001"", ""K007"", ""K048"", ""K057"", ""K058"", ""K059"", ""K065"", ""K068"", ""K073"", ""K077"", ""K078"", ""K079"", ""K080"", ""K081"", ""K082"", ""K084"", ""K085"", ""K086"", ""K094""]","[""K001"", ""K068"", ""K077"", ""K078"", ""K080"", ""K081"", ""K082"", ""K084"", ""K085""]"
dense,B3,C017,2,C,temporal_pattern,PROVISIONAL_LLM_GOLD,0.09090909090909091,0.18181818181818182,0.45454545454545453,0.2,0.28423820526911714,0.6,0,20,10,22,10,"[""K091"", ""K043"", ""K033"", ""K002"", ""K017"", ""K003""]","[""K007"", ""K048"", ""K050"", ""K058"", ""K059"", ""K065"", ""K068"", ""K073"", ""K077"", ""K078"", ""K079"", ""K080"", ""K081"", ""K082"", ""K084"", ""K085"", ""K086"", ""K094""]","[""K068"", ""K077"", ""K078"", ""K080"", ""K081"", ""K082"", ""K084"", ""K085""]"
dense,B3,C017,3,C,temporal_pattern,PROVISIONAL_LLM_GOLD,0.13636363636363635,0.2727272727272727,0.45454545454545453,0.3,0.4766983323850224,0.4,0,20,10,22,10,"[""K091"", ""K043"", ""K044"", ""K056""]","[""K007"", ""K048"", ""K050"", ""K058"", ""K059"", ""K065"", ""K068"", ""K073"", ""K078"", ""K079"", ""K080"", ""K081"", ""K082"", ""K084"", ""K085"", ""K094""]","[""K068"", ""K078"", ""K080"", ""K081"", ""K082"", ""K084"", ""K085""]"
dense,B4,C017,1,C,temporal_pattern,PROVISIONAL_LLM_GOLD,0.18181818181818182,0.3181818181818182,0.5454545454545454,0.5,0.502015748331371,0.3,0,20,10,22,10,"[""K091"", ""K043"", ""K002""]","[""K001"", ""K007"", ""K048"", ""K050"", ""K057"", ""K058"", ""K059"", ""K065"", ""K068"", ""K073"", ""K079"", ""K082"", ""K084"", ""K085"", ""K094""]","[""K001"", ""K068"", ""K082"", ""K084"", ""K085""]"
dense,B4,C017,2,C,temporal_pattern,PROVISIONAL_LLM_GOLD,0.18181818181818182,0.3181818181818182,0.5454545454545454,0.5,0.502015748331371,0.3,0,20,10,22,10,"[""K091"", ""K043"", ""K002""]","[""K001"", ""K007"", ""K048"", ""K050"", ""K057"", ""K058"", ""K059"", ""K065"", ""K068"", ""K073"", ""K079"", ""K082"", ""K084"", ""K085"", ""K094""]","[""K001"", ""K068"", ""K082"", ""K084"", ""K085""]"
dense,B4,C017,3,C,temporal_pattern,PROVISIONAL_LLM_GOLD,0.18181818181818182,0.3181818181818182,0.5454545454545454,0.5,0.502015748331371,0.3,0,20,10,22,10,"[""K091"", ""K043"", ""K002""]","[""K001"", ""K007"", ""K048"", ""K050"", ""K057"", ""K058"", ""K059"", ""K065"", ""K068"", ""K073"", ""K079"", ""K082"", ""K084"", ""K085"", ""K094""]","[""K001"", ""K068"", ""K082"", ""K084"", ""K085""]"
dense,B1,C018,1,C,temporal_pattern,PROVISIONAL_LLM_GOLD,0.14285714285714285,0.19047619047619047,0.3333333333333333,0.3333333333333333,0.3317130734081771,0.6,0,20,10,21,3,"[""K033"", ""K011"", ""K017"", ""K091"", ""K079"", ""K087""]","[""K007"", ""K048"", ""K050"", ""K068"", ""K071"", ""K073"", ""K080"", ""K081"", ""K082"", ""K083"", ""K084"", ""K085"", ""K086"", ""K090"", ""K094"", ""K095"", ""K096""]","[""K068"", ""K085""]"
dense,B1,C018,2,C,temporal_pattern,PROVISIONAL_LLM_GOLD,0.14285714285714285,0.19047619047619047,0.38095238095238093,0.3333333333333333,0.332826479873874,0.6,0,20,10,21,3,"[""K043"", ""K033"", ""K091"", ""K079"", ""K017"", ""K087""]","[""K007"", ""K048"", ""K050"", ""K068"", ""K071"", ""K073"", ""K080"", ""K081"", ""K082"", ""K083"", ""K084"", ""K085"", ""K086"", ""K090"", ""K094"", ""K095"", ""K096""]","[""K068"", ""K085""]"
dense,B1,C018,3,C,temporal_pattern,PROVISIONAL_LLM_GOLD,0.09523809523809523,0.19047619047619047,0.2857142857142857,0.3333333333333333,0.33860628858969727,0.6,0,20,10,21,3,"[""K033"", ""K043"", ""K091"", ""K017"", ""K011"", ""K057""]","[""K007"", ""K048"", ""K050"", ""K068"", ""K071"", ""K073"", ""K080"", ""K081"", ""K082"", ""K083"", ""K084"", ""K085"", ""K086"", ""K090"", ""K094"", ""K095"", ""K096""]","[""K068"", ""K085""]"
dense,B2,C018,1,C,temporal_pattern,PROVISIONAL_LLM_GOLD,0.19047619047619047,0.19047619047619047,0.38095238095238093,0.3333333333333333,0.3510605269448521,0.6,0,20,10,21,3,"[""K033"", ""K091"", ""K017"", ""K087"", ""K079"", ""K002""]","[""K007"", ""K048"", ""K050"", ""K068"", ""K071"", ""K073"", ""K080"", ""K081"", ""K082"", ""K083"", ""K084"", ""K085"", ""K086"", ""K090"", ""K094"", ""K095"", ""K096""]","[""K068"", ""K085""]"
dense,B2,C018,2,C,temporal_pattern,PROVISIONAL_LLM_GOLD,0.19047619047619047,0.23809523809523808,0.47619047619047616,0.0,0.30104901825049385,0.5,0,20,10,21,3,"[""K033"", ""K087"", ""K017"", ""K011"", ""K091""]","[""K001"", ""K007"", ""K048"", ""K050"", ""K068"", ""K071"", ""K073"", ""K081"", ""K082"", ""K083"", ""K084"", ""K085"", ""K090"", ""K094"", ""K095"", ""K096""]","[""K001"", ""K068"", ""K085""]"
dense,B2,C018,3,C,temporal_pattern,PROVISIONAL_LLM_GOLD,0.14285714285714285,0.23809523809523808,0.5238095238095238,0.0,0.3166421706167271,0.5,0,20,10,21,3,"[""K033"", ""K087"", ""K091"", ""K017"", ""K079""]","[""K001"", ""K007"", ""K048"", ""K050"", ""K068"", ""K071"", ""K073"", ""K081"", ""K082"", ""K083"", ""K084"", ""K085"", ""K090"", ""K094"", ""K095"", ""K096""]","[""K001"", ""K068"", ""K085""]"
dense,B3,C018,1,C,temporal_pattern,PROVISIONAL_LLM_GOLD,0.047619047619047616,0.14285714285714285,0.42857142857142855,0.3333333333333333,0.2024840172504048,0.7,0,20,10,21,3,"[""K057"", ""K043"", ""K044"", ""K054"", ""K041"", ""K011"", ""K091""]","[""K007"", ""K015"", ""K048"", ""K050"", ""K068"", ""K071"", ""K073"", ""K078"", ""K080"", ""K081"", ""K082"", ""K084"", ""K085"", ""K086"", ""K090"", ""K094"", ""K095"", ""K096""]","[""K068"", ""K085""]"
dense,B3,C018,2,C,temporal_pattern,PROVISIONAL_LLM_GOLD,0.14285714285714285,0.14285714285714285,0.3333333333333333,0.3333333333333333,0.26231713398586376,0.7,0,20,10,21,3,"[""K019"", ""K043"", ""K057"", ""K003"", ""K017"", ""K091"", ""K033""]","[""K007"", ""K048"", ""K050"", ""K068"", ""K071"", ""K073"", ""K077"", ""K078"", ""K080"", ""K081"", ""K082"", ""K084"", ""K085"", ""K086"", ""K090"", ""K094"", ""K095"", ""K096""]","[""K068"", ""K085""]"
dense,B3,C018,3,C,temporal_pattern,PROVISIONAL_LLM_GOLD,0.09523809523809523,0.23809523809523808,0.2857142857142857,0.0,0.19935365172271732,0.5,0,20,10,21,3,"[""K057"", ""K043"", ""K011"", ""K044"", ""K087""]","[""K001"", ""K007"", ""K048"", ""K050"", ""K068"", ""K071"", ""K073"", ""K078"", ""K081"", ""K082"", ""K084"", ""K085"", ""K090"", ""K094"", ""K095"", ""K096""]","[""K001"", ""K068"", ""K085""]"
dense,B4,C018,1,C,temporal_pattern,PROVISIONAL_LLM_GOLD,0.19047619047619047,0.38095238095238093,0.47619047619047616,0.3333333333333333,0.4741732828107482,0.2,0,20,10,21,3,"[""K091"", ""K002""]","[""K007"", ""K048"", ""K050"", ""K068"", ""K071"", ""K073"", ""K082"", ""K084"", ""K085"", ""K090"", ""K094"", ""K095"", ""K096""]","[""K068"", ""K085""]"
dense,B4,C018,2,C,temporal_pattern,PROVISIONAL_LLM_GOLD,0.19047619047619047,0.38095238095238093,0.47619047619047616,0.3333333333333333,0.4741732828107482,0.2,0,20,10,21,3,"[""K091"", ""K002""]","[""K007"", ""K048"", ""K050"", ""K068"", ""K071"", ""K073"", ""K082"", ""K084"", ""K085"", ""K090"", ""K094"", ""K095"", ""K096""]","[""K068"", ""K085""]"
dense,B4,C018,3,C,temporal_pattern,PROVISIONAL_LLM_GOLD,0.19047619047619047,0.38095238095238093,0.47619047619047616,0.3333333333333333,0.4741732828107482,0.2,0,20,10,21,3,"[""K091"", ""K002""]","[""K007"", ""K048"", ""K050"", ""K068"", ""K071"", ""K073"", ""K082"", ""K084"", ""K085"", ""K090"", ""K094"", ""K095"", ""K096""]","[""K068"", ""K085""]"
dense,B1,C019,1,A,multivariable,PROVISIONAL_LLM_GOLD,0.16666666666666666,0.2916666666666667,0.3333333333333333,0.5,0.511092170607784,0.3,0,20,10,24,6,"[""K091"", ""K087"", ""K002""]","[""K005"", ""K006"", ""K007"", ""K010"", ""K012"", ""K050"", ""K065"", ""K068"", ""K073"", ""K077"", ""K080"", ""K081"", ""K082"", ""K084"", ""K085"", ""K086"", ""K096""]","[""K006"", ""K050"", ""K096""]"
dense,B1,C019,2,A,multivariable,PROVISIONAL_LLM_GOLD,0.16666666666666666,0.16666666666666666,0.375,0.16666666666666666,0.31541438548466105,0.6,0,20,10,24,6,"[""K033"", ""K087"", ""K003"", ""K091"", ""K028"", ""K002""]","[""K005"", ""K006"", ""K007"", ""K010"", ""K011"", ""K012"", ""K017"", ""K034"", ""K050"", ""K065"", ""K068"", ""K073"", ""K080"", ""K081"", ""K082"", ""K084"", ""K085"", ""K086"", ""K094"", ""K096""]","[""K006"", ""K017"", ""K034"", ""K050"", ""K096""]"
dense,B1,C019,3,A,multivariable,PROVISIONAL_LLM_GOLD,0.125,0.16666666666666666,0.3333333333333333,0.16666666666666666,0.27049178117381106,0.6,0,20,10,24,6,"[""K091"", ""K087"", ""K028"", ""K033"", ""K043"", ""K003""]","[""K005"", ""K006"", ""K007"", ""K010"", ""K012"", ""K017"", ""K034"", ""K050"", ""K065"", ""K068"", ""K073"", ""K077"", ""K080"", ""K081"", ""K082"", ""K084"", ""K085"", ""K086"", ""K094"", ""K096""]","[""K006"", ""K017"", ""K034"", ""K050"", ""K096""]"
dense,B2,C019,1,A,multivariable,PROVISIONAL_LLM_GOLD,0.125,0.20833333333333334,0.4583333333333333,0.3333333333333333,0.3655844961275311,0.5,0,20,10,24,6,"[""K033"", ""K040"", ""K091"", ""K028"", ""K087""]","[""K005"", ""K006"", ""K007"", ""K010"", ""K012"", ""K017"", ""K050"", ""K065"", ""K068"", ""K073"", ""K077"", ""K080"", ""K081"", ""K082"", ""K084"", ""K085"", ""K086"", ""K094"", ""K096""]","[""K006"", ""K017"", ""K050"", ""K096""]"
dense,B2,C019,2,A,multivariable,PROVISIONAL_LLM_GOLD,0.16666666666666666,0.20833333333333334,0.5,0.16666666666666666,0.31934374757613215,0.5,0,20,10,24,6,"[""K033"", ""K091"", ""K087"", ""K028"", ""K003""]","[""K005"", ""K006"", ""K007"", ""K010"", ""K012"", ""K017"", ""K034"", ""K050"", ""K065"", ""K068"", ""K073"", ""K080"", ""K081"", ""K082"", ""K084"", ""K085"", ""K086"", ""K094"", ""K096""]","[""K006"", ""K017"", ""K034"", ""K050"", ""K096""]"
dense,B2,C019,3,A,multivariable,PROVISIONAL_LLM_GOLD,0.125,0.25,0.3333333333333333,0.5,0.4332410642212926,0.4,0,20,10,24,6,"[""K033"", ""K087"", ""K091"", ""K040""]","[""K005"", ""K006"", ""K007"", ""K010"", ""K012"", ""K034"", ""K065"", ""K068"", ""K073"", ""K077"", ""K080"", ""K081"", ""K082"", ""K084"", ""K085"", ""K086"", ""K094"", ""K096""]","[""K006"", ""K034"", ""K096""]"
dense,B3,C019,1,A,multivariable,PROVISIONAL_LLM_GOLD,0.125,0.16666666666666666,0.25,0.3333333333333333,0.32398848919125256,0.6,0,20,10,24,6,"[""K057"", ""K003"", ""K091"", ""K002"", ""K028"", ""K043""]","[""K005"", ""K006"", ""K007"", ""K010"", ""K012"", ""K017"", ""K034"", ""K065"", ""K068"", ""K073"", ""K077"", ""K078"", ""K080"", ""K081"", ""K082"", ""K084"", ""K085"", ""K086"", ""K094"", ""K096""]","[""K006"", ""K017"", ""K034"", ""K096""]"
dense,B3,C019,2,A,multivariable,PROVISIONAL_LLM_GOLD,0.125,0.25,0.375,0.5,0.4614373668189416,0.4,0,20,10,24,6,"[""K019"", ""K002"", ""K003"", ""K028""]","[""K005"", ""K006"", ""K007"", ""K010"", ""K012"", ""K050"", ""K065"", ""K068"", ""K073"", ""K077"", ""K080"", ""K081"", ""K082"", ""K084"", ""K085"", ""K086"", ""K094"", ""K096""]","[""K006"", ""K050"", ""K096""]"
dense,B3,C019,3,A,multivariable,PROVISIONAL_LLM_GOLD,0.125,0.20833333333333334,0.2916666666666667,0.3333333333333333,0.34824690359734994,0.5,0,20,10,24,6,"[""K091"", ""K057"", ""K087"", ""K040"", ""K037""]","[""K005"", ""K006"", ""K007"", ""K010"", ""K012"", ""K017"", ""K034"", ""K065"", ""K068"", ""K073"", ""K077"", ""K080"", ""K081"", ""K082"", ""K084"", ""K085"", ""K086"", ""K094"", ""K096""]","[""K006"", ""K017"", ""K034"", ""K096""]"
dense,B4,C019,1,A,multivariable,PROVISIONAL_LLM_GOLD,0.16666666666666666,0.2916666666666667,0.375,0.16666666666666666,0.3424302136485129,0.3,0,20,10,24,6,"[""K091"", ""K083"", ""K043""]","[""K005"", ""K006"", ""K007"", ""K010"", ""K011"", ""K012"", ""K017"", ""K034"", ""K050"", ""K065"", ""K068"", ""K073"", ""K082"", ""K084"", ""K085"", ""K094"", ""K096""]","[""K006"", ""K017"", ""K034"", ""K050"", ""K096""]"
dense,B4,C019,2,A,multivariable,PROVISIONAL_LLM_GOLD,0.16666666666666666,0.2916666666666667,0.375,0.16666666666666666,0.3424302136485129,0.3,0,20,10,24,6,"[""K091"", ""K083"", ""K043""]","[""K005"", ""K006"", ""K007"", ""K010"", ""K011"", ""K012"", ""K017"", ""K034"", ""K050"", ""K065"", ""K068"", ""K073"", ""K082"", ""K084"", ""K085"", ""K094"", ""K096""]","[""K006"", ""K017"", ""K034"", ""K050"", ""K096""]"
dense,B4,C019,3,A,multivariable,PROVISIONAL_LLM_GOLD,0.16666666666666666,0.2916666666666667,0.375,0.16666666666666666,0.3424302136485129,0.3,0,20,10,24,6,"[""K091"", ""K083"", ""K043""]","[""K005"", ""K006"", ""K007"", ""K010"", ""K011"", ""K012"", ""K017"", ""K034"", ""K050"", ""K065"", ""K068"", ""K073"", ""K082"", ""K084"", ""K085"", ""K094"", ""K096""]","[""K006"", ""K017"", ""K034"", ""K050"", ""K096""]"
dense,B1,C020,1,A,multivariable,PROVISIONAL_LLM_GOLD,0.11538461538461539,0.15384615384615385,0.38461538461538464,0.2727272727272727,0.37576775259321094,0.6,0,20,10,26,11,"[""K043"", ""K091"", ""K011"", ""K028"", ""K002"", ""K087""]","[""K007"", ""K042"", ""K048"", ""K050"", ""K051"", ""K057"", ""K059"", ""K065"", ""K068"", ""K073"", ""K079"", ""K080"", ""K081"", ""K082"", ""K083"", ""K084"", ""K085"", ""K086"", ""K090"", ""K094"", ""K095"", ""K096""]","[""K050"", ""K068"", ""K080"", ""K081"", ""K082"", ""K084"", ""K085"", ""K086""]"
dense,B1,C020,2,A,multivariable,PROVISIONAL_LLM_GOLD,0.07692307692307693,0.19230769230769232,0.4230769230769231,0.36363636363636365,0.39951023007582026,0.5,0,20,10,26,11,"[""K043"", ""K011"", ""K091"", ""K044"", ""K033""]","[""K007"", ""K042"", ""K048"", ""K051"", ""K057"", ""K059"", ""K065"", ""K068"", ""K073"", ""K079"", ""K080"", ""K081"", ""K082"", ""K083"", ""K084"", ""K085"", ""K086"", ""K090"", ""K094"", ""K095"", ""K096""]","[""K068"", ""K080"", ""K081"", ""K082"", ""K084"", ""K085"", ""K086""]"
dense,B1,C020,3,A,multivariable,PROVISIONAL_LLM_GOLD,0.11538461538461539,0.19230769230769232,0.34615384615384615,0.36363636363636365,0.45925695942026645,0.5,0,20,10,26,11,"[""K091"", ""K011"", ""K033"", ""K002"", ""K087""]","[""K007"", ""K042"", ""K048"", ""K050"", ""K051"", ""K057"", ""K059"", ""K065"", ""K068"", ""K073"", ""K079"", ""K081"", ""K082"", ""K083"", ""K084"", ""K085"", ""K086"", ""K090"", ""K094"", ""K095"", ""K096""]","[""K050"", ""K068"", ""K081"", ""K082"", ""K084"", ""K085"", ""K086""]"
dense,B2,C020,1,A,multivariable,PROVISIONAL_LLM_GOLD,0.15384615384615385,0.19230769230769232,0.46153846153846156,0.2727272727272727,0.513568276236458,0.5,0,20,10,26,11,"[""K033"", ""K091"", ""K087"", ""K011"", ""K017""]","[""K001"", ""K007"", ""K042"", ""K048"", ""K050"", ""K051"", ""K057"", ""K059"", ""K065"", ""K068"", ""K073"", ""K081"", ""K082"", ""K083"", ""K084"", ""K085"", ""K086"", ""K090"", ""K094"", ""K095"", ""K096""]","[""K001"", ""K050"", ""K068"", ""K081"", ""K082"", ""K084"", ""K085"", ""K086""]"
dense,B2,C020,2,A,multivariable,PROVISIONAL_LLM_GOLD,0.15384615384615385,0.2692307692307692,0.46153846153846156,0.45454545454545453,0.6575095834784526,0.3,0,20,10,26,11,"[""K091"", ""K043"", ""K011""]","[""K001"", ""K007"", ""K015"", ""K042"", ""K048"", ""K051"", ""K057"", ""K059"", ""K065"", ""K068"", ""K073"", ""K081"", ""K082"", ""K084"", ""K085"", ""K090"", ""K094"", ""K095"", ""K096""]","[""K001"", ""K068"", ""K081"", ""K082"", ""K084"", ""K085""]"
dense,B2,C020,3,A,multivariable,PROVISIONAL_LLM_GOLD,0.11538461538461539,0.23076923076923078,0.34615384615384615,0.18181818181818182,0.4569857428248576,0.4,0,20,10,26,11,"[""K091"", ""K033"", ""K087"", ""K011""]","[""K001"", ""K042"", ""K048"", ""K050"", ""K051"", ""K057"", ""K059"", ""K065"", ""K068"", ""K079"", ""K080"", ""K081"", ""K082"", ""K083"", ""K084"", ""K085"", ""K086"", ""K090"", ""K095"", ""K096""]","[""K001"", ""K050"", ""K068"", ""K080"", ""K081"", ""K082"", ""K084"", ""K085"", ""K086""]"
dense,B3,C020,1,A,multivariable,PROVISIONAL_LLM_GOLD,0.038461538461538464,0.15384615384615385,0.38461538461538464,0.18181818181818182,0.24116015517801687,0.6,0,20,10,26,11,"[""K011"", ""K034"", ""K043"", ""K091"", ""K044"", ""K047""]","[""K007"", ""K042"", ""K048"", ""K050"", ""K051"", ""K059"", ""K065"", ""K068"", ""K073"", ""K077"", ""K079"", ""K080"", ""K081"", ""K082"", ""K083"", ""K084"", ""K085"", ""K086"", ""K090"", ""K094"", ""K095"", ""K096""]","[""K050"", ""K068"", ""K077"", ""K080"", ""K081"", ""K082"", ""K084"", ""K085"", ""K086""]"
dense,B3,C020,2,A,multivariable,PROVISIONAL_LLM_GOLD,0.07692307692307693,0.15384615384615385,0.2692307692307692,0.09090909090909091,0.15076852961396842,0.6,0,20,10,26,11,"[""K043"", ""K044"", ""K047"", ""K054"", ""K066"", ""K011""]","[""K001"", ""K007"", ""K015"", ""K048"", ""K051"", ""K059"", ""K065"", ""K068"", ""K073"", ""K077"", ""K078"", ""K079"", ""K080"", ""K081"", ""K082"", ""K084"", ""K085"", ""K086"", ""K090"", ""K094"", ""K095"", ""K096""]","[""K001"", ""K068"", ""K077"", ""K078"", ""K080"", ""K081"", ""K082"", ""K084"", ""K085"", ""K086""]"
dense,B3,C020,3,A,multivariable,PROVISIONAL_LLM_GOLD,0.07692307692307693,0.19230769230769232,0.34615384615384615,0.09090909090909091,0.24240034241446326,0.5,0,20,10,26,11,"[""K043"", ""K044"", ""K054"", ""K047"", ""K056""]","[""K001"", ""K007"", ""K015"", ""K059"", ""K065"", ""K068"", ""K073"", ""K077"", ""K078"", ""K079"", ""K080"", ""K081"", ""K082"", ""K083"", ""K084"", ""K085"", ""K086"", ""K090"", ""K094"", ""K095"", ""K096""]","[""K001"", ""K068"", ""K077"", ""K078"", ""K080"", ""K081"", ""K082"", ""K084"", ""K085"", ""K086""]"
dense,B4,C020,1,A,multivariable,PROVISIONAL_LLM_GOLD,0.15384615384615385,0.3076923076923077,0.46153846153846156,0.5454545454545454,0.691845408100173,0.2,0,20,10,26,11,"[""K091"", ""K002""]","[""K007"", ""K042"", ""K048"", ""K050"", ""K051"", ""K057"", ""K059"", ""K065"", ""K068"", ""K073"", ""K079"", ""K082"", ""K084"", ""K085"", ""K090"", ""K094"", ""K095"", ""K096""]","[""K050"", ""K068"", ""K082"", ""K084"", ""K085""]"
dense,B4,C020,2,A,multivariable,PROVISIONAL_LLM_GOLD,0.15384615384615385,0.3076923076923077,0.46153846153846156,0.5454545454545454,0.691845408100173,0.2,0,20,10,26,11,"[""K091"", ""K002""]","[""K007"", ""K042"", ""K048"", ""K050"", ""K051"", ""K057"", ""K059"", ""K065"", ""K068"", ""K073"", ""K079"", ""K082"", ""K084"", ""K085"", ""K090"", ""K094"", ""K095"", ""K096""]","[""K050"", ""K068"", ""K082"", ""K084"", ""K085""]"
dense,B4,C020,3,A,multivariable,PROVISIONAL_LLM_GOLD,0.15384615384615385,0.3076923076923077,0.46153846153846156,0.5454545454545454,0.691845408100173,0.2,0,20,10,26,11,"[""K091"", ""K002""]","[""K007"", ""K042"", ""K048"", ""K050"", ""K051"", ""K057"", ""K059"", ""K065"", ""K068"", ""K073"", ""K079"", ""K082"", ""K084"", ""K085"", ""K090"", ""K094"", ""K095"", ""K096""]","[""K050"", ""K068"", ""K082"", ""K084"", ""K085""]"
dense,B1,C021,1,B,multivariable,PROVISIONAL_LLM_GOLD,0.047619047619047616,0.19047619047619047,0.2857142857142857,0.2857142857142857,0.2582066129602547,0.6,0,20,10,21,7,"[""K015"", ""K003"", ""K002"", ""K019"", ""K087"", ""K033""]","[""K005"", ""K007"", ""K011"", ""K034"", ""K050"", ""K071"", ""K073"", ""K077"", ""K079"", ""K080"", ""K081"", ""K082"", ""K083"", ""K084"", ""K085"", ""K086"", ""K090""]","[""K011"", ""K034"", ""K080"", ""K082"", ""K085""]"
dense,B1,C021,2,B,multivariable,PROVISIONAL_LLM_GOLD,0.047619047619047616,0.19047619047619047,0.3333333333333333,0.2857142857142857,0.2709902285003907,0.6,0,20,10,21,7,"[""K015"", ""K003"", ""K033"", ""K002"", ""K028"", ""K091""]","[""K005"", ""K007"", ""K017"", ""K034"", ""K050"", ""K071"", ""K073"", ""K077"", ""K079"", ""K080"", ""K081"", ""K082"", ""K083"", ""K084"", ""K085"", ""K086"", ""K090""]","[""K017"", ""K034"", ""K080"", ""K082"", ""K085""]"
dense,B1,C021,3,B,multivariable,PROVISIONAL_LLM_GOLD,0.047619047619047616,0.14285714285714285,0.47619047619047616,0.2857142857142857,0.2636469793690338,0.7,0,20,10,21,7,"[""K015"", ""K002"", ""K033"", ""K003"", ""K087"", ""K028"", ""K043""]","[""K005"", ""K007"", ""K017"", ""K034"", ""K050"", ""K071"", ""K073"", ""K077"", ""K079"", ""K080"", ""K081"", ""K082"", ""K083"", ""K084"", ""K085"", ""K086"", ""K090"", ""K094""]","[""K017"", ""K034"", ""K080"", ""K082"", ""K085""]"
dense,B2,C021,1,B,multivariable,PROVISIONAL_LLM_GOLD,0.09523809523809523,0.23809523809523808,0.38095238095238093,0.2857142857142857,0.2956517395370633,0.5,0,20,10,21,7,"[""K015"", ""K019"", ""K033"", ""K087"", ""K003""]","[""K005"", ""K017"", ""K034"", ""K050"", ""K071"", ""K073"", ""K077"", ""K079"", ""K080"", ""K081"", ""K082"", ""K083"", ""K084"", ""K085"", ""K086"", ""K090""]","[""K017"", ""K034"", ""K080"", ""K082"", ""K085""]"
dense,B2,C021,2,B,multivariable,PROVISIONAL_LLM_GOLD,0.09523809523809523,0.23809523809523808,0.42857142857142855,0.42857142857142855,0.38135166564589396,0.5,0,20,10,21,7,"[""K015"", ""K003"", ""K019"", ""K002"", ""K028""]","[""K005"", ""K007"", ""K034"", ""K050"", ""K071"", ""K073"", ""K077"", ""K079"", ""K080"", ""K081"", ""K082"", ""K083"", ""K084"", ""K085"", ""K086"", ""K090""]","[""K034"", ""K080"", ""K082"", ""K085""]"
dense,B2,C021,3,B,multivariable,PROVISIONAL_LLM_GOLD,0.14285714285714285,0.23809523809523808,0.5238095238095238,0.2857142857142857,0.3544510214425301,0.5,0,20,10,21,7,"[""K015"", ""K087"", ""K091"", ""K033"", ""K003""]","[""K005"", ""K007"", ""K011"", ""K017"", ""K034"", ""K050"", ""K071"", ""K073"", ""K079"", ""K081"", ""K082"", ""K084"", ""K085"", ""K086"", ""K090"", ""K094""]","[""K011"", ""K017"", ""K034"", ""K082"", ""K085""]"
dense,B3,C021,1,B,multivariable,PROVISIONAL_LLM_GOLD,0.09523809523809523,0.23809523809523808,0.3333333333333333,0.5714285714285714,0.5479565539682364,0.5,0,20,10,21,7,"[""K087"", ""K015"", ""K019"", ""K008"", ""K029""]","[""K005"", ""K007"", ""K050"", ""K071"", ""K073"", ""K077"", ""K079"", ""K080"", ""K081"", ""K082"", ""K083"", ""K084"", ""K085"", ""K086"", ""K090"", ""K094""]","[""K080"", ""K082"", ""K085""]"
dense,B3,C021,2,B,multivariable,PROVISIONAL_LLM_GOLD,0.14285714285714285,0.14285714285714285,0.2857142857142857,0.42857142857142855,0.5121466781212849,0.7,0,20,10,21,7,"[""K015"", ""K043"", ""K057"", ""K002"", ""K087"", ""K028"", ""K012""]","[""K005"", ""K007"", ""K017"", ""K050"", ""K071"", ""K073"", ""K077"", ""K078"", ""K079"", ""K080"", ""K081"", ""K082"", ""K083"", ""K084"", ""K085"", ""K086"", ""K090"", ""K094""]","[""K017"", ""K080"", ""K082"", ""K085""]"
dense,B3,C021,3,B,multivariable,PROVISIONAL_LLM_GOLD,0.0,0.14285714285714285,0.38095238095238093,0.14285714285714285,0.13272854265368927,0.7,0,20,10,21,7,"[""K015"", ""K002"", ""K091"", ""K043"", ""K054"", ""K044"", ""K003""]","[""K005"", ""K007"", ""K011"", ""K017"", ""K034"", ""K050"", ""K071"", ""K073"", ""K077"", ""K079"", ""K080"", ""K081"", ""K082"", ""K084"", ""K085"", ""K086"", ""K090"", ""K094""]","[""K011"", ""K017"", ""K034"", ""K080"", ""K082"", ""K085""]"
dense,B4,C021,1,B,multivariable,PROVISIONAL_LLM_GOLD,0.14285714285714285,0.3333333333333333,0.42857142857142855,0.2857142857142857,0.36419758987022205,0.3,0,20,10,21,7,"[""K091"", ""K015"", ""K043""]","[""K005"", ""K007"", ""K011"", ""K017"", ""K034"", ""K050"", ""K071"", ""K073"", ""K079"", ""K082"", ""K084"", ""K085"", ""K090"", ""K094""]","[""K011"", ""K017"", ""K034"", ""K082"", ""K085""]"
dense,B4,C021,2,B,multivariable,PROVISIONAL_LLM_GOLD,0.14285714285714285,0.3333333333333333,0.42857142857142855,0.2857142857142857,0.36419758987022205,0.3,0,20,10,21,7,"[""K091"", ""K015"", ""K043""]","[""K005"", ""K007"", ""K011"", ""K017"", ""K034"", ""K050"", ""K071"", ""K073"", ""K079"", ""K082"", ""K084"", ""K085"", ""K090"", ""K094""]","[""K011"", ""K017"", ""K034"", ""K082"", ""K085""]"
dense,B4,C021,3,B,multivariable,PROVISIONAL_LLM_GOLD,0.14285714285714285,0.3333333333333333,0.42857142857142855,0.2857142857142857,0.36419758987022205,0.3,0,20,10,21,7,"[""K091"", ""K015"", ""K043""]","[""K005"", ""K007"", ""K011"", ""K017"", ""K034"", ""K050"", ""K071"", ""K073"", ""K079"", ""K082"", ""K084"", ""K085"", ""K090"", ""K094""]","[""K011"", ""K017"", ""K034"", ""K082"", ""K085""]"
dense,B1,C022,1,B,multivariable,PROVISIONAL_LLM_GOLD,0.16666666666666666,0.3,0.4666666666666667,0.5714285714285714,0.6004444743040215,0.1,0,20,10,30,7,"[""K011""]","[""K001"", ""K007"", ""K008"", ""K019"", ""K033"", ""K050"", ""K057"", ""K065"", ""K068"", ""K071"", ""K073"", ""K076"", ""K082"", ""K084"", ""K085"", ""K088"", ""K089"", ""K090"", ""K094"", ""K095"", ""K096""]","[""K001"", ""K082"", ""K084""]"
dense,B1,C022,2,B,multivariable,PROVISIONAL_LLM_GOLD,0.16666666666666666,0.23333333333333334,0.4666666666666667,0.2857142857142857,0.4162736381907875,0.3,0,20,10,30,7,"[""K091"", ""K087"", ""K003""]","[""K007"", ""K008"", ""K017"", ""K019"", ""K050"", ""K057"", ""K065"", ""K068"", ""K071"", ""K073"", ""K076"", ""K081"", ""K082"", ""K083"", ""K084"", ""K085"", ""K086"", ""K088"", ""K089"", ""K090"", ""K094"", ""K095"", ""K096""]","[""K017"", ""K081"", ""K082"", ""K083"", ""K084""]"
dense,B1,C022,3,B,multivariable,PROVISIONAL_LLM_GOLD,0.13333333333333333,0.2,0.43333333333333335,0.14285714285714285,0.3232256382961453,0.4,0,20,10,30,7,"[""K091"", ""K087"", ""K040"", ""K011""]","[""K001"", ""K007"", ""K008"", ""K017"", ""K019"", ""K050"", ""K057"", ""K065"", ""K068"", ""K071"", ""K073"", ""K076"", ""K079"", ""K081"", ""K082"", ""K084"", ""K085"", ""K086"", ""K088"", ""K089"", ""K090"", ""K094"", ""K095"", ""K096""]","[""K001"", ""K017"", ""K079"", ""K081"", ""K082"", ""K084""]"
dense,B2,C022,1,B,multivariable,PROVISIONAL_LLM_GOLD,0.16666666666666666,0.3,0.43333333333333335,0.5714285714285714,0.582314343675657,0.1,0,20,10,30,7,"[""K087""]","[""K007"", ""K008"", ""K019"", ""K050"", ""K057"", ""K065"", ""K068"", ""K071"", ""K073"", ""K076"", ""K081"", ""K082"", ""K084"", ""K085"", ""K086"", ""K088"", ""K089"", ""K090"", ""K094"", ""K095"", ""K096""]","[""K081"", ""K082"", ""K084""]"
dense,B2,C022,2,B,multivariable,PROVISIONAL_LLM_GOLD,0.16666666666666666,0.26666666666666666,0.4,0.42857142857142855,0.5332621036949371,0.2,0,20,10,30,7,"[""K091"", ""K003""]","[""K001"", ""K007"", ""K008"", ""K017"", ""K019"", ""K033"", ""K050"", ""K057"", ""K065"", ""K068"", ""K071"", ""K073"", ""K076"", ""K082"", ""K084"", ""K085"", ""K088"", ""K089"", ""K090"", ""K094"", ""K095"", ""K096""]","[""K001"", ""K017"", ""K082"", ""K084""]"
dense,B2,C022,3,B,multivariable,PROVISIONAL_LLM_GOLD,0.16666666666666666,0.23333333333333334,0.36666666666666664,0.42857142857142855,0.5060647441590634,0.3,0,20,10,30,7,"[""K043"", ""K091"", ""K002""]","[""K007"", ""K008"", ""K017"", ""K019"", ""K033"", ""K050"", ""K057"", ""K065"", ""K068"", ""K071"", ""K073"", ""K076"", ""K081"", ""K082"", ""K084"", ""K085"", ""K086"", ""K088"", ""K089"", ""K090"", ""K094"", ""K095"", ""K096""]","[""K017"", ""K081"", ""K082"", ""K084""]"
dense,B3,C022,1,B,multivariable,PROVISIONAL_LLM_GOLD,0.06666666666666667,0.16666666666666666,0.43333333333333335,0.14285714285714285,0.3730496245935593,0.5,0,20,10,30,7,"[""K091"", ""K034"", ""K044"", ""K011"", ""K040""]","[""K001"", ""K007"", ""K008"", ""K017"", ""K019"", ""K033"", ""K050"", ""K065"", ""K068"", ""K071"", ""K073"", ""K076"", ""K077"", ""K078"", ""K079"", ""K080"", ""K081"", ""K082"", ""K084"", ""K085"", ""K088"", ""K089"", ""K094"", ""K095"", ""K096""]","[""K001"", ""K017"", ""K079"", ""K081"", ""K082"", ""K084""]"
dense,B3,C022,2,B,multivariable,PROVISIONAL_LLM_GOLD,0.16666666666666666,0.23333333333333334,0.4,0.42857142857142855,0.5251825476601855,0.3,0,20,10,30,7,"[""K011"", ""K043"", ""K091""]","[""K001"", ""K007"", ""K008"", ""K015"", ""K017"", ""K019"", ""K033"", ""K050"", ""K065"", ""K068"", ""K071"", ""K073"", ""K076"", ""K082"", ""K084"", ""K085"", ""K086"", ""K088"", ""K089"", ""K090"", ""K094"", ""K095"", ""K096""]","[""K001"", ""K017"", ""K082"", ""K084""]"
dense,B3,C022,3,B,multivariable,PROVISIONAL_LLM_GOLD,0.13333333333333333,0.23333333333333334,0.4,0.42857142857142855,0.5390479389571979,0.3,0,20,10,30,7,"[""K091"", ""K034"", ""K011""]","[""K001"", ""K007"", ""K008"", ""K017"", ""K019"", ""K033"", ""K050"", ""K057"", ""K065"", ""K068"", ""K071"", ""K073"", ""K076"", ""K082"", ""K084"", ""K085"", ""K086"", ""K088"", ""K089"", ""K090"", ""K094"", ""K095"", ""K096""]","[""K001"", ""K017"", ""K082"", ""K084""]"
dense,B4,C022,1,B,multivariable,PROVISIONAL_LLM_GOLD,0.13333333333333333,0.26666666666666666,0.43333333333333335,0.42857142857142855,0.4384249774268777,0.2,0,20,10,30,7,"[""K091"", ""K043""]","[""K007"", ""K008"", ""K017"", ""K019"", ""K033"", ""K050"", ""K057"", ""K065"", ""K068"", ""K071"", ""K073"", ""K076"", ""K079"", ""K082"", ""K084"", ""K085"", ""K088"", ""K089"", ""K090"", ""K094"", ""K095"", ""K096""]","[""K017"", ""K079"", ""K082"", ""K084""]"
dense,B4,C022,2,B,multivariable,PROVISIONAL_LLM_GOLD,0.13333333333333333,0.26666666666666666,0.43333333333333335,0.42857142857142855,0.4384249774268777,0.2,0,20,10,30,7,"[""K091"", ""K043""]","[""K007"", ""K008"", ""K017"", ""K019"", ""K033"", ""K050"", ""K057"", ""K065"", ""K068"", ""K071"", ""K073"", ""K076"", ""K079"", ""K082"", ""K084"", ""K085"", ""K088"", ""K089"", ""K090"", ""K094"", ""K095"", ""K096""]","[""K017"", ""K079"", ""K082"", ""K084""]"
dense,B4,C022,3,B,multivariable,PROVISIONAL_LLM_GOLD,0.13333333333333333,0.26666666666666666,0.43333333333333335,0.42857142857142855,0.4384249774268777,0.2,0,20,10,30,7,"[""K091"", ""K043""]","[""K007"", ""K008"", ""K017"", ""K019"", ""K033"", ""K050"", ""K057"", ""K065"", ""K068"", ""K071"", ""K073"", ""K076"", ""K079"", ""K082"", ""K084"", ""K085"", ""K088"", ""K089"", ""K090"", ""K094"", ""K095"", ""K096""]","[""K017"", ""K079"", ""K082"", ""K084""]"
dense,B1,C023,1,C,multivariable,PROVISIONAL_LLM_GOLD,0.1,0.16666666666666666,0.36666666666666664,0.25,0.401806496167602,0.5,0,20,10,30,4,"[""K002"", ""K003"", ""K087"", ""K028"", ""K091""]","[""K005"", ""K007"", ""K011"", ""K017"", ""K034"", ""K050"", ""K057"", ""K058"", ""K059"", ""K065"", ""K068"", ""K071"", ""K073"", ""K079"", ""K080"", ""K081"", ""K082"", ""K083"", ""K084"", ""K085"", ""K086"", ""K090"", ""K094"", ""K095"", ""K096""]","[""K017"", ""K034"", ""K085""]"
dense,B1,C023,2,C,multivariable,PROVISIONAL_LLM_GOLD,0.1,0.13333333333333333,0.36666666666666664,0.25,0.37190356399202185,0.6,0,20,10,30,4,"[""K002"", ""K003"", ""K028"", ""K043"", ""K087"", ""K091""]","[""K005"", ""K007"", ""K011"", ""K017"", ""K034"", ""K050"", ""K057"", ""K058"", ""K059"", ""K065"", ""K068"", ""K071"", ""K073"", ""K077"", ""K079"", ""K080"", ""K081"", ""K082"", ""K083"", ""K084"", ""K085"", ""K086"", ""K090"", ""K094"", ""K095"", ""K096""]","[""K017"", ""K034"", ""K085""]"
dense,B1,C023,3,C,multivariable,PROVISIONAL_LLM_GOLD,0.06666666666666667,0.16666666666666666,0.3333333333333333,0.25,0.39863629413439394,0.5,0,20,10,30,4,"[""K002"", ""K003"", ""K087"", ""K028"", ""K038""]","[""K005"", ""K007"", ""K017"", ""K034"", ""K050"", ""K057"", ""K058"", ""K059"", ""K065"", ""K068"", ""K071"", ""K073"", ""K077"", ""K079"", ""K080"", ""K081"", ""K082"", ""K083"", ""K084"", ""K085"", ""K086"", ""K090"", ""K094"", ""K095"", ""K096""]","[""K017"", ""K034"", ""K085""]"
dense,B2,C023,1,C,multivariable,PROVISIONAL_LLM_GOLD,0.1,0.26666666666666666,0.43333333333333335,0.25,0.43808172991037253,0.2,0,20,10,30,4,"[""K091"", ""K087""]","[""K005"", ""K017"", ""K034"", ""K050"", ""K057"", ""K058"", ""K059"", ""K065"", ""K068"", ""K071"", ""K073"", ""K077"", ""K079"", ""K081"", ""K082"", ""K083"", ""K084"", ""K085"", ""K090"", ""K094"", ""K095"", ""K096""]","[""K017"", ""K034"", ""K085""]"
dense,B2,C023,2,C,multivariable,PROVISIONAL_LLM_GOLD,0.1,0.2,0.36666666666666664,0.5,0.5115127860242282,0.4,0,20,10,30,4,"[""K019"", ""K002"", ""K003"", ""K028""]","[""K005"", ""K007"", ""K034"", ""K050"", ""K057"", ""K058"", ""K059"", ""K065"", ""K068"", ""K071"", ""K073"", ""K077"", ""K079"", ""K080"", ""K081"", ""K082"", ""K083"", ""K084"", ""K085"", ""K086"", ""K090"", ""K094"", ""K095"", ""K096""]","[""K034"", ""K085""]"
dense,B2,C023,3,C,multivariable,PROVISIONAL_LLM_GOLD,0.13333333333333333,0.23333333333333334,0.4,0.25,0.43097489331428934,0.3,0,20,10,30,4,"[""K091"", ""K019"", ""K040""]","[""K005"", ""K007"", ""K011"", ""K017"", ""K034"", ""K050"", ""K057"", ""K058"", ""K059"", ""K065"", ""K068"", ""K071"", ""K073"", ""K077"", ""K079"", ""K082"", ""K083"", ""K084"", ""K085"", ""K090"", ""K094"", ""K095"", ""K096""]","[""K017"", ""K034"", ""K085""]"
dense,B3,C023,1,C,multivariable,PROVISIONAL_LLM_GOLD,0.1,0.16666666666666666,0.3333333333333333,0.25,0.3906373070642965,0.5,0,20,10,30,4,"[""K002"", ""K087"", ""K043"", ""K019"", ""K003""]","[""K005"", ""K007"", ""K011"", ""K017"", ""K033"", ""K034"", ""K050"", ""K058"", ""K059"", ""K065"", ""K068"", ""K071"", ""K073"", ""K077"", ""K079"", ""K080"", ""K081"", ""K082"", ""K083"", ""K084"", ""K085"", ""K090"", ""K094"", ""K095"", ""K096""]","[""K017"", ""K034"", ""K085""]"
dense,B3,C023,2,C,multivariable,PROVISIONAL_LLM_GOLD,0.1,0.13333333333333333,0.26666666666666666,0.25,0.3187304420594651,0.6,0,20,10,30,4,"[""K003"", ""K044"", ""K008"", ""K087"", ""K038"", ""K091""]","[""K001"", ""K005"", ""K007"", ""K017"", ""K033"", ""K050"", ""K058"", ""K059"", ""K065"", ""K068"", ""K071"", ""K073"", ""K077"", ""K078"", ""K079"", ""K080"", ""K081"", ""K082"", ""K083"", ""K084"", ""K085"", ""K086"", ""K090"", ""K094"", ""K095"", ""K096""]","[""K001"", ""K017"", ""K085""]"
dense,B3,C023,3,C,multivariable,PROVISIONAL_LLM_GOLD,0.13333333333333333,0.26666666666666666,0.3333333333333333,0.5,0.5155735171095948,0.2,0,20,10,30,4,"[""K087"", ""K019""]","[""K005"", ""K007"", ""K017"", ""K050"", ""K058"", ""K059"", ""K065"", ""K068"", ""K071"", ""K073"", ""K077"", ""K079"", ""K080"", ""K081"", ""K082"", ""K083"", ""K084"", ""K085"", ""K090"", ""K094"", ""K095"", ""K096""]","[""K017"", ""K085""]"
dense,B4,C023,1,C,multivariable,PROVISIONAL_LLM_GOLD,0.13333333333333333,0.26666666666666666,0.43333333333333335,0.25,0.3937430332633807,0.2,0,20,10,30,4,"[""K091"", ""K043""]","[""K005"", ""K007"", ""K011"", ""K017"", ""K033"", ""K034"", ""K050"", ""K057"", ""K058"", ""K059"", ""K065"", ""K068"", ""K071"", ""K073"", ""K079"", ""K082"", ""K084"", ""K085"", ""K090"", ""K094"", ""K095"", ""K096""]","[""K017"", ""K034"", ""K085""]"
dense,B4,C023,2,C,multivariable,PROVISIONAL_LLM_GOLD,0.13333333333333333,0.26666666666666666,0.43333333333333335,0.25,0.3937430332633807,0.2,0,20,10,30,4,"[""K091"", ""K043""]","[""K005"", ""K007"", ""K011"", ""K017"", ""K033"", ""K034"", ""K050"", ""K057"", ""K058"", ""K059"", ""K065"", ""K068"", ""K071"", ""K073"", ""K079"", ""K082"", ""K084"", ""K085"", ""K090"", ""K094"", ""K095"", ""K096""]","[""K017"", ""K034"", ""K085""]"
dense,B4,C023,3,C,multivariable,PROVISIONAL_LLM_GOLD,0.13333333333333333,0.26666666666666666,0.43333333333333335,0.25,0.3937430332633807,0.2,0,20,10,30,4,"[""K091"", ""K043""]","[""K005"", ""K007"", ""K011"", ""K017"", ""K033"", ""K034"", ""K050"", ""K057"", ""K058"", ""K059"", ""K065"", ""K068"", ""K071"", ""K073"", ""K079"", ""K082"", ""K084"", ""K085"", ""K090"", ""K094"", ""K095"", ""K096""]","[""K017"", ""K034"", ""K085""]"
dense,B1,C024,1,C,multivariable,PROVISIONAL_LLM_GOLD,0.17857142857142858,0.2857142857142857,0.42857142857142855,0.375,0.4984426233074477,0.2,0,20,10,28,8,"[""K003"", ""K002""]","[""K033"", ""K050"", ""K057"", ""K058"", ""K065"", ""K068"", ""K071"", ""K073"", ""K076"", ""K081"", ""K082"", ""K084"", ""K085"", ""K086"", ""K088"", ""K089"", ""K090"", ""K094"", ""K095"", ""K096""]","[""K068"", ""K081"", ""K082"", ""K084"", ""K085""]"
dense,B1,C024,2,C,multivariable,PROVISIONAL_LLM_GOLD,0.17857142857142858,0.32142857142857145,0.4642857142857143,0.5,0.6078989245869255,0.1,0,20,10,28,8,"[""K043""]","[""K033"", ""K050"", ""K057"", ""K058"", ""K065"", ""K068"", ""K071"", ""K073"", ""K076"", ""K082"", ""K084"", ""K085"", ""K088"", ""K089"", ""K090"", ""K091"", ""K094"", ""K095"", ""K096""]","[""K068"", ""K082"", ""K084"", ""K085""]"
dense,B1,C024,3,C,multivariable,PROVISIONAL_LLM_GOLD,0.10714285714285714,0.25,0.42857142857142855,0.25,0.4197380794720054,0.3,0,20,10,28,8,"[""K002"", ""K003"", ""K028""]","[""K033"", ""K050"", ""K057"", ""K058"", ""K065"", ""K068"", ""K071"", ""K073"", ""K076"", ""K081"", ""K082"", ""K083"", ""K084"", ""K085"", ""K086"", ""K088"", ""K089"", ""K090"", ""K094"", ""K095"", ""K096""]","[""K068"", ""K081"", ""K082"", ""K083"", ""K084"", ""K085""]"
dense,B2,C024,1,C,multivariable,PROVISIONAL_LLM_GOLD,0.17857142857142858,0.25,0.42857142857142855,0.375,0.4918778642140664,0.3,0,20,10,28,8,"[""K002"", ""K003"", ""K028""]","[""K033"", ""K050"", ""K057"", ""K058"", ""K065"", ""K068"", ""K071"", ""K073"", ""K076"", ""K081"", ""K082"", ""K084"", ""K085"", ""K086"", ""K088"", ""K089"", ""K090"", ""K091"", ""K094"", ""K095"", ""K096""]","[""K068"", ""K081"", ""K082"", ""K084"", ""K085""]"
dense,B2,C024,2,C,multivariable,PROVISIONAL_LLM_GOLD,0.17857142857142858,0.32142857142857145,0.42857142857142855,0.375,0.5206995345594605,0.1,0,20,10,28,8,"[""K043""]","[""K001"", ""K033"", ""K050"", ""K057"", ""K058"", ""K065"", ""K068"", ""K071"", ""K073"", ""K076"", ""K082"", ""K084"", ""K085"", ""K088"", ""K089"", ""K090"", ""K094"", ""K095"", ""K096""]","[""K001"", ""K068"", ""K082"", ""K084"", ""K085""]"
dense,B2,C024,3,C,multivariable,PROVISIONAL_LLM_GOLD,0.17857142857142858,0.35714285714285715,0.5,0.375,0.5534748708619129,0.0,0,20,10,28,8,[],"[""K001"", ""K033"", ""K050"", ""K057"", ""K058"", ""K065"", ""K068"", ""K071"", ""K073"", ""K076"", ""K082"", ""K084"", ""K085"", ""K088"", ""K090"", ""K094"", ""K095"", ""K096""]","[""K001"", ""K068"", ""K082"", ""K084"", ""K085""]"
dense,B3,C024,1,C,multivariable,PROVISIONAL_LLM_GOLD,0.17857142857142858,0.2857142857142857,0.39285714285714285,0.5,0.570016890024706,0.2,0,20,10,28,8,"[""K002"", ""K019""]","[""K033"", ""K050"", ""K057"", ""K058"", ""K065"", ""K068"", ""K071"", ""K073"", ""K076"", ""K082"", ""K084"", ""K085"", ""K086"", ""K088"", ""K089"", ""K090"", ""K091"", ""K094"", ""K095"", ""K096""]","[""K068"", ""K082"", ""K084"", ""K085""]"
dense,B3,C024,2,C,multivariable,PROVISIONAL_LLM_GOLD,0.17857142857142858,0.32142857142857145,0.42857142857142855,0.5,0.5915181245134954,0.1,0,20,10,28,8,"[""K043""]","[""K033"", ""K050"", ""K058"", ""K065"", ""K068"", ""K071"", ""K073"", ""K076"", ""K082"", ""K084"", ""K085"", ""K086"", ""K088"", ""K089"", ""K090"", ""K091"", ""K094"", ""K095"", ""K096""]","[""K068"", ""K082"", ""K084"", ""K085""]"
dense,B3,C024,3,C,multivariable,PROVISIONAL_LLM_GOLD,0.17857142857142858,0.32142857142857145,0.42857142857142855,0.375,0.5940659785547484,0.1,0,20,10,28,8,"[""K039""]","[""K001"", ""K033"", ""K050"", ""K058"", ""K065"", ""K068"", ""K071"", ""K073"", ""K076"", ""K082"", ""K084"", ""K085"", ""K088"", ""K089"", ""K090"", ""K091"", ""K094"", ""K095"", ""K096""]","[""K001"", ""K068"", ""K082"", ""K084"", ""K085""]"
dense,B4,C024,1,C,multivariable,PROVISIONAL_LLM_GOLD,0.17857142857142858,0.32142857142857145,0.5,0.375,0.49652588202737585,0.1,0,20,10,28,8,"[""K043""]","[""K033"", ""K050"", ""K057"", ""K058"", ""K065"", ""K068"", ""K071"", ""K073"", ""K076"", ""K079"", ""K082"", ""K084"", ""K085"", ""K088"", ""K089"", ""K090"", ""K094"", ""K095"", ""K096""]","[""K068"", ""K079"", ""K082"", ""K084"", ""K085""]"
dense,B4,C024,2,C,multivariable,PROVISIONAL_LLM_GOLD,0.17857142857142858,0.32142857142857145,0.5,0.375,0.49652588202737585,0.1,0,20,10,28,8,"[""K043""]","[""K033"", ""K050"", ""K057"", ""K058"", ""K065"", ""K068"", ""K071"", ""K073"", ""K076"", ""K079"", ""K082"", ""K084"", ""K085"", ""K088"", ""K089"", ""K090"", ""K094"", ""K095"", ""K096""]","[""K068"", ""K079"", ""K082"", ""K084"", ""K085""]"
dense,B4,C024,3,C,multivariable,PROVISIONAL_LLM_GOLD,0.17857142857142858,0.32142857142857145,0.5,0.375,0.49652588202737585,0.1,0,20,10,28,8,"[""K043""]","[""K033"", ""K050"", ""K057"", ""K058"", ""K065"", ""K068"", ""K071"", ""K073"", ""K076"", ""K079"", ""K082"", ""K084"", ""K085"", ""K088"", ""K089"", ""K090"", ""K094"", ""K095"", ""K096""]","[""K068"", ""K079"", ""K082"", ""K084"", ""K085""]"
